uid,str_p50,str_p75,str_p90,str_p95,str_p97,str_p99,str_max,str_iqr,lp_mean,lp_std,lp_cv,lp_max,lp_med,lp_p75,lp_p90,lp_p95,lp_p99,lp_skew,lp_sbr,lp_gmean,lp_gmax,rp_mean,rp_std,rp_cv,rp_max,rp_med,rp_p75,rp_p90,rp_p95,rp_p99,rp_skew,rp_sbr,rp_gmean,rp_gmax,lc_mean,lc_std,lc_cv,lc_max,lc_med,lc_p75,lc_p90,lc_p95,lc_p99,lc_skew,lc_sbr,lc_gmean,lc_gmax,rc_mean,rc_std,rc_cv,rc_max,rc_med,rc_p75,rc_p90,rc_p95,rc_p99,rc_skew,rc_sbr,rc_gmean,rc_gmax,asym_put,asym_cau,pc_ratio_l,pc_ratio_r,min_pc_ratio,sum_put,sum_cau,put_cau_ratio
xaji0y6d,15.05632,21.982698,32.210747,38.085358,41.457718,46.959644,53.346317,8.626221,15.985968,4.40741,0.27570492,35.59283,14.40579,17.57572,21.887432,25.403898,30.84028,1.4914008378982544,15.985968,1.1895223,13.66383,19.705004,7.15328,0.36301845,39.625828,18.030537,24.884699,30.30464,33.119164,37.850693,0.737093448638916,19.705004,2.4679134,16.511698,15.70524,5.213721,0.3319733,36.04862,14.277762,17.371124,23.257982,26.825245,32.68299,1.2346714735031128,15.70524,1.4031862,16.40971,22.98969,11.835857,0.5148333,53.346317,17.698223,33.148777,41.41557,45.044193,50.171196,0.7104489803314209,22.98969,4.3488107,42.574577,0.10420103,0.18825336,1.0178747,0.8571235,0.8571235,35.69097,38.69493,0.9223681
pbhsahxt,25.551262,42.763313,64.84362,76.405464,81.63376,90.65166,101.46258,24.816658,25.431555,12.58472,0.49484664,80.201744,20.650047,28.427969,42.408127,54.353264,71.86561,1.9744350910186768,25.431555,3.0986822,19.61884,35.3643,14.15528,0.40027034,82.63732,32.636654,43.43105,55.347584,63.854877,77.04417,0.9091020822525024,35.3643,4.2287374,30.793427,22.551353,11.6134,0.5149758,77.966515,18.45749,25.408367,38.707413,48.653614,67.484505,2.0733022689819336,22.551353,2.723572,12.312321,46.58291,24.065847,0.516624,101.46258,44.31729,66.60838,81.496765,86.99671,96.5398,0.3288032114505768,46.58291,7.1285305,58.532837,0.16337866,0.34760702,1.1277175,0.759169,0.759169,60.795853,69.13426,0.87938815
hv3a3zmf,22.637604,33.891678,49.794697,59.363747,64.650154,72.06858,83.66845,14.270639,19.668507,2.8280265,0.14378451,36.99755,19.49517,20.390232,22.174488,24.347235,30.921093,1.807676911354065,19.668507,0.812093,5.00548,25.03163,6.7375317,0.26916072,48.439323,22.993668,28.37869,35.00566,39.497482,46.04365,1.1686992645263672,25.03163,1.7399888,10.462755,24.550318,7.024312,0.28611898,48.480957,22.338055,27.475197,34.86006,39.281982,46.89817,1.280130386352539,24.550318,1.8633885,16.775013,42.426533,15.732642,0.37082082,83.66845,40.991505,54.13054,64.48334,70.07498,77.27317,0.295992910861969,42.426533,4.985898,65.42781,0.119980015,0.2669014,0.8011508,0.58999944,0.58999944,44.700134,66.97685,0.6673968
8mdd4v30,23.653856,39.975563,60.929688,70.21466,75.89128,84.98986,95.55022,21.956503,27.269073,12.429252,0.4558003,70.617355,23.029808,32.56115,46.797077,54.700626,65.681366,1.3490968942642212,27.269073,3.3213172,21.592627,26.022034,10.096617,0.3880026,64.459465,22.794367,30.401743,41.9076,47.666237,58.292053,1.4011567831039429,26.022034,2.5660722,30.922869,30.96373,16.939438,0.54707354,73.86601,21.4615,42.59015,59.917355,65.74581,71.92456,1.017102837562561,30.96373,4.2320504,39.669586,38.92797,23.45808,0.6026022,95.55022,29.92804,59.28259,75.72273,82.00752,90.4988,0.6836310029029846,38.92797,7.4711967,80.243004,0.023400523,0.11395117,0.88067794,0.6684662,0.6684662,53.291107,69.8917,0.7624812
t9nt3w5u,23.10038,29.88205,37.49218,44.48627,49.4223,59.242355,69.43838,9.448553,21.549831,3.7982078,0.17625232,35.74221,20.634674,22.788475,27.082378,29.97799,33.82248,1.3057564496994019,21.549831,1.1198161,13.235207,27.466265,5.5813484,0.2032074,40.003445,26.167835,32.051914,36.27021,37.575882,39.024185,0.5035495162010193,27.466265,2.086044,16.216501,21.210655,2.4305394,0.11459049,29.03608,20.535002,22.43838,24.892633,26.025406,28.423918,0.9915302991867065,21.210655,0.6954802,3.8740044,33.977554,10.602172,0.31203458,69.43838,31.697302,39.416817,49.38048,55.422043,65.48757,1.0175786018371582,33.977554,3.3184023,37.150253,0.12070388,0.23133382,1.0159909,0.808365,0.808365,49.016098,55.18821,0.8881625
zbikcidk,19.95232,25.03498,32.738815,37.432625,40.544582,44.328987,49.322826,7.3161697,20.326408,2.7292898,0.1342731,29.722923,19.707012,21.540466,24.214386,26.113087,28.675388,0.9973114132881165,20.326408,0.73198664,8.304902,25.45491,5.52126,0.21690352,41.327484,24.857061,28.773699,33.271408,36.26626,39.906494,0.569383442401886,25.45491,1.7557524,21.71975,18.477438,3.4651287,0.18753296,30.45738,18.130486,19.774075,22.908232,25.656256,29.657585,1.032057523727417,18.477438,1.1615483,10.879954,24.67155,10.00949,0.4057098,49.322826,21.618011,32.85045,40.33046,43.24868,47.07817,0.6084101796150208,24.67155,3.2431278,24.09777,0.112021714,0.14355175,1.1000664,1.0317515,1.0317515,45.78132,43.148987,1.0610056
wnnhj7xv,12.795774,18.767761,28.359545,34.322155,38.070427,45.854385,55.674427,7.90012,11.477216,2.5839255,0.22513522,25.70803,10.876676,11.817575,14.872182,16.832775,21.798845,2.183816432952881,11.477216,0.66932905,7.8714056,15.556045,4.605921,0.2960856,28.927032,14.723101,18.491133,22.173075,24.195845,27.344261,0.7132480144500732,15.556045,1.4122427,12.674555,13.816736,3.8825693,0.28100482,27.212744,12.588794,15.121075,19.747904,22.549278,25.897156,1.3271152973175049,13.816736,0.896562,7.1672277,22.942135,10.984886,0.47880837,55.674427,21.785149,30.79719,38.02225,43.658516,50.69037,0.6227124333381653,22.942135,3.890518,45.530933,0.15088187,0.24825023,0.8306749,0.67805564,0.67805564,27.03326,36.758873,0.73542136
g0fn9xuy,13.657244,22.002195,35.753613,43.838913,47.796062,53.751274,62.703236,10.385578,14.0612955,5.571346,0.39621854,42.073845,12.272589,14.851378,20.870846,26.74845,36.333733,2.298710346221924,14.0612955,1.1351529,7.0894756,21.386877,8.99251,0.42046857,48.05409,18.772263,26.815998,35.396053,39.843567,45.330772,0.9076502323150635,21.386877,2.99175,21.750015,14.44089,5.7527604,0.39836603,41.580128,12.378819,15.023181,22.200203,27.551815,36.355877,2.2041547298431396,14.44089,1.4672527,11.234333,24.291864,14.505724,0.5971433,62.703236,17.587494,35.867077,47.51108,51.93081,57.76243,0.7990306615829468,24.291864,5.138139,52.566,0.20665611,0.2543319,0.9737139,0.8804132,0.8804132,35.448174,38.732754,0.9151989
41ibljh7,27.781376,41.883713,56.28733,62.696323,65.45763,70.23204,78.87754,21.399176,25.02236,9.730382,0.38886747,63.8851,21.221966,27.72536,39.555256,47.70152,59.120914,1.814387559890747,25.02236,2.1990552,9.679085,28.289717,10.662326,0.37689757,62.915504,25.246222,34.080044,44.01546,50.294212,58.676373,1.0443204641342163,28.289717,3.5052505,17.412952,30.904312,12.3761215,0.40046585,65.430626,26.605787,37.774963,51.15612,57.66896,63.767033,1.0139771699905396,30.904312,3.2270615,10.207321,43.581326,15.821145,0.36302578,78.87754,43.15616,56.483734,65.435776,68.898544,75.53787,0.12488976866006851,43.581326,5.1078515,29.980583,0.06128737,0.17019406,0.8096721,0.64912474,0.64912474,53.312077,74.48564,0.71573627
5lxo6qji,24.423477,32.712105,47.46322,56.920876,62.552677,69.31299,75.977196,11.610991,22.591915,3.5732737,0.15816604,35.58948,21.65823,24.134743,27.707293,30.13314,34.1075,1.2391926050186157,22.591915,1.0952061,7.4807243,28.704327,6.591818,0.22964545,48.45849,26.925095,33.076218,38.55015,41.583313,46.445183,0.7774580121040344,28.704327,2.2682002,17.84392,22.13988,4.053295,0.18307666,35.93339,21.451756,23.93724,27.756521,30.708614,34.79207,1.1633422374725342,22.13988,0.9790668,6.201439,40.77007,14.607432,0.35828814,75.977196,38.892975,51.915165,62.52312,66.88214,72.78702,0.41510647535324097,40.77007,4.514803,28.20636,0.11915905,0.29614058,1.0204172,0.70405394,0.70405394,51.29624,62.90995,0.81539154
ujv6oh9s,23.245247,31.430454,46.920532,59.83894,67.394745,76.64731,87.13383,11.107933,23.031874,3.3777046,0.14665349,32.952267,22.28873,24.823372,28.1118,29.937738,32.069862,0.795078456401825,23.031874,0.8475374,10.976175,35.969845,11.320693,0.31472734,75.16509,33.674324,41.74904,52.1848,59.355247,69.01142,1.0024323463439941,35.969845,3.47471,21.364557,20.26702,2.8444417,0.1403483,28.836906,19.979559,21.963943,24.169153,25.858223,28.140268,0.6179949641227722,20.26702,1.0070122,7.482355,35.317116,17.83212,0.5049144,87.13383,28.128223,45.60129,65.427864,73.861305,82.54879,1.1170154809951782,35.317116,4.608864,54.65828,0.21928127,0.27076244,1.1364213,1.018482,1.018482,59.001717,55.584137,1.0614848
dbdw2pcn,17.78603,22.204504,28.970829,33.002686,35.159355,38.07139,40.68486,7.251067,16.321259,2.4230494,0.14845972,23.165512,15.980435,17.792263,19.757942,20.764528,22.413574,0.4909985363483429,16.321259,0.8504486,8.075777,19.294216,3.3844144,0.17541082,30.507685,19.012531,21.209236,23.73872,25.544981,28.55665,0.5169685482978821,19.294216,1.2680448,13.364867,16.869234,3.7064056,0.21971393,28.584621,15.780592,19.064354,22.50962,24.43469,27.003466,0.8946459889411926,16.869234,1.0124705,7.1635027,24.520247,7.837041,0.3196151,40.68486,24.657873,30.628706,35.145496,37.199234,39.559155,0.007873810827732086,24.520247,2.6837354,18.977695,0.083473764,0.18485403,0.9675163,0.78686875,0.78686875,35.615475,41.38948,0.8604958
9t84azyt,28.671024,43.23787,61.180824,71.550224,77.597435,86.151054,95.61766,23.535574,31.709433,11.134243,0.35113347,65.53118,28.75925,38.137344,48.98366,54.437977,62.129333,0.9034085273742676,31.709433,3.2806985,18.025583,22.997763,11.008514,0.47867763,58.874863,20.20737,29.569239,38.542355,44.370686,55.05416,0.932439923286438,22.997763,2.7434883,16.994282,39.113483,17.429056,0.44560224,89.559204,34.403996,50.087425,66.39219,72.96106,83.32266,0.8017566800117493,39.113483,4.9860554,21.385778,36.667747,24.581234,0.67037755,95.61766,31.144802,56.322437,73.854996,81.45451,91.97738,0.5676213502883911,36.667747,7.343462,61.67909,0.15924175,0.032273635,0.81070334,0.6271932,0.6271932,54.707195,75.781235,0.7219095
jxepq85j,13.677849,15.992228,20.259628,23.37851,24.87587,27.145658,33.208668,3.6271267,13.184068,2.9309464,0.22230971,20.722103,12.881597,15.086708,17.190908,18.375406,19.943684,-0.027074122801423073,13.184068,1.0892643,11.635158,16.776306,4.6840153,0.27920422,26.919733,15.530955,20.82228,23.967392,25.25911,26.362762,0.41542261838912964,16.776306,1.9792037,15.41275,12.95711,2.1274793,0.16419396,19.900927,13.00756,14.0312195,15.149051,15.9958725,19.203192,-0.40030038356781006,12.95711,0.83136445,12.577675,15.9673605,4.3635154,0.2732772,33.208668,14.7120075,16.943571,22.65609,25.714619,29.231384,1.3520334959030151,15.9673605,2.0675766,20.030148,0.11989966,0.10407278,1.017516,1.0506624,1.017516,29.960373,28.92447,1.035814
sg65kxvf,18.510326,22.833704,29.42406,32.382374,34.238434,38.301174,45.88574,7.223732,19.800901,4.0399575,0.20402896,33.481457,19.295473,21.288713,25.647387,28.09918,31.489779,0.7805097699165344,19.800901,1.124197,14.619489,20.403624,5.174115,0.25358805,33.812107,19.846767,23.41005,27.968052,30.139555,32.406635,0.3390054702758789,20.403624,1.5862534,18.106258,18.604858,4.5441327,0.24424441,33.344482,17.324718,20.299217,25.792051,28.700918,31.64138,1.126135230064392,18.604858,1.138529,17.56521,20.75503,9.028124,0.43498486,45.88574,17.208958,28.580872,34.232906,36.89826,42.167446,0.6951574683189392,20.75503,3.3193464,34.248756,0.014991402,0.054628495,1.0642866,0.9830689,0.9830689,40.204525,39.359886,1.0214593
1t2tala7,27.497543,38.46644,53.56366,61.670815,66.26736,72.65089,78.873856,14.8454,26.971245,6.0805554,0.22544585,56.53258,24.497604,28.614918,35.220818,40.721256,49.79651,2.0823686122894287,26.971245,1.4946485,8.337475,33.23885,10.134671,0.3049044,63.356335,30.506748,39.8661,48.247375,53.581985,60.593304,0.9306234121322632,33.23885,3.1689565,20.037601,27.14241,6.5587997,0.24164397,56.276447,24.943499,29.273643,36.156002,41.435276,50.83609,1.7751026153564453,27.14241,1.6444533,8.266369,42.61482,16.053465,0.37671086,78.873856,40.47301,55.304733,66.25912,70.24429,75.57907,0.3751175105571747,42.61482,5.4080586,35.864304,0.104095586,0.22180364,0.9936938,0.77998334,0.77998334,60.210094,69.75723,0.86313766
53lc58dr,14.878471,17.234644,20.10112,23.01732,25.225853,28.377277,37.841393,5.0548315,14.901841,3.3838282,0.2270745,21.680014,15.655712,17.310284,18.595266,19.48673,20.888662,-0.6362533569335938,14.901841,1.2477969,9.571303,19.36424,4.436219,0.22909337,36.68029,18.591972,22.07702,25.658567,27.211637,29.957731,0.4019298851490021,19.36424,2.2711902,18.784489,12.689802,3.0624638,0.24133267,20.689754,12.646482,15.173336,16.582903,17.498018,19.661652,0.2008201777935028,12.689802,0.8949229,10.066343,14.502576,3.9580235,0.27291867,37.841393,13.870447,15.744877,17.880745,21.861702,31.55437,2.3124213218688965,14.502576,1.4656171,26.246609,0.13022788,0.06666477,1.1743163,1.3352277,1.1743163,34.266083,27.192379,1.2601355
c11ertj5,24.009825,27.11319,29.265415,30.173119,30.677765,31.523603,33.09661,7.480631,26.969288,3.5330977,0.13100448,33.09661,27.91998,29.75143,30.769276,31.33754,32.273083,-0.7148099541664124,26.969288,1.1527706,11.007637,25.43966,2.52443,0.09923207,30.306269,25.955713,27.111956,28.245228,28.88701,29.779806,-0.969718873500824,25.43966,1.0030752,6.289383,21.16537,4.4914236,0.21220623,31.376856,20.72193,24.273445,27.854961,28.699844,30.119928,0.2003341019153595,21.16537,1.6061765,11.493307,20.581944,4.1883183,0.20349479,29.872927,20.380083,24.224287,25.837418,26.967539,28.6132,-0.13365495204925537,20.581944,1.4493773,12.1770935,0.029186405,0.013975209,1.2742176,1.2360183,1.2360183,52.408947,41.747314,1.2553849
9mx2x18h,3.4090943,5.6008587,9.388238,11.102433,12.069744,12.96071,13.931855,3.1396937,4.754288,2.9028563,0.61057645,13.380765,3.9730544,6.092714,9.709027,10.809488,12.763656,1.0657765865325928,4.754288,0.9898325,9.203455,5.14162,2.9417007,0.572135,13.931855,4.009278,6.4982376,9.802817,11.873423,13.575711,1.2438570261001587,5.14162,0.998732,11.682957,3.2842717,2.2213368,0.676356,13.083835,2.4685044,3.821404,6.350674,8.587762,11.2222595,1.92893648147583,3.2842717,0.5655335,8.109305,4.822417,3.1746926,0.65831983,13.67534,3.3537035,6.2498827,10.5482645,11.989761,12.99245,1.2768465280532837,4.822417,0.96974796,10.589174,0.039140616,0.18973778,1.4475929,1.0661916,1.0661916,9.895908,8.1066885,1.2207091
afeyuhz1,1.5050476,2.1698713,2.6985016,3.0429158,3.3089914,3.6337216,4.159978,1.1597209,1.6438607,0.53493136,0.32541162,2.9245696,1.5753466,2.0431406,2.3963914,2.5936575,2.8102536,0.2940927743911743,1.6438607,0.21061164,1.631086,1.250341,0.57876235,0.4628836,3.039405,1.0841074,1.6364194,2.1714015,2.299349,2.7356975,0.7180671691894531,1.250341,0.2520078,2.2088346,2.0989377,0.9451202,0.45028502,4.159978,2.1362286,2.8635054,3.3908863,3.5890913,3.8938706,-0.02809973992407322,2.0989377,0.30227005,2.1087413,1.4567795,0.7510214,0.5155354,3.6486099,1.3320735,2.0360737,2.5323174,2.7434418,3.1694863,0.41752222180366516,1.4567795,0.280899,1.4563141,0.13596828,0.1805988,0.783187,0.8582912,0.783187,2.8942018,3.5557172,0.8139572
gv0e38da,4.3823586,6.8594923,10.70215,12.443985,13.260026,14.536422,16.197023,3.5631266,4.875208,2.627929,0.5390394,12.873293,4.255291,6.349512,8.495542,10.083906,12.46168,0.8597887754440308,4.875208,0.80888385,6.369146,9.261084,3.5030446,0.3782543,16.197023,9.333521,12.281414,13.760973,14.581819,15.342735,-0.05096692591905594,9.261084,1.5046009,9.117884,3.4554427,1.2648548,0.3660471,9.865905,3.3827672,4.186778,5.0071917,5.601453,7.2010126,0.8493370413780212,3.4554427,0.5210904,3.0691483,5.2075553,2.4276333,0.46617523,13.693225,4.4082136,6.0038643,9.036782,10.793346,12.669663,1.4267842769622803,5.2075553,0.80166906,7.690427,0.31025645,0.20225245,1.410878,1.7783937,1.410878,14.1362915,8.662998,1.6318012
ly8ozcyw,1.1892571,1.8596075,2.373405,2.668912,3.0166147,3.676665,4.4820795,1.1542926,1.4108157,0.61118376,0.43321303,2.789204,1.4283767,1.8545825,2.2412782,2.4097624,2.6699684,0.04101194068789482,1.4108157,0.19653895,1.6006081,1.7603862,0.79741174,0.45297545,4.352367,1.8629755,2.264712,2.624881,2.978676,3.828216,0.042577460408210754,1.7603862,0.3140611,2.8681896,0.74474794,0.41918984,0.5628614,1.989225,0.68005073,0.9957464,1.360718,1.5711565,1.841494,0.6729209423065186,0.74474794,0.16774353,1.8412943,1.450072,0.8739876,0.60272014,4.4820795,1.2111781,2.0050817,2.6895251,3.216964,3.9402769,0.9218940734863281,1.450072,0.2844799,4.0385246,0.110232815,0.32135853,1.8943533,1.2139992,1.2139992,3.171202,2.19482,1.4448575
d14ve92m,2.5256348,3.987804,5.7540345,6.6346135,7.050585,7.630569,8.487862,2.1445022,3.4676523,1.6200671,0.46719423,7.873783,2.8971071,4.471609,6.054052,6.6965976,7.682884,0.9147870540618896,3.4676523,0.45094377,3.9293902,3.7138247,1.737342,0.46780398,8.487862,3.2858968,4.9390583,6.257542,6.9241953,7.8232794,0.5816690921783447,3.7138247,0.62818205,4.800657,2.175019,1.2152857,0.5587471,7.6374025,1.9774001,2.842062,3.6692667,4.5037904,6.169958,1.1579692363739014,2.175019,0.46971172,3.0403109,2.8742142,1.9063298,0.66325253,8.473922,2.2267528,3.949848,6.07622,6.8855343,7.739477,0.9471763968467712,2.8742142,0.6385811,6.7533875,0.034278803,0.13847551,1.594309,1.2921183,1.2921183,7.181477,5.0492334,1.4222906
pnsm43d8,1.087952,1.991312,3.952772,4.9286222,5.414544,5.9643526,6.8027043,1.3580527,1.0590857,0.64517885,0.60918474,3.6155548,0.90816116,1.3198155,1.905258,2.4429195,3.292919,1.4839401245117188,1.0590857,0.21285975,1.3136986,3.7203555,1.4871799,0.39974132,6.8027043,3.807204,4.8925366,5.6744533,5.963305,6.5457726,-0.12575413286685944,3.7203555,0.52924305,3.5550163,0.8436311,0.6808752,0.80707693,2.6164098,0.8125372,1.3153725,1.777116,2.0085053,2.400016,0.18275345861911774,0.8436311,0.24603917,2.182743,1.3008502,1.1096923,0.8530516,6.186761,0.98998606,1.626972,2.7806695,3.593782,5.3516865,1.676666498184204,1.3008502,0.28705165,4.6349425,0.55681604,0.2132073,1.2553897,2.8599417,1.2553897,4.7794414,2.1444812,2.2287169
w3zp08j3,0.9942187,1.4208028,2.0590165,2.5804818,2.9557867,3.6151001,4.410106,0.7829683,0.9108777,0.4598635,0.5048576,2.3203382,0.9058495,1.214774,1.4586893,1.6513643,2.0528464,0.0735802873969078,0.9108777,0.14406411,1.4450457,1.3251648,0.8047265,0.60726523,3.6141527,1.3016603,1.8399543,2.360037,2.7465022,3.333363,0.14833615720272064,1.3251648,0.28662056,2.1625314,1.0649785,0.5346735,0.502051,3.1862795,1.0118951,1.3148749,1.7231996,2.1187017,2.9174564,1.0475401878356934,1.0649785,0.17797798,0.99760485,1.2073259,0.9589099,0.7942428,4.410106,0.89431775,1.659276,2.6856349,3.380453,4.0729938,1.2433080673217773,1.2073259,0.24227607,1.4422679,0.18527693,0.062644534,0.8553015,1.0976032,0.8553015,2.2360425,2.2723045,0.98404175
trp0j43d,1.3844647,1.9526395,2.5711122,3.185769,3.4965463,4.019961,4.4713054,1.0245533,1.4935733,0.5537417,0.3707496,3.2230368,1.4221449,1.9167988,2.2621658,2.4877405,2.7958379,0.3896152377128601,1.4935733,0.23126023,2.1599183,2.0001705,0.82421017,0.41206995,4.046667,1.9125614,2.5065022,3.2263827,3.573767,3.8782966,0.43511998653411865,2.0001705,0.34407336,2.4161427,1.2270749,0.488171,0.3978331,2.6156461,1.1891816,1.5679226,1.8984357,2.0599635,2.4338655,0.29097238183021545,1.2270749,0.23682648,2.0114808,1.4924825,1.011855,0.6779677,4.4713054,1.1668124,1.9963213,3.130676,3.7814507,4.2797575,1.0979506969451904,1.4924825,0.3375263,2.061531,0.14500123,0.097592235,1.2171819,1.3401634,1.2171819,3.493744,2.7195573,1.2846738
5iqvnb4g,5.412001,7.0316696,8.767208,9.517118,10.159911,11.427759,12.772677,2.7368956,5.9909453,1.8192246,0.30366236,9.882417,5.897378,7.4410715,8.572619,9.076476,9.634688,0.1594228893518448,5.9909453,0.6350087,5.3199854,5.7796793,1.6492025,0.285345,10.954891,5.4837213,6.5686755,8.271425,9.200866,10.282937,0.7943809032440186,5.7796793,0.6379107,4.813734,5.2100716,1.6347892,0.31377482,9.44766,5.040659,6.1782513,7.5687804,8.413266,9.275636,0.5456677675247192,5.2100716,0.5615499,3.3791368,6.1169243,2.457023,0.4016762,12.772677,5.34079,7.7274265,10.036728,10.931701,12.22958,0.8093724846839905,6.1169243,0.7111586,4.175692,0.017948585,0.08006118,1.1498778,0.9448669,0.9448669,11.770624,11.326996,1.0391656
h2m5zja8,3.101986,4.304707,6.2717757,7.488815,7.980111,8.789679,10.215639,1.9675901,2.9352782,0.8533068,0.2907073,5.6499863,2.9728656,3.5597224,3.957676,4.2005243,5.054873,0.14684802293777466,2.9352782,0.2605147,1.8218335,2.400945,0.720139,0.29993984,5.4332376,2.361578,2.7386281,3.3113272,3.7604616,4.557521,0.7728548049926758,2.400945,0.30299923,1.4941205,3.8513644,1.535535,0.39869896,8.176524,3.4809155,4.8172703,6.1856184,6.9137177,7.9106555,0.7323376536369324,3.8513644,0.37712535,2.7673807,4.7105613,2.1539695,0.4572639,10.215639,4.3317103,6.3838606,7.942558,8.577057,9.472722,0.46395784616470337,4.7105613,0.61732167,4.0936136,0.100133225,0.100350894,0.7621398,0.50969404,0.50969404,5.336223,8.561926,0.6232503
dzr1yxr2,2.0915427,3.3880608,4.839615,6.4153295,7.49531,8.907424,9.950599,2.014668,2.9186146,1.658883,0.5683803,9.033073,2.5746956,3.6777995,5.028565,6.325506,8.322896,1.2284761667251587,2.9186146,0.5311707,7.9317503,3.0256033,1.6311289,0.53910863,8.911634,3.1132011,3.7643862,4.852365,6.2250733,7.852411,0.7488325238227844,3.0256033,0.5837877,7.3034177,2.4080136,1.9609059,0.8143251,9.950599,1.8838315,2.7519097,4.5937195,7.4608235,9.479818,2.069119691848755,2.4080136,0.6427011,8.707422,2.254154,1.6640949,0.7382348,9.432906,1.6198196,2.6245146,4.5397453,5.96175,8.782298,2.084566593170166,2.254154,0.50819355,8.572327,0.017998781,0.033001736,1.2120425,1.3422345,1.2120425,5.9442177,4.6621675,1.2749902
dhylurtp,1.0944752,1.6690916,2.6595945,3.414824,3.9572864,4.678888,5.7329707,0.9373504,0.9455583,0.6202702,0.65598303,3.2748847,0.96982753,1.2998458,1.6550534,1.9552375,2.8297346,0.36387917399406433,0.9455583,0.22856615,2.4741018,1.0203756,0.4676948,0.45835552,2.5563605,0.94080335,1.3094816,1.7007244,1.8784004,2.1307983,0.4079627990722656,1.0203756,0.1857619,1.5881921,1.6107818,1.0840559,0.67299986,5.7329707,1.3635385,1.992295,3.1871254,3.9630618,5.0669193,1.3145869970321655,1.6107818,0.3712223,4.9554977,1.6652464,1.178749,0.7078526,5.624138,1.300842,2.3647702,3.3972158,4.0639052,5.040273,1.0055794715881348,1.6652464,0.49720785,4.8424296,0.038056873,0.016625186,0.58701825,0.61274755,0.58701825,1.9659339,3.2760282,0.60009676
0lzjjege,0.970135,2.0022216,3.1208355,3.8541577,4.316273,4.7363114,5.533558,1.4866874,1.282123,0.8341037,0.6505645,4.403122,1.085082,1.8347551,2.4820576,2.8232536,3.6602852,0.8771381974220276,1.282123,0.27068952,1.644039,1.5505146,0.9883208,0.63741475,4.35439,1.5331016,2.2270534,2.8856,3.2756326,3.8925033,0.31472858786582947,1.5505146,0.36089143,2.9573922,1.1183203,0.9721506,0.8692953,5.338633,0.80006194,1.1842132,2.4347148,3.3617105,4.584248,2.0554959774017334,1.1183203,0.28361452,2.4937143,1.5838681,1.5199459,0.95964164,5.533558,0.7998749,2.750647,4.129172,4.5346303,5.0075274,0.8453442454338074,1.5838681,0.49059087,4.7927628,0.09474972,0.17228547,1.146472,0.9789417,0.9789417,2.8326375,2.7021885,1.0482754
t1ghr09s,11.937489,16.168238,24.122005,30.516436,35.466938,43.483044,51.337612,6.580057,10.969065,3.562893,0.32481283,22.651285,10.394412,13.08555,15.775157,17.780481,21.21739,0.763102650642395,10.969065,1.4088058,7.296455,11.104451,2.2632804,0.2038174,18.46938,10.620898,12.322951,14.6497,15.581092,17.232744,0.8042947053909302,11.104451,0.89076245,7.5282736,18.31515,9.28136,0.50675863,50.571976,16.155169,23.269459,31.049614,36.96334,46.802418,1.0864050388336182,18.31515,1.9162099,31.843445,16.049189,8.644163,0.5386044,51.337612,13.528418,18.65536,28.398077,35.44115,45.47887,1.6066303253173828,16.049189,1.9700762,39.68023,0.0061334344,0.06593931,0.59890664,0.6919011,0.59890664,22.073517,34.364338,0.6423379
kdgigatj,1.7486014,2.6854367,3.631939,4.1315436,4.4788003,5.0264554,5.605891,1.5320916,2.1995564,0.89561445,0.4071796,4.304822,1.9815046,2.8834531,3.580274,3.8300226,4.137326,0.4922502934932709,2.1995564,0.28440595,1.5950112,1.8226615,0.7988416,0.43828303,4.188597,1.6637608,2.3375046,3.0046039,3.352024,3.867703,0.6518666744232178,1.8226615,0.26072234,1.5302858,2.0542479,1.2928305,0.62934494,5.495819,1.7599171,2.835795,4.084823,4.621954,5.2518497,0.7342666983604431,2.0542479,0.36325738,1.7003891,1.8889076,1.2312516,0.65183264,5.605891,1.4649968,2.6384575,3.8425548,4.458766,5.129569,0.9460901021957397,1.8889076,0.31464842,1.9526722,0.09370324,0.041930966,1.0707356,0.9649289,0.9649289,4.0222178,3.9431553,1.0200505
9tze5r5u,4.020957,5.363075,7.1684437,8.724486,9.574781,10.803326,12.105102,2.5666254,3.3733377,1.2231939,0.3626064,7.0809836,3.3564377,4.20141,5.009091,5.5601087,6.461866,0.2855655550956726,3.3733377,0.34574053,2.492587,2.8535972,1.1457188,0.40149984,5.821874,2.8962317,3.7193081,4.349374,4.6686296,5.1871095,-0.00407344801351428,2.8535972,0.46024743,3.2546449,5.531314,1.6764629,0.30308583,11.088499,5.2323604,6.27948,7.9203796,8.9444065,10.266519,0.8868585228919983,5.531314,0.48916876,1.9190831,5.051723,2.6731348,0.5291531,12.105102,4.880595,6.6112065,9.021013,10.082051,11.352487,0.396309494972229,5.051723,0.9574545,9.079152,0.08346652,0.045316946,0.6098619,0.564876,0.564876,6.226935,10.583036,0.5883883
qpgb7r3o,1.1425226,2.6573875,5.1921415,6.476327,7.1105237,8.053663,9.059402,2.0570192,3.8808658,2.3773496,0.61258227,9.059402,3.7034712,5.760253,7.2600527,7.8758326,8.649019,0.20680120587348938,3.8808658,0.8169103,5.215321,2.314772,1.5707762,0.6785879,7.1741705,1.9698905,3.2672758,4.7237544,5.3423343,6.7991886,0.8663048148155212,2.314772,0.46788976,2.253601,1.0714078,0.6769601,0.63184166,4.1286364,0.95317036,1.3063612,1.8219105,2.472271,3.723205,1.8081191778182983,1.0714078,0.16593961,1.1288428,0.7056766,0.5237053,0.7421321,3.7461476,0.6108118,0.93898374,1.2596365,1.6012906,2.6716366,1.9166839122772217,0.7056766,0.12736996,1.1899575,0.25277364,0.20580406,3.6222117,3.2802162,3.2802162,6.1956377,1.7770844,3.486406
cwbfuk9e,1.0539944,1.5876124,2.1310368,3.2334056,4.334525,5.8510165,7.754086,0.99598503,1.1761837,0.9889772,0.84083563,6.289345,0.9702672,1.6038818,2.1480074,3.0191395,5.2296104,1.9537311792373657,1.1761837,0.4206584,5.8851213,1.3592218,0.7559015,0.55612814,5.4786043,1.2655717,1.6478052,2.1155045,2.7597468,4.248664,1.7258747816085815,1.3592218,0.31052548,3.6621745,1.3911686,0.8625772,0.62003785,6.3762784,1.3109149,1.6921998,2.0282772,2.6998844,4.985475,2.2829153537750244,1.3911686,0.2984314,4.8940773,1.1650845,1.3622177,1.1692008,7.754086,0.77188206,1.2078667,2.4532368,4.388255,7.063877,2.7695798873901367,1.1650845,0.44584852,6.2803593,0.07219283,0.08844356,0.8454645,1.1666294,0.8454645,2.5354056,2.556253,0.9918446
1v2isqp4,1.253624,1.8905572,2.759026,3.4622607,3.840146,4.5115843,5.533313,1.0134652,1.4807116,0.56134206,0.37910292,3.154673,1.3574346,1.9264992,2.299179,2.4833975,2.8184369,0.5110597610473633,1.4807116,0.22044331,1.4541626,1.3881834,0.74103874,0.5338191,4.3937283,1.2845913,1.6471359,2.3466578,3.0829737,3.7340658,1.3680247068405151,1.3881834,0.2462785,3.51519,1.2014985,0.53791374,0.44770238,3.1129634,1.0595002,1.4083678,2.0505774,2.369756,2.85852,1.26980459690094,1.2014985,0.17880669,1.7683816,1.8439239,1.3097595,0.71031106,5.533313,1.4682639,2.8935375,3.82436,4.363836,5.0729346,0.7026000022888184,1.8439239,0.43904155,4.4089,0.032252215,0.21094787,1.2323873,0.752842,0.752842,2.868895,3.0454226,0.94203514
9kwv08hh,1.7319461,2.4283137,2.8848848,3.2721443,3.4832802,3.8472803,4.514577,1.194215,1.6008251,0.4905276,0.30642173,2.8556247,1.5027258,1.946971,2.3194535,2.5000916,2.7378757,0.41115835309028625,1.6008251,0.19770122,2.1550863,1.981566,0.6240046,0.31490478,3.1418588,2.0768025,2.524943,2.692154,2.8048148,2.9883997,-0.5121914744377136,1.981566,0.27172968,2.639438,1.5740726,0.7080585,0.4498258,3.3290508,1.4111389,2.1209226,2.6222396,2.8558493,3.1330144,0.4594492018222809,1.5740726,0.29228878,2.4463873,2.2052567,0.974002,0.44167283,4.514577,2.30014,2.986814,3.4818,3.704929,4.0724792,-0.0004947397392243147,2.2052567,0.3864461,3.15229,0.10628122,0.16700955,1.0169957,0.89856476,0.89856476,3.582391,3.7793293,0.9478907
xfgcaqvk,4.255893,7.033676,10.947845,12.993282,14.109107,15.889173,20.47274,4.011664,8.1219015,3.8481822,0.4738031,20.47274,7.5275097,10.869856,13.656937,14.89312,17.104858,0.5045194029808044,8.1219015,1.1934869,11.623823,6.6172147,4.0025983,0.6048766,19.504616,5.9807377,9.110044,12.57606,14.043323,16.41836,0.6479212641716003,6.6172147,1.2833334,8.759007,4.164407,1.5219996,0.36547813,11.860789,3.8966115,4.8077593,5.8374143,7.0103335,10.0161705,1.5207483768463135,4.164407,0.48567113,3.1331856,3.4301927,1.7644626,0.51439166,12.118381,3.031548,3.9813628,5.2930493,6.9225907,10.747801,2.071866750717163,3.4301927,0.5316621,3.6107764,0.10208799,0.096675806,1.9503142,1.9291087,1.9291087,14.739117,7.5945997,1.9407364
izzqy72w,0.972804,1.4630263,2.0210955,2.4024682,2.5633037,2.9861145,3.4190772,0.8453662,1.0244062,0.5568261,0.5435599,2.6853554,0.94689596,1.3712314,1.7958984,1.9946115,2.4672627,0.5126275420188904,1.0244062,0.20144024,1.7076786,0.97292244,0.531802,0.54660267,2.507732,0.8893877,1.3438811,1.781452,1.9743814,2.2694783,0.5587612390518188,0.97292244,0.22652847,1.8680313,0.93199414,0.48211935,0.5172987,2.541496,0.88199025,1.205641,1.6100146,1.853551,2.2372477,0.6566243767738342,0.93199414,0.16723494,1.517673,1.3758571,0.79419374,0.57723564,3.4190772,1.2009896,1.9899883,2.5354772,2.818167,3.173252,0.48464760184288025,1.3758571,0.2651929,1.9481589,0.025776304,0.19232737,1.0991552,0.70713913,0.70713913,1.9973286,2.3078513,0.8654494
x7ptx63c,1.9875755,2.7305887,5.189697,7.5446954,8.909652,10.680258,12.28518,1.3172213,2.77063,2.082661,0.75169224,11.563978,2.0752635,2.6517072,5.6366205,8.210128,10.4053,2.3276143074035645,2.77063,0.65409154,9.449264,3.4744263,2.8785343,0.828492,12.28518,2.174777,4.3521523,8.491979,10.100224,11.644137,1.455202341079712,3.4744263,0.79399246,10.862096,2.2553844,1.2978039,0.5754247,9.522513,2.1190205,2.6064048,3.156434,4.8003335,7.8350883,2.380929946899414,2.2553844,0.40354976,6.61531,2.1090343,1.6745476,0.7939878,10.275442,1.6026497,2.668611,4.122034,5.7346683,8.587689,2.0312955379486084,2.1090343,0.5052453,8.694794,0.112696566,0.03353256,1.2284513,1.6474015,1.2284513,6.245056,4.364419,1.4309021
fl0ukeyz,2.2595916,2.9590547,3.95401,4.7091703,5.0691266,6.0885916,8.286056,1.2089498,2.668154,0.9280849,0.34783784,5.48747,2.4421787,3.1520836,4.0936403,4.650779,5.13869,0.9024168848991394,2.668154,0.31803584,2.3985572,1.9104674,0.6619691,0.3464959,3.6761365,1.8140868,2.366187,2.8874826,3.1165507,3.5149121,0.44534721970558167,1.9104674,0.2721083,2.230665,3.2674565,1.423839,0.43576372,8.286056,3.0493197,4.109827,5.132752,5.9233794,7.3334103,0.7861934900283813,3.2674565,0.46436164,4.061042,2.0448735,0.66033447,0.32292193,4.0406427,2.0378854,2.48248,2.944809,3.1280606,3.6251714,0.2007717490196228,2.0448735,0.28560758,2.289761,0.16548356,0.23014064,0.8165844,0.9342717,0.8165844,4.5786214,5.3123302,0.86188567
7srcbplj,1.0527653,1.7662282,2.7050898,3.1801193,3.4918144,3.9442985,4.611247,1.1353121,1.2064257,0.68921167,0.571284,3.2710075,1.0266504,1.5537717,2.2722323,2.706285,3.1332195,1.0236775875091553,1.2064257,0.23158875,0.7950469,1.0835565,0.60140496,0.5550287,3.126589,0.9263326,1.3617847,1.9570053,2.337393,2.8776016,1.0231267213821411,1.0835565,0.17232183,0.6589957,1.2841289,0.9678644,0.7537128,3.8986728,1.1180784,1.8934941,2.7671113,3.1781447,3.661594,0.6173085570335388,1.2841289,0.2794771,1.023849,1.4893938,1.1705424,0.78591865,4.611247,1.1764672,2.3328083,3.3204918,3.7547567,4.317874,0.6813467741012573,1.4893938,0.34474835,2.015465,0.05365506,0.07400874,0.93948954,0.7275151,0.7275151,2.2899823,2.7735229,0.8256584
d84u89yj,1.1614904,1.5016146,1.8833884,2.1081889,2.2416518,2.454921,2.738941,0.6699538,1.1389697,0.429663,0.37723833,2.503793,1.0922925,1.4008893,1.7059011,1.8973284,2.3455203,0.5484085083007812,1.1389697,0.14407566,1.356657,0.9120597,0.4871135,0.5340807,2.113136,0.8325634,1.2772932,1.5745666,1.7705663,2.0460415,0.4158051609992981,0.9120597,0.12105962,1.3484153,1.0455248,0.3952001,0.37799206,2.3901281,0.9817354,1.2809069,1.6055684,1.8386286,2.0988874,0.6690797805786133,1.0455248,0.18290442,1.9330317,1.5206386,0.44862035,0.29502103,2.738941,1.450458,1.8493596,2.1808505,2.369723,2.567503,0.46219006180763245,1.5206386,0.16137747,1.2989045,0.11063222,0.18514554,1.089376,0.5997873,0.5997873,2.0510294,2.5661635,0.79925907
b1qx6gvw,3.2161055,4.3377447,7.163885,9.008462,9.928825,12.151995,16.28357,1.760005,3.191678,1.1881814,0.37227482,8.418324,2.9102826,3.670346,4.6209936,5.606249,7.6094236,1.6455333232879639,3.191678,0.36893252,4.3043427,3.7387946,1.7869089,0.47793716,9.830815,3.1970055,4.1382895,6.517598,8.164984,9.481939,1.6674078702926636,3.7387946,0.52212715,5.972361,3.2786164,1.0375872,0.31647104,7.6837535,3.1241016,3.7656708,4.435854,5.1293097,6.949535,1.210546612739563,3.2786164,0.30621037,1.4072618,5.283387,3.0940535,0.5856193,16.28357,4.235532,7.3223615,9.904724,11.127127,14.078905,0.9892637729644775,5.283387,1.0329628,13.644374,0.07894361,0.23414737,0.9734832,0.7076511,0.7076511,6.9304724,8.562004,0.80944514
rdmly4ly,3.6662471,5.786903,8.332846,9.503657,10.151794,11.771382,13.675799,2.9976127,3.066018,1.1744503,0.38305393,9.343273,2.6997416,3.2231746,4.223792,5.4362283,8.331031,2.678858518600464,3.066018,0.3115617,1.9706726,3.2672763,0.8969262,0.274518,7.410487,3.2886863,3.746122,4.247604,4.547992,5.963785,0.6624113321304321,3.2672763,0.4229832,3.0362751,6.1087136,2.4274375,0.39737296,13.454857,5.7124004,8.034187,9.516157,10.131165,12.047906,0.48570379614830017,6.1087136,0.6733599,4.0967746,5.485854,2.5795717,0.47022244,13.675799,4.8777294,7.131517,9.211372,10.49057,12.726466,0.8037594556808472,5.485854,0.58025634,10.274072,0.031777803,0.053719938,0.50190896,0.59558207,0.50190896,6.3332944,11.594568,0.5462294
k83tqll8,4.651889,7.12728,10.612151,12.464478,13.479609,14.723265,16.78065,3.6066942,4.2814226,1.8864526,0.44061348,13.47948,3.7463083,4.6302195,6.389167,8.355676,11.3982725,2.1382341384887695,4.2814226,0.5307894,3.2789288,6.3980393,2.7499387,0.4298096,14.927962,5.728666,7.9888067,10.557041,11.958685,13.903742,0.9118643999099731,6.3980393,0.9885209,4.9674187,4.0873,1.3367661,0.3270536,9.315209,3.9256325,4.9360867,5.7905474,6.471076,7.9054046,0.6990311741828918,4.0873,0.4678756,3.9180214,7.822061,3.6963358,0.47255266,16.78065,7.5095615,10.616082,13.0676565,14.321177,15.728013,0.2781217396259308,7.822061,1.1742885,8.736046,0.19819507,0.31359878,1.0474942,0.81794804,0.81794804,10.679462,11.909361,0.8967284
os9xtogn,3.8111112,4.8570995,5.690017,6.1104403,6.3301167,6.8234134,7.7246475,2.1560318,3.8780177,1.095416,0.28246802,7.325464,3.8037772,4.6309934,5.282802,5.774471,6.7428427,0.3393518924713135,3.8780177,0.45180324,2.9522333,2.6243362,0.94129324,0.3586786,6.1631236,2.33929,3.0457568,4.0212607,4.6232147,5.5681977,1.2707326412200928,2.6243362,0.39931476,3.5451994,4.4529843,1.0568804,0.23734203,7.5241613,4.461421,5.156077,5.8330803,6.2043076,6.8639026,0.08581423759460449,4.4529843,0.42026287,2.9222586,4.034792,1.5715582,0.3895017,7.7246475,4.132406,5.364706,6.065354,6.3104844,6.937193,-0.08368036895990372,4.034792,0.47539628,4.064805,0.19280425,0.049269963,0.8708806,0.6504267,0.6504267,6.5023537,8.487776,0.7660845
1w1ht7pz,2.8120487,3.5610218,4.3817444,4.7811546,4.9978633,5.372481,6.0784593,1.386903,2.5720327,0.7173416,0.27890065,4.930563,2.4973617,3.0129185,3.5516326,3.9341362,4.525737,0.47906625270843506,2.5720327,0.33128893,2.801734,2.6537926,0.83242834,0.313675,5.608945,2.6051526,3.0836976,3.724773,4.2673945,4.946507,0.6282927393913269,2.6537926,0.4545232,3.4249322,3.3326182,1.1553532,0.34668034,6.0784593,3.360262,4.1615133,4.871592,5.224576,5.7109995,-0.015722541138529778,3.3326182,0.47213626,3.271614,3.118286,0.991788,0.3180555,5.439286,2.9968104,3.8420238,4.608099,4.8561945,5.242564,0.2945810854434967,3.118286,0.49848306,3.295824,0.015645362,0.033225164,0.77177536,0.8510421,0.77177536,5.2258253,6.450904,0.810092
e9vifttd,2.8821518,4.279071,5.6763144,6.390705,7.093995,7.9054995,9.010036,2.377541,3.2510169,1.4397087,0.44284874,7.3233166,2.9077475,4.229076,5.524197,5.9888096,6.7271867,0.6743665933609009,3.2510169,0.47421092,4.5625625,3.5431955,1.0949298,0.30902326,6.4984255,3.4483263,4.3072915,5.0578866,5.541444,6.135141,0.37432482838630676,3.5431955,0.3555694,2.3878534,2.820201,1.754058,0.6219621,8.0046425,2.1248648,3.7457943,5.6579747,6.6768107,7.6582193,1.1708751916885376,2.820201,0.48223555,2.6429243,3.3741426,1.9780637,0.5862419,9.010036,2.7611809,4.6076913,6.4097548,7.4060335,8.471849,0.8869355916976929,3.3741426,0.5862199,4.2052417,0.043004047,0.089427024,1.1527607,1.0501025,1.0501025,6.7942123,6.1943436,1.0968413
96qe3rzs,1.7301867,3.0002131,4.502858,5.23107,5.676984,6.436018,7.207619,1.829147,1.7579439,0.8849179,0.5033823,5.0694575,1.5107503,2.1480818,3.1144662,3.6741164,4.5327816,1.3056044578552246,1.7579439,0.26675102,2.8058271,3.661251,1.3112817,0.35815126,7.0865965,3.6594021,4.5959682,5.3384094,5.6802306,6.591653,-0.004342357162386179,3.661251,0.49205813,3.5506277,1.2372502,0.54596657,0.44127417,2.8322456,1.2385653,1.6269536,1.9582598,2.165625,2.3849332,0.09521368145942688,1.2372502,0.20582543,1.6611537,2.4965792,1.6266823,0.6515645,7.207619,1.92925,3.4070513,5.170202,5.94163,6.760076,1.0217093229293823,2.4965792,0.36342466,4.1022677,0.35121584,0.33727545,1.4208475,1.4665071,1.4208475,5.419195,3.7338295,1.4513773
j49itn7s,5.9599752,8.121652,11.785529,14.044273,15.290633,16.779093,18.672787,3.2203074,6.2130814,2.1212723,0.34142032,13.676068,5.7308555,7.46526,8.867783,10.518349,13.047042,1.0332882404327393,6.2130814,0.5804469,3.8808174,9.313664,3.329313,0.35746542,17.967941,8.299137,11.628125,14.68838,15.749906,16.994564,0.6894006729125977,9.313664,0.9710165,6.0281444,5.4768057,1.8072305,0.32997894,13.886407,5.137156,5.909814,7.6294403,9.383614,12.21475,1.845676064491272,5.4768057,0.5081802,2.6783686,7.46457,3.5637388,0.4774205,18.672787,6.0266056,8.911158,13.542032,15.550459,17.589502,1.3055859804153442,7.46457,0.79282564,7.822063,0.19969304,0.15359761,1.1344353,1.2477161,1.1344353,15.526746,12.941376,1.1997756
55j2o7s3,1.5798674,2.7828612,3.9512758,4.6675887,5.055648,5.552867,6.415049,1.8050907,1.6081254,1.181556,0.73474115,6.1846304,1.225682,2.089502,3.420477,4.1449065,5.2351894,1.3567451238632202,1.6081254,0.3035947,1.2929809,1.7096872,0.9911412,0.5797208,5.5526724,1.4382861,2.249517,3.1044135,3.616804,4.7801294,1.1075488328933716,1.7096872,0.28924713,1.1802641,1.5832324,1.2265601,0.77471894,6.415049,1.1979256,2.045003,3.305256,4.2509637,5.7269397,1.5799709558486938,1.5832324,0.30291662,1.5509143,2.7983012,1.2950691,0.46280548,6.0064926,2.7413998,3.7025838,4.6649356,5.131908,5.6964216,0.31591904163360596,2.7983012,0.49282423,3.6340673,0.030611066,0.27731588,1.0157229,0.61097324,0.61097324,3.3178127,4.3815336,0.75722635
kkv9rftm,3.6086388,5.962835,8.188612,9.259581,9.883643,11.676684,13.650202,3.7400987,4.800631,2.0614083,0.4294036,10.03307,4.4462013,6.1995664,8.043889,8.677972,9.555558,0.52341228723526,4.800631,0.7074057,6.7684264,2.7990127,1.1575439,0.41355437,6.198174,2.8653567,3.519508,4.202186,4.7748866,5.7098827,0.04016212001442909,2.7990127,0.47910902,5.237061,5.255906,2.7115386,0.5159032,11.985785,5.207155,7.4828196,8.958304,9.613256,10.8168,0.21467074751853943,5.255906,0.82525504,4.5387745,3.972497,3.1579509,0.79495364,13.650202,2.6588778,5.9451876,8.982221,10.657901,12.652066,1.0676331520080566,3.972497,0.8445335,6.1166615,0.26338318,0.13907164,0.9133784,0.70459783,0.70459783,7.5996437,9.228403,0.8235058
ttqlgzui,2.8354216,4.2917438,5.9777803,7.2953,8.182714,9.418561,10.761344,2.104576,2.6615562,0.9458603,0.3553787,5.6806283,2.5196023,3.2229877,3.9592383,4.4263954,5.3152194,0.5606657862663269,2.6615562,0.28417152,2.3177707,4.241337,1.1787872,0.27792823,7.5551314,4.299437,5.1163,5.7951894,6.0665092,6.643696,-0.0026003753300756216,4.241337,0.49230486,2.9754882,2.2941608,0.58786213,0.25624278,4.987544,2.2423384,2.611374,2.997019,3.3054068,4.289908,0.9660741686820984,2.2941608,0.20361888,1.6608032,4.5912952,2.3602006,0.5140599,10.761344,3.861247,6.391801,8.178162,9.106953,10.195724,0.6737359762191772,4.5912952,0.546918,3.814228,0.22885776,0.33362123,1.1601437,0.9237778,0.9237778,6.902893,6.885456,1.0025325
1b0z3nx3,1.5657918,2.1529021,2.6779156,3.003208,3.154932,3.4397035,4.1360884,1.0047042,1.3467661,0.6213016,0.4613285,3.3001206,1.2900543,1.7126138,2.1847837,2.481273,3.0595129,0.5282939076423645,1.3467661,0.19279784,1.2576284,2.1350145,0.56625557,0.2652233,3.563032,2.0913467,2.5407271,2.9611,3.156247,3.4313414,0.446627676486969,2.1350145,0.21860132,1.7897741,1.4117739,0.58116037,0.41165257,3.2436388,1.2978302,1.7721355,2.250877,2.5184233,2.9389453,0.6385446190834045,1.4117739,0.18957242,1.4493592,1.8749696,0.73581326,0.3924401,4.1360884,1.7478123,2.3483534,2.9317272,3.2349389,3.7318072,0.5649617910385132,1.8749696,0.31182817,2.5947752,0.22639233,0.14092845,0.9539531,1.1386929,0.9539531,3.4817805,3.2867436,1.0593405
9rbsv55p,3.247805,4.0952425,4.863672,5.496573,6.1117334,7.8061895,10.933575,1.6936836,2.6173027,0.81427777,0.31111333,5.3466034,2.4592595,3.1190605,3.6978097,4.14684,4.873245,0.6041372418403625,2.6173027,0.33226526,2.7033248,3.43718,1.1367416,0.33071926,6.20179,3.388989,4.3009696,5.018742,5.457292,5.8454247,0.2012409120798111,3.43718,0.41307086,3.3324504,3.5390265,1.1706347,0.33077875,9.079295,3.4235501,4.0558605,4.868547,5.5001097,7.3812666,0.8883081078529358,3.5390265,0.46645662,8.908913,3.8160758,1.5202312,0.39837554,10.933575,3.721847,4.4202466,5.4946136,6.5448866,9.13867,1.1966091394424438,3.8160758,0.52132314,8.39316,0.1354166,0.037667632,0.7395544,0.90071064,0.7395544,6.0544825,7.3551025,0.8231676
sq0oxfq8,2.8068752,3.8201244,6.230048,7.800931,8.611314,9.640788,11.38709,1.7041318,2.302371,0.8636988,0.3751345,4.8680634,2.2928603,2.8462195,3.4648001,3.824126,4.528517,0.2491847425699234,2.302371,0.2872509,1.8924949,2.5474424,0.64002985,0.2512441,3.974655,2.573464,3.0804348,3.3210773,3.4455116,3.7577763,-0.36966225504875183,2.5474424,0.32532495,2.8270159,3.8118353,1.7801925,0.46701717,10.290606,3.2636466,4.554839,6.587272,7.645121,9.165659,1.2967519760131836,3.8118353,0.56768274,5.4193764,4.3721957,2.5079792,0.5736201,11.38709,3.8488684,6.078432,8.181509,8.982646,10.342488,0.6431702375411987,4.3721957,0.7606004,10.417992,0.050532132,0.06846999,0.60400593,0.582646,0.582646,4.8498135,8.184031,0.59259474
myx444nl,3.7775924,5.0946293,7.154741,8.370484,8.968594,9.829875,11.27662,2.2485833,4.3147693,1.7863978,0.41401932,10.641947,3.8623233,5.0278172,7.0709777,8.381708,9.616451,1.1815996170043945,4.3147693,0.5759084,2.0181997,3.9806004,1.5144894,0.3804676,9.807305,3.7985802,4.5944223,5.997616,7.1180735,8.796251,1.0049067735671997,3.9806004,0.4743927,2.2544658,4.219792,2.0053885,0.47523397,11.27662,3.6681373,5.0446844,7.2683215,8.422322,10.5677185,1.2731578350067139,4.219792,0.503345,2.4348655,4.2330384,2.251547,0.53189856,10.699984,3.7280104,5.662273,7.697337,8.67903,9.84959,0.7166323661804199,4.2330384,0.7740104,3.9424777,0.040283784,0.0015671125,1.0225075,0.9403648,0.9403648,8.29537,8.45283,0.9813719
z15bcw79,1.0166135,1.4734938,2.06426,2.5775232,2.88874,3.484598,4.0628004,0.8296,1.1998384,0.4297046,0.3581354,2.7178476,1.2413775,1.4824103,1.672454,1.8286803,2.233518,-0.2510216534137726,1.1998384,0.15196626,1.2793766,1.0900947,0.6240367,0.572461,2.9645746,0.9211303,1.4818498,2.0395193,2.3242757,2.8300407,0.8404366374015808,1.0900947,0.19275714,2.286537,1.1019555,0.6531628,0.59273064,3.3269844,0.9224671,1.4458101,2.0754263,2.4361641,3.0453467,0.9903547167778015,1.1019555,0.1804611,1.4235607,1.1644295,0.96035814,0.8247456,4.0628004,0.8630935,1.4743404,2.79466,3.3460271,3.8281488,1.184409260749817,1.1644295,0.27861434,3.0960798,0.047924418,0.027565489,1.0888265,0.936162,0.936162,2.2899332,2.266385,1.0103902
0pdw5py6,2.1287193,2.814172,3.934564,4.6115527,5.189808,6.290975,7.477473,1.3138859,2.305852,0.6843232,0.29677674,4.625242,2.25816,2.6909168,3.1294463,3.564793,4.248158,0.5057408809661865,2.305852,0.2906774,2.6939194,2.3921683,0.86571205,0.36189428,4.7455125,2.269623,2.7769258,3.66052,4.1926656,4.664073,0.6454963088035583,2.3921683,0.32592174,2.6703923,1.8646077,0.7422374,0.39806625,4.3854647,1.7725602,2.308508,2.8432512,3.274741,4.001282,0.7243944406509399,1.8646077,0.23013431,1.9830465,2.6752648,1.712658,0.6401826,7.477473,2.2985563,3.9206505,5.1795025,5.957984,7.052346,0.6898068785667419,2.6752648,0.6022559,6.808552,0.018372921,0.17856385,1.2366419,0.89418,0.89418,4.69802,4.5398726,1.0348352
b2knftu2,0.8247279,1.2704947,1.9446735,2.6046667,2.9628708,3.408472,3.81988,0.74088347,0.73571825,0.41670284,0.56638914,2.7297056,0.6799334,0.89362323,1.1886283,1.4877748,2.4001102,1.5689891576766968,0.73571825,0.14754057,1.0633339,1.5312359,0.9800898,0.64006454,3.81988,1.2662307,2.2476664,3.1043348,3.3867967,3.7564023,0.6652691960334778,1.5312359,0.34544206,2.6548018,0.9591369,0.3941493,0.41094166,2.4209237,0.92159027,1.2125716,1.4805095,1.6404165,2.0286226,0.6006394028663635,0.9591369,0.16848397,1.1920849,0.9605806,0.7503679,0.7811608,3.5147905,0.75837195,1.3571239,1.9972209,2.517178,3.2557087,1.0928187370300293,0.9605806,0.23649012,2.426594,0.35091916,0.0007520294,0.7670628,1.5940734,0.7670628,2.2669542,1.9197176,1.180879
gc5wi6fq,1.3388383,2.427668,3.8819,4.5563984,4.90633,5.68963,7.0520816,1.5720644,1.0097066,0.63722867,0.6311028,4.372243,0.86726713,1.1731603,1.7087383,2.3093889,3.646384,2.141428232192993,1.0097066,0.19189961,1.2040037,2.2166848,1.0890192,0.49128282,5.1238546,1.9634076,2.8667054,4.009841,4.4740024,4.9493318,0.7892938852310181,2.2166848,0.37146473,1.3714213,1.1875346,0.7104304,0.5982397,4.3936706,0.98718995,1.3867456,2.062121,2.748842,3.7892547,1.8023440837860107,1.1875346,0.22261624,1.1621821,2.775051,1.457132,0.52508295,7.0520816,2.5258214,3.8642025,4.8790708,5.2827787,6.2680693,0.515890896320343,2.775051,0.44802544,4.4846683,0.3740954,0.40062642,0.8502545,0.79879063,0.79879063,3.2263913,3.9625857,0.81421363
jja26yfp,5.5539875,6.662101,7.5117016,8.010276,8.398705,9.022816,9.907015,2.3008904,6.249561,1.4376258,0.23003629,9.907015,6.2418804,7.2766247,8.204082,8.62121,9.445198,0.05308973044157028,6.249561,0.5393102,5.6685896,5.1357,1.4255179,0.2775703,7.956507,5.2920036,6.2328587,6.9906464,7.259575,7.687626,-0.24362541735172272,5.1357,0.62238073,5.323593,5.7065268,1.4935056,0.26171884,9.563765,5.6552377,6.8548517,7.6262803,8.123006,8.753605,-0.005273817107081413,5.7065268,0.64460826,4.059896,4.876685,1.5515317,0.31815293,9.178776,4.8449144,6.0292354,6.9483123,7.3666945,7.9497843,0.05220424756407738,4.876685,0.656791,5.0371985,0.09783355,0.07841113,1.0951601,1.053113,1.053113,11.385262,10.583212,1.075785
mvxpj4hn,3.3655362,5.47696,8.748531,10.272643,11.038425,12.032486,13.579239,3.0751364,3.9000537,1.9798466,0.50764596,11.634604,3.2569551,4.695,6.9724383,8.365533,10.05299,1.3896650075912476,3.9000537,0.606776,2.9569097,3.5093853,1.8581631,0.5294839,11.274529,2.9973395,4.1152883,6.236998,7.6595116,9.405139,1.5184599161148071,3.5093853,0.5788246,6.2460537,3.7331893,2.0433671,0.5473516,11.605351,3.1593797,4.4460506,6.666044,8.351652,10.309962,1.4586421251296997,3.7331893,0.5214186,3.4469595,5.756398,3.4197154,0.59407204,13.579239,5.004078,8.766631,10.966173,11.746308,12.582151,0.44406116008758545,5.756398,1.1805577,9.156843,0.052725773,0.21320303,1.0446975,0.60964954,0.60964954,7.409439,9.489588,0.7807967
riuu9k9x,1.2501028,2.2245853,3.3580291,4.058523,4.4385996,4.945523,5.646612,1.4518763,1.679789,0.939707,0.5594197,5.3178916,1.4113605,2.1422246,3.06446,3.7296174,4.7610393,1.3252243995666504,1.679789,0.23585817,1.3974836,2.5882378,1.1229779,0.43387738,5.646612,2.4405775,3.3406956,4.2455273,4.7113075,5.191144,0.4167109429836273,2.5882378,0.38528392,2.4101448,1.118846,0.73557276,0.65743876,4.212677,0.88753396,1.3752444,2.1282177,2.7245057,3.77598,1.7381163835525513,1.118846,0.20243241,1.2586961,1.3773172,1.1906878,0.86449784,5.3232517,0.9190945,1.7268405,3.3492672,4.221977,4.9675865,1.5099616050720215,1.3773172,0.3283146,2.624601,0.21284984,0.103547364,1.5013584,1.8791878,1.5013584,4.268027,2.4961634,1.7098347
juy0bvr6,0.578554,1.1243942,1.9010061,2.4717543,2.7851453,3.7007372,5.0130963,0.9356054,1.0087405,0.8105618,0.80353844,3.6919162,0.99171895,1.4062555,2.1761816,2.5294027,3.1315293,0.45896220207214355,1.0087405,0.2709275,3.575903,1.1067541,1.0603288,0.9580528,5.0130963,0.71695656,1.6531038,2.603306,3.3127263,4.2867146,1.3280925750732422,1.1067541,0.40823412,4.549315,0.73546535,0.49996716,0.67979705,2.624217,0.68537503,1.0210854,1.4385469,1.6977447,1.94246,0.5586434602737427,0.73546535,0.20976008,2.6425238,0.41225955,0.72829753,1.7665995,4.7041717,0.19800177,0.4243405,0.96943176,1.991432,3.6369808,3.0407423973083496,0.41225955,0.23321916,4.326459,0.046331253,0.28160563,1.3715677,2.6846051,1.3715677,2.1154947,1.1477249,1.8432072
k2vmwwyz,0.9167644,2.006148,4.0433493,5.0693326,5.584105,6.2969384,6.916145,1.4229099,2.0744212,1.7298977,0.8339183,6.5447335,1.4914844,3.2511,4.8470874,5.54535,6.3323236,0.8246172070503235,2.0744212,0.45934272,4.3757377,3.111985,1.6457577,0.528845,6.916145,2.9688284,4.298264,5.4937744,5.99815,6.6272244,0.30279362201690674,3.111985,0.5972311,3.5945666,0.81341064,0.43741992,0.53776026,2.381142,0.723708,1.0828624,1.4091898,1.5849276,2.1431003,0.7441412806510925,0.81341064,0.13177477,1.3789468,0.72754383,0.36267492,0.49849218,2.4419658,0.6845889,0.88161105,1.0951748,1.3464432,2.174667,1.5199047327041626,0.72754383,0.12771603,0.9735669,0.20005448,0.05572313,2.5502753,4.2773848,2.5502753,5.186406,1.5409545,3.3657103
x4w6xlpu,2.7416806,4.502963,6.7065787,7.8008094,8.246958,8.88133,9.490039,2.506012,3.8798363,2.0093985,0.51790804,9.214041,3.2106423,5.317707,7.0220914,7.8898807,8.77556,0.8089780211448669,3.8798363,0.6920783,6.3295155,2.5774562,0.9524484,0.3695304,5.892759,2.3600862,3.08172,3.9242723,4.4402657,5.3361783,0.9610162377357483,2.5774562,0.28735018,1.3262358,3.7996182,2.318919,0.61030316,9.437758,2.8893378,5.5074453,7.6459703,8.387522,9.116195,0.8415848016738892,3.7996182,0.66361636,6.6738644,3.4199069,1.9532871,0.57115215,9.490039,2.6792028,4.536595,6.4423323,7.5338306,8.83068,1.0363109111785889,3.4199069,0.59312296,2.466045,0.20169136,0.052595064,1.0211121,0.7536627,0.7536627,6.4572926,7.2195253,0.8944206
0dk0get8,1.8575048,3.1094508,4.683377,5.4916663,6.009717,6.7194843,7.7505884,1.7701149,2.297113,1.2194874,0.5308783,6.444878,1.8768487,2.8752627,4.297535,4.930563,5.873469,1.20176100730896,2.297113,0.3225123,2.5290005,3.4737306,1.5692967,0.45176122,7.4941525,3.3343198,4.641367,5.7706766,6.181048,7.148819,0.29815873503685,3.4737306,0.5777167,4.3664255,1.358183,0.5500344,0.40497813,3.912548,1.2847291,1.5779753,2.0328262,2.4493256,3.249532,1.2906608581542969,1.358183,0.16989243,0.93502545,2.591399,1.5767146,0.6084415,7.7505884,2.075574,3.3435903,5.0615797,5.975207,7.185007,1.1771453619003296,2.591399,0.43234104,3.8406625,0.20389006,0.3122396,1.6913133,1.3404846,1.3404846,5.7708435,3.949582,1.4611276
t63j3r30,0.7916888,1.2821393,1.658896,1.9262882,2.1250749,2.441383,2.826076,0.8835292,0.9670345,0.49010482,0.50681216,2.5786324,0.9227081,1.3066368,1.5452806,1.7829245,2.4135537,0.5695689916610718,0.9670345,0.15890096,0.93767947,0.94816816,0.5692724,0.6003918,2.5132422,0.8991762,1.3556796,1.7188485,1.9232185,2.3315217,0.22205229103565216,0.94816816,0.18828389,1.0363544,0.70768833,0.6683657,0.9444351,2.822584,0.5275276,1.1471958,1.6189138,2.0136316,2.5615492,0.8352240920066833,0.70768833,0.24428399,2.1758814,0.82632643,0.6260864,0.75767446,2.826076,0.7217297,1.2712659,1.7125905,1.9370656,2.37514,0.46446341276168823,0.82632643,0.24517807,1.8319657,0.009850843,0.07733831,1.3664695,1.1474499,1.1474499,1.9152026,1.5340147,1.2484903
me8f8409,1.4392895,2.0815074,3.9302557,5.4846516,6.4897494,8.096928,9.443626,1.0271846,1.9059794,1.0970532,0.575585,6.6717696,1.6858759,2.1939611,3.2971141,4.279044,6.062588,1.9094971418380737,1.9059794,0.2777332,4.5665874,3.0020006,2.2935286,0.76400006,9.443626,2.1198156,4.1535635,6.822171,7.995749,9.001066,1.0865451097488403,3.0020006,0.8698504,8.617221,1.3622482,0.50025696,0.36722893,4.672358,1.325388,1.5755951,1.8092719,2.076461,3.4278073,2.285048484802246,1.3622482,0.16725002,1.0999599,1.7669121,1.486327,0.84120035,8.916807,1.1980505,1.770283,3.7594206,5.2498693,7.452032,2.3767919540405273,1.7669121,0.3528399,7.5613966,0.2233141,0.1293203,1.3991425,1.6990095,1.3991425,4.90798,3.1291604,1.5684655
82n2atqy,2.0888443,3.1174624,4.6187077,5.3571453,5.761969,6.3666673,7.2964716,1.5327024,2.0095618,0.8825636,0.4391821,5.3304935,1.7702432,2.253306,3.2864046,4.02113,4.874795,1.508156657218933,2.0095618,0.27305654,1.1003951,2.2979672,0.8667224,0.3771692,5.626305,2.0959175,2.5539114,3.5534022,4.18089,5.117565,1.3887487649917603,2.2979672,0.25081927,1.226588,1.9645715,0.71972334,0.3663513,5.003326,1.8810296,2.3050346,2.8383749,3.3363702,4.3389564,1.0448929071426392,1.9645715,0.25709936,1.5197016,3.5239692,1.6219255,0.4602553,7.2964716,3.48277,4.8153567,5.7583804,6.168057,6.759317,0.11768245697021484,3.5239692,0.45810288,2.8756883,0.06695379,0.28411883,1.0229008,0.6520963,0.6520963,4.307529,5.4885406,0.7848223
yv37dia5,2.5997086,3.7404404,5.337804,6.375072,7.008862,7.7470484,8.801367,1.9771869,3.2716,1.4804871,0.45252693,8.230753,2.9586947,3.9850736,5.4012365,6.406098,7.6941967,1.05204439163208,3.2716,0.43724877,1.5436559,2.433354,1.1506346,0.47285956,6.948451,2.3919158,3.0506115,3.8558505,4.4734683,5.634614,0.5654908418655396,2.433354,0.3408157,2.1665118,2.9981127,1.7494246,0.5835086,8.801367,2.5405002,3.8794746,5.636583,6.793248,8.205929,1.111741304397583,2.9981127,0.47018662,2.024516,2.9079084,1.8592163,0.6393655,8.683219,2.4154274,4.018283,5.8218603,6.7212305,7.712023,0.8879237771034241,2.9079084,0.6297592,2.8795972,0.14693302,0.015273267,1.0912198,0.8368055,0.8368055,5.704954,5.906021,0.9659556
u6hc36ko,5.62658,8.416461,11.478373,13.318439,14.243652,15.790228,18.173656,4.9028797,7.1980543,3.3741949,0.46876484,18.03623,6.5082464,9.3004875,12.150315,13.493709,16.261587,0.7172662019729614,7.1980543,1.1734209,10.243062,5.316837,2.1829536,0.41057375,11.950882,5.309473,6.4781013,8.328413,9.561501,10.836165,0.3858271539211273,5.316837,0.87003934,9.498814,6.331816,4.2619476,0.67310035,18.173656,5.2254467,8.97846,13.364389,14.9638195,16.740437,0.8623829483985901,6.331816,1.1641876,9.274607,6.1265244,3.338942,0.54499775,15.656671,5.3676977,8.404701,11.236003,12.652118,14.574709,0.715816855430603,6.1265244,0.97743803,8.402382,0.15031832,0.016478257,1.1368072,0.867839,0.867839,12.514891,12.458341,1.0045391
f8krd5eq,2.7036629,4.0227776,7.6237526,10.009622,10.869391,12.160819,13.505299,2.0937467,4.207712,2.5269747,0.60055786,12.646593,3.0996685,4.7889147,8.501531,10.394064,11.974403,1.6110252141952515,4.207712,0.7884515,10.029405,4.1552925,2.8973722,0.6972728,12.995371,3.0961716,5.35293,8.903401,10.614628,12.411489,1.319152593612671,4.1552925,0.9212414,11.098612,2.6191828,1.8167648,0.693638,11.41424,2.1204572,2.7062085,4.7220564,7.0551467,10.041252,2.5060455799102783,2.6191828,0.45161036,8.847417,3.409919,2.7118583,0.7952852,13.505299,2.4936395,3.6720948,7.6901426,10.283199,12.491363,1.9029626846313477,3.409919,0.6883005,11.062548,0.0062680417,0.13115323,1.6064981,1.2185898,1.2185898,8.363005,6.029102,1.3871062
y08p0fod,0.95128715,1.9209354,3.3014276,4.530674,5.89006,8.354663,10.813735,1.6337149,1.0086426,1.4042214,1.3921894,9.141957,0.69364166,1.6765625,2.5570443,3.3756492,6.6898904,1.978161096572876,1.0086426,0.52277225,7.8997207,0.63940156,1.2593565,1.9695863,10.303912,0.2788042,0.96017796,1.8115482,2.8133435,5.8916974,3.2552661895751953,0.63940156,0.53010744,8.04798,2.0108497,1.9804112,0.98486286,9.694963,1.3573403,2.4033358,4.639515,7.047807,8.780518,1.8989306688308716,2.0108497,0.7301943,9.639609,1.67514,1.5918186,0.95026,10.813735,1.2891841,2.356964,3.5752885,4.466175,7.8768816,1.9493651390075684,1.67514,0.6700731,10.153057,0.224048,0.091077216,0.50160015,0.38170037,0.38170037,1.6480441,3.6859899,0.44711033
ro8bnp84,2.8813999,4.678611,8.163917,9.962558,11.180109,12.8748665,14.517684,2.4697626,3.346708,1.5826397,0.47289446,9.873093,2.8365455,3.7181695,5.6259665,6.9265184,8.803275,1.7300101518630981,3.346708,0.4589095,3.7760918,4.7427607,2.3968394,0.505368,11.643212,4.120053,6.2708826,8.604744,9.642514,10.897409,0.8141644597053528,4.7427607,0.77830386,7.7159715,2.5840895,1.1111128,0.42998233,7.9964786,2.3693478,2.8872354,3.8214,4.9560556,6.943077,2.0201406478881836,2.5840895,0.35773045,3.371194,5.054235,3.6365776,0.719511,14.517684,3.1517518,7.6532273,11.113285,12.327556,13.779443,0.9260425567626953,5.054235,1.0677122,10.193218,0.17257655,0.32338837,1.2951208,0.9383736,0.9383736,8.089469,7.6383247,1.0590632
dyt9moge,1.6027812,2.754128,5.1022897,6.1821556,6.6939793,7.318798,7.9418893,1.7006831,2.6204338,1.8056539,0.68906677,7.9418893,1.8715479,3.6327028,5.6570163,6.4458604,7.378125,1.1144486665725708,2.6204338,0.56886065,4.8178244,2.7823274,1.9327348,0.6946468,7.5395293,1.9933889,4.0911665,5.9789324,6.704427,7.346258,0.9000997543334961,2.7823274,0.6157448,6.241784,1.797418,0.8660278,0.4818177,5.9717264,1.635552,2.0755827,2.8444614,3.6498568,4.846716,1.5608118772506714,1.797418,0.26500556,4.1183515,1.8795724,1.7945117,0.95474464,7.836919,1.068614,2.2357383,5.017862,6.2238235,7.370799,1.657558798789978,1.8795724,0.48659143,6.5661683,0.029964974,0.022342835,1.4578878,1.480298,1.4578878,5.4027615,3.6769905,1.4693433
4qxxva2i,1.9534883,3.2065468,6.0939617,7.5994525,8.509921,9.750255,11.021012,1.7634248,1.8313595,0.780318,0.42608675,4.627514,1.6872864,2.2179356,2.838764,3.5384219,4.3366127,1.1641167402267456,1.8313595,0.27829668,2.971806,4.0609717,2.5331526,0.6237799,10.528157,3.7896876,6.097087,7.6138067,8.647502,9.808857,0.43627840280532837,4.0609717,0.8694062,7.7009954,1.7820332,0.582938,0.32711962,4.5313816,1.6902002,2.0082343,2.447207,2.9010851,3.9054067,1.4753397703170776,1.7820332,0.18108964,1.2013547,3.5693483,2.4625053,0.6899033,11.021012,2.5930974,4.904428,7.664927,8.960298,10.139495,1.1546990871429443,3.5693483,0.7503165,9.258648,0.37839225,0.33399135,1.0276798,1.1377348,1.0276798,5.892331,5.3513813,1.101086
euc1hh5l,3.1649241,4.0374517,5.6995406,6.661241,7.231144,8.135219,9.034084,1.6993294,2.6287792,0.9175749,0.3490498,6.2229123,2.570001,3.2350373,3.7386508,4.1122007,5.263109,0.4092041552066803,2.6287792,0.32674694,2.7379804,3.7225616,0.8291386,0.22273333,6.828316,3.6345868,4.1065984,4.8181615,5.3391647,6.381742,0.6171179413795471,3.7225616,0.35498136,3.3060098,2.6301653,1.0962578,0.41680187,6.9271913,2.5423744,3.1584482,3.934614,4.7183437,6.343506,1.0035239458084106,2.6301653,0.32826248,1.9324138,4.5589433,1.846355,0.40499625,9.034084,4.296105,6.007992,7.2270613,7.884887,8.544652,0.3734031915664673,4.5589433,0.64089394,3.9643793,0.17221284,0.26829165,0.999473,0.8165405,0.8165405,6.351341,7.189109,0.883467
f6a4fejg,0.99930364,2.0958803,3.2349203,3.835757,4.224472,4.868091,6.0533442,1.650625,1.5208199,1.4449482,0.9501113,6.0533442,1.0439807,2.3524952,3.6051018,4.643758,5.680475,1.0977413654327393,1.5208199,0.47128353,3.381576,1.3328673,0.98815393,0.7413746,4.7964854,0.97756565,1.853385,2.808458,3.2753048,4.4086394,1.2586040496826172,1.3328673,0.30803958,2.7733066,1.08915,0.9255922,0.8498299,4.607121,0.94060266,1.5720501,2.373002,2.9203458,3.8947768,1.0265710353851318,1.08915,0.2608932,2.2517097,1.4802278,1.31042,0.88528264,4.749204,1.0509654,2.5101857,3.51821,3.9072616,4.363846,0.6337808966636658,1.4802278,0.38026688,3.4852762,0.06586308,0.15220723,1.3963366,0.90044737,0.90044737,2.8536873,2.569378,1.110653
xaa2ilgb,3.2662792,4.5643077,7.045043,8.668926,9.387819,10.411819,12.216025,2.093976,3.016563,1.404848,0.46571147,10.44986,2.7581058,3.531811,4.7742534,5.706714,8.253634,1.5730942487716675,3.016563,0.42706668,2.687922,3.4137216,1.4509656,0.42503926,10.909506,3.0981903,3.896198,4.9669256,6.3431163,8.996846,1.9620336294174194,3.4137216,0.41828278,2.380291,3.3059568,1.7293968,0.52311534,11.539589,2.9063904,3.8405213,5.4318247,6.971085,9.611246,1.8092840909957886,3.3059568,0.48282912,2.293981,5.360072,2.3988693,0.44754422,12.216025,4.709781,7.045567,9.190728,9.891113,11.125537,0.6842076778411865,5.360072,0.8698477,6.771248,0.06176377,0.23703074,0.9124629,0.6368798,0.6368798,6.4302845,8.666029,0.7420105
0s0r2sds,4.281631,6.7314825,11.05867,12.79194,13.635893,15.478715,19.533764,3.6109223,6.843271,3.2000184,0.46761534,14.730458,5.6229672,9.106766,12.175921,13.090159,13.86598,0.7673932313919067,6.843271,1.1773993,9.725138,5.4243984,3.5976944,0.663243,17.299042,4.1335273,7.099789,11.360706,12.835575,15.45304,1.1515763998031616,5.4243984,1.1660069,12.208644,4.4282517,2.2618387,0.5107746,14.721245,3.6715372,4.836797,7.6547656,9.541656,12.609634,1.9610936641693115,4.4282517,0.6453839,5.246728,5.1035123,3.675709,0.72023124,19.533764,3.6813078,5.775694,10.637236,13.867738,17.383305,1.7467763423919678,5.1035123,0.9483306,14.532122,0.11565948,0.07084319,1.5453663,1.0628755,1.0628755,12.26767,9.531764,1.2870303
8b25sq8c,1.8162792,2.7414222,4.8748574,6.1530247,6.9567385,8.038434,8.854293,1.2901437,1.8925688,0.9854431,0.52069074,6.5033746,1.621669,2.0174441,3.0983238,4.0884748,5.8624225,2.1860899925231934,1.8925688,0.2823195,2.8676,2.6885438,1.4674551,0.54581785,7.830685,2.2892056,3.0805068,4.8794446,6.0519094,7.365759,1.4959996938705444,2.6885438,0.53073925,6.253858,1.8546695,0.7242953,0.39052528,5.868031,1.7297118,1.9641838,2.6876118,3.4340389,4.9029837,2.3300886154174805,1.8546695,0.2028218,2.0611787,3.202888,2.1442258,0.6694664,8.854293,2.31531,4.655454,6.690562,7.5713425,8.446135,0.8996763825416565,3.202888,0.73806024,7.686062,0.17375144,0.26657504,1.0204346,0.8394124,0.8394124,4.581113,5.0575576,0.9057955
royr6ccv,1.0752956,1.4736215,2.024952,2.4523733,2.7001245,2.9889297,3.217097,0.6763682,1.1248418,0.3379926,0.30048013,2.0897017,1.1127148,1.3689591,1.5842811,1.6908953,1.9064505,0.16929051280021667,1.1248418,0.16264479,1.0277882,1.5031924,0.60768735,0.4042645,3.0661643,1.3626257,1.9152944,2.429486,2.6746407,2.9698596,0.6356670260429382,1.5031924,0.21466978,1.5016614,0.9618404,0.41050833,0.42679465,2.2534823,0.88721496,1.181668,1.5442026,1.8070207,2.06906,0.7745082974433899,0.9618404,0.18828382,1.5062364,1.2716424,0.7480372,0.5882449,3.217097,1.0376103,1.6858194,2.5042188,2.8494914,3.1153045,0.8849573135375977,1.2716424,0.2149191,2.4946017,0.14396717,0.13870806,1.1694683,1.1820873,1.1694683,2.628034,2.2334828,1.1766529
cjwtl9tq,1.8107967,2.5395215,3.395055,3.9597561,4.32348,4.8099155,5.3342566,1.2076786,1.7549276,0.5774056,0.32901958,3.3563795,1.7140286,2.1134,2.5971837,2.80462,3.200952,0.43825364112854004,1.7549276,0.2621412,1.9538219,2.7635617,0.7578854,0.27424225,4.774901,2.7279162,3.2887037,3.8180017,4.051744,4.525803,0.29737046360969543,2.7635617,0.32088423,2.3847675,1.4441234,0.4687658,0.3246023,2.9876997,1.4252874,1.75741,2.0121462,2.2270722,2.7144709,0.41541045904159546,1.4441234,0.1776077,1.6610062,2.3101442,1.156925,0.50080204,5.3342566,1.9768116,3.093847,4.1291337,4.6010914,5.1573143,0.8081048130989075,2.3101442,0.31638303,3.8518336,0.22322375,0.23067635,1.21522,1.1962724,1.1962724,4.5184894,3.7542677,1.2035608
vdz4x1zh,1.9699469,2.5962126,3.3361652,4.002176,4.7173724,5.696394,7.1693177,1.1175809,2.0878534,0.7218015,0.34571466,4.586216,2.1070335,2.558136,2.9509242,3.3506422,3.949877,0.3538825809955597,2.0878534,0.3101018,1.453616,2.5556264,1.2628021,0.49412626,7.1693177,2.273045,3.0084128,4.3475747,5.3522906,6.619237,1.306266188621521,2.5556264,0.46169195,4.745504,1.812987,0.57819575,0.31891885,3.1457963,1.7997888,2.2017868,2.6558995,2.8200421,2.9718816,0.0001777780125848949,1.812987,0.22186245,1.658432,2.2228565,1.1502403,0.5174604,6.740689,1.8518677,2.8936248,3.8866343,4.621783,5.7468696,1.1714355945587158,2.2228565,0.3799876,3.7930965,0.10073759,0.10155735,1.1516098,1.1497037,1.1497037,4.64348,4.0358434,1.15056
qimqodpx,1.3376874,1.7357666,2.1822956,2.43619,2.5905082,3.2860081,5.1925573,0.74053645,1.2036055,0.39248767,0.3260933,2.571737,1.1949625,1.4838768,1.7170793,1.8478506,2.0618434,0.0953650027513504,1.2036055,0.19760938,1.2740483,1.3952404,0.61020863,0.43735015,2.5932677,1.386496,1.8844582,2.2337103,2.354785,2.5420973,0.024247484281659126,1.3952404,0.31489438,2.0624547,1.1589447,0.3868773,0.33381858,2.6530373,1.1437508,1.4010105,1.6112919,1.8574908,2.1919904,0.42557716369628906,1.1589447,0.19747081,1.3200945,1.8088411,0.66196,0.36595806,5.1925573,1.7233186,2.1649628,2.5813358,2.950777,4.009489,1.2690248489379883,1.8088411,0.32735208,4.0655394,0.073738456,0.21898359,1.0385357,0.77134496,0.77134496,2.598846,2.9677858,0.87568516
nf7c3dd0,0.8660526,1.5141696,2.6023035,3.3463945,3.8806238,4.704792,5.4925833,0.9750098,0.7374142,0.30433095,0.41270015,1.9134853,0.75132906,0.9475311,1.0904559,1.1827681,1.5340075,0.018002469092607498,0.7374142,0.13858211,1.0279341,1.1178036,0.7762607,0.69445175,2.9958537,0.9879516,1.735737,2.2612598,2.5113668,2.8192031,0.49410709738731384,1.1178036,0.2977083,2.2857811,0.7397752,0.396155,0.53550726,1.9536604,0.6983994,0.9361515,1.3063397,1.4940116,1.8793489,0.5751122236251831,0.7397752,0.11936893,0.8110988,1.9940647,1.3138847,0.65889776,5.4925833,1.8228915,2.890735,3.8773234,4.4999094,5.1886163,0.5277184247970581,1.9940647,0.44376433,3.3358593,0.20503761,0.45880136,0.99680847,0.56056535,0.56056535,1.8552177,2.73384,0.6786124
3uvulemx,4.3245583,6.492989,8.929752,10.16951,10.943369,11.995209,13.107945,3.3319864,4.2186637,1.3756922,0.32609668,8.885253,3.8105187,4.89561,6.2897115,7.132286,8.348038,1.1223974227905273,4.2186637,0.38200626,2.4804387,5.7483587,2.0635877,0.35898727,10.930184,5.512313,7.0966334,8.767534,9.576854,10.574819,0.3872354328632355,5.7483587,0.6964844,3.1262054,3.4764888,1.3704665,0.39420995,8.741182,3.091136,4.0687222,5.4589725,6.476552,7.9360385,1.3454554080963135,3.4764888,0.31022432,2.163461,6.6637464,3.0377066,0.45585567,13.107945,6.458838,9.154906,10.922355,11.745495,12.676363,0.17211352288722992,6.6637464,0.8559597,4.007183,0.15347564,0.3143179,1.213484,0.8626317,0.8626317,9.967022,10.140235,0.98291826
15z8vmuh,2.8832498,5.3206663,8.858989,11.061748,12.3448105,14.197918,16.062738,3.3872328,3.3707736,1.9799837,0.5873974,11.564344,2.708772,4.1848836,6.1611648,7.496758,9.922234,1.444398045539856,3.3707736,0.52299005,4.8873672,5.0662184,2.9204276,0.5764512,13.489199,4.40463,6.999263,9.434134,10.892692,12.739138,0.6939102411270142,5.0662184,0.9811088,8.27764,3.0015552,2.059889,0.68627393,11.7539015,2.3031993,3.5230672,5.8908763,7.5386877,10.518061,1.7967885732650757,3.0015552,0.5004243,4.9181986,4.9596353,4.204963,0.8478372,16.062738,3.1480682,7.707877,12.087061,13.650989,15.273441,0.9714967012405396,4.9596353,1.3285791,13.190054,0.20095372,0.24595319,1.123009,1.0214901,1.0214901,8.436992,7.96119,1.0597651
xid4n1u3,1.176599,2.5548317,4.6364617,5.769729,6.3656197,8.047748,10.781089,1.8176867,0.9284611,0.6277817,0.67615294,4.4629774,0.78522694,1.0394639,1.577457,2.1650636,3.5373187,2.458317756652832,0.9284611,0.16044918,1.1340675,2.1451123,1.3603861,0.6341795,6.2564874,1.7710338,2.9011083,4.3338404,5.0302787,5.8791575,0.9841280579566956,2.1451123,0.40995586,1.2689112,1.0204393,0.6902803,0.67645407,4.306213,0.92477494,1.2335231,1.8633579,2.4941564,3.5249734,1.5352282524108887,1.0204393,0.18975471,1.20733,3.3944643,2.212047,0.6516631,10.781089,3.0325227,4.93593,6.3503194,7.562154,9.338919,0.6916758418083191,3.3944643,0.655681,8.979956,0.39584258,0.53772974,0.9098641,0.6319443,0.6319443,3.0735734,4.4149036,0.6961813
493wxa73,2.3887506,3.3846133,4.8077807,5.8340015,6.51308,7.5011578,8.674525,1.6494492,2.0557597,0.63637686,0.309558,3.8969076,1.955087,2.457231,3.0054839,3.2586026,3.665186,0.5824662446975708,2.0557597,0.20746672,0.9071653,2.147848,0.7093867,0.33027792,4.017651,2.0752552,2.6258898,3.1531165,3.4484057,3.89817,0.42610472440719604,2.147848,0.22024956,1.2839804,2.5743582,1.191504,0.46283534,6.2863436,2.4037426,3.3452468,4.2719746,4.80728,5.8811235,0.7177115082740784,2.5743582,0.32846236,1.6400373,3.9066694,1.7734139,0.45394522,8.674525,3.6984763,5.083742,6.5082517,7.1943088,8.12413,0.41781148314476013,3.9066694,0.6001609,3.0914793,0.02190695,0.20557098,0.7985523,0.54979,0.54979,4.2036076,6.4810276,0.648602
jgzlma5u,4.890749,8.067298,12.396289,14.610881,15.895214,18.16342,20.383257,4.30791,4.562943,1.7740343,0.38879168,11.962599,4.1503367,5.1068993,6.9265223,8.317188,11.052503,1.6100488901138306,4.562943,0.42995244,2.7089357,7.4991684,3.0249789,0.40337524,15.1619835,6.8650804,9.630647,12.070959,13.113241,14.648066,0.48442044854164124,7.4991684,1.0636231,6.9174466,4.150663,1.2890395,0.3105623,10.470649,3.9346378,4.6373262,5.708581,6.720127,8.765382,1.5817148685455322,4.150663,0.32489875,2.3407946,9.10586,4.6877494,0.5148058,20.383257,8.3993635,12.933427,15.850431,17.372723,19.421846,0.4144062101840973,9.10586,1.3376,10.911642,0.2434255,0.3737931,1.0993288,0.82355416,0.82355416,12.062111,13.256523,0.9099
ofwb0hpm,0.9158648,1.875637,3.3538253,4.090862,4.430313,4.9038167,5.3113728,1.2936523,0.8167842,0.36515102,0.44705936,2.0426698,0.7382961,0.99179286,1.3225691,1.5512849,1.9297466,1.0406252145767212,0.8167842,0.10670666,0.7366925,2.6460695,1.2619634,0.47691995,5.3113728,2.5896747,3.595399,4.429014,4.777289,5.146652,0.14629356563091278,2.6460695,0.40571988,2.7377243,0.6643447,0.33959684,0.51117563,1.9321034,0.6029711,0.81335723,1.1649202,1.3698258,1.6855516,1.006617784500122,0.6643447,0.10049328,1.2281617,1.7572305,1.2501221,0.71141607,5.3002357,1.5172696,2.5289571,3.6864603,4.319287,4.932582,0.8013056516647339,1.7572305,0.34013492,2.5085166,0.5282595,0.4513119,1.2294585,1.5058181,1.2294585,3.4628537,2.4215753,1.4300004
nz1udbfw,2.6098602,3.729129,5.2773895,6.6737175,7.598218,9.162673,10.879717,1.6418402,2.571734,0.68776053,0.26743066,4.884761,2.4047403,2.9260452,3.583755,4.014213,4.6047125,1.0062248706817627,2.571734,0.18369764,1.033069,2.6642385,0.8818408,0.33099172,5.1943088,2.446604,3.1966214,3.9872413,4.428984,5.0155325,0.8557906150817871,2.6642385,0.26481897,1.4709567,2.3923101,0.7273627,0.30404198,4.76636,2.1821568,2.6928127,3.494577,3.9706364,4.4750714,1.0337965488433838,2.3923101,0.17974088,0.9913982,4.6239443,2.042358,0.44169173,10.879717,4.3588114,5.8163843,7.591521,8.590855,9.870563,0.7312185764312744,4.6239443,0.59389496,6.0031037,0.017667111,0.3180663,1.0750003,0.5761831,0.5761831,5.2359724,7.0162544,0.7462632
yjxrpj1e,7.1900835,11.530782,15.808613,18.384167,19.846935,22.466417,24.97391,6.490987,7.9514503,2.9899824,0.37602982,18.445267,7.0426946,9.5065155,12.507463,14.311652,17.006458,1.19003164768219,7.9514503,0.8080565,4.1492395,11.585957,4.611161,0.39799574,22.861094,11.557083,14.876256,17.856281,19.667475,22.030294,0.2155313342809677,11.585957,1.7352076,11.057842,6.0320897,2.6385279,0.4374152,17.921791,5.0128555,7.0240645,9.756262,11.859342,15.284594,1.737485408782959,6.0320897,0.61011803,3.0844371,9.875612,5.670591,0.57420146,24.97391,8.161631,14.044877,18.642586,20.659075,23.710835,0.7552676796913147,9.875612,1.4891496,11.838882,0.18602808,0.24161395,1.3181916,1.1731887,1.1731887,19.537407,15.9077015,1.2281729
pkyrybov,3.405348,5.406818,7.739629,9.084334,9.981443,11.149601,12.517176,2.9636695,3.4990299,1.4381042,0.41100082,8.160212,3.0471904,4.2830334,5.6758823,6.580871,7.7115483,1.110352873802185,3.4990299,0.37655538,1.5934215,5.1012034,1.9670992,0.38561472,10.124455,4.85949,6.484877,8.050884,8.75559,9.683998,0.46499472856521606,5.1012034,0.69498724,3.239554,2.7338307,1.0764877,0.3937653,7.5473027,2.4433293,3.0723372,4.2756605,5.005458,6.70074,1.7149590253829956,2.7338307,0.2491554,1.1669445,5.439964,2.9050624,0.5340224,12.517176,4.817266,7.7065687,9.954636,10.794614,11.894091,0.5447830557823181,5.439964,0.8269006,6.2456036,0.1862942,0.33107427,1.2799,0.93772745,0.93772745,8.600233,8.173795,1.0521713
akhejla0,3.2589343,4.8089323,6.5957313,7.5479364,8.173096,9.123676,10.3060465,2.657885,3.6782575,1.6113107,0.4380636,8.207716,3.346303,4.679635,6.174561,6.82186,7.648572,0.6748579740524292,3.6782575,0.45922133,2.4290645,3.6169074,1.5270245,0.42219067,8.23279,3.2869449,4.4632215,5.8141265,6.6640525,7.5917635,0.7746784090995789,3.6169074,0.45379698,2.7250783,3.1510203,1.8697034,0.5933644,8.875077,2.5528023,4.2370453,5.980756,7.12601,8.489517,1.0527583360671997,3.1510203,0.4340788,2.9148738,4.174196,2.33639,0.5597222,10.3060465,3.6061509,5.6625557,7.9202843,8.822879,9.779667,0.7494900822639465,4.174196,0.6564649,2.6441965,0.008409694,0.13967854,1.1673226,0.86649203,0.86649203,7.295165,7.3252163,0.9958976
gnzs43c5,1.5027446,1.9268492,2.3861156,2.6811154,2.8729725,3.128437,3.3970547,0.7320049,1.4447411,0.34721068,0.24032725,2.326831,1.4268318,1.6660236,1.9312829,2.0804806,2.2886407,0.31700435280799866,1.4447411,0.11935868,0.8992566,1.8416165,0.47031742,0.25538293,2.9710116,1.8605986,2.212784,2.4495459,2.5982285,2.8320725,-0.024103384464979172,1.8416165,0.17745306,1.2585393,1.2299838,0.34738666,0.2824319,2.3048217,1.2160623,1.4304812,1.6738456,1.8665737,2.1645515,0.41205430030822754,1.2299838,0.11047408,0.61531824,1.8707557,0.6616906,0.3537023,3.3970547,1.744519,2.3862658,2.8558404,3.019562,3.2683675,0.2891281247138977,1.8707557,0.2150858,1.6800556,0.12076452,0.2066513,1.1746018,0.9844239,0.9844239,3.2863576,3.1007395,1.0598625
ba75uuzp,3.9038863,7.0746813,10.916977,12.884056,13.942931,15.460577,17.049282,4.413438,3.6739142,1.8445767,0.502074,11.690623,2.9277368,4.1574693,6.4010143,7.836341,10.139446,1.8760895729064941,3.6739142,0.43040282,1.9483204,5.7672915,2.5941143,0.44979766,13.179441,5.116088,7.3318014,9.741108,11.003302,12.438943,0.7762137651443481,5.7672915,0.78571814,3.770426,3.4180121,1.7722243,0.5184956,11.502679,2.7399547,3.8331444,5.8593903,7.4692736,9.999768,2.0040292739868164,3.4180121,0.38237408,1.9301758,7.9953237,4.2514,0.53173584,17.049282,7.73975,11.553651,13.931894,14.958302,16.323267,0.19449016451835632,7.9953237,1.2478446,7.7816005,0.22172774,0.4010494,1.0748687,0.7213331,0.7213331,9.441206,11.413336,0.8272083
eal2w37d,1.7671018,2.2835956,3.8502903,4.9926314,5.6372876,6.60266,7.6934056,0.9508461,1.6347147,0.40118504,0.24541593,2.6341038,1.6782415,1.9682748,2.1195853,2.1817842,2.3484144,-0.33074861764907837,1.6347147,0.102423884,0.95490205,1.4180902,0.55495846,0.39134213,3.127295,1.3715374,1.7020314,2.2203977,2.4754806,2.947444,0.6538224816322327,1.4180902,0.15273105,1.2414691,1.8630874,0.6424535,0.34483272,4.037211,1.8473326,2.090938,2.7236328,3.069216,3.786319,0.4920159876346588,1.8630874,0.19941399,2.2246454,3.1125922,1.7187876,0.55220455,7.6934056,2.897571,4.334775,5.6313033,6.2739215,7.1093493,0.5003865957260132,3.1125922,0.6640158,6.8639536,0.070959166,0.25112244,0.87742245,0.45559782,0.45559782,3.052805,4.9756794,0.61354536
4ivsolml,1.6873307,2.9635136,4.5293236,5.2865453,5.682261,6.4215703,7.084867,1.890441,1.5261115,0.906221,0.59381044,4.9702883,1.3254569,1.839883,2.8208146,3.4922407,4.5427675,1.4333162307739258,1.5261115,0.20174421,1.2889407,1.2198402,0.8166955,0.66951025,4.524527,0.9682191,1.5560856,2.395163,2.9412153,3.8457305,1.412875771522522,1.2198402,0.19687602,1.6553211,2.6266572,1.311043,0.49912983,5.8065486,2.2202585,3.5467398,4.6868253,5.197778,5.624299,0.672089695930481,2.6266572,0.39340845,3.8706722,3.0182211,1.7072567,0.56565,7.084867,2.663746,4.27648,5.5803466,6.217295,6.7875543,0.5131394863128662,3.0182211,0.53076506,5.390464,0.11153558,0.069366224,0.581009,0.40415865,0.40415865,2.7459517,5.6448784,0.4864501
gses6m03,4.0057254,6.4429245,9.268101,10.917838,11.799799,13.112702,14.362613,3.476778,3.6860764,1.3958508,0.378682,10.718744,3.2265122,3.9899259,5.4973884,6.6916275,9.104305,2.090812921524048,3.6860764,0.25236082,1.6157279,4.983358,2.0410287,0.40956897,11.788303,4.417121,6.0195246,7.9355903,9.227215,11.184466,1.1328531503677368,4.983358,0.5538673,1.8628774,3.739132,1.9160603,0.51243454,11.25404,3.1235,4.369301,6.4112267,8.061958,10.495565,1.5697705745697021,3.739132,0.4270415,3.002711,7.191325,3.1716123,0.44103307,14.362613,6.9066124,9.534536,11.793838,12.767861,13.862303,0.25430426001548767,7.191325,1.0153474,3.424224,0.14963853,0.31583247,0.98581076,0.69296795,0.69296795,8.669435,10.930457,0.79314476
3ifhv1xg,1.0676172,2.0897362,3.437571,4.0367227,4.422915,5.110233,5.842134,1.2737195,1.0760995,0.39199218,0.3642713,2.5611084,0.9808836,1.1945282,1.6382754,1.90827,2.3956718,1.447533130645752,1.0760995,0.09458118,0.40432352,2.5996187,1.0109247,0.38887423,4.7807884,2.6511104,3.3981156,3.9413133,4.142798,4.5481057,-0.043037544935941696,2.5996187,0.35730562,1.8306786,0.8445894,0.2225294,0.26347643,1.9482821,0.8137817,0.92415005,1.0799469,1.2932358,1.6758224,1.618770956993103,0.8445894,0.07234201,0.6904966,2.0487688,1.3664688,0.66697073,5.842134,1.5811442,2.9020503,4.268723,4.8972664,5.525685,0.946513295173645,2.0487688,0.38653377,4.2175436,0.41448203,0.4161874,1.2741096,1.2688688,1.2688688,3.6757183,2.8933582,1.2703986
1r11q7uw,3.1942735,4.972926,7.154849,8.448599,9.052933,10.007455,10.986244,2.5506043,3.124931,1.1480786,0.36739323,7.483174,2.7439318,3.580546,4.850425,5.636072,6.8237963,1.404442310333252,3.124931,0.3125085,1.2002226,3.9968626,1.4332575,0.35859564,8.226017,3.6516542,4.84911,6.1582913,6.857911,7.8929987,0.8377609848976135,3.9968626,0.4357976,2.5090806,2.9242306,1.1845397,0.4050774,7.6081095,2.606412,3.3069901,4.6186037,5.561767,7.0805173,1.6155799627304077,2.9242306,0.23655021,1.3276227,5.438217,2.605102,0.47903606,10.986244,5.2176027,7.5846705,9.028727,9.764623,10.56775,0.20442895591259003,5.438217,0.82516253,6.7699842,0.12243145,0.30062807,1.0686337,0.7349583,0.7349583,7.1217937,8.362448,0.85163987
w5wfcpkj,2.1687317,3.7440443,6.045213,7.3896656,8.231147,9.232503,10.354899,2.2602074,1.7617065,0.6712546,0.3810252,4.7344265,1.5861185,1.9930146,2.6843429,3.170858,4.0609393,1.5247596502304077,1.7617065,0.17833759,1.0614449,2.3647559,1.0497379,0.44390965,5.584348,2.1453404,2.9457633,3.9600654,4.5539136,5.2915955,0.8804212808609009,2.3647559,0.29422656,1.2576948,2.1813858,1.0824782,0.49623418,5.655804,1.8658636,2.6940227,3.8508554,4.5217896,5.3829885,1.176749587059021,2.1813858,0.27324885,1.8138406,4.9035687,2.3433917,0.47789514,10.354899,4.781234,6.694421,8.228771,8.982684,9.865809,0.19941775500774384,4.9035687,0.79517967,5.9759197,0.14614198,0.38422027,0.80760884,0.482252,0.482252,4.1264625,7.0849543,0.58242613
cslqc3c5,3.573759,5.6705036,8.452743,10.040817,10.914079,12.124569,13.593806,2.8134181,3.7890716,1.2003624,0.31679592,8.7761345,3.3827386,4.1144905,5.471799,6.5792947,8.137526,1.8013030290603638,3.7890716,0.2630683,1.1594615,5.847957,2.1842098,0.37349963,11.420916,5.4444327,7.3859143,9.108792,9.906638,10.887561,0.5260316729545593,5.847957,0.7305466,3.0633073,2.8601594,1.0879353,0.38037577,8.000761,2.679112,3.2429998,4.218381,5.08233,6.8710704,1.5553466081619263,2.8601594,0.2584908,1.4299905,5.7109103,3.2323844,0.5660016,13.593806,4.8693705,8.099766,10.828328,11.702196,12.935356,0.6179640889167786,5.7109103,0.7776358,3.2083766,0.2136432,0.33260155,1.3247764,1.0239974,1.0239974,9.637029,8.57107,1.1243671
4wsqt26q,2.7241,4.3871264,6.3314967,7.364876,8.064883,9.100225,10.220608,2.4568503,2.6480632,1.1553705,0.43630776,6.7118845,2.301436,3.1482387,4.4025307,5.071976,6.0769777,1.1357403993606567,2.6480632,0.325554,1.5286447,3.3533032,1.4459738,0.43120876,7.1391253,3.1702256,4.2571125,5.4639115,6.0994225,6.812098,0.4511665403842926,3.3533032,0.5027922,3.1276064,2.4582927,1.1231757,0.45689258,6.6593375,2.0806093,2.898643,4.086143,4.9866323,6.176286,1.4695535898208618,2.4582927,0.27176386,1.1412969,4.6662474,2.4974077,0.53520685,10.220608,4.616029,6.7240095,8.06004,8.755199,9.672816,0.13245196640491486,4.6662474,0.84097207,5.8363514,0.11751324,0.30990836,1.077196,0.71862954,0.71862954,6.0013666,7.1245403,0.84235144
3xlrfcd6,3.0556402,5.38416,8.585438,10.363172,11.223425,12.387716,13.431482,3.236843,2.7844992,1.4297462,0.5134662,9.8358345,2.3106444,3.1029882,4.7010827,6.0117116,8.286998,2.054847478866577,2.7844992,0.33450127,1.7545805,3.6075976,1.6517498,0.45785314,10.100595,3.1077363,4.3246555,5.918439,7.0987573,8.918633,1.43035089969635,3.6075976,0.42175248,1.8120508,3.2328925,2.0272672,0.6270754,10.946526,2.5007534,3.9184663,6.268605,7.671607,9.950504,1.5895395278930664,3.2328925,0.51578295,2.033536,6.463286,3.264737,0.5051203,13.431482,6.0908957,9.132601,11.212561,12.014335,12.958639,0.27643898129463196,6.463286,1.0167059,5.292448,0.12876815,0.3331615,0.86130273,0.5581677,0.5581677,6.3920965,9.696178,0.65923876
mzsgipps,5.0670652,7.760888,11.023457,12.856575,13.702581,14.976697,16.269766,3.9131038,4.2611184,1.1044414,0.2591905,9.255649,3.9889505,4.6422377,5.757486,6.6624546,8.135163,1.595811128616333,4.2611184,0.25011328,1.1767359,5.9408855,1.878398,0.31618148,11.33507,5.6255608,7.089138,8.658104,9.540351,10.767915,0.6732388734817505,5.9408855,0.4656679,1.9554234,4.792698,1.8610615,0.38831186,10.750972,4.356731,5.7063475,7.581451,8.604,10.2649355,1.0905845165252686,4.792698,0.48271096,1.6200216,9.102967,3.454782,0.37952262,16.269766,9.14122,11.870529,13.687534,14.680977,15.672504,-0.014799024909734726,9.102967,1.0874957,5.9484572,0.16465071,0.31018806,0.88908553,0.65263176,0.65263176,10.2020035,13.895665,0.73418605
fnkomv2x,3.0116315,5.2918177,9.099131,11.426163,12.693034,14.343564,15.855999,3.08147,4.6039963,2.5043914,0.54396033,13.182903,3.5648494,5.8821774,8.401171,10.14601,12.199763,1.2585245370864868,4.6039963,0.68824416,8.245743,5.8324656,3.7606492,0.6447786,15.580112,4.542885,8.137111,12.050566,13.612111,14.872768,0.9027500152587891,5.8324656,1.320891,11.9695635,2.978826,1.7356474,0.58266157,11.850747,2.4249656,3.1158197,5.2718415,6.952835,9.787563,2.4572291374206543,2.978826,0.39101028,7.9052906,4.0872955,3.4067123,0.8334881,15.855999,2.473062,4.604982,9.826476,12.42439,14.968986,1.7673252820968628,4.0872955,0.9331229,12.976832,0.11770937,0.15687099,1.5455741,1.4269743,1.4269743,10.436462,7.0661216,1.4769719
cdyk0x65,3.602418,6.1557193,9.473262,11.981831,13.677778,15.74161,17.906912,3.2394454,4.0262294,1.3424484,0.3334257,8.1236925,3.475988,4.846346,6.182756,6.7301874,7.817748,1.0683655738830566,4.0262294,0.33597752,4.207985,7.0673275,3.158919,0.44697505,16.129995,6.8663316,9.072855,11.551773,13.217799,15.191936,0.5246620774269104,7.0673275,1.1806061,9.241084,3.2928429,0.87024903,0.26428503,7.4050503,3.037825,3.5020285,4.452186,5.2147703,6.5000267,1.9158815145492554,3.2928429,0.1752284,2.1188085,5.914312,4.1560335,0.7027079,17.906912,4.3072567,8.268841,12.602698,14.9716425,17.222574,1.0991145372390747,5.914312,1.2275379,12.244292,0.27413192,0.28472084,1.2227213,1.1949534,1.1949534,11.093557,9.207155,1.2048844
mufm8zov,6.452049,8.152746,10.73977,13.005495,14.4416895,16.617933,19.09698,2.9959707,5.7910595,1.3757598,0.23756617,11.177956,5.7652445,6.5671277,7.3921013,8.232541,9.663076,0.5003259778022766,5.7910595,0.44640598,3.7140253,6.9343257,1.9224206,0.27723253,12.820451,6.7615094,7.9757185,9.618434,10.363415,12.23793,0.3994981646537781,6.9343257,0.6727472,4.5808706,6.8353114,2.9003072,0.42431238,16.449947,6.6365013,8.361391,10.89782,12.621063,15.188968,0.7363277077674866,6.8353114,0.7869774,4.097126,8.186835,3.777867,0.46145636,19.09698,7.3398757,10.402912,14.03571,15.890243,17.978628,0.8010923862457275,8.186835,1.1981452,5.982976,0.08984138,0.08996876,0.84722686,0.8470093,0.8470093,12.725386,15.022146,0.84710836
7ln23y30,2.1780722,2.5294793,3.1632478,3.8513975,4.2914624,5.0311675,5.79564,0.81274915,2.1806643,0.3488831,0.15998936,3.2741177,2.2235098,2.380094,2.592227,2.7384737,3.0639687,-0.20802488923072815,2.1806643,0.1516043,1.8224201,2.7164843,0.68075603,0.25060186,5.248126,2.524644,2.94858,3.735638,4.187023,4.886683,1.3463608026504517,2.7164843,0.26549092,3.2897618,1.7929198,0.46858752,0.26135442,3.2477849,1.7623557,2.0999107,2.4109926,2.6126661,2.9564145,0.32535770535469055,1.7929198,0.17774224,2.198794,2.3192306,1.1117285,0.47935233,5.79564,2.0323238,2.867615,4.0142713,4.704522,5.463117,1.0002756118774414,2.3192306,0.39046556,4.6300263,0.10941469,0.1279892,1.2162642,1.1712868,1.1712868,4.8971486,4.11215,1.1908973
ysxpnngh,2.634336,3.2132936,4.0881557,4.5524096,4.8082466,5.1922503,5.5423036,1.0947614,2.4174135,0.49698943,0.20558727,3.9347148,2.391777,2.7806654,3.0110798,3.2416453,3.6487718,0.2863660156726837,2.4174135,0.13797757,1.1026552,2.6261144,0.7657039,0.29157296,4.3733244,2.6392865,3.1466718,3.6782646,3.919724,4.2561083,0.013687653467059135,2.6261144,0.27127847,2.0212462,2.3583148,0.56484544,0.23951232,3.9645696,2.3765545,2.738771,3.0521276,3.3047452,3.7735887,0.12750250101089478,2.3583148,0.1504095,1.5650545,3.4731967,1.007332,0.2900302,5.5423036,3.4868712,4.2867804,4.803672,5.02728,5.373239,-0.11021243780851364,3.4731967,0.3933497,3.0121675,0.041379943,0.19118233,1.0250597,0.7561087,0.7561087,5.0435276,5.8315115,0.86487484
8riec4d1,5.7415857,9.507268,13.855136,16.499844,17.955286,20.318327,22.806246,5.596814,5.477293,2.4516582,0.447604,15.9715395,4.490331,6.2570467,9.1382,10.826076,13.882879,1.7517203092575073,5.477293,0.5861291,2.9271834,7.2865806,3.243643,0.44515297,17.10401,6.543075,9.175607,11.956791,13.696366,15.932769,0.8485378623008728,7.2865806,0.9779074,5.9848185,5.665135,3.0808463,0.54382575,16.389433,4.608103,6.94702,10.382561,12.372592,15.289389,1.3120704889297485,5.665135,0.79877114,5.3502336,10.083893,5.5159173,0.5470028,22.806246,9.608768,14.344023,17.900024,19.717262,21.688114,0.3059120774269104,10.083893,1.9191586,11.567326,0.14175066,0.2805734,0.9668425,0.722596,0.722596,12.763874,15.749027,0.8104548
45bm1enf,4.966696,7.3193216,10.292163,11.844003,12.724072,13.676575,14.776847,3.470992,5.1291,1.9759029,0.38523385,13.165633,4.6295495,5.8669205,7.8436513,9.315969,11.76314,1.4131160974502563,5.1291,0.46342906,2.9771078,5.2163486,2.061147,0.39513212,12.81205,4.5385275,6.2604575,8.28725,9.58466,11.624265,1.240476131439209,5.2163486,0.5582244,4.1577754,5.6935515,2.679366,0.4705966,13.618196,5.053781,7.2443542,9.769114,11.110539,12.838311,0.8697533011436462,5.6935515,0.778761,5.660598,7.1585646,3.3598087,0.46934113,14.776847,6.354488,9.798166,12.499144,13.374236,14.242026,0.5430134534835815,7.1585646,1.1417072,10.968782,0.008433545,0.11399003,0.9008612,0.7286864,0.7286864,10.3454485,12.852116,0.8049607
313fpoyi,1.1569059,1.417359,1.649709,1.7520143,1.7886715,1.8676239,2.041586,0.51282465,1.3252436,0.30456683,0.2298195,2.0145173,1.2864308,1.5911008,1.760989,1.7915206,1.8801744,0.0991874486207962,1.3252436,0.08608457,0.7606194,1.2856731,0.3053508,0.23750268,1.873434,1.3558164,1.534194,1.6477914,1.7059983,1.7878252,-0.2991847097873688,1.2856731,0.11076159,0.7369068,0.9420282,0.41427717,0.4397715,2.041586,0.8823784,1.1774461,1.5734142,1.7427318,1.9374936,0.4702962040901184,0.9420282,0.110485524,1.0206823,1.0869275,0.29334867,0.26988798,1.9327458,1.1178194,1.2904938,1.4128389,1.4979533,1.6968367,-0.4324610233306885,1.0869275,0.089436844,1.0174899,0.01515577,0.07141571,1.4067981,1.1828508,1.1828508,2.6109166,2.0289557,1.2868278
pk0qtl3q,2.7012308,4.843238,7.8133903,9.465241,10.302249,11.32928,12.548249,2.8048167,3.5810456,1.6752448,0.46780884,9.149523,2.9322495,4.2555933,6.333903,7.342968,8.662521,1.3543150424957275,3.5810456,0.46309686,6.1342206,5.315238,3.180532,0.59837997,12.13882,4.874391,8.123545,10.038003,10.850358,11.694511,0.3767752945423126,5.315238,1.2157525,9.369001,2.3702326,1.1220613,0.4733971,7.6196704,2.1829178,2.5658004,3.691918,4.8960166,6.7985954,2.0595948696136475,2.3702326,0.30438513,6.0279408,4.07068,2.8886895,0.7096331,12.548249,2.5904458,5.531121,9.037632,10.556085,11.95653,1.2457354068756104,4.07068,0.90785336,9.87944,0.19493446,0.26400724,1.5108415,1.3057371,1.3057371,8.896284,6.4409127,1.3812149
4n89qkns,3.3704429,4.8770494,6.9000316,8.244584,9.059013,10.282409,11.623122,2.378135,3.6148927,1.3684311,0.37855372,8.815953,3.2610726,4.2878036,5.58866,6.445612,7.824268,1.1609400510787964,3.6148927,0.3417699,1.5929507,3.3378222,1.3960208,0.418243,8.642752,3.0568333,4.0054483,5.2261066,6.1681256,7.6985636,1.1300153732299805,3.3378222,0.43739364,2.0609596,3.863712,2.105374,0.54490966,10.281005,3.3751543,5.007168,7.126945,8.203962,9.742907,0.9204760789871216,3.863712,0.55758613,1.8760219,4.62225,2.580863,0.5583564,11.623122,4.032622,6.302997,8.707657,9.711047,11.078538,0.7382506728172302,4.62225,0.85188514,4.252211,0.039850697,0.089387394,0.93560094,0.72212064,0.72212064,6.952715,8.485962,0.8193196
832ejx5t,2.0375683,2.893732,4.630587,5.998623,6.749755,7.8879995,9.187654,1.4325362,1.6239,0.4598937,0.2832032,3.0266216,1.5155288,1.9095773,2.300592,2.5229442,2.846917,0.7548297643661499,1.6239,0.1453593,0.9685421,1.938256,0.45895875,0.23678954,2.9633949,1.9412631,2.252393,2.5520313,2.7142596,2.8469558,-0.009223365224897861,1.938256,0.1304191,1.0974687,2.1166756,0.88893276,0.41996646,4.9589095,1.9971905,2.6732574,3.331159,3.7716334,4.6275477,0.7213103771209717,2.1166756,0.23103614,2.0963833,3.9092476,1.9428221,0.49698108,9.187654,3.6048267,5.2440805,6.746845,7.476259,8.529361,0.44074785709381104,3.9092476,0.65597963,4.778634,0.08824879,0.29747674,0.7671936,0.49581307,0.49581307,3.5621562,6.0259233,0.59113866
d44k1j6f,2.025066,3.588952,5.6166673,6.74612,7.4177237,8.644541,9.779754,2.3315244,2.235993,1.3936623,0.62328565,6.9396048,1.7504952,2.8416607,4.352644,5.2862096,6.382728,1.3088698387145996,2.235993,0.3720911,1.3560349,2.1497352,1.234673,0.57433724,6.5485444,1.7421906,2.8042927,3.969017,4.7408347,5.81737,1.1986639499664307,2.1497352,0.3196798,2.4675775,2.6342134,1.696544,0.64404196,7.945338,2.0980077,3.5418615,5.27963,6.343974,7.447925,1.117938756942749,2.6342134,0.44336805,2.8020325,3.515404,2.3743587,0.6754156,9.779754,2.6987782,5.1695285,7.2571535,8.155467,9.227826,0.8135250210762024,3.515404,0.6983734,7.1544223,0.019667817,0.14329194,0.84882754,0.6115187,0.6115187,4.385728,6.149617,0.7131709
p8hqmabs,2.0231328,3.2276607,4.733058,5.606495,6.1115847,6.825466,7.6320024,1.9931629,2.3613884,1.2208087,0.5169877,6.1657553,2.1357074,3.0939615,4.2169876,4.823882,5.6738243,0.827912449836731,2.3613884,0.32966107,1.4718144,3.0031836,1.4545567,0.48433825,7.0041647,2.688758,3.9012182,5.248149,5.895418,6.7128286,0.7203541398048401,3.0031836,0.45944485,1.4646206,1.5460958,1.1615435,0.75127524,6.094945,1.1779714,1.94605,3.2147894,4.0653524,5.5184464,1.5239686965942383,1.5460958,0.24553928,1.2243063,2.7576163,1.7872713,0.64812183,7.6320024,2.1639514,3.8242366,5.6974936,6.445645,7.281125,0.8969715237617493,2.7576163,0.5013775,2.0698986,0.11963586,0.28150594,1.5273235,1.0890505,1.0890505,5.364572,4.303712,1.2464988
i9nb74x2,1.7848397,2.9429493,4.4909134,5.427254,6.050203,6.9210258,7.8363485,1.7770076,1.8486708,0.99354917,0.53743976,5.990297,1.4751476,2.216321,3.2817724,4.0535607,5.158292,1.6357311010360718,1.8486708,0.24563123,1.0668263,2.1707306,1.2443464,0.5732385,6.3758893,1.8001971,2.8009696,4.076992,4.7682676,5.9029694,1.1644943952560425,2.1707306,0.39374954,1.1486545,1.8437029,1.2766534,0.69243985,6.199656,1.5681814,2.4068847,3.6726744,4.491074,5.883545,1.196768879890442,1.8437029,0.34215537,1.4150605,3.0082662,1.8701771,0.6216794,7.8363485,2.6002655,4.243222,5.936553,6.701383,7.478081,0.6460686326026917,3.0082662,0.587557,1.432698,0.08012629,0.2400187,1.0026945,0.7215886,0.7215886,4.0194016,4.8519692,0.8284062
ek3zezqa,2.1780307,3.6498117,5.2436047,6.1342754,6.5975995,7.2904935,7.8799706,2.1452265,2.0511692,0.9495398,0.46292612,6.0268598,1.6715329,2.3132367,3.4056938,4.2531486,5.4551644,1.8298195600509644,2.0511692,0.22078383,0.9192674,3.2886295,1.3312696,0.40480986,7.087591,2.9621,4.0554404,5.4019384,6.0262194,6.738116,0.8189283013343811,3.2886295,0.42540962,1.2100954,1.8831524,0.9770732,0.5188498,5.906584,1.5606285,2.2038522,3.284428,4.068362,5.282583,1.6755744218826294,1.8831524,0.2226421,1.2705339,3.6876593,1.9352111,0.52478033,7.8799706,3.560332,5.2098703,6.4393535,7.057059,7.628976,0.26291224360466003,3.6876593,0.61670333,3.0443478,0.23174287,0.3239217,1.089221,0.8917932,0.8917932,5.339799,5.5708117,0.95853156
cj4t0sek,3.5674822,6.246798,8.660385,9.902619,10.63171,11.681246,13.003522,4.320832,4.999084,2.9351287,0.5871333,12.649903,4.36788,7.347961,9.240177,10.223514,11.586707,0.4913325011730194,4.999084,0.97190124,7.019076,5.1230817,2.6625974,0.51972574,12.688821,4.9352894,6.949977,8.840212,10.006904,11.669032,0.4941362738609314,5.1230817,0.94737,5.4866366,3.4095883,2.6886523,0.7885563,12.699389,2.441902,4.9230337,7.434783,9.186478,11.4437,1.178107500076294,3.4095883,0.6595204,3.626068,3.9338753,2.731466,0.6943448,13.003522,3.1152663,5.290648,8.038544,9.629654,12.030041,1.1451083421707153,3.9338753,0.67862225,4.5420012,0.012250114,0.071395054,1.466184,1.3022989,1.3022989,10.122166,7.343464,1.3783911
kbp2qd6v,1.5509765,2.771063,4.430127,5.453906,5.9218316,6.684531,7.355515,1.6522373,1.6664039,0.7384763,0.44315565,4.253487,1.4054558,2.0138922,2.758147,3.2542737,4.0114923,1.2745773792266846,1.6664039,0.17603265,1.8603809,3.2309349,1.431735,0.44313335,6.778337,3.0184035,4.3107786,5.288487,5.763033,6.436066,0.4010346531867981,3.2309349,0.5315083,4.815061,1.2037638,0.5452192,0.4529287,3.5177217,1.1759175,1.380363,1.8492526,2.2705781,3.0820236,1.1686761379241943,1.2037638,0.14229822,1.9930007,2.6170602,1.821789,0.69612044,7.355515,1.9891701,3.7960587,5.5842977,6.395968,7.0473876,0.8818220496177673,2.6170602,0.5385353,5.631293,0.31946552,0.36989307,1.3843279,1.2345666,1.2345666,4.897339,3.8208241,1.2817494
asifpwio,5.7813444,7.448688,9.4128,11.916366,13.293302,15.227582,16.8756,3.2716317,6.7078996,1.2308196,0.18348807,9.431906,6.6596184,7.564879,8.508426,8.830677,9.15953,0.021458106115460396,6.7078996,0.49288476,5.1663427,7.311846,3.2212672,0.4405546,16.64585,6.5770907,9.203391,11.982762,13.905875,15.960812,0.78766268491745,7.311846,1.3044858,12.501634,4.990721,1.2736262,0.25519884,9.290481,4.760024,5.840823,6.7999945,7.332848,8.654246,0.734731137752533,4.990721,0.5113707,5.6403666,6.0501447,3.594709,0.59415257,16.8756,4.4983377,8.191564,11.786271,13.832798,16.162441,1.1397285461425781,6.0501447,1.2896382,13.703541,0.04307826,0.095954746,1.3440741,1.2085407,1.2085407,14.019745,11.040866,1.2698048
xd9css9t,4.9906435,8.293017,12.041394,14.090262,15.158042,16.771036,18.17385,4.957327,6.181576,3.8556776,0.62373704,17.661055,4.151326,8.764182,12.362139,14.104981,16.423056,1.061898946762085,6.181576,1.0827082,9.681913,5.8249826,2.8168914,0.48358795,15.712805,5.288641,7.3966174,9.751612,11.455968,14.11594,0.9214977622032166,5.8249826,0.9393124,6.1955338,6.44724,4.179671,0.64828837,18.17385,4.135935,8.964201,13.375114,15.357854,17.66559,1.1575112342834473,6.44724,1.1269071,10.388539,6.484713,3.5416188,0.5461489,17.599276,5.594225,8.511825,11.862097,13.933195,16.357183,0.9965815544128418,6.484713,1.0532069,7.4788094,0.029699862,0.0028977217,0.9587941,0.89826375,0.89826375,12.006558,12.931953,0.9284412
oqw9ja2m,3.0206652,5.2483525,8.896886,11.352074,12.725354,14.5298815,16.3185,2.8512318,2.7981908,0.8188086,0.29262072,7.316561,2.6095161,2.9144516,3.7917094,4.5458317,6.0930433,2.2996230125427246,2.7981908,0.18491766,1.0559788,4.1791053,1.9712157,0.47168368,10.153292,3.620108,5.338442,7.1629653,8.247332,9.530198,0.9356947541236877,4.1791053,0.49875182,4.019226,2.8739088,1.0673624,0.37139747,7.551446,2.5147343,3.1817713,4.3248906,5.2246385,6.832055,1.830166220664978,2.8739088,0.25167072,1.360228,7.068395,3.8099358,0.53901005,16.3185,6.462757,9.959327,12.711137,14.054275,15.563158,0.46289771795272827,7.068395,1.080171,10.552624,0.19791542,0.42188278,0.9736533,0.5912382,0.5912382,6.977296,9.942304,0.7017786
0w10lbt3,3.240594,5.60573,8.492836,10.091902,10.88537,12.103089,13.281837,3.5717878,3.0367532,1.5905294,0.52375984,9.751849,2.5816915,3.629491,5.2225018,6.2840767,8.532811,1.6036370992660522,3.0367532,0.41663992,1.5675025,4.8850513,2.1828294,0.4468386,11.469038,4.39549,6.0630155,8.188157,9.366035,10.91126,0.8403029441833496,4.8850513,0.66634977,2.8338501,2.6724494,1.5452722,0.5782232,9.677567,2.1380067,3.0857446,4.7270594,6.1256523,8.330928,1.950068473815918,2.6724494,0.32725027,1.5384321,5.966966,3.3095546,0.55464613,13.281837,5.716223,8.568013,10.738892,11.775994,12.811505,0.3175613284111023,5.966966,0.9694638,5.604134,0.2333178,0.38133562,1.1363183,0.81868255,0.81868255,7.9218044,8.639416,0.91693753
g2qzw3c1,9.11137,14.194239,20.254904,23.422598,24.766125,26.892273,28.494993,7.5455523,9.748264,4.110846,0.4217003,26.230896,8.222797,11.214726,15.772607,19.028894,23.538712,1.5600147247314453,9.748264,0.99081546,6.109914,9.661981,4.6153307,0.47767955,25.736862,8.282614,12.219956,16.452194,19.386208,23.306753,1.0875529050827026,9.661981,1.372982,11.139238,10.804502,5.201668,0.48143524,27.512472,9.178535,13.225382,18.738712,21.75007,26.072636,1.1686404943466187,10.804502,1.2722487,6.5960364,13.427595,7.1128364,0.5297178,28.494993,12.048916,19.444092,24.017143,25.967468,27.698195,0.4188297986984253,13.427595,2.161206,20.363379,0.0044452655,0.108248726,0.902241,0.7195615,0.7195615,19.410244,24.232098,0.80101377
qkbhb7s9,5.738454,9.598616,14.089794,16.29993,17.643492,19.383593,21.134594,5.723431,5.615657,3.024892,0.5386533,17.635513,4.7680492,6.6455345,9.869858,12.087542,15.957833,1.4870989322662354,5.615657,0.7987072,4.2007,8.111767,4.0790873,0.50286055,19.648567,7.401691,10.593375,14.167244,16.106892,18.550953,0.6663361191749573,8.111767,1.3007936,7.4417224,4.789495,2.8494387,0.5949351,16.99724,4.19994,5.83404,8.8340435,10.854098,14.372991,1.5381779670715332,4.789495,0.6879662,3.5093217,9.774134,5.0529256,0.51696914,21.134594,9.201742,13.782836,17.181572,18.65681,20.335773,0.32478901743888855,9.774134,1.3564771,6.8343687,0.18183382,0.34226626,1.1724945,0.82992184,0.82992184,13.727424,14.563629,0.9425826
t64z7w2s,3.5744672,5.545156,7.914907,9.207762,9.979108,10.951029,12.1802635,3.22934,3.6740005,1.9421622,0.5286233,10.437772,3.0743084,4.612952,6.7163982,7.705686,9.523667,1.2314468622207642,3.6740005,0.46809667,1.6116409,4.956667,2.032652,0.41008443,10.977462,4.5013113,6.0713663,7.928055,9.046015,10.460142,0.755670964717865,4.956667,0.6962733,1.6950617,3.0046263,1.9652613,0.6540785,10.306067,2.389231,3.8162823,5.838961,7.3312764,9.20034,1.3724602460861206,3.0046263,0.47738194,2.050239,5.090833,2.9042454,0.5704853,12.1802635,4.625966,7.0977855,9.577595,10.690922,11.676425,0.5188851356506348,5.090833,0.8959893,2.9587183,0.1486173,0.2577009,1.2227812,0.9736455,0.9736455,8.630668,8.095459,1.0661122
ehe2atn2,7.4477715,11.636908,17.087812,19.5345,21.315561,23.218254,25.277685,5.9372396,7.548916,3.0232027,0.4004817,19.739368,6.335794,8.491556,11.980465,14.301718,18.165186,1.7378097772598267,7.548916,0.7114465,3.306056,10.628639,4.14571,0.39005086,22.61504,9.634617,13.067076,17.223293,19.076456,21.35221,0.874775767326355,10.628639,1.2872603,4.94946,6.756114,2.67366,0.39573932,18.969175,5.9571614,7.557356,10.340671,12.656813,16.142595,1.7441152334213257,6.756114,0.6788618,3.2011547,11.990246,5.932179,0.4947504,25.277685,10.876698,16.857388,20.986822,22.470972,24.257668,0.4224308431148529,11.990246,1.620723,7.099493,0.1694245,0.2792079,1.1173458,0.88644046,0.88644046,18.177555,18.74636,0.9696578
twdl9zs1,8.845959,13.055348,18.34391,20.955854,22.544275,24.750275,27.325191,5.815544,8.437361,2.292452,0.2717025,17.74724,7.751855,9.325366,11.789519,13.364123,16.164211,1.5010945796966553,8.437361,0.60068256,2.0258093,12.09548,3.5811965,0.29607725,20.721209,11.520063,14.698319,17.504122,18.74821,19.964373,0.48482269048690796,12.09548,0.9159816,10.3991585,7.8525376,2.123155,0.2703782,17.247149,7.5328364,8.536524,10.540938,12.204734,15.442402,1.4527698755264282,7.8525376,0.47658122,3.0556736,14.042572,5.9210563,0.4216504,27.325191,13.313126,19.032524,22.52434,24.09987,26.190588,0.30008870363235474,14.042572,1.3866669,11.423032,0.17815943,0.28271312,1.0744756,0.8613436,0.8613436,20.53284,21.89511,0.93778205
3c9xqym5,2.8110795,4.2120886,6.243849,7.4131007,8.082042,9.133304,10.074574,2.0880804,2.90459,0.84731925,0.29171735,6.19923,2.6347423,3.3214126,4.143761,4.638832,5.4987893,1.2430565357208252,2.90459,0.22000033,3.237215,3.5404701,1.2452301,0.3517132,7.1731195,3.3133855,4.211025,5.4572377,6.061842,6.94997,0.8559353947639465,3.5404701,0.36457172,4.420551,2.518644,1.2767557,0.5069218,6.7660203,2.154869,2.923547,4.5303845,5.33935,6.487111,1.3385989665985107,2.518644,0.31695276,4.2828183,4.4586215,2.5227263,0.5658086,10.074574,4.141535,6.610746,8.069332,8.847088,9.725287,0.35941627621650696,4.4586215,0.7691857,5.9758263,0.09866165,0.27804264,1.1532356,0.7940728,0.7940728,6.44506,6.9772654,0.9237229
2xg8p6be,1.2902175,2.398978,3.836403,4.6477833,5.201502,5.9404564,6.610337,1.5778605,1.0699085,0.5437446,0.508216,3.7158191,0.89567,1.1986933,1.792281,2.3056672,3.1090548,2.04878830909729,1.0699085,0.12260548,0.61761165,1.6528018,0.8558206,0.5177999,4.3238974,1.4406397,2.1050425,2.946427,3.4503226,4.0853777,0.9546162486076355,1.6528018,0.21540953,1.048753,1.1817297,0.75361073,0.6377184,3.929867,0.945864,1.464086,2.3349223,2.8921006,3.6290042,1.447243094444275,1.1817297,0.18958157,0.67544746,3.0175521,1.501581,0.49761558,6.610337,2.8811927,4.147,5.199523,5.611506,6.2895675,0.3009031116962433,3.0175521,0.47705492,3.0174701,0.21408568,0.43717536,0.905375,0.5477293,0.5477293,2.7227101,4.1992817,0.6483752
fflzm764,8.853075,13.08493,19.349468,23.171215,25.82966,29.138533,32.104767,6.552658,9.829283,3.7805257,0.38461867,21.335411,9.372335,11.801395,15.035791,17.117558,20.303978,0.5953622460365295,9.829283,1.1598984,13.111933,12.391332,5.5869026,0.45087186,27.156647,10.886039,16.105745,21.169176,23.471691,26.101032,0.7082917094230652,12.391332,1.97345,17.555622,7.9695544,3.474916,0.43602386,20.585712,7.471224,9.112082,13.072704,15.449411,19.018314,1.1265901327133179,7.9695544,0.82526094,14.603526,12.241458,7.7243166,0.63099647,32.104767,8.9105,17.544981,25.119125,27.813454,30.88331,0.9247410893440247,12.241458,2.7233105,27.173744,0.115300536,0.21136515,1.2333541,1.0122432,1.0122432,22.220615,20.211012,1.0994312
jwtektsg,19.714384,26.895643,35.723522,40.618732,44.2985,48.917847,53.99638,11.309725,20.864645,5.52759,0.26492614,42.932953,19.422977,23.45845,28.663914,32.082706,37.875153,1.1739435195922852,20.864645,1.5263851,18.039902,23.873497,7.5762486,0.31734976,46.650803,22.789062,28.276564,34.500908,39.09041,44.348312,0.6809537410736084,23.873497,2.6513476,20.423725,19.991098,8.263422,0.41335508,47.153652,17.009912,24.025991,33.15436,38.206173,45.056942,1.2587437629699707,19.991098,2.1893225,23.388699,24.148712,11.831303,0.48993513,53.99638,20.815527,32.431664,42.57353,47.44468,51.554764,0.7065144181251526,24.148712,3.646011,25.000229,0.06725474,0.09419193,1.0436968,0.9886033,0.9886033,44.738144,44.13981,1.0135554
7fxzv4u3,5.845763,7.89688,10.403454,12.163858,13.149315,14.765331,16.495966,3.3941364,6.3644214,1.8971988,0.29809448,13.370267,6.0274196,7.4817877,8.88012,10.092957,11.911889,0.9401503801345825,6.3644214,0.5301584,3.2740712,7.866431,2.8375738,0.36071932,15.975042,7.4630246,9.415878,12.078655,13.494948,15.122541,0.6309627294540405,7.866431,0.98347884,6.1821585,5.274845,1.6501348,0.31283095,13.137076,4.694885,5.726839,7.4070725,8.927128,11.55139,2.0167367458343506,5.274845,0.35280493,2.0209095,6.8645954,3.276214,0.4772625,16.495966,6.0422306,8.756185,11.832832,13.70454,15.595681,0.8644154667854309,6.8645954,0.97740656,6.1904364,0.10554603,0.13095745,1.2065609,1.1459424,1.1459424,14.230852,12.139441,1.1722823
bbxux1ox,6.1456413,9.156992,12.699151,14.805247,16.137022,17.637415,19.57285,4.550892,5.5422254,1.6303631,0.2941712,11.13386,5.1657467,6.4168377,7.879793,8.850697,10.265446,1.0174533128738403,5.5422254,0.4487825,1.5676646,5.0157,1.5727236,0.31356016,10.639725,4.8128567,5.83472,7.1827908,8.166442,9.420374,0.8113458156585693,5.0157,0.5213298,2.8423514,8.25815,3.3929853,0.41086507,17.608604,7.632085,10.67474,13.135994,14.7118225,16.67341,0.6156917810440063,8.25815,0.89577997,4.304394,9.511498,4.117309,0.432877,19.57285,9.0541115,12.4899845,15.519363,17.092373,18.7302,0.4345163106918335,9.511498,1.3103042,6.9177504,0.049870167,0.0705331,0.6711219,0.52733016,0.52733016,10.557925,17.76965,0.59415495
rwk8r2yk,3.2599528,5.1472187,7.44552,8.77778,9.65456,10.853971,12.073438,2.7954829,3.420615,1.4818959,0.433225,8.293417,2.9387493,4.185733,5.721743,6.5852294,7.702925,1.1211678981781006,3.420615,0.41848913,1.1829624,3.0874608,1.45954,0.47273153,8.037932,2.6253011,3.868212,5.312579,6.1355257,7.286114,1.1119552850723267,3.0874608,0.36924762,3.389132,3.710594,1.7752203,0.47841945,9.113107,3.1626492,4.659974,6.424435,7.5818787,8.804117,1.0826951265335083,3.710594,0.4119375,1.7948065,5.383181,2.8330772,0.5262831,12.073438,4.921276,7.6629896,9.641353,10.488696,11.60289,0.4652777910232544,5.383181,0.94145364,8.044701,0.05119089,0.18392661,0.92185104,0.57353836,0.57353836,6.5080757,9.093775,0.7156627
ccprhvlz,4.058562,6.1146955,8.608109,9.96917,10.95299,12.40638,13.643298,3.1352859,4.7009716,1.8372394,0.39082122,10.861087,4.23573,5.762888,7.477155,8.452164,9.831135,0.9336515665054321,4.7009716,0.5778482,2.6321657,4.1632543,2.0261793,0.4866816,11.027145,3.6989832,5.2674437,7.123921,8.464771,9.961317,1.0250260829925537,4.1632543,0.604719,4.895248,4.4977264,1.8979949,0.42198986,11.153638,3.852754,5.305106,7.4160724,8.7733755,10.530327,1.3807940483093262,4.4977264,0.43971848,2.2833254,5.5252247,3.39733,0.6148764,13.643298,4.6368504,8.211449,10.88677,11.854423,13.032322,0.6120012998580933,5.5252247,1.1037185,8.478473,0.060661513,0.10251454,1.0451884,0.75349957,0.75349957,8.864225,10.022951,0.88439274
049enulq,5.2079716,7.685285,10.527412,12.158063,13.168099,14.5009,15.95102,3.8242774,5.063725,2.052077,0.4052505,12.470327,4.2710037,5.85338,8.170586,9.546082,11.532312,1.4398365020751953,5.063725,0.4873943,1.9578152,4.9263926,1.715877,0.34830296,11.477893,4.4012003,5.7345815,7.378317,8.565275,10.135163,1.3388761281967163,4.9263926,0.42677143,2.1022525,6.5906363,3.1336865,0.47547558,15.239658,5.851173,8.586906,11.562,12.981864,14.539965,0.7767271995544434,6.5906363,0.892319,2.6666174,7.4243116,3.2635164,0.4395716,15.95102,6.8872166,9.636323,12.32149,13.692914,15.358964,0.5729349255561829,7.4243116,1.0363942,5.573141,0.013746829,0.059484728,0.7683211,0.6635487,0.6635487,9.990118,14.014948,0.7128188
jidknwi5,2.392156,4.19245,5.891583,6.8500795,7.4887223,8.245953,9.163045,2.6738682,3.21598,1.495734,0.4650943,7.790714,2.6863089,4.212774,5.5440106,6.2282543,7.187865,0.9274408221244812,3.21598,0.43326026,2.7566853,2.4020846,1.4925213,0.6213442,7.479649,1.800272,3.2807117,4.653837,5.5222507,6.667369,1.1434968709945679,2.4020846,0.4087525,3.149293,3.3258464,1.9743781,0.5936468,8.826933,2.860762,4.5756283,6.3837347,7.3373027,8.374553,0.8155902028083801,3.3258464,0.5435693,3.8343835,3.0371943,2.185904,0.7197116,9.163045,1.9422042,4.4986134,6.6987777,7.540543,8.722614,1.0628535747528076,3.0371943,0.5627932,4.5370092,0.14487115,0.045363873,0.9669659,0.7908893,0.7908893,5.618065,6.363041,0.8829214
flul1rsr,2.3787575,5.6094637,10.10522,12.507265,13.757484,15.502275,17.277674,4.1054583,3.68406,2.7222877,0.73893684,14.14657,2.4397411,4.6677437,7.9868507,10.020223,12.544212,1.6108200550079346,3.68406,0.67500085,9.408727,4.8473845,3.7738204,0.77852714,15.482778,3.5529003,7.380173,10.834683,12.501643,14.587343,0.9242199063301086,4.8473845,1.2393006,12.787521,3.0436192,2.8823519,0.94701463,14.466552,1.792404,3.2728987,7.664288,10.016829,13.356496,2.036785840988159,3.0436192,0.6502711,10.744776,4.8657503,4.630326,0.951616,17.277674,2.6869082,7.460246,13.005985,14.781741,16.407482,1.0988738536834717,4.8657503,1.4199364,14.382123,0.13635725,0.23037629,1.2104208,0.9962255,0.9962255,8.531445,7.9093695,1.0786504
la8s8hmb,2.4710677,4.129604,7.672152,9.810302,10.942746,12.278854,13.4295635,2.3424854,3.4647453,2.215041,0.63930845,11.539028,2.6200135,3.9012585,6.965932,8.826916,10.769284,1.7052240371704102,3.4647453,0.70325124,10.49371,4.442771,2.9816253,0.6711184,13.209293,3.1241126,5.641361,9.544097,11.412618,12.542716,1.3164772987365723,4.442771,1.1278287,11.838963,2.4794502,1.5821223,0.638094,10.188455,2.17083,2.536715,4.466428,6.094702,8.506197,2.1185224056243896,2.4794502,0.38975793,8.981764,3.640738,3.2186797,0.88407344,13.4295635,2.1401734,5.015732,9.140204,10.9469795,12.849157,1.3645883798599243,3.640738,1.0425216,12.5955925,0.12368304,0.18974707,1.3973845,1.220294,1.220294,7.9075165,6.120188,1.2920381
r5xqt4p5,1.18751,2.4800406,4.299968,5.40505,5.9323053,6.872639,7.744776,1.7656734,0.8368174,0.28566638,0.34137243,1.986391,0.7699412,0.9613638,1.206903,1.4360083,1.826477,1.414530634880066,0.8368174,0.084625505,0.6408312,0.7179897,0.39391604,0.54863745,1.9466988,0.6123841,0.9421565,1.3126792,1.5327346,1.8359861,0.9914262890815735,0.7179897,0.08109406,0.67617416,2.3250706,1.2541246,0.53939205,5.9393077,2.143193,3.141214,4.1460633,4.7150536,5.5626154,0.6318678855895996,2.3250706,0.3283867,2.2938745,3.0719798,1.86092,0.6057722,7.744776,2.6228652,4.42498,5.9007044,6.6008177,7.4078174,0.6225320100784302,3.0719798,0.45134148,5.0380487,0.07642601,0.1383921,0.35991052,0.23372214,0.23372214,1.5548071,5.3970504,0.2880846
01nouhtc,1.8935486,3.0058823,4.959635,6.306097,7.022194,8.16885,9.65214,1.6995178,1.7327733,0.77502006,0.44727147,4.906993,1.7841916,2.1392956,2.5730865,3.0948596,4.137867,0.5232075452804565,1.7327733,0.26084754,2.0622954,2.0152113,1.0973537,0.5445353,5.4128246,1.851899,2.665147,3.5928693,4.1945524,5.0917416,0.7475884556770325,2.0152113,0.36454183,2.8788207,2.1158907,1.1191574,0.5289297,5.9728374,1.7349745,2.578877,3.8562987,4.5392113,5.6074867,1.3403674364089966,2.1158907,0.28089085,2.5470796,3.6031926,2.3303661,0.6467504,9.65214,3.0932498,5.5182786,7.018631,7.843716,8.955146,0.5612260699272156,3.6031926,0.8630611,8.789566,0.07535731,0.26005948,0.81893325,0.5592849,0.5592849,3.7479846,5.7190833,0.6553471
s1k9ye9o,1.3942211,2.4530373,4.017093,5.0208907,5.7251086,6.5560656,7.3967023,1.4813012,1.1603564,0.39654297,0.3417424,2.9385107,1.0431478,1.333029,1.6954765,1.9906021,2.483008,1.4875138998031616,1.1603564,0.100434944,0.4711599,1.5922378,0.6936351,0.43563536,3.505433,1.4433745,2.0365694,2.6616378,2.9146388,3.3882182,0.7071304321289062,1.5922378,0.18875068,1.6578393,1.5228617,0.77349794,0.50792396,4.092179,1.2460097,1.9050941,2.73305,3.172156,3.895576,1.2208961248397827,1.5228617,0.19004376,1.77525,3.1834342,1.7662807,0.55483496,7.3967023,3.1504955,4.467609,5.720125,6.340796,7.097167,0.2618754506111145,3.1834342,0.62641054,6.060844,0.15689978,0.35284066,0.7619578,0.50016356,0.50016356,2.7525942,4.706296,0.58487487
2m71hssb,3.7689207,5.3576455,6.951943,7.7422404,8.173654,8.834944,9.560289,2.670273,3.6527312,1.182009,0.32359594,7.1082187,3.387019,4.4396224,5.390464,6.001421,6.763603,0.688732385635376,3.6527312,0.35722426,3.1718705,4.7278857,1.6055486,0.33959123,8.07687,4.720824,5.9674873,7.009691,7.377752,7.839742,0.09341932088136673,4.7278857,0.63695955,4.574897,3.1970627,0.99541104,0.31135175,6.3968434,2.951387,3.8665483,4.6798816,5.0423346,5.83827,0.7621158957481384,3.1970627,0.27606714,3.0343008,5.089288,2.3098214,0.45385942,9.560289,5.3317356,7.068037,8.168814,8.597159,9.174963,-0.0014971840428188443,5.089288,0.8498001,6.783023,0.12829062,0.22835448,1.1425272,0.9289876,0.9289876,8.380617,8.286351,1.011376
elrqvslw,2.261036,2.9473166,3.7920287,4.6770535,5.084604,5.789221,6.4465156,1.384345,2.2815452,0.96441036,0.42270052,5.201378,2.295323,2.978479,3.4951458,3.7084613,4.6596074,0.050243668258190155,2.2815452,0.30501512,3.022812,2.9758785,1.289716,0.43339002,6.4465156,2.7191753,3.7401853,4.9578223,5.5520654,6.072052,0.6946329474449158,2.9758785,0.5166844,3.9058657,1.9135239,0.82115763,0.4291337,4.936355,1.845883,2.4800143,2.9793737,3.2710564,4.108836,0.561216413974762,1.9135239,0.2740963,2.1452487,2.4558215,1.1840781,0.48215154,6.359817,2.29753,2.9487295,4.1835647,4.898073,5.789768,0.8535376787185669,2.4558215,0.47281587,3.7906694,0.13206722,0.12411415,1.1923264,1.2117649,1.1923264,5.2574234,4.3693457,1.2032518
f90km3tz,2.5601845,4.05846,5.915795,7.213345,8.096731,9.740138,11.551998,2.2129354,2.0465477,0.828313,0.40473673,5.818709,1.8015555,2.2564511,3.1761012,3.8549037,5.0328884,1.7574925422668457,2.0465477,0.20668,1.077229,2.6375666,1.1444055,0.43388686,6.0315614,2.5007286,3.3754368,4.2282815,4.78214,5.5664935,0.5786001682281494,2.6375666,0.42907023,2.1669753,2.8535824,1.1361955,0.39816463,6.3061976,2.4574406,3.463459,4.591035,5.255241,6.0947137,1.1093486547470093,2.8535824,0.30768743,1.0932434,4.8825746,2.2885423,0.4687163,11.551998,4.574361,6.3974724,8.092465,9.131907,10.809074,0.5516165494918823,4.8825746,0.7925148,8.405196,0.12617517,0.2622739,0.71718544,0.54019994,0.54019994,4.6841145,7.736157,0.60548335
k3ny9v20,2.0118167,3.2941003,4.766746,5.5021496,5.859298,6.332466,6.8720536,2.145825,2.3715947,1.4377632,0.60624325,6.4144325,2.082756,3.2237732,4.5465302,5.2293453,6.069056,0.773203432559967,2.3715947,0.45311514,2.1169991,1.9479373,1.1693064,0.6002793,6.0688095,1.5530965,2.5380507,3.684392,4.423493,5.478553,1.2058579921722412,1.9479373,0.30920753,2.6222413,2.1255095,1.4430217,0.67890626,6.446673,1.7554528,2.911148,4.281366,5.106503,6.0961485,0.9844730496406555,2.1255095,0.37640682,1.7773429,2.8341665,1.7516829,0.6180593,6.8720536,2.6268315,4.1050797,5.4900813,6.1040645,6.5830255,0.42392587661743164,2.8341665,0.5641089,3.125723,0.09807947,0.14288373,1.115777,0.68730515,0.68730515,4.319532,4.959676,0.8709303
yar821uz,1.8744291,2.2340198,2.9542935,3.436229,3.6531856,4.0082817,4.281,0.6242814,1.7859534,0.2560238,0.14335413,2.578694,1.8183486,1.9363332,2.0819917,2.202623,2.3941674,-0.1704842895269394,1.7859534,0.08986116,1.0267737,1.7873453,0.34991345,0.19577272,2.887045,1.7408084,1.9904923,2.2652388,2.464164,2.7843387,0.6313444972038269,1.7873453,0.119655035,1.0469484,1.7677394,0.48467273,0.27417657,3.0367894,1.7831714,2.079575,2.4345157,2.6344042,2.9724643,0.35099902749061584,1.7677394,0.14780363,1.0411791,2.5344186,0.8048598,0.3175718,4.281,2.4609013,3.1719785,3.650582,3.8888662,4.156883,0.12360008805990219,2.5344186,0.31317055,2.1234937,0.0003895246,0.17820805,1.0103035,0.7052289,0.7052289,3.5732987,4.302158,0.83058286
vgww4fyb,6.9085884,8.529664,10.019547,12.008757,13.434042,16.18413,20.06745,3.4352765,7.2344728,2.0541892,0.28394458,11.537972,7.7741923,8.754539,9.643304,9.885952,10.631614,-0.5291351079940796,7.2344728,0.78776926,7.4192123,7.138039,2.60974,0.3656102,15.694975,6.659686,9.04638,10.662396,11.986705,14.105204,0.6235721111297607,7.138039,1.1043731,11.105017,7.149943,1.902783,0.26612562,13.669273,7.2637644,8.25634,9.355792,10.159964,12.795762,0.4442548453807831,7.149943,0.6797475,9.451717,7.089323,3.4249983,0.48312065,20.06745,5.776155,7.6183324,12.690858,15.485196,17.906061,1.698543906211853,7.089323,1.2584604,15.502647,0.006709588,0.00425723,1.0118225,1.0068717,1.0068717,14.372512,14.239265,1.0093577
8dalfyo1,2.1682057,3.5065646,5.1756673,6.270146,6.982948,8.003101,9.145803,2.081112,1.891037,0.95911133,0.507188,6.0170655,1.5914074,2.2785733,3.3223472,4.004634,5.143499,1.5746928453445435,1.891037,0.23054744,0.99809337,2.9818816,1.275575,0.4277752,7.0587096,2.6805882,3.6533961,4.918532,5.5568576,6.583866,0.9430129528045654,2.9818816,0.41964716,1.3624861,2.010609,1.2010411,0.5973519,6.578668,1.5444268,2.455583,3.7171953,4.803204,6.1538363,1.6505907773971558,2.010609,0.25090054,1.4100257,3.8117902,2.0499942,0.53780353,9.145803,3.404722,5.1758113,6.958083,7.743014,8.643989,0.5934110283851624,3.8117902,0.6319959,1.821468,0.22385858,0.3093538,0.9405295,0.78227854,0.78227854,4.8729186,5.822399,0.8369262
750cehlx,1.3783016,2.0250418,3.4284508,4.73142,5.4412804,6.4530706,7.459643,0.96130204,1.2878034,0.32406247,0.2516397,2.2050521,1.3289711,1.4546168,1.6607438,1.8067465,2.0542355,-0.4024505615234375,1.2878034,0.13081218,1.422204,1.129456,0.29800406,0.2638474,2.0543365,1.1147809,1.2938834,1.5315775,1.6969603,1.9656254,0.5059047341346741,1.129456,0.12735882,1.4652476,1.6129241,0.7226312,0.44802555,4.083126,1.4310806,2.081177,2.6167798,3.022603,3.7110486,0.9271284341812134,1.6129241,0.20872231,1.8386365,2.8111644,1.708395,0.60771793,7.459643,2.3980913,3.937376,5.4306526,6.1943583,7.0290685,0.7152780294418335,2.8111644,0.5330877,5.4369106,0.06550698,0.27084455,0.79842776,0.40177518,0.40177518,2.4172595,4.4240885,0.5463859
slg6mm1z,2.1696122,3.4151075,5.2889433,6.4942384,7.1321836,8.11119,9.027386,1.7331389,2.007487,0.57992095,0.28887904,4.4408855,1.8233787,2.1954675,2.8223772,3.2290027,4.031857,1.609602451324463,2.007487,0.15450728,0.84653115,2.7456808,1.0133073,0.36905503,5.563684,2.5300648,3.39337,4.2810297,4.7090597,5.296504,0.668320894241333,2.7456808,0.3036356,1.4158112,1.8874931,0.6720639,0.35606164,4.414399,1.7592427,2.2015116,2.7910945,3.2904346,4.0370336,1.11264967918396,1.8874931,0.17907695,1.2359985,4.267062,2.0427878,0.47873402,9.027386,4.1980214,5.8329372,7.130377,7.7843738,8.665959,0.2315039485692978,4.267062,0.5537134,3.2612782,0.15530562,0.38663542,1.0635731,0.6434593,0.6434593,4.753168,6.1545553,0.77230084
xyvgiui9,4.8515377,6.304616,9.442173,11.475393,12.714267,14.434475,16.80903,2.1676288,4.557867,1.0443772,0.22913727,8.193887,4.428074,5.0451703,5.9586477,6.5036306,7.646405,0.6047564744949341,4.557867,0.34557694,4.0382686,5.0613503,1.0782537,0.21303678,8.440773,4.9296117,5.6553445,6.4602633,7.252827,8.2957115,0.8044666647911072,5.0613503,0.373907,4.7087874,5.618381,1.8992715,0.33804604,11.247305,5.035478,6.573328,8.741363,9.560469,10.866206,1.0188319683074951,5.618381,0.53984445,6.8598566,7.1863446,3.6327984,0.5055141,16.80903,6.020145,10.047646,12.70042,14.114455,15.740327,0.6882032155990601,7.1863446,1.3106432,13.9303875,0.0523414,0.122451946,0.81124204,0.7043011,0.7043011,9.619217,12.804726,0.751224
kkhzlm72,3.7453768,5.8202076,8.13315,9.424836,10.0895605,11.251242,12.371846,3.2504292,3.3634706,1.6858144,0.5012128,9.4478245,2.9306693,4.0845094,5.8471565,6.921791,8.400989,1.1499921083450317,3.3634706,0.46541566,1.7768221,4.222462,1.625927,0.3850661,9.60312,3.801294,5.0678706,6.6455564,7.522409,8.834561,0.9530105590820312,4.222462,0.47677565,1.9539344,3.4598465,2.0290303,0.586451,9.780909,2.9696822,4.4958386,6.5268865,7.7863526,9.405358,1.092648983001709,3.4598465,0.5374645,2.1527467,6.1923056,2.7890987,0.4504136,12.371846,5.9691095,8.284211,10.087889,10.904379,11.900237,0.11645400524139404,6.1923056,0.9369229,5.00388,0.1132348,0.28309324,0.9721444,0.6818885,0.6818885,7.5859327,9.652152,0.78593177
jeyn9382,7.3544416,8.930012,12.352708,14.440493,15.58814,17.247633,18.71114,3.1323004,8.026671,1.6521592,0.20583367,13.024598,7.8925266,8.704039,10.401738,11.153549,12.748549,0.6292668581008911,8.026671,0.5112797,5.2602243,11.46522,3.797399,0.3312103,18.71114,11.900939,14.637547,16.236662,17.258583,18.183498,-0.11868496239185333,11.46522,1.5512599,11.555431,6.195905,1.2731988,0.20549037,10.238335,6.0474076,7.0998034,7.983241,8.413685,9.259947,0.4884941875934601,6.195905,0.4241944,4.331615,6.926173,2.2495706,0.3247927,14.024706,6.635636,8.494839,9.92324,11.115293,13.118364,0.6177447438240051,6.926173,0.7430861,5.9691477,0.1764092,0.05565186,1.29548,1.6553471,1.29548,19.491892,13.122078,1.4854273
kkzmpjrh,3.116255,4.2586784,5.943402,7.163931,7.7843175,8.768033,9.722747,1.6762459,2.7740824,0.6164538,0.222219,5.028887,2.696485,3.0624247,3.5298905,3.9805431,4.7227817,0.8036046028137207,2.7740824,0.16054124,1.3973686,3.9460182,0.99238735,0.25149083,6.592922,3.8360882,4.6153355,5.37867,5.7291093,6.3424964,0.4611522853374481,3.9460182,0.36050817,1.6752255,2.6143525,0.71964025,0.2752652,4.8846974,2.6511004,3.1129885,3.4343612,3.8069677,4.4763436,0.22986561059951782,2.6143525,0.18129647,1.865093,4.949447,1.9477543,0.39352965,9.722747,4.6156693,6.3769126,7.7834067,8.489878,9.303972,0.4619893431663513,4.949447,0.55010545,3.7059228,0.1743926,0.30871978,1.0610974,0.79726446,0.79726446,6.7201004,7.5638,0.8884556
t7zewviy,3.9770184,6.7108116,12.829764,16.109003,17.983053,21.344484,25.283113,3.8039067,5.4671936,3.2778628,0.59955126,16.363232,4.5475273,6.460207,10.5779085,12.840519,15.731485,1.3553111553192139,5.4671936,0.9301289,12.470155,7.226079,5.1084247,0.7069428,20.33537,4.9570084,10.951446,15.66156,17.367983,19.263327,0.904525637626648,7.226079,1.8322843,17.302704,4.294327,2.445168,0.56939495,15.919209,3.5832129,4.499526,7.152783,10.374487,14.408966,2.5297725200653076,4.294327,0.58746064,12.052589,6.2324624,5.7477336,0.9222252,25.283113,3.3095794,7.6029754,16.580002,19.842794,23.706264,1.6239337921142578,6.2324624,1.860901,23.056335,0.13856831,0.1841146,1.27312,1.159426,1.159426,12.693273,10.526789,1.2058067
twbozd1a,3.3597875,5.171137,7.338378,8.56319,9.370076,10.308157,11.46365,2.643344,2.73481,1.0290143,0.37626538,6.846364,2.6121917,3.1142247,4.1140237,4.8085966,6.0534377,1.1387543678283691,2.73481,0.26261437,1.6326336,3.6012347,1.750238,0.48601052,8.302543,3.1648235,4.852354,6.2137284,6.94849,7.8766456,0.7064847946166992,3.6012347,0.5511295,3.9334886,3.48753,1.2280072,0.35211372,7.2045937,3.1044283,4.1759524,5.331192,6.0481772,7.024428,1.064294457435608,3.48753,0.3159221,1.9320844,6.002482,2.3328896,0.38865414,11.46365,5.789626,7.915636,9.36633,10.040151,11.000673,0.29380539059638977,6.002482,0.8335768,6.294032,0.13674533,0.26501042,0.7841682,0.5999576,0.5999576,6.336045,9.490012,0.66765404
t7o75rh8,1.2795975,2.463012,3.9341002,4.6994867,5.1612043,5.7288313,6.3421082,1.6045389,2.2225883,1.3596255,0.6117307,6.1453447,1.6823099,3.0951939,4.3664927,5.0436764,5.814432,0.9657516479492188,2.2225883,0.37680182,3.859115,2.8461964,1.5493383,0.54435396,6.3421082,2.6650598,4.0698495,5.129184,5.575055,6.072195,0.3635711073875427,2.8461964,0.59188795,4.061853,1.1613548,0.8944651,0.7701911,4.8055615,0.8437019,1.5851676,2.4687028,3.043805,4.110108,1.419468879699707,1.1613548,0.23407851,1.993062,1.302904,0.82419914,0.63258624,4.9426723,1.0467689,1.5706472,2.4398131,3.0654788,4.253246,1.7433409690856934,1.302904,0.20520836,1.4341146,0.12302912,0.0574409,1.9137893,2.184502,1.9137893,5.0687847,2.4642587,2.0569208
lx6dut07,10.3851185,14.567703,19.24744,21.842775,23.39059,25.52912,27.803516,6.88832,10.603905,3.4758759,0.32779208,21.845425,9.684762,12.562904,15.796566,17.544971,20.56343,0.9474236369132996,10.603905,0.99204904,4.699157,9.686057,2.883112,0.29765588,19.775156,9.195645,11.246676,13.620569,15.188378,17.78181,0.8156930208206177,9.686057,0.9302781,5.502297,13.062326,6.5276895,0.49973407,27.803516,13.180584,18.01718,22.500526,24.107157,26.605669,0.26466700434684753,13.062326,1.9624876,12.746595,12.351856,5.808347,0.47024083,27.58733,11.757942,16.32254,20.746782,22.993074,26.05008,0.40897679328918457,12.351856,1.9107299,10.939166,0.045236535,0.027955659,0.81179297,0.78417826,0.78417826,20.289963,25.414183,0.7983717
6g5g79or,16.142807,21.224487,28.18223,32.696697,35.714962,40.6192,45.383038,7.9508553,15.512093,3.6964417,0.2382942,27.895092,14.607064,17.432379,21.017513,23.161379,26.028929,0.9770865440368652,15.512093,1.0338298,5.3684273,16.233923,4.189046,0.25804272,28.400808,15.975511,18.628092,22.026655,24.120792,27.280533,0.46421539783477783,16.233923,1.6015196,7.4774675,16.7899,4.595532,0.27370813,29.443916,15.683667,19.50465,23.621714,26.192394,28.942003,0.8245565891265869,16.7899,1.1194242,8.781652,22.793198,9.30451,0.40821433,45.383038,21.882717,29.78572,35.685272,39.309776,43.48236,0.33351847529411316,22.793198,3.0045414,26.824816,0.022737669,0.15166315,0.9238943,0.7122266,0.7122266,31.746016,39.5831,0.80200934
7875aud9,3.8790383,6.5365896,9.986826,11.836866,12.723578,14.398185,16.394194,3.7579103,3.6572382,1.6579789,0.45334178,11.451576,3.1170454,4.0983257,5.92492,7.2933507,9.718718,1.902445673942566,3.6572382,0.3874243,2.1380422,4.330615,2.0689692,0.47775415,11.800014,3.8102365,5.3915553,7.293501,8.6057,10.655828,1.1358110904693604,4.330615,0.61692774,3.5721319,4.6187162,2.2472162,0.48654562,12.234368,3.8999293,5.7119713,8.020072,9.230184,11.3697405,1.1079908609390259,4.6187162,0.60917187,3.7631283,7.114454,4.0147524,0.5643093,16.394194,6.953827,10.468532,12.7076235,13.91693,15.577989,0.26089727878570557,7.114454,1.4458172,13.806709,0.0843001,0.21270788,0.79183006,0.6087066,0.6087066,7.987853,11.73317,0.68079245
k9tr74qg,3.5818467,5.5464797,8.738747,10.872392,12.015237,13.653161,15.36967,2.719933,3.1210706,0.7331923,0.23491693,6.300078,2.9374151,3.430827,4.0894403,4.6687627,5.568584,1.4972277879714966,3.1210706,0.22533958,0.8605809,2.9196055,0.743248,0.25457138,6.0775414,2.7605164,3.2683227,3.8654163,4.391508,5.388714,1.2682100534439087,2.9196055,0.23987341,1.6576753,5.162542,2.1244667,0.41151562,11.988526,4.537727,6.4311547,8.205975,9.512208,11.233574,1.0144994258880615,5.162542,0.56953204,3.256909,6.725864,3.3340309,0.49570298,15.36967,5.833729,9.041445,11.996823,13.32246,14.707252,0.7107354998588562,6.725864,0.92010504,9.406405,0.03335142,0.13149972,0.60456085,0.43408632,0.43408632,6.040676,11.888406,0.5081149
efqjg02u,1.8486161,2.568025,3.4259794,3.971657,4.4606805,5.1760883,5.983243,1.1408434,2.1023667,0.66030246,0.31407577,4.3770585,1.8887345,2.5016854,3.1213698,3.456495,3.86091,0.9527375102043152,2.1023667,0.19489583,1.1226736,2.3717115,0.9393398,0.3960599,5.174819,2.25866,2.9975395,3.6421063,4.041608,4.8673015,0.449758380651474,2.3717115,0.36195704,2.0476744,1.7471268,0.6910284,0.39552274,4.653518,1.6236249,1.9591889,2.6599996,3.1854146,4.221395,1.5860384702682495,1.7471268,0.18147504,0.8605881,2.1624017,1.2564267,0.581033,5.983243,1.8277872,2.8085613,4.1313457,4.8661613,5.633377,1.0373880863189697,2.1624017,0.4137298,2.3936293,0.060201183,0.106221214,1.203328,1.0967951,1.0967951,4.474078,3.9095285,1.1444036
1g463sdy,4.4744554,7.1291914,10.465116,12.25568,13.292511,14.8046255,16.435911,3.816082,4.0671906,1.5017447,0.3692339,10.37159,3.5341964,4.565938,6.265717,7.3833737,9.26297,1.6952261924743652,4.0671906,0.38159087,1.5717344,6.258586,2.278655,0.36408466,12.242029,5.9153094,7.807259,9.66547,10.601051,11.7638645,0.5040825009346008,6.258586,0.7533258,4.7275667,4.0318394,1.4670008,0.363854,10.269658,3.598199,4.470973,6.1036344,7.2559743,9.195774,1.6843427419662476,4.0318394,0.38651118,1.9158981,7.959795,3.7586045,0.47219867,16.435911,7.629716,11.089767,13.279965,14.437634,15.797084,0.2884686291217804,7.959795,1.117574,7.4378023,0.2122257,0.32755798,1.0087681,0.7862748,0.7862748,10.325777,11.991634,0.8610817
gfliji18,6.086604,7.7634125,9.266623,9.940989,10.358132,11.129903,11.940649,3.1411896,6.335418,1.8477447,0.29165316,11.930641,6.302057,7.531186,8.674595,9.421369,10.820305,0.14240595698356628,6.335418,0.65985173,5.469985,5.6490073,2.1188362,0.37508115,10.853411,5.576078,7.1593966,8.713379,9.41253,9.9392,0.26463910937309265,5.6490073,0.7554569,6.4489107,7.4941716,1.8673104,0.24916835,11.940649,7.43417,8.998419,10.00546,10.403009,11.380377,0.05523005872964859,7.4941716,0.75051033,6.506186,5.491748,2.1235244,0.3866755,11.72055,5.0194573,6.65896,8.707435,9.765507,11.191708,0.8124489784240723,5.491748,0.74871516,8.252958,0.057275243,0.15419962,0.8453794,1.0286356,0.8453794,11.984426,12.98592,0.92287844
k0axycel,8.848478,10.871805,17.549004,25.545855,30.706528,37.764824,42.775417,3.4648342,9.807587,4.5842338,0.4674171,38.452164,9.01343,10.523415,12.738454,18.884531,30.96885,3.0504467487335205,9.807587,1.564891,27.538801,7.4809093,1.8758918,0.2507572,13.755449,7.3466835,8.794941,9.953716,10.806015,12.695018,0.5752281546592712,7.4809093,0.63844454,5.2925053,14.038773,8.804457,0.62715286,42.775417,10.317626,15.386638,28.714981,36.369884,41.48489,1.676524043083191,14.038773,2.5134192,35.36304,10.785697,5.710173,0.52942085,41.979122,8.790275,11.042038,17.652178,24.184252,34.94015,2.620624542236328,10.785697,1.5801722,36.124397,0.13457951,0.1310431,0.69860715,0.69359535,0.69359535,17.288496,24.82447,0.6964296
os6zle6k,5.6632686,7.264841,9.236158,10.749658,11.577997,13.27008,16.929354,3.0584626,6.304824,2.541943,0.4031743,13.1891165,6.3721743,8.043017,9.646381,10.601986,11.778528,-0.04888157173991203,6.304824,1.2116302,10.39675,6.411816,2.3806274,0.37128752,13.017249,6.0111256,8.1401,9.691053,10.792935,12.145079,0.32383254170417786,6.411816,1.2945223,7.575574,6.033993,3.4147646,0.56592125,16.929354,5.4698706,7.673382,11.436118,13.129575,15.313973,0.7963936924934387,6.033993,1.3630028,15.878069,5.020554,1.8883567,0.37612516,11.199328,5.071538,6.190723,7.1619687,7.843904,9.954106,-0.14776262640953064,5.020554,0.936837,10.019576,0.008413563,0.09167619,1.0448842,1.2771132,1.0448842,12.71664,11.054546,1.1503539
whef0vot,8.4313965,9.990248,11.630759,13.14709,14.571307,19.985834,31.406141,2.7568583,8.73066,2.0715437,0.23727228,20.639654,8.556534,9.905964,11.099004,12.00781,15.502033,1.0868395566940308,8.73066,0.84593356,11.612342,9.606758,2.2133965,0.23039995,16.106956,9.101029,11.115918,12.882287,13.846987,15.4120655,0.6273038387298584,9.606758,0.9404498,5.605924,9.21953,4.251533,0.4611442,31.406141,8.368367,10.8093815,13.294301,18.086239,25.477406,1.970523715019226,9.21953,1.3445226,26.908962,8.203668,1.6495498,0.20107467,20.341324,8.144281,9.093636,9.979762,10.567612,13.7870865,1.4845205545425415,8.203668,0.6405783,13.757771,0.0477765,0.058305163,0.9469746,1.1710321,0.9469746,18.337418,17.423199,1.0524714
qtxhi15c,7.159342,8.287742,9.151257,9.613998,9.996154,10.811718,12.989531,2.3451157,6.82014,1.4046333,0.20595373,12.375627,6.796238,7.7618237,8.626172,9.13069,10.3247,0.32223618030548096,6.82014,0.5199389,6.038746,7.005328,1.4839869,0.21183687,10.536375,6.934426,8.087951,8.993075,9.502647,10.23837,-0.04413425549864769,7.005328,0.66544163,6.7673883,7.733834,1.5857059,0.20503491,12.989531,7.9420624,8.785275,9.594243,10.192511,11.456816,-0.06449763476848602,7.733834,0.6371542,6.8074455,7.0347447,1.6601049,0.23598652,12.399726,7.1139,8.2872305,9.14765,9.603362,10.772433,0.039443254470825195,7.0347447,0.73265076,8.49065,0.013394722,0.047336243,0.8818576,0.9958184,0.8818576,13.825468,14.768579,0.9361407
qzcuctsu,5.4691763,6.418894,7.358107,8.04956,8.456061,9.580557,11.168715,1.7402534,5.6264997,1.3246201,0.23542526,8.833021,5.544952,6.5298023,7.4284997,7.805935,8.257255,-0.18871745467185974,5.6264997,0.6177365,6.708115,5.7500806,1.06175,0.1846496,9.244773,5.7302394,6.433809,6.9948187,7.3003983,8.46587,-0.20749157667160034,5.7500806,0.5860088,7.089077,5.97861,1.803389,0.30164018,10.664098,5.8329186,7.1975784,8.456781,9.239351,10.300631,0.3076338469982147,5.97861,0.71898246,7.8102865,5.029662,1.1976353,0.23811446,11.168715,5.0851274,5.7374725,6.3752728,6.69451,8.129187,0.24645352363586426,5.029662,0.6254406,8.326619,0.010862749,0.086203165,0.94110495,1.143234,0.94110495,11.37658,11.008272,1.0334574
flsehuds,8.052614,9.519085,12.429773,16.199253,18.757364,24.350866,35.86762,2.529622,8.30298,1.6331766,0.19669762,19.364021,8.00866,8.96915,10.205046,11.015589,14.401654,1.8976250886917114,8.30298,0.6662399,7.845402,8.081197,3.0727193,0.38023072,23.003662,7.6843905,8.65761,11.775963,14.3049,19.847921,1.8867262601852417,8.081197,1.1850637,19.217636,7.8486814,2.445692,0.31160548,19.655407,7.344842,8.774047,10.965333,12.990354,16.09222,1.488183856010437,7.8486814,0.7272076,8.672976,10.734895,5.064082,0.47174028,35.86762,9.042596,11.6489525,18.142574,21.734934,29.68349,1.9954379796981812,10.734895,1.8829638,23.457869,0.013536451,0.1553099,1.0578822,0.752797,0.752797,16.384178,18.583576,0.8816483
3qsqcq30,5.0479636,8.129589,13.153379,15.468911,16.643839,18.35712,20.684805,4.423724,5.2604527,2.3319263,0.44329384,15.063805,4.568839,6.30429,8.326903,10.408105,13.270347,1.4769753217697144,5.2604527,0.6634193,7.6334,9.309055,4.3977785,0.4724194,18.59937,8.997884,13.046519,15.615416,16.538095,17.76076,0.250610888004303,9.309055,1.6919595,12.845558,4.0283146,1.2237452,0.30378592,9.571237,3.8061724,4.5009413,5.5893826,6.5426993,8.460952,1.4825396537780762,4.0283146,0.36820075,1.6895661,8.018081,4.5905337,0.57252276,20.684805,6.648052,10.846157,15.373848,17.418867,19.585705,0.8645275831222534,8.018081,1.4897554,16.294895,0.27788192,0.3312,1.3058693,1.1610079,1.1610079,14.569508,12.046395,1.2094495
o30ubmc9,6.6205826,7.4843135,8.295593,9.119069,10.007127,13.569161,20.78536,1.6781011,6.7259994,1.4440671,0.21469927,16.14474,6.5867867,7.4573994,8.177596,8.591047,12.236095,1.678870677947998,6.7259994,0.6000688,11.947796,6.720901,1.4103873,0.20985092,13.609183,6.6078596,7.6032696,8.582467,9.145028,10.183797,0.6316453218460083,6.720901,0.6719054,9.051856,7.4229016,1.8086933,0.24366392,20.78536,7.0532317,7.830884,8.624437,9.886891,16.249945,3.4447104930877686,7.4229016,0.6432814,15.5222645,6.4254594,1.6436769,0.2558069,19.7159,6.086405,7.006695,8.001399,8.871869,13.378264,3.137834310531616,6.4254594,0.6495855,14.550075,0.00037914634,0.072026014,0.9061146,1.0459799,0.9061146,13.4469,13.848361,0.97101027
7c7bo119,8.332106,9.421749,10.4851465,11.159809,11.700213,13.731391,19.321606,2.1385784,8.689202,1.6876832,0.19422764,16.434074,8.800854,9.932109,10.721362,11.136477,12.593395,0.12194361537694931,8.689202,0.73035055,10.846916,8.539526,1.4754698,0.17278123,13.637818,8.295695,9.489942,10.598191,11.1595955,11.988825,0.26275017857551575,8.539526,0.60781157,9.055966,7.7588434,1.6737888,0.21572658,17.622362,7.7609773,8.591323,9.404279,10.185694,13.668864,1.3583604097366333,7.7588434,0.6035211,12.9478,8.5614195,2.0079172,0.23453087,19.321606,8.547115,9.478251,10.609148,11.860602,15.451715,0.8596451878547668,8.5614195,0.8616764,15.562059,0.0086876005,0.049176663,1.1199095,0.9974428,0.9974428,17.22873,16.320263,1.0556649
xp9n56ny,5.9722586,7.575928,9.168909,10.521064,12.337205,18.673504,28.485315,3.2206168,6.135165,2.249216,0.36661053,22.366884,5.8763123,7.1666803,8.228535,8.987361,15.619097,2.4350345134735107,6.135165,0.8528691,19.105776,6.689156,2.301707,0.3440953,16.822184,6.8199577,8.237242,9.410512,10.146949,11.249514,0.03391193971037865,6.689156,1.080156,14.334206,6.5129766,4.047773,0.6214935,28.485315,5.301189,7.6540394,10.61835,14.493595,23.552372,2.355714797973633,6.5129766,1.3580644,25.557035,6.067267,2.658527,0.43817535,25.552282,5.893961,7.477682,8.891722,9.992396,15.492961,1.874439001083374,6.067267,1.075919,22.330645,0.04319845,0.035429336,0.941991,1.102499,0.941991,12.824322,12.580244,1.0194017
xtxmgtt0,6.079176,7.085067,8.196402,8.873954,9.361001,10.4380245,14.878978,2.0910707,5.593117,1.3998877,0.25028756,9.378905,5.5510526,6.690136,7.4534354,7.9060874,8.827229,0.18079423904418945,5.593117,0.5547941,5.2584534,5.7525454,1.1719247,0.2037228,8.554513,5.8946605,6.497565,7.1224165,7.6660676,8.37989,-0.27202221751213074,5.7525454,0.48694256,3.0940027,7.294693,1.9871669,0.2724127,14.878978,7.480789,8.51553,9.479256,10.178558,12.697133,0.2313786894083023,7.294693,0.8200309,9.613949,5.94438,1.2395469,0.20852418,12.269217,5.9830503,6.7078686,7.4754395,7.972984,8.9819145,0.208304762840271,5.94438,0.56071055,7.42492,0.014051899,0.101994544,0.7667379,0.96772844,0.7667379,11.345663,13.239073,0.8569832
iaakytt3,8.158337,9.250456,10.830826,13.310908,16.291069,22.345581,30.083023,2.249773,8.944234,2.9280398,0.3273662,27.10351,8.248964,9.479804,11.29578,14.802882,22.374472,2.892458200454712,8.944234,1.1008189,21.60965,8.419336,2.467523,0.2930781,26.923967,8.13775,8.9333105,9.853243,12.507501,18.938889,3.4350905418395996,8.419336,0.920768,21.661987,8.751551,3.3357546,0.38116154,28.518648,8.211085,9.862904,11.72157,14.569976,23.290285,2.3763821125030518,8.751551,1.0852001,21.817398,8.215799,2.7992632,0.34071708,30.083023,7.9157186,9.047503,9.992316,11.610113,21.275293,3.5430681705474854,8.215799,0.90763676,23.833605,0.030229816,0.031575426,1.022017,1.0247738,1.022017,17.363571,16.96735,1.023352
imj70e3p,8.067102,8.944565,9.778618,10.215712,10.545637,11.175778,12.586967,1.9942069,7.739975,1.7589961,0.22726122,11.7423315,7.9988127,8.961456,9.929062,10.352485,11.151517,-0.34571829438209534,7.739975,0.6543495,4.109927,7.786229,1.490993,0.19149102,11.45201,7.8971524,8.8754835,9.566458,9.940278,10.796164,-0.3092537522315979,7.786229,0.5453059,4.034197,8.528537,1.5213215,0.17838013,12.586967,8.657312,9.497845,10.273587,10.649631,11.814021,-0.5828102827072144,8.528537,0.7076408,8.173767,7.6123405,1.3200133,0.1734044,10.661522,7.730553,8.467432,9.118076,9.523144,10.087556,-0.8490594029426575,7.6123405,0.5908306,4.434851,0.0029791028,0.05676249,0.9075384,1.022843,0.9075384,15.526204,16.140877,0.96191823
15ahdbvz,5.4207335,8.768891,12.824374,15.156814,16.473967,18.501146,20.235945,5.016215,6.781731,4.200112,0.61932737,20.198385,4.967681,8.960111,13.6332855,15.855071,18.912727,1.2597267627716064,6.781731,1.0275367,11.018511,5.982715,2.7512712,0.45987,16.382936,5.2855353,7.609131,9.611758,11.292186,14.022676,1.0954052209854126,5.982715,0.8861427,6.8562737,7.513557,3.718899,0.49495852,20.235945,6.2077255,8.891804,13.021936,15.8028,19.223259,1.3696612119674683,7.513557,0.82101643,4.389941,6.4428782,4.479209,0.6952186,20.058163,4.738435,9.570837,13.314102,15.292012,18.043877,0.883963942527771,6.4428782,1.1732312,8.692588,0.062597,0.076715775,0.9025993,0.928578,0.9025993,12.764446,13.956435,0.91459215
b0oih5cs,8.559509,9.99969,11.5566435,12.395826,13.227964,15.031171,18.322834,2.840664,8.7050295,1.8979167,0.2180253,13.852773,8.65773,10.037689,11.36538,11.897097,12.898441,0.18497537076473236,8.7050295,0.92495495,5.535266,8.153432,1.8098396,0.22197273,13.826371,8.118717,9.316254,10.367604,11.237001,12.912972,0.03417744114995003,8.153432,0.74521554,4.4398994,9.484835,2.4288058,0.25607255,18.322834,9.300743,10.949092,12.402256,13.717944,16.408443,0.5382844805717468,9.484835,1.0269532,9.551353,8.394994,2.2724903,0.2706959,16.781479,8.146753,9.510102,11.239761,12.552712,15.506718,0.7453253865242004,8.394994,0.7969663,7.6072254,0.032719333,0.06095365,0.917784,0.9712255,0.917784,16.858461,17.87983,0.942876
k30lvylk,6.649103,8.24551,9.451485,10.198105,10.690373,11.506865,14.469844,3.132824,7.1266875,1.8028737,0.252975,12.614144,7.3962708,8.429275,9.316703,9.724986,10.313291,-0.4894816279411316,7.1266875,0.7397301,8.868179,5.282073,1.6119553,0.30517474,9.254042,4.99111,6.511871,7.6608405,8.199068,8.753005,0.40032854676246643,5.282073,0.652811,5.897752,7.4021854,2.039938,0.27558592,14.469844,7.239829,8.739144,10.182342,10.966504,13.022755,0.6307467222213745,7.4021854,0.7344367,9.889199,6.772673,2.1781187,0.32160398,11.696545,6.448714,8.596136,9.789624,10.565767,11.362649,0.26095882058143616,6.772673,0.7334267,5.6307697,0.14865422,0.044410486,0.96278155,0.7799096,0.7799096,12.40876,14.174858,0.8754063
fxhkc856,6.398637,8.114355,9.9745035,11.235163,11.92353,13.138402,18.187298,3.4508438,6.8574023,2.1022863,0.3065718,14.448951,6.6240444,8.180643,9.643205,10.526216,12.546924,0.45254144072532654,6.8574023,0.7355057,11.025579,6.678112,2.3912292,0.35806963,14.720636,6.4079375,7.686821,9.966175,11.483291,13.668443,0.8551873564720154,6.678112,0.9486355,7.860536,6.78009,2.696182,0.3976617,18.187298,6.6764874,8.239492,10.4786005,11.657474,13.308855,0.5961846113204956,6.78009,0.9875638,14.879084,6.1451106,2.7202845,0.4426746,14.269199,5.509263,8.256989,9.986466,10.949034,12.638688,0.5202097296714783,6.1451106,0.8807189,8.090229,0.013245916,0.049127225,1.0114028,1.0867358,1.0114028,13.535515,12.9252,1.0472189
wpr97y2l,7.736325,8.551929,9.555103,10.23222,10.8381815,12.539539,16.165854,1.6394682,8.174023,1.5316226,0.18737686,16.165854,7.9259396,8.842195,9.946783,10.734308,14.302983,1.7089942693710327,8.174023,0.70651263,8.098112,8.203618,1.2380801,0.1509188,13.687134,8.031129,8.840293,9.917888,10.457468,11.640268,0.8561481237411499,8.203618,0.5852368,6.857728,7.748645,1.3309859,0.17177016,14.531619,7.671104,8.441961,9.217329,10.072026,12.539821,1.070571780204773,7.748645,0.63487184,5.9546604,7.3373156,1.4216874,0.19376124,12.397435,7.2681136,8.202581,8.956923,9.879419,11.660411,0.4031873941421509,7.3373156,0.6352787,4.835443,0.0018070599,0.0272657,1.0548971,1.1180681,1.0548971,16.37764,15.08596,1.0856212
ofn1r4kz,8.817028,10.460654,11.953341,13.069514,15.715773,21.275833,32.758263,2.9987888,9.357287,2.4396331,0.26072013,24.183046,9.236109,10.747441,12.171588,12.949514,17.58433,1.1844161748886108,9.357287,1.1762809,18.223263,8.384166,2.5347664,0.3023278,26.38904,7.982231,9.592242,11.250134,12.004618,17.154018,2.162139415740967,8.384166,1.1998303,21.671238,9.874036,3.2720761,0.33138183,30.154766,9.343544,10.74243,12.639988,15.900865,24.442196,2.554572582244873,9.874036,1.1244601,23.908363,9.09504,3.2373521,0.355947,32.758263,8.747883,10.242985,11.79492,12.995629,24.921888,2.9664852619171143,9.09504,1.0143087,27.867697,0.054850165,0.041066602,0.9476659,0.9218393,0.9218393,17.741453,18.969076,0.93528295
36u8ueih,7.4157176,9.179067,10.766705,11.376828,11.770076,12.579945,14.506983,3.4694486,6.307182,2.3070612,0.3657832,12.391526,6.6317544,7.8159237,8.7556505,9.641942,11.540813,-0.5188024640083313,6.307182,0.98493934,9.350906,9.113475,2.1059742,0.23108356,12.865495,9.580986,10.712679,11.348977,11.631917,12.318114,-0.9446197152137756,9.113475,0.9114807,7.387926,6.948997,2.3884535,0.34371197,13.987941,6.809153,8.18461,10.377936,11.376752,12.874422,0.10451143234968185,6.948997,0.8282209,8.632614,7.6930566,2.3940222,0.3111926,14.506983,7.772464,9.368923,10.921367,11.553999,13.137059,0.14631815254688263,7.6930566,0.9875197,8.898577,0.18198273,0.050816614,0.90763915,1.1846364,0.90763915,15.420656,14.642054,1.0531758
x74d0gjy,4.3578787,6.1866775,7.872378,9.006937,9.602445,10.577412,13.109769,2.9668381,4.7930193,1.8983098,0.39605722,10.472326,4.457282,5.9994545,7.541915,8.43253,9.6434,0.6363153457641602,4.7930193,0.8159961,8.127159,4.6440563,1.8554045,0.3995224,9.228528,4.44637,6.099393,7.3196993,7.720027,8.494302,0.20533303916454315,4.6440563,0.8442701,6.787014,5.418232,2.2483718,0.4149641,10.78284,4.9660225,6.9670534,9.01996,9.695203,10.365984,0.5632763504981995,5.418232,0.8013302,8.739931,4.511642,2.2517345,0.49909425,13.109769,3.8138266,5.4905005,7.6575146,9.286054,11.933365,1.363370656967163,4.511642,0.86026955,9.734726,0.015784865,0.09129924,0.88460946,1.0293494,0.88460946,9.437076,9.929874,0.9503721
v5g10ur5,4.7206717,5.8474636,7.093881,7.970857,8.569977,9.807563,11.725994,2.387474,4.4917655,1.5298179,0.34058276,8.851983,4.6052227,5.3797145,6.291826,6.8990445,7.787932,-0.5257227420806885,4.4917655,0.7407347,5.9749036,5.3819847,1.9935415,0.37041008,11.725994,5.349668,6.4661,7.882988,8.998528,10.689758,0.3794960081577301,5.3819847,0.8313288,6.498932,4.5719886,2.1629977,0.4730978,10.417277,4.4576178,5.9765196,7.4500155,8.457552,9.975619,0.38159140944480896,4.5719886,1.0976728,8.057879,4.68476,1.7751511,0.3789204,9.567369,4.6242895,5.899938,7.02107,7.8165092,8.80555,0.13893237709999084,4.68476,0.9121844,9.738571,0.09016018,0.012182627,0.98245335,1.1488283,0.98245335,9.873751,9.256748,1.0666543
l8a78e9r,8.124545,9.502221,10.72173,11.575958,12.343823,13.372875,18.392754,2.9590845,8.640407,2.2020028,0.25484943,13.84046,8.757955,10.111956,11.565835,12.479988,13.543227,0.06068143621087074,8.640407,0.85892975,6.638497,9.050348,1.6945792,0.18723913,13.788135,9.11458,10.262039,11.135828,11.59175,12.779476,-0.16961321234703064,9.050348,0.7459825,6.379025,7.581974,1.7568096,0.23170874,16.9965,7.456601,8.583845,9.598647,10.167552,13.019285,0.907452404499054,7.581974,0.6662862,10.6745405,7.381799,2.3224,0.31461164,18.392754,7.4173737,9.0437765,10.118035,10.800017,13.966781,0.5205512046813965,7.381799,0.9832955,11.574983,0.02317265,0.013377295,1.1395986,1.2260356,1.1395986,17.690754,14.963774,1.1822388
ivh6t1nt,6.4490767,8.13909,9.407394,10.0582905,10.565064,11.670395,15.444831,3.1728292,6.0693083,2.1180704,0.34898052,11.747692,5.6801214,7.3865466,9.399363,10.057953,11.103015,0.5648311376571655,6.0693083,1.0113177,8.683175,7.0492954,1.8176877,0.2578538,11.514826,6.8419957,8.410825,9.44007,10.07733,10.975289,0.05798293650150299,7.0492954,0.7490793,7.093562,7.1873946,2.24269,0.31203103,15.444831,7.1957836,8.561018,9.809146,11.02203,13.416977,0.41859161853790283,7.1873946,1.008061,10.311539,6.3523264,1.9623344,0.30891585,10.883803,6.273301,8.024259,9.070626,9.507111,10.221083,0.10144742578268051,6.3523264,0.9003465,7.3661013,0.07470209,0.06167544,0.8444379,1.1097187,0.8444379,13.118604,13.539721,0.9688977
mjsrd9q4,5.4094677,6.4640183,7.712569,8.706863,9.450985,11.678411,16.959192,1.9148297,5.1872134,1.4620782,0.28186196,15.024114,5.111326,5.832997,6.6327076,7.317712,11.075436,1.6780054569244385,5.1872134,0.671901,12.169744,6.1007876,1.8141903,0.29736984,13.147722,6.0477724,7.417235,8.559799,9.248806,9.899128,0.3000856339931488,6.1007876,0.8473689,9.684834,5.796379,1.825935,0.31501305,16.959192,5.3343706,6.052187,7.620636,9.941991,13.271314,2.603132963180542,5.796379,0.64147204,11.8282585,5.65187,1.8196039,0.32194725,16.589779,5.7547045,6.7827168,7.679442,8.296311,10.749191,0.8739057183265686,5.65187,0.7718963,13.105851,0.08093321,0.012622831,0.8949058,1.0794282,0.8949058,11.288001,11.448249,0.98600245
6nouhfj7,5.651739,6.33699,6.954172,7.470828,7.764733,8.263068,8.866046,1.373136,5.1535134,1.1545259,0.22402695,8.866046,5.011279,5.82953,6.6482897,7.499695,8.407625,0.7192370891571045,5.1535134,0.35874406,2.7150216,6.0971303,0.9633151,0.15799484,8.572193,6.087991,6.775959,7.393602,7.778147,8.317674,0.2031327188014984,6.0971303,0.37283447,3.2714553,5.6387873,0.7766948,0.13774146,8.445982,5.5712028,6.133763,6.613119,6.981739,7.6460705,0.4325958788394928,5.6387873,0.35337204,3.041975,5.878981,0.9445997,0.16067405,8.82143,5.930151,6.462197,6.970244,7.4555836,8.223995,-0.05136984959244728,5.878981,0.4034972,3.5538101,0.08387226,0.0208542,0.91394,1.0371066,0.91394,11.250644,11.517769,0.97680753
upfln4rx,8.429328,10.754823,12.811681,14.557523,15.794861,18.606983,21.335253,4.5934286,10.314777,2.111828,0.20473811,16.83009,10.286137,11.904681,12.933112,13.829871,15.504786,0.1630372554063797,10.314777,0.7626674,5.532524,8.037524,3.2635677,0.4060414,17.291464,7.5715637,10.220544,12.759844,14.4412565,16.566187,0.6121396422386169,8.037524,0.9287687,5.6234007,9.455154,2.837152,0.30006406,19.697412,9.120404,10.850006,13.157219,15.0170965,18.181252,0.9002029895782471,9.455154,0.76131594,4.6120024,6.886761,3.6556213,0.53081864,21.335253,6.1114917,7.502739,11.406421,15.802004,19.854223,1.9569875001907349,6.886761,1.0326585,12.972874,0.12408542,0.15716599,1.0909158,1.1670978,1.0909158,18.352303,16.341915,1.1230203
yj38xrg2,4.3958235,5.633938,6.9291377,8.097394,9.424422,12.393458,17.496386,2.3883832,5.100228,2.437116,0.4778445,17.496386,4.47534,5.662609,8.148701,10.604894,13.8410845,1.9263590574264526,5.100228,1.063165,15.191438,3.68921,1.5130875,0.41013864,9.3051,3.4650393,4.9271235,5.7810335,6.209239,6.882001,0.4424299895763397,3.68921,0.63198906,4.667588,5.6752496,2.1049237,0.37089536,16.7892,5.4610815,6.786116,7.914934,8.865951,13.095984,1.2311162948608398,5.6752496,0.8841204,11.785236,4.022675,1.4759045,0.36689627,10.945448,4.0193796,5.188775,5.934461,6.268247,6.978437,0.2914292812347412,4.022675,0.5354947,6.580108,0.16053562,0.17040497,0.898679,0.91710365,0.898679,8.789438,9.697925,0.9063216
gzr7txcb,4.2045336,5.8702726,7.7320905,8.581429,9.212484,10.54574,12.102255,2.974546,4.40177,1.4754875,0.3352032,9.263589,4.3298736,5.282748,6.2555265,7.0059896,8.329703,0.29361778497695923,4.40177,0.5848823,5.438811,4.45541,1.8958702,0.42552093,8.535733,4.2551665,6.138637,7.104715,7.586983,8.216697,0.215731680393219,4.45541,0.7307355,5.0764866,4.287716,2.4487877,0.57111704,11.424688,3.73413,5.365169,8.22869,9.339969,10.73015,0.8431729078292847,4.287716,0.70746034,8.608651,4.813795,2.7148774,0.5639786,12.102255,4.397395,7.0613356,8.550386,9.396337,11.141138,0.3729831278324127,4.813795,0.8170094,8.018522,0.0060560913,0.057801303,1.0266002,0.9255504,0.9255504,8.85718,9.101511,0.97315484
48y1o4iz,7.2815666,8.829241,10.30286,12.768875,14.644746,18.424028,25.648874,2.7969532,7.4017925,1.6683972,0.22540449,12.315878,7.3019743,8.731224,9.66982,10.10321,10.863914,0.15270674228668213,7.4017925,0.62191767,3.825357,9.684868,2.8560643,0.29489967,22.64068,8.9375,10.193354,13.276539,16.408993,20.166574,1.9509779214859009,9.684868,1.2459586,16.101208,6.171038,1.2407981,0.20106797,10.379341,6.01543,6.9216223,7.807211,8.502865,9.469639,0.5583764910697937,6.171038,0.52376246,3.3229136,8.182766,3.2423108,0.39623654,25.648874,7.382453,8.921278,12.086967,14.980439,20.826921,2.016892194747925,8.182766,1.1145099,17.637125,0.13361742,0.14015295,1.1994404,1.183569,1.183569,17.08666,14.353804,1.1903925
asnwywrr,4.9869823,7.1016483,10.3874,13.162805,14.205771,16.501616,18.983698,3.572291,5.767868,1.833194,0.3178287,13.218865,5.327736,6.854479,8.339709,9.273177,11.393164,0.9866331219673157,5.767868,0.5910036,6.8732204,4.2846165,1.9588832,0.45718986,9.817882,3.845479,5.6768093,7.1302853,8.007054,9.091384,0.6741035580635071,4.2846165,0.56606746,4.882765,7.5776196,4.016429,0.53003836,18.267805,6.312323,10.859295,13.877401,14.69686,16.766245,0.6650615930557251,7.5776196,1.2229092,10.017898,5.402099,3.524524,0.652436,18.983698,4.209402,6.7827644,10.275156,13.272582,17.919588,1.6628371477127075,5.402099,0.9424402,11.095522,0.14755075,0.1676092,0.7611715,0.79313916,0.7611715,10.0524845,12.979719,0.7744763
atatj9a3,5.3660355,7.0223575,8.258655,9.133542,9.823248,10.910608,13.701249,3.3800583,5.6438394,2.5324376,0.4487083,11.8262205,5.954157,7.5394588,8.879739,9.656699,11.072346,0.020075440406799316,5.6438394,0.9592464,6.2192903,5.366536,1.7861818,0.33283702,9.412593,5.3787656,6.8042994,7.790619,8.11517,8.74337,0.0068832095712423325,5.366536,0.65430146,5.8959827,6.0955577,2.601765,0.42682967,13.701249,6.4013424,7.9949,9.474604,10.313229,11.597277,0.02024017833173275,6.0955577,1.0371779,9.548916,4.671824,1.591613,0.34068343,8.613066,4.658779,5.8182955,6.797174,7.327493,8.24837,0.07950889319181442,4.671824,0.5708495,4.8058987,0.025185626,0.13222654,0.92589384,1.1487025,0.92589384,11.010376,10.767382,1.0225676
y36ddfgs,4.698407,5.603051,6.4710493,7.2366114,7.6255765,8.470705,11.318942,1.7232065,4.4612365,0.93318,0.20917518,7.1261735,4.4455595,5.111371,5.698778,6.0015903,6.34272,-0.02401217259466648,4.4612365,0.349855,3.4055161,5.0231895,1.1029278,0.21956722,7.918912,4.9882827,5.7986164,6.4801164,6.9432516,7.477389,0.13843481242656708,5.0231895,0.44029146,3.1696205,4.964595,1.2822543,0.25827974,11.318942,4.771905,5.730437,6.6121297,7.3359714,8.709921,0.9719879031181335,4.964595,0.5914546,7.2394648,4.856615,1.615671,0.3326743,9.78949,4.7228374,5.787143,7.307063,7.919054,8.782906,0.5300686359405518,4.856615,0.74311596,6.199687,0.059250083,0.010994549,0.8986104,1.0342984,0.8986104,9.4844265,9.82121,0.96570855
3jonou9i,6.8163733,8.51289,9.818656,10.753882,11.37666,12.491452,14.270569,3.119854,6.849881,2.135519,0.31176,12.997238,6.5384655,8.192707,9.81416,11.019813,12.41408,0.5693120956420898,6.849881,0.755249,6.295521,7.6376214,2.171067,0.2842596,14.270569,7.148332,8.965748,10.765496,11.807969,13.522602,0.7554528713226318,7.6376214,0.8136387,8.181929,7.3889766,2.0982714,0.28397322,13.05988,7.668825,8.758328,9.765988,10.581818,12.2971,-0.27639245986938477,7.3889766,0.74494267,7.37716,6.526834,1.9328213,0.2961346,11.527808,6.1629934,8.1469755,9.239739,9.899541,10.7951975,0.3965802490711212,6.526834,0.7791536,6.793179,0.054373775,0.061954174,0.9270406,1.1701878,0.9270406,14.487503,13.915811,1.0410823
y4x41dnt,4.6478906,5.97807,9.581708,14.603839,17.886627,21.776676,24.214117,2.3445117,4.861268,2.401359,0.49397793,21.313753,4.414447,5.273913,6.3539553,9.194084,16.497366,3.297497510910034,4.861268,0.8454379,18.17196,5.161554,2.6402767,0.5115275,19.734425,4.688445,5.718532,8.047474,11.012406,15.626843,2.2583110332489014,5.161554,0.86894953,16.422632,6.3559027,3.5656753,0.5610022,22.176897,5.526759,7.144663,10.2906475,14.499612,20.42334,2.071561574935913,6.3559027,1.0038921,17.089228,6.3256927,5.0770836,0.8026131,24.214117,4.342246,5.9050784,14.603902,20.201233,23.025381,2.077011823654175,6.3256927,1.5899352,19.420786,0.029960208,0.002382194,0.76484305,0.8159666,0.76484305,10.022821,12.681595,0.79034394
cagrp2u4,5.672022,6.6536217,7.823517,9.00291,10.415501,14.365266,22.400785,1.8483105,5.7686605,1.9421468,0.33667204,18.720543,5.5816584,6.462713,7.7923813,8.996315,13.471098,1.8716974258422852,5.7686605,0.7969913,15.671473,5.872228,1.5917435,0.27106294,14.396286,5.764565,6.610951,7.6238546,8.248008,11.607142,1.0607174634933472,5.872228,0.7390075,12.571077,6.0609403,2.2371323,0.36910647,21.656246,5.6056523,6.8124266,7.933832,9.304396,16.24352,2.811685562133789,6.0609403,0.7716307,19.102213,6.0633917,2.2256198,0.36705855,22.400785,5.735557,6.7530084,7.8201776,9.161504,15.955767,2.8532180786132812,6.0633917,0.88473326,20.592764,0.008896882,0.00020219009,0.9517765,0.9684725,0.9517765,11.640888,12.124332,0.9601261
dtbh55rb,5.3987455,6.96155,8.310083,9.129324,9.730248,11.529245,14.166769,3.015009,4.648239,1.8337482,0.39450386,10.589588,4.443322,5.7815695,7.238698,8.00638,9.623932,0.640018880367279,4.648239,0.7601407,5.5356693,6.031118,1.7354107,0.2877428,10.104103,5.8690934,7.434961,8.337312,8.82718,9.611936,0.03237973153591156,6.031118,0.5650274,3.9181423,6.4190645,2.6494489,0.41274688,14.166769,6.1596413,8.273065,9.84146,11.02828,13.177381,0.4211064279079437,6.4190645,0.83091813,6.6756134,5.447848,1.712119,0.31427437,10.638609,5.588255,6.668537,7.5713334,8.134885,9.0723095,-0.1138572171330452,5.447848,0.7638986,7.88317,0.12949082,0.08184241,0.72413033,1.1070644,0.72413033,10.679358,11.866913,0.8999272
c76ub7l8,7.0063877,8.470937,9.7941885,10.948038,11.751773,12.994365,16.780125,3.0045795,6.7979984,2.1315997,0.31356284,12.989338,6.9396324,8.357147,9.481366,10.062038,11.405844,-0.03789617121219635,6.7979984,0.8899392,9.136374,6.3057346,1.3410256,0.21266763,11.506793,6.142721,7.224601,8.213506,8.646004,9.640937,0.4760274291038513,6.3057346,0.5675772,5.918125,7.7051063,2.9822896,0.38705367,15.921274,7.811211,9.827541,11.785587,12.788957,13.999318,0.05136047303676605,7.7051063,1.1142778,10.679635,7.175873,1.9835943,0.2764255,16.780125,7.3582096,8.541292,9.31358,9.97595,12.007952,0.16291691362857819,7.175873,0.8055611,10.475685,0.037566684,0.035564423,0.8822719,0.87874115,0.87874115,13.103733,14.88098,0.8805693
v1zocfi4,7.3116093,8.732457,9.972882,10.950858,11.747769,14.920771,22.255133,3.0277472,8.351629,2.152839,0.25777474,20.828028,8.216398,9.399013,10.45843,11.324598,17.176003,1.265465259552002,8.351629,0.94799364,16.531958,6.3063045,1.6071494,0.25484803,11.160018,6.3073,7.286609,8.420564,9.060412,10.163134,0.20537523925304413,6.3063045,0.6041855,4.313819,6.979434,2.841639,0.40714464,22.255133,6.939601,8.178854,9.499225,10.443369,17.822258,1.398637056350708,6.979434,1.1729258,18.22002,7.1593976,2.5669844,0.35854754,12.533873,7.47496,9.034616,10.487421,11.14416,12.00794,-0.23971305787563324,7.1593976,0.97109413,5.2277336,0.13953704,0.01272832,1.1966056,0.88084286,0.88084286,14.657934,14.138832,1.0367147
o6l1f90s,5.951953,8.091963,9.469115,10.1118,10.459724,11.105471,12.944646,4.165113,5.346799,2.2585616,0.4224138,10.252666,5.630209,7.026161,8.373453,9.043741,9.923403,0.07519908994436264,5.346799,0.90946025,6.4273415,6.0519114,2.7592049,0.45592287,11.091183,5.927739,8.618001,9.600258,10.226295,10.759353,-0.04052302986383438,6.0519114,0.99017566,8.285932,6.230032,2.5521417,0.40965146,12.944646,5.8834915,8.072522,9.975609,10.63,11.883315,0.45351719856262207,6.230032,0.8603138,7.3312182,6.5680704,2.2737546,0.34618303,11.272664,6.432171,8.46071,9.613596,10.186749,10.879828,0.11952654272317886,6.5680704,0.9065509,6.89901,0.061858967,0.026413169,0.85822976,0.9214139,0.85822976,11.39871,12.798102,0.8906563
9bp4m18o,3.0896413,4.3499784,5.2598834,5.698108,6.037463,6.610405,8.2339325,2.3074079,3.1688738,1.2666401,0.399713,6.2363987,2.8082888,4.227122,5.056046,5.4628134,6.059867,0.5442734360694885,3.1688738,0.45279402,4.310673,3.0685248,1.4090297,0.45918798,7.7008452,2.9460933,3.7854598,5.076121,5.7387013,6.9156733,0.6422551274299622,3.0685248,0.6399696,6.9632273,3.4426966,1.5423262,0.44799945,8.071073,3.3096194,4.710944,5.475582,5.866935,6.754089,0.28579801321029663,3.4426966,0.53243256,6.24555,3.215132,1.600676,0.497857,8.2339325,3.2903209,4.4194593,5.2932477,5.7209635,6.4989376,0.07259846478700638,3.215132,0.65546083,6.792864,0.01608827,0.03418,0.9204627,0.9544009,0.9204627,6.2373986,6.6578283,0.9368518
1bj9rm7p,5.366905,6.1347933,6.8062806,7.3118305,7.719405,8.300699,9.221233,1.4618354,5.865483,1.021079,0.17408268,9.221233,5.819145,6.498026,7.124414,7.7505646,8.718872,0.48771026730537415,5.865483,0.32750627,2.8624673,5.221229,0.99239486,0.1900692,8.632985,5.1105704,5.7989507,6.588837,7.079963,8.134903,0.7140504717826843,5.221229,0.52522635,4.643449,5.440942,1.2340677,0.22681141,8.874242,5.4327426,6.218933,7.1130085,7.575578,8.239404,0.09493330121040344,5.440942,0.38180405,3.0692768,5.189866,0.9408779,0.18129137,8.158319,5.1309276,5.8314857,6.4285064,6.860383,7.63674,0.3459821343421936,5.189866,0.411139,2.70643,0.058110442,0.023617748,1.0780271,1.0060431,1.0060431,11.086712,10.630808,1.0428852
yxdw2zcf,8.260376,9.634204,11.176708,12.1890745,12.863188,13.677269,15.139219,2.811212,8.260575,2.5472398,0.30836105,15.139219,8.028614,9.878028,11.741793,12.940731,14.399298,0.34797003865242004,8.260575,0.81040704,5.3661394,8.525829,1.6059918,0.18836781,12.542387,8.7073965,9.609882,10.447658,10.98518,11.92328,-0.27210158109664917,8.525829,0.7644965,6.5644126,7.8110228,2.4778645,0.31722665,13.863632,7.5220547,9.361367,11.522809,12.513073,13.449982,0.37699243426322937,7.8110228,0.8332881,8.488331,8.5795555,1.8011259,0.20993231,14.217471,8.469972,9.7059145,10.917159,11.719558,13.296833,0.3507339656352997,8.5795555,0.7866563,6.8452506,0.015801718,0.046888687,1.0575536,0.9937379,0.9937379,16.786404,16.39058,1.0241495
zw0ldalm,4.5326014,5.7250457,6.9088407,7.449842,7.7200303,8.449721,10.392923,2.1696475,4.80626,1.3882747,0.28884718,9.853924,4.4490347,5.4789877,7.123774,7.5829434,8.6940565,0.9743370413780212,4.80626,0.53094786,5.48117,5.209452,1.4505044,0.27843705,8.059339,5.032899,6.496848,7.307137,7.5598946,7.8552365,0.19554631412029266,5.209452,0.6605744,4.3529334,4.9891534,1.5226054,0.3051831,10.392923,4.9850693,6.001938,6.8598175,7.2950363,8.6747875,0.10032078623771667,4.9891534,0.6629109,8.117637,4.022943,1.5873176,0.39456627,10.242866,3.867003,5.1668496,6.107298,6.8847113,8.266702,0.5561463832855225,4.022943,0.7301078,8.285587,0.040255953,0.10721261,0.96334183,1.2949356,0.96334183,10.015713,9.012096,1.1113633
jegqtoam,10.414658,11.890902,13.155631,13.813308,14.169849,14.618041,18.084082,3.0990906,9.6377125,1.8090439,0.1877047,14.374021,9.817042,10.823927,11.658934,12.282582,13.4337845,-0.4500575661659241,9.6377125,0.6963652,7.1004,9.648989,2.0055137,0.20784703,14.2147875,9.681489,11.027955,12.351985,12.960195,13.652446,-0.14345069229602814,9.648989,0.8169822,6.522109,11.129099,2.7395015,0.24615663,18.084082,11.798484,13.306589,14.19737,14.50993,15.194787,-0.6317137479782104,11.129099,1.0013262,11.432431,10.450446,2.196726,0.21020405,15.314847,10.700764,12.075997,13.008852,13.492414,14.197618,-0.660679042339325,10.450446,0.876255,8.649895,0.0005846643,0.031448893,0.8659922,0.9233088,0.8659922,19.286701,21.579544,0.89374924
dvlnknd6,6.982715,9.978055,14.10884,16.247988,17.22608,19.074205,20.72311,4.8354874,6.4198728,2.452421,0.3820046,17.57143,5.8374414,7.183191,9.353328,11.866804,15.508734,1.7560844421386719,6.4198728,0.61059684,4.613168,6.0786624,2.3677695,0.38952148,15.199017,5.7458963,7.6563373,9.016146,10.304084,13.383362,0.9029808044433594,6.0786624,0.6910977,5.584091,8.196433,3.4822195,0.42484573,17.887226,7.32552,10.309107,13.66398,15.133927,16.916958,0.8460900783538818,8.196433,0.9884657,3.591852,10.614075,4.318705,0.40688476,20.72311,9.89888,13.904352,17.07482,18.481167,20.021265,0.4161044657230377,10.614075,1.2815224,9.713972,0.027300028,0.12852612,0.783252,0.5726983,0.5726983,12.498535,18.810509,0.66444427
69ugnekr,4.505806,5.7146626,7.0283885,7.770469,8.798567,14.751791,25.80954,2.2002273,4.846495,2.0298262,0.4188235,21.165874,4.535454,5.6271,6.966127,7.5095587,12.591353,2.567234992980957,4.846495,0.82071626,18.515343,5.152632,1.459105,0.28317663,11.821907,5.064623,6.2079287,7.135815,7.523239,8.355093,0.297149121761322,5.152632,0.62442553,9.267092,5.57848,3.2103639,0.57549083,25.80954,4.709424,6.349477,8.199116,10.884669,21.142303,3.0321240425109863,5.57848,1.0579638,22.696514,4.1507425,1.7049174,0.41074997,20.125374,3.8786669,5.0888467,6.0671163,6.654356,8.498816,2.4951064586639404,4.1507425,0.63905686,17.230347,0.03061638,0.14674732,0.8687842,1.241376,0.8687842,9.999127,9.729222,1.0277417
cpprcjiw,3.1932461,4.311331,5.1807837,5.722895,6.076669,6.6545653,7.386293,2.0776346,3.7523122,1.225375,0.32656533,6.905108,3.8496628,4.6328945,5.2168603,5.6062427,6.335494,-0.16489413380622864,3.7523122,0.347435,3.5916092,2.459654,0.74162024,0.30151403,4.9270377,2.4150372,2.9088168,3.4527164,3.7731144,4.5834756,0.6308184862136841,2.459654,0.3322421,2.2191596,4.45825,1.1397969,0.25566015,7.386293,4.423863,5.2061543,5.9856844,6.4991136,7.0778804,0.16553936898708344,4.45825,0.4930998,4.6852055,2.66616,1.0217273,0.38322055,6.831398,2.4043238,3.2555118,4.1932855,4.588012,5.5616345,0.8808643817901611,2.66616,0.3658239,4.0025434,0.2080916,0.2515422,0.84165585,0.92254555,0.84165585,6.2119665,7.12441,0.87192714
vhdk8lw2,10.487497,12.154493,14.08763,16.710512,19.344582,25.118166,34.533348,3.1803226,10.082392,2.353595,0.23343618,27.253426,9.635312,11.040281,12.640211,14.0549135,19.21766,2.330456495285034,10.082392,0.82860005,18.36953,11.48493,2.702155,0.23527832,27.157608,11.185874,12.9590025,14.280733,15.430708,21.888556,1.587836742401123,11.48493,1.1540592,18.673677,11.2799835,3.900246,0.345767,34.533348,10.5340805,12.621337,15.179629,18.495775,26.806683,2.135181427001953,11.2799835,1.1859646,28.171715,11.376867,3.7216873,0.3271276,33.77717,10.909487,12.140406,14.250671,19.02516,26.742249,2.5657341480255127,11.376867,1.2147536,27.269955,0.06503071,0.004276136,0.89383036,1.0094985,0.89383036,21.567322,22.65685,0.95191175
lm349el8,6.8107595,7.9312897,9.076255,9.806173,10.160712,11.140359,14.402129,2.2153645,7.2492642,1.250108,0.17244619,12.300496,7.13173,7.978587,8.964978,9.496568,10.56101,0.5410094261169434,7.2492642,0.5499967,6.7445,6.5450163,1.3709778,0.20946896,12.535168,6.205292,7.326556,8.584331,9.225455,10.207054,1.0218349695205688,6.5450163,0.52435374,6.3572965,7.452154,1.8836416,0.2527647,13.208942,7.4761434,8.9016485,9.985698,10.498955,11.6520405,0.08554882556200027,7.452154,0.7366616,7.430572,6.2069626,1.9150901,0.308539,14.402129,6.4098516,7.5348043,8.288243,8.8922415,11.696479,0.3492189943790436,6.2069626,0.69940346,7.366414,0.051053617,0.09116194,0.9727743,1.0544636,0.9727743,13.794281,13.659117,1.0098956
hl88kzru,4.0864563,5.0785155,5.9863896,6.467011,6.989947,7.758748,10.672854,2.1540098,4.0898566,1.4080211,0.3442715,8.23002,4.046486,4.9105797,6.035,6.5903153,7.5402875,0.27326881885528564,4.0898566,0.6073102,5.24271,3.8566613,1.6123662,0.41807306,8.382901,4.001964,4.8931146,5.724669,6.613784,7.8823647,0.16244596242904663,3.8566613,0.6166445,6.787683,4.2533264,1.4319255,0.33666015,10.672854,4.1768737,5.3012567,6.024606,6.39004,8.287833,0.5201154947280884,4.2533264,0.5381768,7.8702106,4.00862,1.561557,0.3895498,8.211783,4.119371,5.162879,5.9698853,6.4616976,7.722276,0.1151343286037445,4.00862,0.62803036,5.666459,0.029345596,0.029618524,0.9615666,0.9620921,0.9615666,7.946518,8.261946,0.9618216
in3oeuvt,4.693021,7.0984807,9.631563,11.054199,11.748047,12.450151,13.495728,4.0961256,5.5022683,2.5929582,0.4712526,13.495728,4.823099,6.955633,9.391392,10.812283,12.629732,0.920533299446106,5.5022683,0.7552584,4.833949,3.787703,1.624833,0.42897582,9.669091,3.3427405,4.731648,6.298408,7.0029826,8.37888,1.0144602060317993,3.787703,0.49141723,3.8676646,6.633738,2.7842357,0.41970843,13.353139,6.231661,8.462965,11.008493,12.007992,12.797813,0.4881022274494171,6.633738,0.8272285,4.0543566,5.0694666,3.2348914,0.6381128,12.357275,4.202751,7.542795,10.037571,11.013372,12.059874,0.5315926671028137,5.0694666,1.0661579,8.608526,0.18456088,0.13366179,0.8294371,0.7471601,0.7471601,9.289971,11.703205,0.7937972
yt8qzpky,4.6946006,6.599699,7.80769,8.343891,8.588512,9.3068495,11.968369,3.5468972,5.1317716,1.8290902,0.35642472,9.331592,5.0900736,6.58502,7.606045,8.027528,8.517144,-0.0456739105284214,5.1317716,0.72650695,5.56942,4.7166786,1.9817698,0.42016214,9.2046995,4.8522615,6.2880645,7.2483063,7.651153,8.560828,-0.13387946784496307,4.7166786,0.7181055,7.242404,5.828961,2.1463556,0.36822268,11.968369,5.9401793,7.661854,8.46842,9.007114,9.801083,-0.05097834765911102,5.828961,0.8089662,8.730112,3.7319496,2.205632,0.5910133,9.822673,3.2925315,5.0513306,7.105062,7.961811,9.253231,0.6436589360237122,3.7319496,0.6851193,6.6147256,0.04214805,0.21933177,0.8803922,1.2638645,0.8803922,9.84845,9.56091,1.0300745
32orwixz,5.4536266,6.705799,7.837598,8.611365,9.048748,9.798673,11.204399,2.353374,6.2896795,2.037645,0.32396644,11.204399,6.2873907,7.921621,9.006762,9.521787,10.400922,0.04209687188267708,6.2896795,0.7180688,5.1252146,5.272414,1.477109,0.28015798,8.395696,5.4933925,6.384222,7.0850477,7.3187804,7.7272487,-0.531025230884552,5.272414,0.58947617,6.4611387,5.6307073,1.5131626,0.268734,10.1978655,5.3996406,6.60534,7.8331203,8.363285,9.431061,0.5049943923950195,5.6307073,0.6038717,5.7844276,5.1026273,1.3391066,0.26243472,8.053958,5.0048018,6.1722126,6.94883,7.288994,7.848551,0.051473986357450485,5.1026273,0.604335,4.844674,0.087982796,0.049199995,1.1170319,1.0332744,1.0332744,11.562094,10.733335,1.0772135
2c9ros7y,8.008827,9.463707,10.779809,11.520119,12.076676,13.218849,16.159231,2.8218155,8.589612,1.6627474,0.19357654,12.644603,8.700352,9.725533,10.63575,11.069213,12.104475,-0.41531893610954285,8.589612,0.6424097,5.9171576,7.9709234,1.7768542,0.22291698,12.084551,7.847003,9.3003645,10.441707,11.0041,11.669525,0.13608163595199585,7.9709234,0.6943103,4.893072,8.932959,2.3229444,0.260042,16.159231,8.63527,10.662143,12.279934,13.104389,14.359897,0.34969112277030945,8.932959,0.883251,7.220707,7.2880406,1.5360785,0.210767,12.457433,6.9209013,8.18857,9.579487,10.328597,11.512618,0.7949630618095398,7.2880406,0.6513239,5.1399684,0.037359215,0.1014067,0.96156406,1.0936991,0.96156406,16.560535,16.220999,1.020932
t2m6twd1,6.586393,7.6625195,8.638235,9.265705,9.644771,10.49945,12.187977,2.2638512,6.4437447,1.5357318,0.23832908,11.250462,6.6067796,7.5626364,8.384638,8.839464,9.646329,-0.022070540115237236,6.4437447,0.5503853,5.274292,6.5405803,1.3045733,0.19945835,10.759696,6.359707,7.2850842,8.4041815,9.003331,10.233543,0.6166282296180725,6.5405803,0.51973987,5.55879,6.5562606,1.9837196,0.30256876,12.187977,6.661147,8.0665245,9.129325,9.649896,10.775757,0.022797321900725365,6.5562606,0.6514081,8.525413,6.6822066,1.5800933,0.2364628,11.753619,6.8199663,7.660078,8.55264,9.336621,10.998558,0.27069973945617676,6.6822066,0.6209361,4.6808047,0.0074578854,0.009513643,0.9828384,0.9788054,0.9788054,12.984325,13.238467,0.9808028
xmxb9yo1,9.028512,10.844221,13.591472,15.701764,19.473942,25.03014,35.150433,3.270172,9.3587475,2.814631,0.30074868,27.430828,8.950539,10.078472,11.395618,14.092677,21.600061,2.666058301925659,9.3587475,1.1102852,23.878042,9.892185,3.0890775,0.31227452,26.21138,9.213874,10.463593,12.333326,16.468029,23.10671,2.619407892227173,9.892185,1.3447392,20.835846,11.193186,4.118261,0.3679257,34.66323,11.494414,13.294411,14.79125,16.998507,26.605167,1.165622591972351,11.193186,1.4722134,30.853367,8.604043,4.1098657,0.4776668,35.150433,8.024555,9.565243,11.424503,15.763509,27.738646,2.8985018730163574,8.604043,1.372114,31.192066,0.027709708,0.13078308,0.8361111,1.1497136,0.8361111,19.250933,19.79723,0.9724054
8pajssuu,5.0505276,6.621175,8.692301,10.100867,10.941489,13.554077,15.957222,3.2663946,4.9799967,2.6874554,0.53965,14.927127,5.111661,6.218883,7.74033,9.62788,13.528704,0.4992977976799011,4.9799967,1.2217495,14.245814,6.315865,2.363902,0.37428,13.364605,6.536561,8.078266,9.330757,9.817956,10.6503105,-0.331206738948822,6.315865,1.0199881,12.7143955,4.8169556,3.768848,0.7824128,15.957222,4.313466,7.0467176,10.233132,11.79486,14.652427,0.6040294170379639,4.8169556,1.2186921,13.388137,4.658448,2.0990465,0.4505892,15.666383,4.607354,5.825717,6.797278,7.743729,12.090108,0.8841034770011902,4.658448,0.92401415,14.995846,0.11826175,0.016728295,1.0338473,1.3557873,1.0338473,11.295862,9.475404,1.1921246
qo1vsmad,5.1692476,6.3726234,8.131739,10.403728,12.927562,17.729052,25.12912,2.072938,5.7520814,1.5294393,0.2658932,10.10545,5.723112,6.7323866,7.8469114,8.486593,9.545786,0.37178516387939453,5.7520814,0.5524182,5.3474607,5.0150385,1.2223155,0.24373004,8.134757,4.8657413,5.80744,6.808471,7.229891,7.7412534,0.2720816731452942,5.0150385,0.46392706,2.4269047,7.6608973,4.1364436,0.53994244,25.12912,5.850012,9.064898,13.949818,17.053202,22.011303,1.682041049003601,7.6608973,1.2551497,20.379267,4.772436,1.3259572,0.27783656,14.20789,4.4924173,5.344957,6.206022,6.9194274,9.616015,2.128337860107422,4.772436,0.4708207,9.576319,0.06845311,0.23231591,0.7508365,1.0508341,0.7508365,10.76712,12.433333,0.86598825
o8e7flqh,7.792076,9.588522,11.229296,12.270457,12.85381,13.874797,14.975695,3.6179,8.697419,2.6191301,0.30113876,14.975695,8.553974,10.484756,12.57446,13.41311,14.50048,0.3298298716545105,8.697419,1.0197003,9.575228,7.7549973,2.6573944,0.34266865,14.010384,8.039269,9.878479,11.161236,12.024561,13.012285,0.014996498823165894,7.7549973,1.1480105,9.135763,8.118259,2.0887408,0.25728923,13.688154,8.083605,9.323288,10.86128,11.836073,13.051743,0.08948135375976562,8.118259,0.8762974,10.066738,7.1474304,2.1230972,0.2970434,12.983333,6.678975,8.767393,10.21113,11.18472,12.340003,0.5828428268432617,7.1474304,0.7975415,8.5737505,0.057281677,0.06359549,1.0713404,1.0850049,1.0713404,16.452415,15.26569,1.077738
rrpzlk3e,6.514096,7.694733,8.778218,9.330364,9.7208395,10.217598,16.37056,2.12036,6.9515996,1.749571,0.2516789,11.414022,6.690339,8.495758,9.542436,9.846453,10.270939,0.30323517322540283,6.9515996,0.6661248,5.889354,6.580752,1.4492046,0.22021869,9.741226,6.545913,7.649121,8.654733,9.002594,9.552499,0.03185662254691124,6.580752,0.5881418,5.692672,6.874953,1.5052035,0.2189402,16.37056,6.6179037,7.6637464,8.633731,9.267146,12.092294,1.6490989923477173,6.874953,0.60574913,9.965494,6.3303704,1.3605725,0.21492778,11.464084,6.358012,7.305058,8.149187,8.496109,8.953567,-0.11512473225593567,6.3303704,0.64192337,6.006474,0.027404528,0.041239608,1.0111487,1.0395525,1.0111487,13.5323515,13.205323,1.0247649
4xyf9igf,5.237249,6.5219846,8.362753,9.306919,9.834162,10.899786,12.471487,2.501536,6.108676,1.6416792,0.2687455,10.941344,5.964066,6.8640814,8.682289,9.309154,9.951574,0.4351370632648468,6.108676,0.7053138,4.130503,4.490773,1.377533,0.30674738,8.944801,4.453519,5.403876,6.296571,6.936252,8.017373,0.40788426995277405,4.490773,0.64349765,3.8132477,6.079959,2.2952697,0.377514,12.471487,5.3939586,7.2663565,9.853768,10.676096,12.051297,0.9224576354026794,6.079959,0.8802158,6.924321,5.0322742,1.9264939,0.38282767,10.032923,4.80873,6.5088644,7.7716985,8.583655,9.327888,0.38306888937950134,5.0322742,0.69978946,5.204372,0.15264027,0.0942821,1.0047232,0.89239436,0.89239436,10.599449,11.112233,0.9538541
u8iogxpb,3.8916774,5.099363,7.407815,12.064646,15.504819,19.315987,23.01491,2.673094,5.1542163,3.0634625,0.5943605,21.218962,4.6543427,5.6235976,8.054775,11.577797,17.729153,2.280914783477783,5.1542163,0.99629736,17.46379,3.0846057,1.5314534,0.4964827,6.958237,2.9954202,4.2748475,5.1469884,5.5229425,6.2775736,0.20184136927127838,3.0846057,0.561313,4.7910314,6.1857553,4.991643,0.8069577,23.01491,4.215109,6.492204,15.1462,18.667248,21.672024,1.7561333179473877,6.1857553,1.3957459,20.113121,3.3705938,2.2361183,0.6634197,17.705765,3.0459208,4.4147367,5.5119567,6.9285808,12.367649,2.03210186958313,3.3705938,0.8386505,13.003572,0.25120226,0.29458547,0.8332396,0.915152,0.8332396,8.238822,9.556349,0.86213076
whvnzh13,3.6798744,4.657114,5.6588717,6.320712,7.015848,8.651123,11.311558,2.244485,3.8913538,1.7503496,0.4498048,9.745943,4.004424,5.1217365,5.996781,6.550854,8.581969,0.23940551280975342,3.8913538,0.69515496,8.3748,3.53888,1.6107298,0.45515242,8.826694,3.7753057,4.6291475,5.313779,6.057276,7.0245395,-0.2576368451118469,3.53888,0.70934606,7.446447,3.3995948,2.1565537,0.63435614,11.311558,3.4964628,4.5161285,5.669432,6.9818377,9.973488,0.4431881308555603,3.3995948,1.0053725,11.939859,3.4130151,1.657354,0.4855982,9.792394,3.4900482,4.47127,5.525276,5.988306,7.7695236,0.10413303226232529,3.4130151,0.8354331,9.92867,0.047437772,0.001969927,1.1446522,1.036878,1.036878,7.430234,6.8126097,1.090659
cd5glqj5,7.7737293,9.453838,14.23179,17.441166,19.232399,24.456816,31.734116,2.7224264,8.464938,2.3769233,0.2807963,19.292984,7.903973,9.237037,11.180429,13.686937,17.321272,1.8613337278366089,8.464938,0.80417955,13.565607,8.082324,3.147828,0.38947067,18.838264,6.7830286,9.0931,13.185234,15.654143,17.619211,1.5698482990264893,8.082324,1.0603827,12.571754,8.694005,2.6452796,0.30426478,18.636866,7.9316926,9.311811,12.426425,14.464992,17.890171,1.627375841140747,8.694005,0.6558657,11.870348,10.290232,5.4577675,0.53038335,31.734116,7.87804,12.022802,19.196188,22.974539,28.71685,1.660683512687683,10.290232,1.6631691,24.78608,0.023122504,0.08408169,0.9736523,0.7854366,0.7854366,16.547262,18.984238,0.8716316
sxvwvm4w,7.8444653,9.292948,10.50971,11.341142,12.039833,13.113949,15.601031,3.0982747,7.9411383,2.3519824,0.29617697,14.298028,7.909047,9.418513,11.014397,12.122132,13.701408,0.2322816252708435,7.9411383,0.7723545,7.239828,7.2061033,1.7995061,0.24971971,13.122983,7.0427194,8.283794,9.443294,10.502208,12.364855,0.6526429057121277,7.2061033,0.7124914,8.069698,8.438646,1.9081676,0.22612248,15.601031,8.676533,9.794098,10.615759,11.078841,12.944374,-0.12039028853178024,8.438646,0.8565032,8.88048,7.466571,2.4668663,0.3303881,13.918487,7.755092,9.195474,10.434453,11.196707,12.642127,-0.21450938284397125,7.466571,1.1323768,7.9076853,0.048525993,0.061116766,0.9410441,0.9651155,0.9410441,15.147242,15.905217,0.95234424
3zkwdeek,7.721836,9.455871,12.476457,17.290724,20.721748,26.398523,31.49016,3.3155794,11.678234,5.3290143,0.45632023,31.49016,9.798355,12.893358,19.78915,24.092989,29.322994,1.6822956800460815,11.678234,1.6269884,23.67648,6.7576222,1.6668898,0.24666809,10.385173,6.6351337,8.1172905,9.137675,9.454456,9.718909,0.047805365175008774,6.7576222,0.66672295,4.2123437,9.307221,3.6365545,0.39072397,27.64718,8.521729,10.070702,12.8671665,17.063093,25.142742,2.347560167312622,9.307221,0.9594911,20.06168,6.2741976,1.6298695,0.25977337,11.605174,6.202254,7.437224,8.370473,8.983488,10.212275,0.22557954490184784,6.2741976,0.5731797,5.23267,0.26690444,0.19465646,1.2547498,1.0770496,1.0770496,18.435856,15.581419,1.1831949
gyspengw,9.310423,10.567531,11.771922,13.224717,16.128479,22.662018,36.484592,2.9224296,8.746579,2.4621165,0.2814948,23.219543,9.243326,10.2047825,11.365145,12.036816,14.437412,0.23086895048618317,8.746579,1.00829,16.754442,9.800913,2.0069468,0.20477141,16.553637,9.974361,11.194737,12.108332,12.962173,14.237382,-0.12460798025131226,9.800913,0.7733489,10.498802,9.907126,4.191651,0.4230945,36.484592,9.674611,10.682177,12.060105,17.331648,28.123718,2.649017095565796,9.907126,1.6362803,31.944187,8.794153,3.6066375,0.41011766,29.694744,8.608915,10.210682,11.519695,14.727428,23.320131,1.684341311454773,8.794153,1.6230661,25.941065,0.056845076,0.059513215,0.8828573,1.1144806,0.8828573,18.547493,18.701279,0.9917767
yx9trflq,9.275837,10.751162,12.357504,15.435023,18.838531,26.983797,39.111164,2.6942558,10.04918,2.925994,0.29116744,31.2386,9.571819,10.912981,12.226986,14.682603,22.920202,3.0374155044555664,10.04918,1.2054284,25.142776,9.26486,2.3822923,0.25713202,28.101936,8.725582,9.642526,11.539311,12.784868,19.004885,3.3282415866851807,9.26486,0.9887956,22.607468,10.532126,4.645362,0.4410659,38.039883,9.79287,11.30415,14.708876,20.087852,30.151268,2.5153558254241943,10.532126,1.5681211,33.23974,9.6072035,3.8517745,0.40092567,39.111164,9.122216,10.642784,11.93179,13.62374,28.764225,3.6054844856262207,9.6072035,1.3765396,34.13815,0.040608793,0.045926202,0.95414543,0.96436596,0.95414543,19.314041,20.13933,0.95902103
bmae38sr,2.798874,4.0212913,5.070805,5.686648,6.092724,7.010605,8.935873,2.276176,3.4152565,1.2015153,0.35180822,6.1556306,3.290855,4.2298636,5.0621147,5.5407577,5.975369,0.09763326495885849,3.4152565,0.45416164,4.4042673,1.9406984,1.2059867,0.62141895,6.223497,1.5617714,2.4257731,3.7044065,4.721983,5.6583214,1.430077314376831,1.9406984,0.45771238,4.1924343,3.895531,1.5219471,0.39069057,8.935873,3.7280648,4.8461385,6.0362506,6.5815,8.070978,0.5738415122032166,3.895531,0.6808274,6.9603324,2.4971325,1.4146676,0.5665168,7.908562,2.1582153,3.3457677,4.517141,5.1076,6.784422,0.9757547974586487,2.4971325,0.5295847,5.628897,0.2753119,0.2187505,0.8767114,0.7771708,0.7771708,5.355955,6.3926635,0.8378284
yo4rcb1k,4.999857,6.780651,8.337392,9.216394,10.00764,11.379357,13.000661,3.2197208,5.298007,2.1100416,0.39827082,12.25673,5.0079226,6.6311736,8.141813,9.090998,11.080173,0.6252323389053345,5.298007,0.79721284,6.1961265,4.5622144,1.5305295,0.33547953,9.495466,4.243222,5.734781,6.7886205,7.289023,8.22179,0.601966917514801,4.5622144,0.740729,6.1870584,6.096561,2.2425451,0.36783773,13.000661,5.8165207,7.383624,9.233698,10.502956,12.322136,0.7685462832450867,6.096561,0.77282023,6.408227,5.247971,2.291675,0.4366783,11.197342,4.748061,7.2294564,8.62939,9.02273,10.288363,0.43655577301979065,5.247971,1.01502,7.062233,0.07462232,0.07480167,0.8690157,0.86932915,0.8690157,9.860222,11.344532,0.8691608
jtgq01te,6.5070972,7.708906,9.8189125,12.508216,16.199053,21.979439,26.980032,2.1660056,6.501667,2.009214,0.3090306,20.211113,6.2382812,7.0293565,8.139445,9.607149,15.614494,2.885378122329712,6.501667,0.6943382,15.49763,6.5357766,1.5870969,0.24283218,17.705107,6.469093,7.365481,8.312769,8.909355,10.69286,1.4236019849777222,6.5357766,0.71850365,14.387816,8.225083,4.6783257,0.56878763,26.980032,6.575612,8.486317,14.877684,20.436481,24.82063,2.154013156890869,8.225083,1.6303272,25.379642,7.4103093,2.8893795,0.38991347,24.099205,6.8162823,8.62739,10.528567,11.492614,19.855433,2.153400182723999,7.4103093,1.1013799,22.045399,0.0026162793,0.052110877,0.7904682,0.8819843,0.7904682,13.037443,15.635393,0.83384174
e13n3bzt,8.693125,13.117917,24.352692,30.383762,33.582924,38.00719,44.803997,6.1298766,12.5101795,6.4703817,0.51720935,36.536716,9.887778,13.494652,23.427507,27.975727,34.3406,1.737099051475525,12.5101795,1.6285434,21.791384,8.016022,3.1846876,0.3972903,21.283367,7.418398,9.464201,12.397329,14.971647,18.977451,1.342007040977478,8.016022,0.7549098,6.631134,16.683277,10.127668,0.60705507,44.803997,12.71324,24.425964,32.788963,35.81374,41.62176,0.8082478642463684,16.683277,2.736212,36.250374,9.391884,7.062909,0.7520226,44.033455,7.176243,9.112103,19.144974,25.09019,37.773746,2.334336280822754,9.391884,1.5808591,36.633953,0.21894737,0.27962986,0.74986345,0.8535052,0.74986345,20.526201,26.075161,0.78719366
9d31k9qm,6.4034367,7.7232156,9.542083,11.321234,12.8010645,16.090261,22.355282,2.1741576,6.3889375,1.2645034,0.19792075,13.052807,6.2505207,7.2031674,7.9785757,8.463365,10.071552,0.8280623555183411,6.3889375,0.5913752,8.992006,6.8663807,1.5579771,0.22689931,12.271816,6.5624166,7.944449,9.047299,9.643608,10.45563,0.5301073789596558,6.8663807,0.5967474,7.2256904,6.7540145,2.0612993,0.30519617,14.677157,6.4486604,7.973022,9.427192,10.343484,13.146927,0.7945826649665833,6.7540145,0.7155989,8.848116,7.7384644,3.212385,0.41511917,22.355282,6.455261,8.71497,12.248475,14.523077,19.268906,1.8342442512512207,7.7384644,1.1451017,15.479898,0.036018994,0.06792833,0.94594663,0.8873053,0.8873053,13.255318,14.492479,0.9146342
3p91i3vm,7.281825,8.84067,10.299435,11.025466,11.362405,11.9249115,13.380607,2.7755227,7.100228,1.5161958,0.21354185,12.250107,6.811285,8.1449,9.450388,9.897665,10.737615,0.5997399091720581,7.100228,0.72271025,6.32702,8.03589,2.2206535,0.27634197,12.359253,7.9488454,9.8818035,11.144914,11.507119,12.108684,0.0029477786738425493,8.03589,0.89318544,5.865874,7.829206,1.9846325,0.2534909,13.380607,7.523907,9.297185,10.666717,11.337653,12.220155,0.3945111334323883,7.829206,0.69556755,7.077497,7.4399557,1.6673864,0.2241124,13.301377,7.1619997,8.495202,9.818742,10.66845,11.557017,0.582088053226471,7.4399557,0.70508856,8.050986,0.0618165,0.025492577,0.9068899,1.0800991,0.9068899,15.136118,15.269161,0.9912868
zwffhhcm,10.195274,11.545769,13.225841,14.670099,16.86171,23.319155,31.469606,2.4811554,10.39375,2.5103803,0.24152786,24.936028,10.075062,11.512323,13.488177,14.66755,18.724403,1.3037189245224,10.39375,1.0570296,18.752075,9.697841,1.9744979,0.2036018,23.285635,9.583977,10.625686,11.520702,12.773206,15.789545,1.5144081115722656,9.697841,0.91315347,17.30727,10.637655,3.7520852,0.3527173,31.469606,10.099922,11.307619,12.882725,17.73932,27.10332,2.359630584716797,10.637655,1.2685704,25.969711,11.1071,2.9022753,0.26129913,30.29081,10.79768,12.3227005,13.499396,14.780105,23.665634,2.26302170753479,11.1071,1.1526229,23.980684,0.034636855,0.02158885,0.9770715,0.8731209,0.8731209,20.09159,21.744755,0.92397416
ktlzkj49,5.2110972,6.188324,7.2221165,7.9378004,8.354736,9.235819,12.037954,1.7858329,5.282907,1.2472649,0.23609442,12.037954,5.1638985,5.8628283,6.7988243,7.645691,9.16173,1.1084843873977661,5.282907,0.49537742,7.73678,5.406941,1.4692128,0.27172717,11.529987,5.159525,6.3687906,7.221189,7.874466,9.934336,0.7931865453720093,5.406941,0.6853784,7.6136456,5.615487,1.5228729,0.2711916,9.551481,5.587169,6.5874195,7.722916,8.232912,8.9358635,0.14747744798660278,5.615487,0.62796825,5.52642,5.217408,1.2988962,0.2489543,9.655624,5.03743,5.990486,6.925874,7.5476317,9.078435,0.6601930856704712,5.217408,0.5755942,6.84521,0.011602964,0.036747232,0.9407745,1.036327,0.9407745,10.689848,10.832895,0.98679507
yd82795e,7.4167576,8.92784,10.661253,12.238491,13.231406,14.596796,16.00771,2.7580032,7.166587,1.5318365,0.21374701,13.360427,7.0234184,8.148232,9.139558,9.811,11.058329,0.5085200071334839,7.166587,0.54058754,8.274002,6.5335665,1.6772747,0.25671655,15.214096,6.1595683,7.422854,8.804483,9.521073,12.489164,1.4079240560531616,6.5335665,0.5916875,10.175274,7.2627573,1.512148,0.20820577,13.142974,7.1243725,8.239754,9.240617,9.834717,11.421084,0.47705766558647156,7.2627573,0.5370173,5.5227165,9.46185,2.4479377,0.2587166,16.00771,9.201033,10.932587,13.137179,13.995298,15.169218,0.411691278219223,9.46185,0.87266934,6.973151,0.046205353,0.13148846,0.9867584,0.69051677,0.69051677,13.700153,16.724607,0.8191614
5iz31yru,6.7891145,8.144012,9.536978,10.734464,11.734195,17.098473,29.13089,2.8062153,6.410628,2.4952369,0.3892344,20.9085,6.274699,7.5464582,9.452589,10.824058,14.503234,1.162064552307129,6.410628,0.82085776,15.156103,6.462744,1.7222747,0.26649278,15.855801,6.4347157,7.490205,8.803986,9.1943,10.13601,0.35076287388801575,6.462744,0.6937368,9.516186,7.993033,3.3354995,0.41730085,29.13089,7.602378,9.231577,10.754155,12.562568,22.695381,2.557375907897949,7.993033,1.2432711,23.855055,6.98172,2.4368517,0.34903315,25.350416,7.103079,8.034951,8.994022,9.885542,16.146381,1.9614663124084473,6.98172,1.020401,19.992603,0.004048387,0.067534536,0.8020269,0.9256665,0.8020269,12.873372,14.974752,0.8596718
joqw5dsk,5.264463,6.4858027,8.514113,10.308951,11.749456,14.020046,17.043749,1.9303517,4.8078775,0.9125755,0.18980838,8.592191,4.7622595,5.2284427,5.9363055,6.4976587,7.691698,0.7219027876853943,4.8078775,0.2712425,2.7757256,5.2250667,0.9768576,0.186956,8.503711,5.235445,5.7912827,6.3853855,6.9022107,7.8711114,0.1066565215587616,5.2250667,0.30891567,2.619433,5.489506,1.1872443,0.21627526,9.850838,5.3385224,6.2627716,6.9794283,7.57599,9.208057,0.7287098169326782,5.489506,0.3739543,2.9877095,7.467337,2.949448,0.3949799,17.043749,7.023885,9.148056,11.740355,13.192812,15.575572,0.7955641150474548,7.467337,0.8835693,8.923666,0.041581925,0.15264763,0.87583065,0.6997229,0.6997229,10.032944,12.956842,0.77433556
7n8la100,4.3303204,5.668822,9.371526,11.913865,13.234066,14.850645,17.211208,2.4166656,6.313781,3.2028906,0.5072857,15.86665,4.8731856,7.7949104,11.913299,13.429308,14.871209,1.2701797485351562,6.313781,1.0688051,10.31217,4.3169856,2.778281,0.64356965,16.990232,3.6189196,5.1556473,7.470002,10.67455,14.518146,1.8426371812820435,4.3169856,0.9048029,11.706995,5.0863504,2.4943218,0.4903952,15.488645,4.48594,5.661024,8.720226,10.549367,13.682577,1.6163591146469116,5.0863504,0.65205103,4.9860654,4.4288006,2.6412725,0.59638554,17.211208,3.7921586,5.143714,6.846109,10.181579,15.433594,2.255964517593384,4.4288006,0.63267964,10.931601,0.18783173,0.069105566,1.2413185,0.9747528,0.9747528,10.630766,9.515151,1.1172462
qxmcthph,5.5406747,7.687541,9.942892,11.133244,11.771965,12.716507,15.03773,3.5758667,6.07527,1.9742622,0.324967,12.199449,5.7070484,7.1877947,9.054889,10.0072,11.47495,0.8347027897834778,6.07527,0.80842847,7.919107,6.5074487,2.7553556,0.42341566,12.838921,5.694977,8.764222,10.821586,11.51229,12.173888,0.5354812145233154,6.5074487,1.2289507,9.584271,6.325964,2.6281369,0.4154524,13.355343,5.884345,8.312069,10.08917,11.109606,12.442132,0.3556697964668274,6.325964,0.8252715,9.521556,5.4284697,3.0541232,0.5626122,15.03773,4.7774935,7.147916,9.573131,11.955769,13.958351,0.889887273311615,5.4284697,0.9513768,9.630125,0.034346987,0.076353684,0.96037066,1.198763,0.96037066,12.582719,11.754434,1.0704658
j3muurmy,5.634001,6.746591,7.8558826,8.860971,9.631332,12.28955,17.952345,2.1991887,6.0072355,1.6408225,0.27314103,10.595498,5.955104,7.13612,8.299067,8.889164,9.596199,0.21087655425071716,6.0072355,0.5892082,7.461153,5.3166385,1.2120721,0.22797716,7.979962,5.297863,6.221769,7.0190344,7.340502,7.782446,-0.00556696392595768,5.3166385,0.48145837,5.194997,5.8138084,2.0753915,0.35697624,17.952345,5.4732494,6.5761185,7.9694963,9.959889,13.493221,1.7823387384414673,5.8138084,0.7369687,15.118584,5.8958654,1.9073004,0.32349795,14.234355,5.68814,6.8654428,7.8886766,9.332674,12.600375,1.2868831157684326,5.8958654,0.6855966,10.833815,0.060985938,0.0070076245,1.0332702,0.90175706,0.90175706,11.3238735,11.709674,0.9670529
bd2qe4pa,6.6088285,7.5616493,8.474161,9.068523,9.418474,9.997135,10.92604,1.8614426,7.2090044,1.3737715,0.19056328,10.92604,6.978201,8.071609,9.227951,9.828582,10.526769,0.3969133198261261,7.2090044,0.6057076,5.4660673,6.57106,1.3192059,0.20075998,9.991012,6.555085,7.565986,8.289005,8.6640415,9.536697,0.16564951837062836,6.57106,0.50278205,4.4712334,6.0806046,1.4433187,0.23736435,10.4999075,5.9401917,7.0511703,8.022328,8.67442,9.527805,0.2983590364456177,6.0806046,0.6150498,5.6737814,6.704368,1.0829184,0.16152431,9.594982,6.6301346,7.460787,8.187552,8.573112,9.265079,0.28261128067970276,6.704368,0.43397224,3.6636572,0.04629472,0.048788805,1.1855736,0.98011625,0.98011625,13.780065,12.784973,1.0778329
8hyexf7j,5.3043804,6.5820146,8.253996,11.442815,14.196809,18.005495,22.578867,2.6626935,5.6499996,1.9955816,0.35320032,15.732699,5.460608,6.5393453,7.819357,9.307859,12.996144,1.3484193086624146,5.6499996,0.6849814,9.532237,3.2459457,1.2735416,0.39234838,8.087438,2.936535,3.882998,4.966178,5.729748,7.059946,1.1441481113433838,3.2459457,0.40270638,2.6202993,7.9183784,3.9676952,0.5010742,22.578867,6.4961343,8.026577,14.715431,17.649721,20.355276,1.7327529191970825,7.9183784,1.1238703,16.1582,5.449664,2.0434413,0.37496647,17.492792,5.2658453,6.3357606,7.457776,8.821818,13.82922,1.7784295082092285,5.449664,0.6358239,10.027496,0.27024153,0.18467283,0.7135299,0.5956231,0.5956231,8.895946,13.368042,0.6654636
xjn6fokz,5.272872,6.0984907,7.334255,9.067334,10.8448715,13.975525,17.98937,1.6755958,5.322397,1.3261799,0.24916965,12.735223,5.387188,6.0777645,6.8207984,7.297874,9.018605,0.4282281994819641,5.322397,0.5587949,9.509227,5.326503,1.002613,0.188231,12.905485,5.2846594,5.725041,6.384384,7.0041995,8.543826,1.8210723400115967,5.326503,0.41738826,9.442425,6.1198854,2.182965,0.3567003,15.715151,5.8722744,6.6218023,8.491646,10.874249,13.983081,1.4198349714279175,6.1198854,0.7831418,13.673466,5.356103,2.588338,0.4832502,17.98937,4.673468,5.6228366,8.419791,11.195407,16.025507,2.303896427154541,5.356103,1.1025485,16.017965,0.00038553917,0.06655484,0.86968905,0.9944736,0.86968905,10.6489,11.475988,0.9279288
ixzareiy,6.619204,8.360919,10.111327,11.642254,12.6011095,13.674643,16.214903,3.3787212,5.7182784,2.3471196,0.41045913,13.848628,5.492777,7.7781987,8.726183,9.334534,11.390145,0.3890851140022278,5.7182784,0.9787191,8.073437,6.7622423,2.4869065,0.36776358,13.720931,6.5472465,8.176136,10.390339,11.737396,13.20665,0.5191867351531982,6.7622423,1.2089015,10.79558,7.8271637,2.9713519,0.37962052,16.214903,7.1293216,9.681001,12.5178175,13.484462,15.311505,0.5899946689605713,7.8271637,1.3415891,12.287398,7.046129,1.9526156,0.2771189,12.972466,6.922984,8.442859,9.536765,10.423341,11.824859,0.2754423916339874,7.046129,1.0258791,9.034853,0.08364747,0.052512545,0.7305684,0.95971024,0.7305684,12.48052,14.873293,0.8391229
az39pecn,4.9317293,7.903006,11.686846,13.696064,14.464467,15.518955,17.331417,4.0117416,6.1214933,2.7124107,0.44309625,15.86751,4.9317293,7.554321,10.301178,12.049863,14.324444,1.337499737739563,6.1214933,0.6598032,5.8397436,4.2107058,1.1518002,0.27354088,8.004705,4.051062,4.7667603,5.941101,6.5044355,7.4803805,0.8573724031448364,4.2107058,0.3119198,1.8577662,8.296191,4.1578803,0.5011794,17.331417,7.719086,11.826664,14.462644,15.374909,16.546494,0.3298262357711792,8.296191,1.3982366,12.985661,6.025865,3.0533211,0.50670254,15.472712,5.0763783,7.798751,10.605401,12.710942,14.71234,1.0718457698822021,6.025865,0.83330494,11.160484,0.18493523,0.15851957,0.7378679,0.698772,0.698772,10.332199,14.322056,0.72141874
0dl5e11e,9.684006,11.18224,12.409988,13.086021,13.671235,14.864654,17.341549,3.1937847,9.505863,1.9824486,0.20855008,14.150534,9.599048,10.947109,12.054393,12.671779,13.623218,-0.2647092044353485,9.505863,0.7315118,7.02601,10.129457,2.335118,0.23052746,14.858585,10.426083,11.992776,12.993839,13.574251,14.362973,-0.27599039673805237,10.129457,0.9045747,5.708516,9.677126,2.2848318,0.23610644,16.987988,9.60833,11.279669,12.511517,13.308845,15.346998,0.17944027483463287,9.677126,0.9585978,8.999762,9.229998,2.4240446,0.2626268,17.341549,9.341244,10.906271,12.130997,12.826219,15.388842,0.16116920113563538,9.229998,0.8736011,10.635629,0.031758804,0.023648668,0.9823023,1.0974497,0.9823023,19.63532,18.907124,1.0385144
9ftaxp0w,7.7168937,9.906065,11.480027,12.511179,12.951435,13.584444,14.687208,4.7925196,7.356304,2.2069218,0.30000415,14.169862,7.4795885,9.228134,10.157585,10.582664,11.474996,0.04470810294151306,7.356304,0.8088548,10.354873,7.6871204,2.662485,0.3463566,14.080057,7.995981,9.536738,11.104439,11.879197,13.013513,-0.10903449356555939,7.6871204,1.1385599,10.838095,7.407389,2.985837,0.403089,14.687208,6.664546,10.168936,11.390393,12.180174,12.950145,0.23603206872940063,7.407389,1.0329682,10.504403,8.194873,3.2363517,0.39492399,14.461038,8.130646,11.013191,12.79022,13.290322,13.877146,0.0795939639210701,8.194873,1.2074049,8.3692875,0.021990756,0.050472405,0.9931035,0.93804026,0.93804026,15.043425,15.6022625,0.96418226
foy4dd1v,5.7763963,7.1696706,9.616252,11.33572,12.643232,14.984758,17.755865,2.56112,6.84121,2.3554697,0.34430602,16.19431,6.1684837,8.324313,10.0452585,11.290429,13.994312,1.064469814300537,6.84121,0.62951297,4.312168,5.232447,3.1536987,0.60271966,17.507982,4.2730846,5.7774835,9.8255205,12.6367855,15.691115,1.7312361001968384,5.232447,0.92041576,8.60956,6.2390227,2.1777375,0.34905106,16.122736,5.6878543,7.1609364,9.221387,10.500143,13.934688,1.4522838592529297,6.2390227,0.52894926,5.8094187,6.3704557,2.2774692,0.3575049,17.755865,6.0877,7.0043626,8.660618,10.955876,15.395023,1.9073048830032349,6.3704557,0.6367321,5.689196,0.13324569,0.01042335,1.0965195,0.8213615,0.8213615,12.073657,12.609478,0.9575065
n8lfjdtv,9.021124,11.392743,20.340673,28.269156,32.015438,36.506927,39.81821,4.2798553,12.102109,6.2823043,0.51910824,39.81821,10.153108,12.610565,20.069942,27.501415,36.531628,2.26332950592041,12.102109,1.6412125,30.840218,7.348882,2.9336665,0.399199,24.872261,6.952332,8.306878,9.561351,12.718149,19.969849,2.4362597465515137,7.348882,0.95630485,18.85451,15.199182,8.773434,0.5772307,39.369793,11.185985,19.009434,31.17739,34.73729,38.0688,1.2973836660385132,15.199182,2.1367953,29.30458,8.933119,5.518859,0.61779755,37.57688,7.876252,9.598154,14.073644,21.699776,31.656246,2.5734879970550537,8.933119,1.3702041,27.87454,0.24436939,0.25965458,0.79623425,0.8226558,0.79623425,19.45099,24.132301,0.8060147
v2y4xkss,5.60596,6.980033,8.219281,8.940867,9.370334,10.164466,11.170687,3.2271523,4.2610497,2.2391386,0.5254899,9.771626,4.5379252,5.7474303,6.974779,7.7754145,8.99433,-0.26540759205818176,4.2610497,0.87666714,8.470646,5.4988,2.107867,0.3833322,9.165476,6.053499,6.96468,7.6747394,8.00535,8.836784,-0.9730002284049988,5.4988,1.1276969,7.5458584,5.6326294,3.0083785,0.53409845,10.8338585,6.3190255,7.965798,9.026377,9.541946,10.462204,-0.6072762608528137,5.6326294,1.1394858,10.298466,5.5260396,2.5079422,0.4538408,11.170687,5.912421,7.087899,8.3681135,9.250267,10.414757,-0.6122519373893738,5.5260396,1.1631941,10.900843,0.12682061,0.009552197,0.75649387,0.99507064,0.75649387,9.75985,11.1586685,0.87464285
0kb68rer,6.943675,8.030338,9.411654,12.855215,15.501062,20.322561,28.054258,2.1301436,7.1830087,2.21936,0.3089736,19.769407,7.0204043,8.438339,9.404611,10.449835,15.190233,1.3272948265075684,7.1830087,0.7520516,16.033995,6.7038364,1.7183669,0.2563259,14.948408,6.6269417,7.6911044,8.336772,9.001007,13.199087,1.149052619934082,6.7038364,0.7228263,9.98858,8.107841,4.0679517,0.5017306,28.054258,6.8942046,7.831521,12.392074,17.908794,25.20214,2.7576894760131836,8.107841,1.2495515,23.31658,7.5351934,2.789698,0.37022248,24.153866,7.1408815,8.062377,9.241948,13.844223,19.44984,2.537986993789673,7.5351934,1.0213016,18.471851,0.03450548,0.03660716,0.88593364,0.88967013,0.88593364,13.886845,15.643034,0.88773346
vt997e4u,3.382012,5.0859327,6.412544,7.241231,7.873305,10.030186,12.295736,4.143436,2.323031,2.2362525,0.96264434,10.208262,1.9931915,4.4100423,5.1869187,5.8185315,7.0426087,0.37538471817970276,2.323031,0.81982255,10.476441,2.845644,2.2917519,0.80535436,7.5198116,3.2869673,4.8738027,5.6987004,6.1087837,6.760833,-0.06037629768252373,2.845644,0.99208736,6.935783,4.319532,2.9130661,0.67439395,12.295736,4.356923,6.553156,7.813901,9.329716,11.318492,0.2897808253765106,4.319532,1.0439186,12.762628,3.5679271,2.1990345,0.6163339,11.19018,3.9682965,5.173624,6.204412,6.9085636,8.779562,0.16346155107021332,3.5679271,1.0043386,11.496795,0.10111161,0.09529112,0.5377969,0.79756224,0.5377969,5.168675,7.887459,0.65530294
ny181acj,6.2321353,7.1659393,8.078194,8.67644,9.13372,9.7056465,10.511086,2.095065,5.593946,1.6060205,0.28709975,8.733916,5.7546,6.9313145,7.6339955,7.8995285,8.338787,-0.27191460132598877,5.593946,0.64048517,5.431972,6.6050744,1.5402044,0.23318502,10.511086,6.4621887,7.6091146,8.754132,9.381565,10.101767,0.25536131858825684,6.6050744,0.5272264,3.052028,6.287729,1.7322496,0.27549687,10.178518,6.3857346,7.3573318,8.605372,9.261848,9.916346,-0.060006920248270035,6.287729,0.6894026,6.7391887,6.1614227,1.2884425,0.20911445,9.603894,6.2685533,7.0123367,7.76803,8.241595,8.941838,-0.1958124339580536,6.1614227,0.59378374,4.939736,0.08288603,0.0101457555,0.88966084,1.0720048,0.88966084,12.19902,12.449152,0.97990775
bc2swsoz,5.2433715,6.839935,8.65274,9.506226,9.890109,11.015452,17.27318,2.8078094,5.5802836,2.0817568,0.37305573,12.388911,4.924472,6.893827,8.8208065,9.677957,10.979498,0.8404613733291626,5.5802836,0.7765377,9.801099,4.6630015,1.6062924,0.34447604,8.283459,4.9315763,5.8215714,6.5020933,7.0311055,7.7370663,-0.41066089272499084,4.6630015,0.6894181,5.596964,6.57437,2.2854304,0.34762728,17.27318,6.4077344,8.174328,9.474995,10.381538,12.152639,0.44039228558540344,6.57437,0.8433617,12.631517,5.1843405,2.1220622,0.40932155,11.101966,5.0507536,6.444841,8.401549,9.26503,9.927401,0.40202125906944275,5.1843405,0.68118995,8.142548,0.0895496,0.11821274,0.8487937,0.8994397,0.8487937,10.243285,11.758711,0.87112314
ctwjlsh3,5.525607,6.9213014,8.320469,9.116605,9.600834,10.371563,11.830043,2.6901555,5.7935877,1.955169,0.3374712,11.195609,5.562899,7.1012726,8.741403,9.281913,10.280591,0.3826235830783844,5.7935877,0.75080305,4.392794,5.373647,1.6649755,0.30984086,9.483151,5.368246,6.57402,7.575794,8.287568,9.020266,0.17026720941066742,5.373647,0.6174517,5.5586357,6.2545986,1.8248518,0.2917616,11.830043,6.195256,7.2450953,8.657349,9.573119,10.918029,0.28381916880607605,6.2545986,0.67813617,7.3789716,5.2193193,1.9757508,0.37854567,11.063671,4.9948034,6.386012,7.9883175,9.071146,10.326576,0.588191568851471,5.2193193,0.71037316,6.279939,0.037604697,0.09022892,0.9262925,1.0295686,0.9262925,11.167234,11.473918,0.97327125
tow4ycz0,4.933878,6.2517743,7.714213,8.881923,10.055449,13.80889,22.322176,2.839463,5.267982,2.313424,0.43914807,15.346468,5.224909,6.6853495,8.151553,8.992303,11.754211,0.48128828406333923,5.267982,0.8806673,11.036091,4.909905,1.7188519,0.35007846,15.189953,4.8495383,5.7640004,6.547803,7.050056,10.931623,1.4159330129623413,4.909905,0.5902579,11.381352,6.073454,2.3804252,0.39193928,22.322176,5.7282968,6.6793137,7.8852997,9.6852865,16.91477,2.755603790283203,6.073454,0.95179147,19.320055,4.1257863,2.736492,0.6632655,21.181284,3.6208694,5.368791,7.2758975,8.834297,14.965545,1.8838109970092773,4.1257863,0.71769446,18.23736,0.035181865,0.19096203,0.8673783,1.1900531,0.8673783,10.177887,10.19924,0.99790645
4cdpqvl0,6.5142374,7.5192623,8.638296,9.538436,10.176093,11.017379,12.403038,2.0716019,6.874068,1.6298157,0.23709625,12.403038,6.5360537,7.6341095,9.09338,10.32149,11.710637,1.0502055883407593,6.874068,0.5537175,3.0653448,6.8153715,1.5557485,0.22827053,11.084469,6.8498726,7.8042283,8.8411455,9.445116,10.648092,0.11019691079854965,6.8153715,0.6298043,4.998951,6.354734,1.6672925,0.26237014,11.105869,6.523008,7.411311,8.399147,9.00611,10.2527685,0.0019416959257796407,6.354734,0.6443588,5.411409,6.368633,1.5237807,0.2392634,11.0266285,6.312453,7.2682343,8.311196,9.1095085,10.468038,0.48769453167915344,6.368633,0.62596256,5.4716153,0.0042877044,0.0010923877,1.0817239,1.0701467,1.0701467,13.68944,12.723367,1.075929
0ezzf8s2,8.116475,10.092494,11.6711,12.580355,13.118105,14.168693,15.57571,4.3681455,7.9596477,2.4383774,0.30634236,13.116998,8.106158,9.980592,10.980641,11.774296,12.679391,-0.09158439189195633,7.9596477,1.0617901,7.631048,8.651078,2.7112486,0.3134001,15.253476,8.756864,10.463755,12.276837,13.195962,14.434343,-0.06270604580640793,8.651078,1.1540333,8.673897,7.7412314,3.4543707,0.44623014,15.57571,7.1541343,10.714758,12.919699,13.55495,14.9512415,0.40505450963974,7.7412314,1.1060569,9.24634,7.9233885,2.5175488,0.3177364,13.008238,8.186606,9.831247,11.15548,11.653169,12.333381,-0.27814048528671265,7.9233885,1.0007782,7.5243897,0.04162555,0.011628564,1.0282147,1.0918407,1.0282147,16.610725,15.664619,1.0603976
zge2j51b,9.641714,11.265405,13.836754,16.362165,17.751125,19.817749,21.536976,2.926715,9.329179,1.9529818,0.20934124,14.768073,9.354732,10.560021,11.816526,12.696823,13.822807,0.06472601741552353,9.329179,0.83567965,8.865234,10.080152,2.659498,0.26383513,17.98078,9.490523,11.735289,13.945619,15.454452,17.272804,0.7617210149765015,10.080152,0.974183,9.002506,9.890304,2.776384,0.2807178,19.952684,9.315079,11.06732,13.779173,15.840211,18.551779,1.0576270818710327,9.890304,0.8299228,13.200374,11.172952,3.4378347,0.30769262,21.536976,10.170612,12.123528,16.923746,19.020763,20.96344,1.2160786390304565,11.172952,1.272508,16.089611,0.038691327,0.060895056,0.94326514,0.90219235,0.90219235,19.40933,21.063255,0.9214782
3jczucqm,9.509115,10.714685,11.696527,12.330917,12.723141,13.488408,18.745647,2.89388,9.448929,1.9578556,0.20720397,14.0541725,9.702999,10.8539295,11.795861,12.433301,13.547748,-0.21903365850448608,9.448929,0.67446244,6.1728272,8.885771,2.4507551,0.2758067,13.611522,9.63145,10.701295,11.457789,11.881978,12.605597,-0.7481915354728699,8.885771,0.8953873,7.9840317,9.004148,2.0405533,0.22662371,18.745647,9.116904,10.259641,11.341237,12.156835,14.389691,0.4064818322658539,9.004148,0.92195344,13.884955,9.420635,2.045786,0.21716008,14.335677,9.635708,10.962958,11.971426,12.41314,13.231446,-0.3982323110103607,9.420635,0.87423956,7.342601,0.030715423,0.022604756,1.0493973,0.9432242,0.9432242,18.3347,18.424782,0.9951108
runjdu0i,5.4174013,6.5500426,7.542047,8.001878,8.3295145,8.785076,9.462176,2.1415362,5.6801953,1.2307134,0.21666744,8.72823,5.5970488,6.448744,7.436867,7.8463902,8.490137,-0.025569496676325798,5.6801953,0.5091469,5.8031273,5.181275,1.1400793,0.22003837,8.119151,5.100494,5.993773,6.8088284,7.157711,7.6770644,0.17988254129886627,5.181275,0.5262272,5.6164136,5.2264323,1.9666978,0.37629834,9.462176,5.4217105,6.807541,7.582839,8.270615,9.220309,-0.10771694779396057,5.2264323,0.69388586,7.4267607,5.46417,1.806642,0.3306343,9.376789,5.4479575,6.8464503,7.890151,8.2032795,8.893143,-0.17401210963726044,5.46417,0.7687858,7.280825,0.04593489,0.022238003,1.0868208,0.9482272,0.9482272,10.86147,10.690602,1.015983
sb5iqnf7,6.876265,8.833151,10.763566,12.490876,14.365038,20.431976,27.2419,3.6119862,8.097359,2.2315762,0.2755931,19.986347,8.003791,9.387751,10.8388815,11.638517,14.520005,0.5896173715591431,8.097359,0.83649504,12.490263,6.9735317,3.0884118,0.44287628,14.464928,7.3518705,9.17076,10.778012,11.685632,13.498502,-0.1139017716050148,6.9735317,1.1885573,8.818506,8.773691,4.7346196,0.5396383,27.2419,7.548757,10.187863,15.263011,19.80688,24.616817,1.5949814319610596,8.773691,1.6322136,20.410915,5.426203,1.9507192,0.35949987,11.035125,5.7530413,6.580183,7.797024,8.829681,10.083563,0.0472053699195385,5.426203,0.6320488,6.4974174,0.07456938,0.23574038,0.92291355,1.2851588,0.92291355,15.07089,14.199894,1.0613382
4t60ploz,6.6762056,7.7821136,9.408637,11.942122,13.58695,15.90414,18.896048,2.102089,6.8287525,1.1190056,0.16386676,11.144474,6.8761463,7.5163527,8.171754,8.511619,9.711862,0.190071240067482,6.8287525,0.44413453,7.017202,6.6600413,1.291098,0.19385736,9.89183,6.5907593,7.6357083,8.3516445,8.8091755,9.295965,0.030602024868130684,6.6600413,0.521795,5.8978004,7.9360538,3.0273438,0.38146713,18.896048,6.8835573,8.609034,12.767313,15.11257,17.79333,1.5967868566513062,7.9360538,0.94771224,11.720787,6.8889956,2.682178,0.3893424,17.29222,6.1083117,7.9027963,10.806491,12.827171,15.768509,1.477003574371338,6.8889956,0.91658926,10.446451,0.012507507,0.07062763,0.8604721,0.9667652,0.8604721,13.488794,14.825049,0.909865
jcns6g29,6.335353,7.7896533,9.549522,12.718852,15.029039,18.1779,23.396263,2.8315787,7.0291533,1.898571,0.27009952,18.927622,6.7495604,8.021935,8.8310375,9.948547,14.258661,1.7817649841308594,7.0291533,0.69572526,11.7374115,4.8983183,1.9611152,0.400365,12.7298975,4.601005,6.2194877,7.696084,8.262643,9.39831,0.4383299946784973,4.8983183,0.78334904,7.7998977,8.571538,4.040418,0.4713761,23.396263,7.2644176,9.698629,15.095275,17.893274,21.217138,1.5405884981155396,8.571538,1.4983864,18.718006,6.130768,2.489552,0.4060751,17.473125,5.994651,7.3593082,8.686588,10.399972,14.933149,1.1378587484359741,6.130768,0.8929921,11.845508,0.17864935,0.16601275,0.82005745,0.7989731,0.7989731,11.927471,14.702306,0.81126535
8cqk4lta,6.090843,7.797867,8.985635,9.5529,9.900781,10.499813,11.30699,3.3725443,5.602092,2.0641556,0.36846158,11.089198,5.366805,6.805022,8.693263,9.453822,10.378963,0.35322073101997375,5.602092,0.7337661,8.195431,7.37306,2.0335257,0.27580485,11.30699,7.911321,8.815514,9.537585,9.958263,10.642332,-0.6942722797393799,7.37306,0.8002133,6.6700478,6.1709213,2.0781286,0.33676147,11.163455,6.230074,7.900405,8.9807415,9.434908,10.467224,0.11440987884998322,6.1709213,0.76957107,7.9395585,5.744701,1.9651515,0.34208074,10.65226,5.7645035,7.139968,8.325142,9.064938,10.038222,0.021453650668263435,5.744701,0.62274915,7.842238,0.13648923,0.035769884,0.907821,1.2834542,0.907821,12.975152,11.915623,1.0889193
hukwqvr1,8.922804,10.2606125,11.644064,12.780452,14.351547,19.492281,28.00065,2.867405,9.26398,1.9683318,0.21247151,21.290655,9.100649,10.211943,11.579442,12.177159,16.196196,1.2509111166000366,9.26398,0.8597678,14.286871,8.96628,1.9969814,0.22272128,19.48568,8.826635,10.249369,11.557878,12.470344,13.832993,0.7503304481506348,8.96628,0.8905285,13.168152,9.590726,3.4859781,0.36347386,28.00065,9.367789,10.603479,12.776897,16.271793,23.198864,1.6936190128326416,9.590726,1.2877554,20.577452,8.47249,2.5802314,0.30454227,24.662296,8.15937,10.062789,11.0708885,11.92434,18.4012,1.6439286470413208,8.47249,1.0548373,18.47519,0.016329989,0.061906777,0.96593106,1.0582815,0.96593106,18.230259,18.063217,1.0092477
h61iaoim,6.811059,8.288243,9.324905,9.921581,10.308497,10.911921,12.721826,3.5951219,6.2918434,2.1265545,0.33798593,11.597147,6.450021,7.8853283,8.894597,9.712744,10.888002,-0.03609020635485649,6.2918434,0.8188083,8.818857,6.593021,2.3001962,0.34888348,11.430604,7.102083,8.258102,9.236756,9.978646,10.9739895,-0.334089457988739,6.593021,0.90957785,6.8819084,6.698983,2.0948331,0.31270912,12.721826,6.803091,8.354967,9.314462,10.044622,10.905437,0.0020680318120867014,6.698983,0.92980975,7.794159,6.614196,2.4170458,0.36543307,12.710078,6.972851,8.53836,9.602747,10.030934,10.893295,-0.21886830031871796,6.614196,1.0072864,8.42425,0.023374518,0.0063686795,0.93922365,0.9967986,0.93922365,12.884865,13.313179,0.9678278
458ax40d,6.7144136,9.406594,11.0394125,11.815524,12.268343,12.865993,15.662498,5.516986,7.1774263,3.0443668,0.42415857,13.667064,6.897354,9.786871,11.547111,12.267747,13.221022,0.26021963357925415,7.1774263,1.1415352,9.91837,7.2750163,2.3970404,0.32948935,12.634582,7.5195003,8.870038,10.232659,10.987195,11.79541,-0.2988744378089905,7.2750163,1.0956918,8.435272,6.368603,3.427468,0.5381821,15.662498,6.1102104,9.511774,11.028295,11.586706,12.891661,0.15531569719314575,6.368603,1.1126543,9.424303,6.2632747,3.322493,0.5304722,14.49966,5.8994675,9.077772,11.096054,11.969999,12.689154,0.2830730974674225,6.2632747,1.1557095,10.720848,0.00675249,0.008338314,1.1270016,1.1615356,1.1270016,14.452442,12.631878,1.1441246
tirc9zd7,5.4433317,6.330414,7.290642,7.9845862,8.421987,9.579552,11.091825,1.7459326,5.5284634,1.0803978,0.19542462,10.897868,5.439973,6.108428,6.846357,7.187182,9.3813095,1.0947810411453247,5.5284634,0.45523036,6.5316277,5.662114,1.7177731,0.30338016,10.564246,5.6069126,6.6837654,8.004071,8.838075,9.871077,0.3910123407840729,5.662114,0.6432095,7.783181,5.463485,1.2471504,0.22827014,9.429921,5.4515347,6.3339777,7.1146197,7.404706,8.203831,-0.07948335260152817,5.463485,0.4727607,7.4856944,5.4419045,1.5284766,0.28087163,11.091825,5.3430996,6.408614,7.431,8.100033,9.741353,0.46840348839759827,5.4419045,0.62575364,7.768422,0.011943153,0.0019788581,1.0118933,1.0404656,1.0118933,11.1905775,10.90539,1.0261511
6szn9dde,7.442929,9.388604,10.746757,11.439565,11.918774,12.798086,15.279424,3.4309144,7.502542,2.1291234,0.28378695,13.339296,7.1481504,8.772253,10.818992,11.562097,12.683688,0.4959034323692322,7.502542,0.7394612,5.9733815,7.4681134,2.504137,0.33531052,14.017835,7.310329,9.364085,10.827353,11.436313,13.271685,0.25541189312934875,7.4681134,0.90428394,7.459527,7.5284424,1.8712399,0.24855605,15.279424,7.2930694,8.901689,9.842084,10.45552,13.066645,0.5592122077941895,7.5284424,0.66465354,8.276186,8.099591,2.3469326,0.2897594,14.458722,8.160346,10.054623,11.121274,11.576072,12.404505,-0.07034676522016525,8.099591,0.8698877,8.314343,0.0022997388,0.03654643,0.9965597,0.9220358,0.9220358,14.970655,15.628034,0.957936
3cup8ijl,4.6134877,5.944297,8.068857,9.600837,10.592891,12.00602,13.790773,2.4931064,4.5881867,1.9835814,0.4323236,10.412774,4.6928453,5.567948,6.8501625,8.066288,9.581651,-0.14403651654720306,4.5881867,0.95820403,8.25497,4.260946,2.1463535,0.503727,10.404697,4.1080894,5.482008,7.1556787,8.512424,9.5917845,0.43849796056747437,4.260946,1.2561214,8.890356,5.4098954,2.7688255,0.51180756,13.790773,5.0055485,6.8801365,9.316735,11.050053,12.95334,0.5963955521583557,5.4098954,0.97219527,13.364369,5.010869,2.604003,0.5196709,13.5382395,4.493715,6.1247773,8.711128,10.463089,12.535888,0.8177034258842468,5.010869,1.0666502,13.315964,0.036980003,0.03829147,0.8481101,0.85034066,0.8481101,8.849133,10.420765,0.8491826
2z0ljch2,2.106463,4.7326937,6.4796624,7.790051,8.729379,10.703362,12.688758,4.1725135,2.533559,2.1452484,0.84673315,8.596833,1.6022063,4.4202957,5.6432643,6.2648277,7.5245805,0.6475062370300293,2.533559,0.82520336,8.158146,2.0865817,2.2971334,1.1009074,7.829819,1.1513628,4.119819,5.6042137,6.3129478,7.179918,0.6747499704360962,2.0865817,1.0222135,7.8023243,3.9148688,3.5562463,0.90839475,12.688758,2.8945804,6.6915407,9.306401,10.493661,12.156796,0.5909439921379089,3.9148688,1.2114882,10.121909,2.717886,2.2730784,0.8363406,9.124935,2.68003,4.3659205,5.795996,6.83335,8.100635,0.44199785590171814,2.717886,0.9273729,7.9680657,0.096745394,0.18046542,0.6471632,0.7677223,0.6471632,4.620141,6.632755,0.69656444
vffqot8h,7.763464,8.930698,9.918404,10.566275,10.889747,11.590389,12.566639,2.6421213,7.7638354,1.4863237,0.19144194,11.599225,7.888623,8.755846,9.486666,10.083063,11.152981,-0.19121764600276947,7.7638354,0.6785553,6.859194,7.668693,1.3828125,0.18031919,11.053318,7.7230783,8.601967,9.415355,9.962042,10.584947,-0.11035018414258957,7.668693,0.6859282,4.497446,8.313706,1.7340546,0.2085778,12.566639,8.297976,9.542639,10.659556,11.180097,12.0370455,0.03818858414888382,8.313706,0.7183789,7.8333488,6.81837,2.2426467,0.32891244,12.111392,6.6880045,8.7076845,9.8164015,10.342488,11.521657,0.1626175045967102,6.81837,0.9295168,8.869274,0.0061650537,0.098818995,0.9338597,1.1247107,0.9338597,15.4325285,15.132076,1.0198554
ljefy3zb,7.9724417,8.995547,9.999917,10.679866,11.108911,12.212848,18.54403,2.1033144,8.112291,1.6865834,0.20790468,13.983255,8.205706,9.28464,10.157143,10.737758,12.158182,0.1418030560016632,8.112291,0.6380889,8.763161,8.134847,1.8259562,0.22446105,18.54403,7.826304,8.8154745,9.844524,11.394818,15.50185,2.0146243572235107,8.134847,0.89705914,13.127952,8.197642,1.4311839,0.17458482,11.741811,8.199666,9.240567,10.095175,10.632754,11.361144,0.09042372554540634,8.197642,0.5704546,6.079079,7.7400603,1.5592492,0.20145181,12.394974,7.6232414,8.710747,9.76861,10.4703665,11.672648,0.13153080642223358,7.7400603,0.66623986,4.9588604,0.001388266,0.028710663,0.9895883,1.0510056,0.9895883,16.247139,15.937702,1.0194154
4ldimsyj,4.861457,6.0894713,7.398077,8.358452,8.831508,9.6530485,10.839943,2.3122897,4.764014,1.783784,0.3744288,9.996852,4.3547463,5.8497148,7.490466,8.507589,9.641891,0.8649764657020569,4.764014,0.74563587,7.3204036,5.1079035,1.6490434,0.32284155,10.177853,4.8450475,6.121645,7.492566,8.425493,9.486196,0.5583032369613647,5.1079035,0.76717734,7.4863653,5.325462,1.8933761,0.35553277,10.839943,5.0694647,6.4997144,8.094193,9.040355,10.418761,0.5539469718933105,5.325462,0.8128199,6.690356,4.997503,1.5637968,0.31291562,9.944915,5.06161,6.0398283,6.9219265,7.4844084,8.642073,-0.04139966145157814,4.997503,0.6610897,6.151646,0.03483515,0.031769853,0.89457285,1.0220912,0.89457285,9.871918,10.322965,0.95630646
9boq0iq2,9.564554,11.424015,13.015718,14.033391,14.718803,15.945259,18.304161,3.6308317,10.118154,2.862001,0.282858,18.304161,9.967996,12.023609,14.069189,15.269393,17.05071,0.29394251108169556,10.118154,1.0481704,8.790497,10.996787,1.9946759,0.18138716,16.606203,10.990507,12.286617,13.639144,14.3143215,15.818294,0.13209234178066254,10.996787,0.8454775,5.0722027,9.95071,2.2313416,0.22423942,16.582466,9.81131,11.513668,13.008488,13.761034,15.026604,0.17780739068984985,9.95071,0.81174123,7.0525675,8.255404,2.0947852,0.25374714,14.180929,8.102228,9.783349,11.13984,11.940982,13.184311,0.31193140149116516,8.255404,0.8733636,5.656124,0.041611932,0.09311738,1.0168272,1.3320713,1.0168272,21.11494,18.206116,1.1597718
fa39e3nw,5.3059807,7.0813017,13.370755,18.967012,22.344543,26.12277,28.565071,3.2550027,7.4991097,4.0174847,0.5357282,23.916142,6.327538,8.153512,13.90662,16.477457,21.373423,1.661933183670044,7.4991097,1.2272816,20.035389,3.850019,1.8517904,0.48098215,13.943369,3.2931323,4.5588,6.309022,7.241607,10.676173,1.9375083446502686,3.850019,0.69166535,10.815713,9.390161,7.34607,0.7823157,28.565071,5.724119,12.699446,23.195482,25.749271,27.9107,1.283164381980896,9.390161,1.9382287,23.442776,5.686147,3.16511,0.55663526,23.476055,5.247178,6.5628905,8.053868,11.5078125,19.533283,2.5442655086517334,5.686147,1.1234883,20.175358,0.3215305,0.24568439,0.7986136,0.6770875,0.6770875,11.349129,15.076307,0.75277907
xuj3ac6p,6.999317,8.09535,9.356067,10.191483,10.905011,12.005048,13.429509,2.1239605,7.4486465,1.4537951,0.19517574,12.814491,7.222128,8.074619,9.353665,10.3659725,12.024754,1.0481494665145874,7.4486465,0.4584235,4.736899,6.749282,2.0775466,0.30781743,13.429509,6.220212,8.144494,9.638473,10.75984,12.7278595,0.8678951859474182,6.749282,0.68569875,5.0848784,6.667134,1.4908156,0.22360668,13.2504635,6.508284,7.535369,8.621506,9.278961,11.009569,0.586737871170044,6.667134,0.55013025,5.7964396,7.499506,1.6201066,0.21602844,12.96699,7.335684,8.554925,9.68738,10.400227,11.645889,0.4436224102973938,7.499506,0.69128144,4.541523,0.049258217,0.058755796,1.1172187,0.89996356,0.89996356,14.197928,14.166639,1.0022086
e63lbqgu,8.199462,10.110254,11.826706,12.88794,13.782884,15.15984,17.216581,3.626627,7.6635833,2.9226382,0.38136706,13.363258,7.9304504,9.777269,11.273069,11.837842,12.843787,-0.5437948703765869,7.6635833,1.1676964,12.880722,9.129067,3.2158947,0.3522698,17.216581,8.96266,11.192156,13.128134,14.5206,16.820461,-0.1720421016216278,9.129067,1.2921499,7.798815,7.2064037,3.7088344,0.51465815,16.530014,7.4321437,9.380983,11.890834,13.655194,15.501924,-0.081436887383461,7.2064037,1.4684392,12.713801,8.306291,2.860973,0.34443447,14.9068365,8.459517,10.14671,11.55197,12.292984,14.104922,-0.784435510635376,8.306291,1.2275904,10.501144,0.08726938,0.07090238,1.0634407,1.0990547,1.0634407,16.79265,15.512694,1.0825102
3obyghgk,6.301587,7.306259,8.175943,8.904216,9.494258,10.592673,11.800506,1.914649,5.7155766,0.9309523,0.16287985,8.147493,5.64999,6.362059,6.9735413,7.3624086,7.7935076,0.13873521983623505,5.7155766,0.40053532,3.6220505,6.5049148,1.1398393,0.1752274,8.703821,6.646334,7.4192834,7.9013343,8.113818,8.609601,-0.4819846451282501,6.5049148,0.496459,3.2182136,7.102927,1.8208897,0.25635764,11.800506,7.0930657,8.341583,9.580544,10.426796,11.36956,0.2820099890232086,7.102927,0.5890977,5.363153,6.4287214,1.2773272,0.1986907,9.998102,6.3872256,7.289045,8.112092,8.610854,9.596456,0.21375682950019836,6.4287214,0.43818554,3.755793,0.064591356,0.049824364,0.80467904,1.011852,0.80467904,12.220491,13.531649,0.9031044
5bwikotc,7.8831196,9.648694,11.36792,12.4722395,13.067693,14.335045,16.329082,3.0701118,8.33248,2.9073803,0.34892136,15.669641,8.643133,10.159911,11.510001,12.800609,14.405135,-0.603069007396698,8.33248,1.2563449,13.228772,7.95591,2.051324,0.2578365,13.481339,7.97877,9.103077,10.2831,11.002993,12.960457,-0.8174000382423401,7.95591,0.9891591,12.801409,7.276055,3.346508,0.4599344,16.329082,7.2945986,9.382326,11.695514,12.841422,15.207799,0.057230956852436066,7.276055,1.1070526,13.233129,7.8376255,2.7194512,0.34697387,14.810462,7.66947,9.611647,11.525006,12.558619,13.50607,-0.1321997195482254,7.8376255,1.1290119,12.954764,0.023118934,0.037156448,1.145192,1.0150919,1.0150919,16.288391,15.11368,1.077725
keh5sw22,9.186142,10.800566,12.254028,13.11107,13.805135,14.79998,17.140154,3.1827269,9.127912,2.1155918,0.23177172,14.424503,8.952867,10.664736,11.977734,12.80353,13.8319645,0.0890011414885521,9.127912,0.7984628,9.60151,10.034727,2.2089326,0.22012882,15.76248,9.7857895,11.50785,13.145938,14.199527,15.289939,0.41967111825942993,10.034727,0.7685202,7.3824673,9.01037,2.1596467,0.23968457,14.409778,9.081677,10.375416,11.648258,12.4529085,13.921784,-0.3280908465385437,9.01037,0.7622875,9.408319,9.071884,2.5043337,0.2760544,17.140154,9.00455,10.932058,12.298751,13.110565,15.304133,0.3340547978878021,9.071884,1.065101,9.746384,0.047322057,0.0034018934,1.0130451,1.1061349,1.0130451,19.16264,18.082254,1.0597484
92mtr6sn,6.693268,8.375592,10.239566,11.117787,11.67161,12.805313,14.972271,3.3273096,6.687227,2.1866775,0.32699317,13.211286,6.3761034,8.266752,9.720697,10.711131,11.766162,0.48751625418663025,6.687227,1.0521944,8.538118,6.806475,2.129682,0.3128906,13.371851,6.551903,8.205667,9.753368,10.542324,12.200814,0.4489576816558838,6.806475,0.94262624,6.592057,7.7830977,2.0184495,0.25933754,14.377966,7.526004,8.820808,10.593262,11.631266,13.741273,0.6454836130142212,7.7830977,0.98002195,8.001171,6.419253,2.582424,0.40229353,14.972271,6.049323,7.977568,10.414357,11.231081,13.083571,0.6663316488265991,6.419253,1.1633158,8.072245,0.008837337,0.09602952,0.85919863,1.060322,0.85919863,13.493702,14.202351,0.9501034
glh62c9t,7.3547363,8.93687,10.407455,11.251593,11.834781,12.879607,15.722504,3.0041008,7.4618134,1.7071744,0.22878814,13.144347,7.2596874,8.492723,9.676904,10.676924,12.391424,0.716042160987854,7.4618134,0.6371703,7.487355,7.904353,2.1397345,0.27070332,12.227727,8.104641,9.396807,10.522418,11.07847,11.827386,-0.46976426243782043,7.904353,0.9228224,7.4728556,7.291752,2.372622,0.32538435,15.598483,6.909231,8.72641,10.857322,11.865859,13.50647,0.7106360197067261,7.291752,0.90332013,11.5256,7.3533554,2.489301,0.33852586,15.722504,7.357375,9.116775,10.468899,11.217841,13.112319,0.04502636566758156,7.3533554,0.92981046,12.630718,0.028799614,0.004206425,1.0233225,1.0749315,1.0233225,15.366167,14.645107,1.0492356
199dxj37,5.089176,6.8422723,8.179251,8.881394,9.279978,10.174948,11.83919,3.448793,5.855747,2.3251073,0.39706415,11.83919,5.456812,7.877342,9.12571,9.813127,10.846116,0.3416493237018585,5.855747,0.97680146,9.611231,5.2668996,2.2186275,0.42123973,10.4431,5.3404737,7.1060696,8.079246,8.662324,9.467977,-0.033405743539333344,5.2668996,0.9823433,7.6087914,5.214243,1.9939586,0.38240615,11.439276,5.3137627,6.6597896,7.782234,8.368617,9.529414,0.04355166479945183,5.214243,0.9369799,8.299557,4.507366,1.9659957,0.43617395,9.23538,4.4028296,6.1096,7.144154,7.801405,8.777775,0.24061568081378937,4.507366,0.8988814,5.645591,0.052941326,0.07271191,1.1230292,1.1685094,1.1230292,11.122646,9.721609,1.1441158
c9h42m44,5.039721,7.172159,8.692649,9.478991,9.99151,11.034076,13.333615,3.8509688,5.710367,2.556254,0.44765142,13.333615,5.4934564,7.4911003,9.14212,10.201135,12.225042,0.4047608971595764,5.710367,0.945114,9.850913,5.506793,2.015173,0.3659431,11.025915,5.3525405,6.8343077,8.554983,9.079434,10.352392,0.4003637433052063,5.506793,0.8623283,7.7429314,5.5593066,2.534397,0.45588362,11.9985,5.465249,7.686167,8.956992,9.557495,10.777731,0.1569734513759613,5.5593066,0.76964897,7.8009534,4.74377,2.2521253,0.4747543,11.657767,4.111472,6.4419184,8.167275,8.94598,10.651358,0.7312571406364441,4.74377,0.8983804,7.2281094,0.01814846,0.079154655,1.0271726,1.1608473,1.0271726,11.21716,10.303077,1.0887195
gv3z6bz8,3.4179492,4.433322,6.9098997,9.325189,10.571387,12.700652,16.325947,1.653682,3.0080082,0.6928993,0.23035152,5.0265064,3.0520663,3.494471,3.8127406,4.0806465,4.6184807,-0.0550256185233593,3.0080082,0.2463164,1.4346068,3.4576538,0.8571877,0.24791022,6.7755938,3.352765,3.9097025,4.3758264,5.0644665,6.3536487,1.1632986068725586,3.4576538,0.2767699,4.0722775,3.2273166,0.9235835,0.28617692,6.1493444,3.1556406,3.786901,4.460191,4.8712106,5.6695323,0.5037710070610046,3.2273166,0.32863066,3.5029933,6.232446,2.9989154,0.4811779,16.325947,5.6873274,8.083861,10.561806,12.092334,14.391866,0.8145014047622681,6.232446,0.97850555,12.907207,0.069543615,0.31767493,0.93204623,0.55478275,0.55478275,6.465662,9.459763,0.68349093
uug95rlr,4.1422377,7.45982,11.866237,14.438374,15.558786,17.055729,18.374498,4.8408175,7.501398,4.2802706,0.5705964,17.708466,6.1494565,10.509947,14.446247,15.890689,17.172083,0.6978352665901184,7.501398,1.245496,11.838835,4.7999115,3.2415814,0.6753419,15.308372,3.6632607,6.72923,9.577412,11.281413,14.435395,1.0636334419250488,4.7999115,0.907628,8.648786,5.443757,3.7938492,0.6969174,18.374498,4.043714,6.8336525,11.36237,14.195355,17.584784,1.4850938320159912,5.443757,0.70766413,3.8778284,4.475511,3.4537778,0.7717058,17.660662,3.1197178,5.1937566,9.771158,12.545892,16.31226,1.788559913635254,4.475511,0.6280249,7.223365,0.21960968,0.09761265,1.3779818,1.0724834,1.0724834,12.30131,9.919268,1.240143
dihsa7he,6.7206554,7.781049,8.6818905,9.246873,9.605693,10.116184,12.783435,2.3280377,6.486939,1.2430327,0.19162084,9.288644,6.6417284,7.3708873,7.992614,8.40027,8.873823,-0.37339282035827637,6.486939,0.54733324,5.3216944,6.2082224,1.5730413,0.2533803,9.5171995,6.308886,7.3868837,8.065722,8.459741,9.141648,-0.6362308859825134,6.2082224,0.6575332,7.73619,6.7495537,1.8551562,0.27485612,12.783435,6.797597,8.135828,9.241918,9.700057,10.449911,0.06541406363248825,6.7495537,0.6406986,8.9567375,6.774989,1.992266,0.29406187,11.592946,7.089175,8.26757,9.0454855,9.565759,10.474851,-0.508300244808197,6.774989,0.8793005,9.935417,0.02195455,0.0018806881,0.9610915,0.9163443,0.9163443,12.695162,13.524543,0.9386759
z74lav71,4.5349903,5.552335,6.530515,7.1576257,7.7671943,9.008873,10.75668,1.8723569,5.1241684,1.4179984,0.27672753,10.75668,5.070937,5.9704556,6.854415,7.410892,9.293116,0.4770370125770569,5.1241684,0.5243149,7.3525834,3.4864953,1.1392039,0.3267476,6.4521894,3.6225758,4.2698016,4.9257565,5.3041596,6.0636225,-0.05224199220538139,3.4864953,0.4858218,3.6585536,5.5700083,1.4976234,0.26887274,10.024618,5.4311433,6.3969603,7.4472,8.383466,9.679035,0.36989858746528625,5.5700083,0.5748693,6.949844,4.279581,0.9858682,0.23036559,6.993337,4.1450596,4.9470963,5.624426,6.0787973,6.59228,0.35870254039764404,4.279581,0.4318215,4.2356453,0.19019128,0.1310133,0.91995704,0.8146814,0.8146814,8.610663,9.849589,0.8742155
448n7odk,7.5687075,8.843866,10.014446,10.788069,11.310501,12.408362,13.5306015,2.6490936,7.8830204,1.5392689,0.19526385,11.225207,8.003537,9.01188,9.762394,10.118045,10.749733,-0.4707551896572113,7.8830204,0.74680924,7.042033,7.8104405,1.6988993,0.21751645,11.901526,7.6277637,8.995239,10.16458,10.750628,11.643359,0.08797807991504669,7.8104405,0.78179336,6.184017,7.729598,2.4995139,0.3233692,13.327449,7.6870494,9.620136,11.287046,12.105515,12.868426,0.20903870463371277,7.729598,0.9455555,9.512274,6.971653,1.684052,0.24155706,13.5306015,6.8794127,8.107847,9.040545,9.727914,11.381717,0.428471177816391,6.971653,0.7926509,8.9772,0.0046248473,0.0515565,1.0198487,1.120314,1.0198487,15.69346,14.701251,1.0674915
ef828xg8,6.037134,7.4572296,10.949121,15.334004,18.023905,22.41249,27.52242,2.3680005,6.577156,2.6244366,0.399023,23.095215,5.947525,6.943705,8.416342,11.843078,18.456966,3.0765645503997803,6.577156,0.7381711,17.722198,5.959878,2.8787143,0.48301566,22.434208,5.2643228,6.180495,8.623835,12.118324,18.430565,2.8805320262908936,5.959878,0.92679644,16.818985,8.356932,3.6274707,0.4340673,25.007002,7.4040785,8.573313,12.765026,16.922651,22.539478,2.2687714099884033,8.356932,0.78179556,17.93245,7.1322117,4.482245,0.62845093,27.52242,5.768403,7.090706,12.635638,18.108404,25.301533,2.4875504970550537,7.1322117,1.1365262,22.081985,0.049236376,0.07906958,0.78703004,0.83562833,0.78703004,12.537034,15.489143,0.80940783
y72ivgly,5.754469,7.1088147,8.363236,9.075354,9.502069,10.057262,11.128571,2.5262895,5.122343,1.6716264,0.3263402,10.20291,4.9036307,6.2399774,7.4917417,7.961257,9.363864,0.2860727906227112,5.122343,0.8068293,7.5982056,6.879179,2.074424,0.3015511,11.128571,6.9591827,8.573458,9.66855,10.003949,10.744587,-0.2181580364704132,6.879179,1.0304695,7.590974,5.673843,1.7608435,0.31034407,9.507785,5.7089815,6.9974194,7.923646,8.239733,9.085471,-0.36242052912712097,5.673843,0.84135973,8.492339,6.0427723,1.6587884,0.27450785,10.479275,6.00183,7.0710626,8.29892,8.925509,9.798553,-0.11411240696907043,6.0427723,0.7287459,6.150856,0.14638443,0.03148771,0.9027996,1.1384144,0.9027996,12.001522,11.716616,1.0243164
e088o98b,4.8605394,6.0227723,7.1302986,7.603086,7.8725877,8.420594,9.90934,2.0286238,4.914467,1.6430252,0.33432418,8.541942,4.681487,6.2692733,7.2837625,7.66738,8.062975,0.03588014841079712,4.914467,0.8021878,5.7379704,4.8754234,1.3683096,0.28065452,9.90934,4.753344,5.7565036,6.700782,7.2411346,8.708199,0.4471740424633026,4.8754234,0.6932811,4.112267,4.8880463,1.4715941,0.30105978,8.901903,4.818934,5.880397,6.81534,7.4223495,8.236535,-0.031979870051145554,4.8880463,0.7071904,6.2485976,5.2580013,1.4153794,0.2691858,8.967786,5.035006,6.158219,7.3423386,7.856104,8.600416,0.3154945373535156,5.2580013,0.6541755,3.9280455,0.0039881375,0.036462974,1.0054052,0.92723894,0.92723894,9.78989,10.146048,0.9648969
v78hu7f0,5.6235046,8.978214,15.7496605,19.796503,23.11642,27.368408,31.818687,4.69971,7.351289,4.3724236,0.5947833,23.582067,5.5850954,9.057266,14.266275,17.363256,20.687565,1.4220809936523438,7.351289,1.223631,15.061594,10.875645,6.891835,0.6336944,31.208117,8.953751,15.161164,21.810638,25.34289,29.27135,0.9259248971939087,10.875645,2.354277,22.692074,5.7254395,2.4931006,0.43544266,21.087513,5.254936,6.8770633,8.435183,9.432063,15.69316,2.0189194679260254,5.7254395,0.65431684,3.858223,7.780337,6.109656,0.7852688,31.818687,5.396249,8.56473,17.267351,23.055836,28.85423,1.9104498624801636,7.780337,1.5601281,23.544355,0.19335979,0.15214951,1.2839693,1.3978373,1.2839693,18.226933,13.505776,1.3495657
i9g5dzx5,4.99988,6.135317,7.482638,8.566989,9.445446,11.018677,13.732185,1.9385605,5.6176076,1.7467657,0.31094477,11.246391,5.158473,6.735231,8.232522,9.210929,10.358725,0.8509482145309448,5.6176076,0.7988722,7.737895,4.773115,1.2653097,0.26509097,8.93646,4.5292296,5.465113,6.6601324,7.129052,8.248703,0.7892673015594482,4.773115,0.45417103,3.6206317,5.7700343,2.0559852,0.35632116,13.732185,5.215749,6.5752993,8.553171,10.111344,12.762919,1.4614118337631226,5.7700343,0.6320128,9.110719,5.140571,1.2263683,0.23856655,12.207266,4.978662,5.796269,6.688038,7.3912916,8.474763,1.0873932838439941,5.140571,0.5544605,7.216033,0.0812737,0.057692785,0.97358304,0.9285185,0.9285185,10.390722,10.910605,0.9523507
qjicjdan,8.619297,10.461643,14.547354,20.747932,25.929358,35.919285,48.4515,3.1259775,8.9026165,3.8384898,0.43116423,36.753746,8.047951,9.914877,12.746057,15.334059,25.825817,3.1032357215881348,8.9026165,1.1781007,30.238228,9.574566,3.085169,0.32222548,30.697493,8.752143,9.919818,12.063989,15.895619,22.883066,2.893605947494507,9.574566,1.0690252,24.387533,10.291362,6.430392,0.6248339,44.79559,8.035206,10.39861,16.89989,25.212004,38.522503,2.9747939109802246,10.291362,1.5724888,39.19587,11.235938,6.519359,0.58022386,48.4515,9.226555,11.62312,17.834806,26.166338,39.1194,2.7541005611419678,11.235938,2.1801863,44.126133,0.036366444,0.043878064,0.8650572,0.8521376,0.8521376,18.477182,21.5273,0.858314
085rntdr,7.1760616,8.441736,10.780375,12.614565,13.846543,15.821099,18.181026,2.1697469,7.0800323,1.1189078,0.15803711,11.165271,6.926524,7.7324123,8.538718,9.157596,10.3891115,0.7625053524971008,7.0800323,0.36714002,5.328847,7.8728323,1.9155549,0.24331205,12.92759,7.705285,9.161269,10.71299,11.510956,12.24859,0.4544733762741089,7.8728323,0.6072912,4.5359206,7.386981,1.569079,0.2124114,13.857019,7.1479073,8.194826,9.234109,10.472063,12.891042,1.287706732749939,7.386981,0.5063805,3.3268604,8.499941,3.2934113,0.38746285,18.181026,7.3647146,10.26848,13.822704,15.270201,17.272377,0.9827734231948853,8.499941,1.0289733,6.945813,0.053019937,0.0700551,0.95844734,0.926222,0.926222,14.952865,15.886922,0.9412059
5xyfc4kl,5.8219953,6.8781867,7.902105,8.488513,8.80867,9.5855,12.735707,1.9714551,6.059787,1.7535858,0.2893808,10.420033,6.044544,7.1981206,8.366118,8.850307,9.772031,-0.23526668548583984,6.059787,0.8218825,6.9263763,5.789714,1.640719,0.28338516,10.84238,5.9242063,6.82054,7.660895,8.26689,9.443447,-0.4628392457962036,5.789714,0.66646093,9.385064,5.963847,1.4188032,0.23790066,11.396451,5.8331523,6.8609853,7.8858767,8.450292,9.237807,0.21247321367263794,5.963847,0.6090382,9.763365,5.5601306,1.6551263,0.2976776,12.735707,5.443679,6.578821,7.721537,8.077983,9.737804,0.16413699090480804,5.5601306,0.7168759,11.67798,0.022791926,0.035032745,1.0160868,1.041291,1.0160868,11.849501,11.523977,1.0282475
8cgn0t6d,9.261713,11.080253,16.281689,24.002525,29.742167,38.19094,47.131138,3.1930447,10.594026,4.128772,0.38972643,36.00202,9.696119,11.416947,13.356491,18.098665,30.16604,2.933969259262085,10.594026,1.4479464,32.68389,9.95561,3.5048523,0.35204795,29.113695,9.1172695,10.638965,13.4115305,18.023722,24.433228,2.4887096881866455,9.95561,1.2847537,24.25809,11.987884,8.276034,0.69036657,47.07288,9.065897,11.237287,24.072346,33.31711,42.134552,2.2592813968658447,11.987884,2.1501012,42.642456,10.663858,6.4130545,0.6013822,47.131138,8.912109,11.063955,16.07524,25.658136,38.526047,2.8331847190856934,10.663858,2.1551468,42.80227,0.03106699,0.058451362,0.8837278,0.9335843,0.8837278,20.549637,22.651741,0.907199
vwrb7f6f,10.810256,12.200415,13.349212,14.05674,14.625888,15.474623,16.40142,2.9600601,11.390287,1.7475971,0.1534287,16.27827,11.464754,12.494487,13.6361,14.455918,15.660515,0.17829804122447968,11.390287,0.7979311,4.79795,11.337255,1.6946933,0.14948004,16.003792,11.502773,12.531129,13.538946,13.948569,14.593522,-0.07317384332418442,11.337255,0.76193494,3.5262594,11.090988,2.0272815,0.18278638,16.40142,11.279341,12.343157,13.610083,14.574749,15.671684,-0.02268427610397339,11.090988,0.81663674,8.867186,9.4321575,2.2331727,0.2367616,16.091333,9.333779,10.874747,12.3250675,13.195122,14.819996,0.06871779263019562,9.4321575,0.8925298,8.766121,0.0023334187,0.08082731,1.0269858,1.2019789,1.0269858,22.727543,20.523146,1.1074103
dhgzz0jk,4.7568693,5.8639646,6.9962454,7.5715003,7.954981,8.545989,9.677004,2.1237547,5.3444505,1.2945013,0.24221411,8.930733,5.3562465,6.2874794,7.124166,7.49688,8.13996,0.1157044768333435,5.3444505,0.50732934,3.0967965,4.1339,1.1467934,0.27741197,7.504298,3.9835346,4.958149,5.6932654,6.204969,7.272733,0.5526405572891235,4.1339,0.45122367,3.8102295,5.7302446,1.5690682,0.2738222,9.677004,5.6005363,6.8828845,8.003284,8.514139,9.119764,0.28459662199020386,5.7302446,0.59221786,3.9563081,4.2396626,1.3290261,0.3134745,7.902596,4.2056274,5.101947,5.946601,6.641992,7.417853,0.19579599797725677,4.2396626,0.61569756,4.916303,0.1277174,0.1495081,0.93267405,0.975054,0.93267405,9.478351,9.969908,0.95069593
ibu4fmpk,7.8150873,8.93929,10.0553055,10.63065,10.970238,11.896531,13.753215,2.2560124,7.8916683,1.8561246,0.23520054,13.285109,8.0268755,9.38449,10.271087,10.725368,11.313027,-0.049893029034137726,7.8916683,0.80845994,4.651643,8.513144,1.3491762,0.15848155,12.027698,8.525981,9.5165825,10.190999,10.614763,11.442364,-0.03496039658784866,8.513144,0.5172296,3.895059,7.5411572,1.7454604,0.23145789,13.753215,7.503963,8.554922,9.675188,10.721676,12.300862,0.4898829162120819,7.5411572,0.54021925,4.910777,7.6690183,1.3758503,0.1794037,13.711089,7.5620184,8.316153,9.281187,10.215544,11.885437,0.8546380400657654,7.6690183,0.52770585,5.0578756,0.037883714,0.0084062815,1.0464797,1.1100695,1.0464797,16.404812,15.2101755,1.0785419
xvhagkc4,4.987767,6.1423073,7.3165326,7.8832397,8.184963,9.060215,13.326303,2.2438352,3.7695067,1.2282878,0.32584843,8.633373,3.567668,4.503551,5.5282245,6.062226,7.5116825,0.8861266374588013,3.7695067,0.36151147,5.799363,4.997493,1.0693237,0.21397203,8.246226,4.9347963,5.667676,6.3847327,7.080296,7.9358807,0.5718151926994324,4.997493,0.29156134,3.2233658,6.1043463,1.4936275,0.24468264,13.326303,5.964528,7.167955,8.014281,8.456989,10.337949,0.6688231825828552,6.1043463,0.5261819,9.290401,5.5248003,1.4880297,0.26933637,10.059441,5.531103,6.5787773,7.481984,7.9094453,9.085542,0.10751595348119736,5.5248003,0.63641703,7.437037,0.14006914,0.04983564,0.6175119,0.9045563,0.6175119,8.766999,11.629147,0.7538816
lorxdtg5,10.652292,12.8059,15.261854,19.645338,26.081995,39.061325,55.10089,3.7198706,11.187618,3.3961556,0.30356377,31.482136,10.747984,12.659892,14.393199,16.070131,24.261112,1.700446367263794,11.187618,1.1854032,25.386349,10.016196,2.9030197,0.28983253,24.705917,9.388364,11.275925,14.531297,15.922386,18.321318,1.3641748428344727,10.016196,1.0482589,19.38616,14.392166,8.367894,0.58142006,55.10089,12.592183,14.708256,23.290699,34.179703,47.87247,2.5341174602508545,14.392166,2.681543,47.865437,11.301375,4.6219373,0.40897122,48.5894,10.403233,11.740556,13.710198,17.02932,35.11948,4.462824821472168,11.301375,1.4246076,40.891502,0.055245813,0.12029446,0.7773408,0.8862812,0.7773408,21.203815,25.693542,0.82525855
nqjqijc1,4.7001667,6.054878,7.3498187,7.962976,8.304107,8.949881,10.085287,2.8237977,4.4754505,1.6529167,0.36932966,9.916614,4.587578,5.60458,6.5778084,7.1434374,8.354118,0.16396085917949677,4.4754505,0.8014495,5.843893,3.9925108,1.3949869,0.3494009,7.3291354,3.927673,5.228182,5.8239717,6.175835,6.770812,0.1526469886302948,3.9925108,0.68802476,4.8324304,5.320637,2.036481,0.38275132,10.085287,5.558107,6.93023,7.853591,8.334208,9.368488,-0.12768837809562683,5.320637,0.713144,4.832713,5.0693817,1.8661195,0.3681158,9.484159,4.793199,6.604556,7.814737,8.269778,8.994323,0.32087442278862,5.0693817,0.5984498,4.8620577,0.057031404,0.024182394,0.84114933,0.7875735,0.7875735,8.467961,10.390018,0.81500924
ydmt8vt4,4.1518393,5.371596,6.50483,7.2508984,7.647118,8.403532,11.926221,2.1450725,4.5527463,1.4655885,0.32191306,10.78249,4.4320793,5.5099735,6.4679565,6.9855676,8.086911,0.3651736378669739,4.5527463,0.6138994,8.935213,4.8031945,1.5660521,0.32604387,8.7689705,4.5495553,5.936861,7.083031,7.7627673,8.458936,0.46790459752082825,4.8031945,0.694593,6.196416,4.4438477,1.8029441,0.4057169,11.7794,4.1985836,5.7503843,7.023672,7.527161,8.592656,0.43957144021987915,4.4438477,0.66699696,7.155892,3.7946017,1.4956748,0.3941586,11.926221,3.729804,4.6402664,5.6973543,6.2661986,8.248293,0.8770037293434143,3.7946017,0.5942539,8.788167,0.026768899,0.07880682,1.0245055,1.2657968,1.0245055,9.355941,8.238449,1.1356435
3pt5r5rc,7.5545535,9.072251,10.630119,11.43551,12.036884,12.942823,15.586898,3.0560594,7.4624977,2.0438786,0.27388665,12.757694,7.435297,8.900638,10.229788,10.873476,12.017631,0.09065265208482742,7.4624977,0.6823691,8.573047,6.598827,1.6749605,0.253827,11.199923,6.4850545,7.834449,8.813944,9.456828,10.639383,0.31666311621665955,6.598827,0.6622972,4.9948683,8.422711,2.1500344,0.2552663,15.586898,8.329483,9.949501,11.228806,11.958736,13.225286,0.1554355025291443,8.422711,0.84738374,10.36099,7.8778605,2.268798,0.28799674,13.952553,7.7661314,9.228865,11.127058,12.118756,13.269616,0.3437827527523041,7.8778605,0.864256,5.8542767,0.061421722,0.03342526,0.88599706,0.837642,0.837642,14.061325,16.300571,0.86262774
6zs62ywe,6.9931173,8.265907,10.669026,13.606755,15.233456,19.234394,25.481607,2.4017158,7.679426,1.6199204,0.2109429,14.353636,7.618939,8.590523,9.891363,10.47388,12.1817465,0.5231871008872986,7.679426,0.54873997,7.6615744,7.3698063,2.6438475,0.35874042,16.056402,6.6247287,7.9604335,12.065874,13.356786,15.089192,1.4043822288513184,7.3698063,1.0932937,11.894005,6.5641217,2.219537,0.3381316,17.975498,6.1572137,7.4073052,9.256884,10.918684,14.192801,1.5259836912155151,6.5641217,0.68385625,12.520388,8.38064,3.933881,0.46940103,25.481607,7.1692834,8.665024,14.552473,18.067726,21.898106,1.8780672550201416,8.38064,1.4160136,17.643625,0.0205738,0.12154883,1.1699091,0.87938464,0.87938464,15.0492325,14.944761,1.0069904
1g983ep9,4.2942123,5.197235,6.6180463,8.836779,10.721052,13.969608,18.171812,1.7968009,4.802617,1.444785,0.30083287,13.587501,4.534319,5.334851,6.4556518,7.116244,10.758852,2.053647994995117,4.802617,0.51124537,8.931931,5.164084,2.3579764,0.4566108,17.818916,4.7433767,5.6753836,7.1139693,10.13691,15.035287,2.339580535888672,5.164084,0.8068137,13.433798,4.8221145,1.6557996,0.34337625,12.833023,4.5509906,5.1995144,6.73139,8.579932,11.161675,2.0480401515960693,4.8221145,0.45764843,7.037153,4.0843897,2.7271779,0.66770756,18.171812,3.334251,4.3524714,6.048568,10.98546,15.754774,2.8189427852630615,4.0843897,0.81887263,12.950609,0.036267452,0.0828299,0.99595666,1.2643465,0.99595666,9.9667015,8.906504,1.1190363
p9w4j66c,5.7878637,8.178553,10.403786,11.811256,12.40956,14.069066,17.625257,4.4935155,7.906261,3.1971328,0.40437987,17.625257,7.5700145,10.101795,12.20686,13.419815,15.945421,0.4308059811592102,7.906261,1.5916244,9.955811,4.7204866,2.793615,0.5918066,12.615424,4.0569572,6.676948,8.928418,9.988687,11.452277,0.6429508924484253,4.7204866,1.3301612,8.1276,5.694987,2.6600192,0.46708083,14.21997,5.5251603,7.5068684,9.163223,10.279625,12.437588,0.3496490716934204,5.694987,1.4886327,13.566482,5.783246,2.724305,0.47106847,13.79969,5.5126657,7.7466903,9.472525,10.724774,12.430942,0.4373950660228729,5.783246,1.4681419,12.8574095,0.25230366,0.007689269,1.3882843,0.81623477,0.81623477,12.626747,11.478233,1.1000601
noljq52w,4.7140756,5.8210034,8.644233,12.821381,15.49396,19.983763,26.732845,1.9667218,5.05759,2.6450946,0.52299505,21.820745,4.5263615,5.4466853,7.1392407,10.466931,17.08906,2.922759532928467,5.05759,0.80472594,18.053505,5.1046805,2.5774534,0.50491965,19.185287,4.516769,5.46365,7.104731,10.513522,16.616983,2.8303864002227783,5.1046805,1.0628355,15.676806,5.7960505,4.153075,0.7165354,26.732845,4.5137005,5.8652534,10.166402,15.529232,23.499422,2.7043583393096924,5.7960505,1.214382,22.894356,6.1154003,3.3285513,0.54429,25.43871,5.1340847,6.4797697,9.761843,13.835519,19.861904,2.5549256801605225,6.1154003,1.2002474,21.876902,0.0046338593,0.026810315,0.87259245,0.8347255,0.8347255,10.162271,11.911451,0.8531513
spofv177,9.703927,11.5521145,13.526783,14.566338,15.094966,16.243538,23.29429,3.2181091,10.7326355,2.3220038,0.21634983,17.199404,10.143999,12.534726,14.261093,14.871367,15.699687,0.4553194046020508,10.7326355,0.8978267,9.353049,9.293071,2.134069,0.22964089,14.783206,9.250519,10.748103,12.159962,13.138025,14.258293,0.2741060256958008,9.293071,0.95086586,8.566173,10.890912,2.9953125,0.27502862,23.29429,11.036405,13.03673,14.599084,15.355257,19.037397,0.35119572281837463,10.890912,1.1526802,14.189682,9.319919,1.7915828,0.1922316,20.83018,9.103868,10.25672,11.472752,12.141431,15.326126,1.4158320426940918,9.319919,0.73006195,10.212169,0.07188584,0.077730276,0.9854671,0.9971193,0.9854671,20.025707,20.21083,0.9908404
udktmonr,6.09025,7.5064287,8.704717,9.283474,9.7251215,10.411646,11.6708,2.6661024,6.7158136,1.7000122,0.2531357,10.86964,6.848282,8.005997,8.853156,9.29291,10.153757,-0.08928743004798889,6.7158136,0.6010697,4.3291,5.7210207,1.6062068,0.28075528,9.58092,5.392962,6.98608,8.082359,8.515539,9.051223,0.31608444452285767,5.7210207,0.7169001,6.4353433,6.2976003,1.5936964,0.25306407,11.6708,6.0521736,7.248176,8.554007,9.177759,10.485528,0.5918191075325012,6.2976003,0.59241176,4.5169163,6.086732,1.9665469,0.32308748,11.423809,5.8520274,7.3709354,8.9585,9.784114,10.866943,0.4498016834259033,6.086732,0.6046038,4.913946,0.07998763,0.017027026,1.0664084,0.9399167,0.9399167,12.436834,12.384333,1.0042393
vbjfvyb6,7.9496913,9.923457,15.27638,18.892366,21.026155,25.497284,29.089243,3.1093392,8.635634,3.0771203,0.35632822,27.56109,7.8482003,8.9249,11.052394,14.91611,23.130104,3.0804591178894043,8.635634,0.922981,20.60345,7.4387097,1.4522898,0.1952341,10.730626,7.470492,8.508682,9.4149065,9.856959,10.536382,-0.06636716425418854,7.4387097,0.5518083,4.7757845,11.351868,5.9294825,0.5223354,29.089243,8.455076,14.884371,20.94885,24.012915,27.071022,1.139726996421814,11.351868,1.8438846,21.269762,9.526664,3.7089267,0.3893206,23.758667,8.442959,11.157562,15.1525755,17.406155,20.580036,1.3007736206054688,9.526664,1.0812162,17.110443,0.0744618,0.08742012,0.76072365,0.7808305,0.76072365,16.074345,20.878532,0.7698982
li076a3k,5.9354157,6.871582,7.666857,8.160972,8.683267,9.818257,11.815129,1.8861284,6.0144467,1.2160134,0.2021821,10.933364,5.8301954,6.806769,7.5681,8.033758,9.820212,0.8628031611442566,6.0144467,0.55433613,4.7553244,5.671363,1.6880734,0.29764864,11.815129,5.6250277,6.488569,7.6610136,8.516935,11.165394,0.7803400754928589,5.671363,0.53868896,5.5613413,6.1875186,1.1881669,0.19202639,10.000381,6.2679834,7.0013256,7.604149,7.920755,9.022165,-0.03329090029001236,6.1875186,0.44874126,4.7459893,5.8559036,1.5617373,0.26669452,10.690849,5.921605,7.0293236,7.809292,8.222127,9.576279,0.04133419319987297,5.8559036,0.3812754,4.715389,0.029359013,0.027534945,0.97202885,0.96848637,0.96848637,11.68581,12.043423,0.9703064
krzd5e9p,7.9625382,8.86034,9.6419735,10.169913,10.47367,10.853037,12.032753,1.7725825,7.670713,1.236018,0.16113469,10.406823,7.747736,8.506948,9.1672945,9.545215,10.000481,-0.6284927129745483,7.670713,0.5779665,5.7755876,8.624268,1.4007015,0.16241397,11.451388,8.7337,9.572072,10.319681,10.545648,11.027931,-0.8144630193710327,8.624268,0.5952312,6.3964815,7.7707996,1.2919279,0.16625418,12.032753,7.897378,8.534866,9.327767,9.92148,10.841821,-0.07550208270549774,7.7707996,0.48834026,6.254343,7.930124,1.282257,0.16169444,12.015158,7.7934866,8.819721,9.598469,10.213335,11.0612,0.36527034640312195,7.930124,0.47880295,6.373411,0.0585183,0.010147439,0.98712015,1.0875325,0.98712015,16.294981,15.700924,1.0378358
3jpxgh30,6.4124627,7.870764,11.382721,15.097198,17.919382,23.097996,30.658876,2.4831758,6.7376776,2.728126,0.404906,25.750519,6.158955,7.1849236,8.621704,12.296198,19.066484,3.092013359069824,6.7376776,1.0757741,22.413599,7.0659056,2.3824785,0.33717948,17.250555,6.3949594,7.9670157,10.624471,12.117689,14.799211,1.396708369255066,7.0659056,0.95772046,12.946167,8.44429,5.294854,0.62703365,30.658876,6.4503407,9.06475,15.687765,21.702438,27.846527,2.1339821815490723,8.44429,1.7486002,26.798615,7.5032277,3.2429366,0.43220556,25.104292,6.781319,8.053058,11.556435,14.706561,20.507795,2.2655699253082275,7.5032277,1.2404393,21.021332,0.023778463,0.059009966,0.79789746,0.9417155,0.79789746,13.803583,15.947517,0.86556315
153sflse,6.389959,8.612042,12.777868,14.921788,16.36917,18.106247,19.812744,3.4258223,8.248889,3.3298302,0.40367013,19.737442,7.192891,10.315712,13.346383,14.572758,18.219149,1.0679397583007812,8.248889,1.1057018,10.033437,8.833189,3.9504764,0.44723105,19.812744,7.0304227,11.570561,15.031717,16.933823,18.990927,0.9796388149261475,8.833189,1.2478402,9.639587,6.250864,2.0009878,0.32011378,17.18351,5.8671727,6.910548,8.27117,9.95766,14.168567,2.0635218620300293,6.250864,0.6178147,4.700232,6.968893,3.3956208,0.48725396,18.771582,5.8336096,7.884685,12.255173,15.020359,17.905157,1.5895092487335205,6.968893,0.9073971,10.491964,0.034205444,0.05431484,1.3196398,1.2675169,1.2675169,17.082077,13.219757,1.2921627
45bg34iq,7.25383,8.724406,11.245953,14.792779,17.072884,20.77364,25.093014,2.7008781,7.8451347,2.531834,0.32272664,20.39065,7.421418,8.404412,10.90085,13.325457,17.60907,1.9111312627792358,7.8451347,0.8072419,13.891145,6.415857,1.8900127,0.29458463,13.446447,6.109933,6.9902835,8.731298,10.748872,12.500156,1.3736094236373901,6.415857,0.79577684,8.044863,9.653047,3.792771,0.39290923,25.093014,8.76769,10.205422,15.047343,18.515007,22.969624,1.8058266639709473,9.653047,1.1341599,19.726467,7.7151384,3.1635535,0.41004494,24.998865,6.9474134,8.29744,10.689026,14.642326,21.033352,2.6015095710754395,7.7151384,0.97231644,18.666323,0.10022289,0.11157805,0.81271076,0.8315932,0.81271076,14.260992,17.368185,0.82109857
7zj3sweb,8.283064,14.719577,21.327932,24.206278,25.964474,27.782179,29.712317,9.645595,14.34908,6.018097,0.41940647,29.012262,13.219417,19.026075,23.108437,25.454035,27.898167,0.46352308988571167,14.34908,1.8271528,12.892142,6.705609,3.391302,0.5057411,20.426352,5.4969125,7.6464,11.6752205,14.170883,18.462942,1.7220118045806885,6.705609,0.62078863,7.4217787,12.963808,7.3351183,0.5658151,29.712317,11.13352,18.535103,24.370749,26.650028,28.621733,0.5685076713562012,12.963808,2.0585465,14.049,7.7086873,5.580775,0.72395915,28.483742,5.157389,9.346628,16.702646,20.862854,25.447243,1.627962350845337,7.7086873,1.1790143,12.036774,0.3630294,0.25420836,1.1068568,0.86987686,0.86987686,21.05469,20.672495,1.018488
nvg5vmf6,7.67912,9.4748125,11.26657,12.573765,16.910152,27.417381,38.89285,3.4264379,8.451891,3.582374,0.42385474,33.38333,8.169628,10.200275,11.704423,12.892886,22.7584,1.867476463317871,8.451891,1.501505,30.898064,8.134313,2.2521744,0.27687335,23.01059,7.9971285,9.559498,10.940542,11.742514,12.581041,0.7548465728759766,8.134313,1.0274822,19.427631,9.629929,5.546257,0.5759396,38.89285,8.572025,10.424931,13.164583,21.219994,34.58251,2.799801826477051,9.629929,1.7125291,35.61842,6.68152,3.3437214,0.5004432,34.69673,6.498709,7.8761506,8.821604,9.583729,22.66789,3.7144880294799805,6.68152,1.3159542,30.792168,0.019147135,0.180757,0.8776691,1.2174344,0.8776691,16.586205,16.31145,1.0168444
0yknfu84,7.197748,9.229519,16.421005,21.95587,25.052322,31.354113,37.636963,3.3462625,9.1537695,5.3235,0.5815637,33.66379,7.430366,9.688688,17.441809,21.963388,27.641905,1.9426743984222412,9.1537695,1.4496915,26.917786,9.341476,5.895842,0.6311467,36.626156,7.0136642,10.532967,17.643663,22.334469,32.044483,2.0556039810180664,9.341476,1.7440901,31.292974,8.510835,3.8011189,0.44662115,32.59563,7.763719,8.825962,11.893799,16.125767,25.4859,3.0173072814941406,8.510835,0.835536,7.805241,9.046432,6.4799705,0.71630126,37.636963,6.659624,8.815674,17.705477,24.41394,34.47105,2.374163866043091,9.046432,1.5524118,29.161385,0.010148929,0.03050571,1.075543,1.0326145,1.0326145,18.495247,17.557266,1.0534241
xyjoa21a,7.1478205,11.984611,19.791763,24.648178,27.157429,30.46291,34.467022,6.7060933,9.906114,5.1455126,0.51942796,26.28447,7.782376,13.803829,17.771368,19.61585,23.672686,0.8528594374656677,9.906114,1.6778734,21.155529,6.7228456,2.4620261,0.36621785,15.567866,5.9786196,7.4723506,10.347933,11.947731,14.674733,1.4109256267547607,6.7228456,0.6948453,6.541117,14.507358,8.599969,0.5928005,34.467022,11.247896,21.896961,27.79034,30.168514,32.71406,0.6148877143859863,14.507358,2.4889092,20.890495,7.5593324,5.1622934,0.68290335,29.979342,5.9056005,8.676797,14.447375,19.797146,26.749517,1.9784390926361084,7.5593324,1.2107545,21.349247,0.19142918,0.31486484,0.6828338,0.8893438,0.6828338,16.62896,22.06669,0.7535774
6xvaj2k8,5.9381332,9.02644,11.305555,12.347093,13.1165495,14.597899,17.677155,7.708682,5.677175,4.422413,0.77898127,15.104713,6.118205,9.211441,11.63151,12.656009,14.080221,0.09012243151664734,5.677175,1.6550274,14.61489,5.9117975,3.978909,0.6730456,13.396457,6.888848,9.104987,10.850003,11.5112915,12.200439,-0.21606867015361786,5.9117975,1.7107292,12.644425,5.6066303,4.6826563,0.8351998,16.631168,5.8382354,9.494788,11.669723,12.880288,14.867412,0.13735534250736237,5.6066303,1.6414858,15.630344,5.228177,4.008055,0.76662576,17.677155,4.7994776,7.9644184,10.805356,12.098136,15.352825,0.5453579425811768,5.228177,1.5532346,16.680325,0.020245323,0.034929395,1.0125824,1.130757,1.0125824,11.588972,10.834807,1.0696057
xpnmjqy3,5.102912,6.03114,7.7203183,9.653672,11.019723,13.343862,15.620379,1.7453771,5.1806417,0.94277936,0.18198119,10.413041,5.088066,5.6912804,6.2812753,6.745263,8.039963,1.0572400093078613,5.1806417,0.32686603,5.161198,4.825363,1.9894418,0.41228852,13.248448,4.2600665,5.420372,8.061692,9.06839,11.431909,1.5006097555160522,4.825363,0.67929196,8.845127,5.6757445,1.4083793,0.24814,12.274617,5.4418635,6.179947,7.276392,8.593927,11.022779,1.6685545444488525,5.6757445,0.44943458,5.3784266,6.028736,2.8263335,0.4688103,15.620379,5.223171,6.7635775,10.490229,12.610649,14.783416,1.394737958908081,6.028736,0.8363647,12.823148,0.03550653,0.03015867,0.91276866,0.8003938,0.8003938,10.006004,11.704481,0.85488665
odsx4nxv,8.085444,10.288514,12.392135,13.568314,14.324467,16.0053,18.286419,3.8661017,8.5373955,3.1064258,0.36386105,18.286419,8.1620245,10.641148,12.700354,13.982439,16.890207,0.5471653938293457,8.5373955,1.504532,11.617511,7.982851,2.249861,0.28183678,14.549655,7.765193,9.2512865,11.136141,12.260904,13.662555,0.36877480149269104,7.982851,1.2053725,9.88859,9.103327,3.3399503,0.36689338,17.061785,8.684666,11.78366,13.637314,14.596393,16.195953,0.10282563418149948,9.103327,1.7166958,15.422077,8.061813,2.5271113,0.31346685,17.402367,7.9691024,9.765832,11.116619,11.958022,14.236055,-0.04740967974066734,8.061813,1.356693,16.272844,0.033567566,0.060676083,0.9378325,0.9902054,0.9378325,16.520247,17.16514,0.96243006
kdc9x5jz,6.587523,8.019984,9.678504,11.572772,12.923144,15.453644,18.232635,2.414002,6.549431,1.2838004,0.19601709,10.315888,6.4834914,7.423276,8.219003,8.902032,9.762579,0.2807932496070862,6.549431,0.45151582,3.565321,6.7414308,1.3693961,0.20313138,9.870318,6.7652383,7.9128175,8.51433,8.884529,9.646992,0.030661143362522125,6.7414308,0.42926776,3.15699,7.2815094,2.3703759,0.3255336,15.767757,7.015542,8.656872,10.428448,11.79019,14.009564,0.748683512210846,7.2815094,0.68847454,9.435814,7.559512,2.9807835,0.39430898,18.232635,6.4156046,8.721298,12.117816,14.290116,16.724375,1.4458061456680298,7.559512,0.9605665,9.870335,0.01444601,0.018732049,0.8994606,0.8917812,0.8917812,13.290861,14.841022,0.89554894
6kf1622v,4.498599,5.5744824,7.25188,8.548629,9.741468,11.797614,14.698404,2.0641735,4.2101927,1.6648998,0.39544505,9.378989,4.3672523,5.2754564,6.218153,6.9126177,8.110167,-0.18235737085342407,4.2101927,0.7512417,8.161162,4.2478423,1.4323541,0.3371957,7.908179,4.2049446,5.0604143,6.1873984,6.9166036,7.4565206,0.08791859447956085,4.2478423,0.77893215,7.1054506,5.275095,2.7753108,0.5261158,13.531734,4.862397,7.0117555,9.031441,10.420462,12.606757,0.43253031373023987,5.275095,1.127004,12.343607,4.8174467,2.2366424,0.46427962,14.698404,4.558504,5.5547595,7.1241865,9.34923,13.127527,1.299578070640564,4.8174467,1.0058169,13.860368,0.004451345,0.045345195,0.7981264,0.8817622,0.7981264,8.4580345,10.092542,0.83804804
xyzx9jpn,8.7228565,12.738642,18.260471,21.55561,23.166767,28.042795,33.212364,6.39822,8.179424,4.10878,0.5023312,23.1737,6.8062277,9.529781,14.257687,17.396387,21.488989,1.497814655303955,8.179424,1.0363532,6.838594,7.848791,3.382261,0.43092763,20.493073,7.5278397,10.249223,11.844911,13.676231,17.688095,0.7314793467521667,7.848791,1.1906132,8.555305,9.886951,4.644004,0.4697104,24.172161,8.164329,12.302904,17.338303,19.81687,23.134907,1.134328842163086,9.886951,1.204647,5.7775426,13.960386,5.9954796,0.42946374,33.212364,12.105314,17.714855,22.750463,26.334843,30.405575,0.9734751582145691,13.960386,1.7325311,22.776423,0.020628195,0.17081298,0.8272949,0.5622188,0.5622188,16.028215,23.847338,0.6721176
bzug0it2,6.597642,7.692272,9.722432,14.300297,17.349936,21.923971,29.143917,1.9891987,6.6390543,1.9874548,0.2993581,17.843077,6.06162,7.2907786,8.825765,10.459525,14.879525,2.2352592945098877,6.6390543,0.6041106,12.605005,6.164279,1.0977114,0.17807621,11.487924,6.085413,6.7558937,7.4945436,7.9432893,9.06061,0.5275223851203918,6.164279,0.5488105,5.1134353,9.497097,4.844287,0.5100808,29.143917,7.5940776,9.800195,17.549154,20.804049,25.664318,1.850651502609253,9.497097,1.3563385,23.190266,7.181463,2.5464454,0.3545859,26.190071,6.6057773,7.5877337,8.970258,11.525882,19.26,3.487931489944458,7.181463,0.79730266,20.62625,0.037082165,0.13883898,0.69906145,0.8583598,0.69906145,12.803333,16.67856,0.7676522
6ys445gd,6.2319517,7.45833,8.824974,9.52729,10.056768,10.822163,13.576859,2.371511,6.5216646,1.6540354,0.25362167,11.34357,6.3017263,7.4834824,9.011851,9.591745,10.509328,0.5356295108795166,6.5216646,0.68118054,5.004095,6.2352853,1.3531901,0.21702136,10.011526,6.151341,7.032736,8.117495,8.716365,9.395639,0.278331995010376,6.2352853,0.5604684,4.39334,6.5792475,2.1485763,0.3265687,13.576859,6.323021,7.922394,9.690173,10.599301,11.801479,0.4673667550086975,6.5792475,0.9078809,7.8930626,5.9738255,1.987261,0.3326614,10.414695,6.137937,7.4197874,8.468292,9.130208,10.047548,-0.1881936937570572,5.9738255,0.73387176,5.519732,0.022448886,0.04822899,0.99124783,1.0437676,0.99124783,12.75695,12.553073,1.0162412
ej31gymd,6.912837,9.146156,14.269585,21.034319,25.831648,33.86602,39.072803,3.5867567,7.154677,4.31153,0.602617,34.07284,6.196008,7.331047,10.785246,16.031368,26.734997,3.039557695388794,7.154677,1.3429168,31.978668,6.7443175,3.50816,0.5201653,24.944958,5.796137,7.416446,10.551339,14.709452,19.985622,2.2517547607421875,6.7443175,1.1500576,21.476833,10.198886,6.8076315,0.66748774,37.983215,8.293382,10.419407,19.314743,27.73375,35.785027,2.2271358966827393,10.198886,1.8189616,34.290806,9.534335,6.2649994,0.6570987,39.072803,7.658618,9.967331,16.589428,24.565165,35.490547,2.479668617248535,9.534335,1.8476744,34.755962,0.029524393,0.03367675,0.70151556,0.70737153,0.70151556,13.898994,19.733221,0.7043449
m0l2ljk4,7.4784484,9.957583,17.514395,21.552412,23.680054,26.215944,29.488195,3.9646606,8.890732,4.901746,0.5513321,27.735682,7.4888315,9.242742,16.551924,21.20791,26.020689,1.9311500787734985,8.890732,1.4193391,18.744658,7.533206,2.1524339,0.28572613,17.185707,7.1431,8.842015,10.140843,10.962441,15.109583,1.2022225856781006,7.533206,0.6932879,9.080757,10.273159,5.218902,0.50801337,25.890734,7.840929,12.595931,19.230007,22.014698,24.477732,1.2912275791168213,10.273159,1.1981097,11.915546,9.805052,6.21053,0.63340104,29.488195,7.353448,12.070374,20.412363,24.107168,27.903553,1.3965051174163818,9.805052,2.0586402,25.133701,0.08265532,0.02331419,0.8654331,0.76829845,0.76829845,16.423939,20.07821,0.8179981
q5v7c6s5,5.61693,7.6352425,9.306583,10.107641,10.485014,11.20121,12.078486,3.5325422,6.1316285,2.0953689,0.34173122,11.4364805,6.0005274,7.620666,8.956558,9.858839,10.754094,0.10811635851860046,6.1316285,0.887624,9.286448,5.506807,1.8727536,0.34007978,10.325685,5.3061256,6.855193,8.197637,8.921748,9.678,0.3851838707923889,5.506807,0.9637931,8.642416,6.2815194,2.6953561,0.42909303,11.646863,5.949842,8.770206,9.907152,10.497946,11.277353,0.1038157120347023,6.2815194,0.9213421,10.6186905,5.630969,2.4838452,0.4411044,12.078486,5.202284,7.278767,9.434556,10.457126,11.369171,0.5104203820228577,5.630969,1.0030291,8.259271,0.053686053,0.054610785,0.9761378,0.9779501,0.9761378,11.638435,11.912489,0.97699445
nkb4ehou,6.1120377,7.312861,8.723366,9.514288,10.016603,12.538414,17.390785,2.5382,5.8389792,1.5505168,0.26554587,12.382096,5.7510357,6.7359095,7.9648595,8.610043,9.716974,0.39370930194854736,5.8389792,0.6568363,6.1196012,7.1124616,1.601541,0.22517395,14.145414,6.9829617,8.233855,9.212602,9.691679,10.674937,0.38116756081581116,7.1124616,0.8059251,8.239374,5.0201755,1.952159,0.3888627,14.980001,4.901434,6.218771,7.545802,8.186734,10.415681,0.7639873027801514,5.0201755,0.80039716,9.996637,6.7806296,2.3326402,0.34401527,17.390785,6.601797,7.8556395,9.471309,11.035406,14.660062,1.0485402345657349,6.7806296,0.91416055,12.522362,0.098327465,0.14918086,1.1631026,1.0489383,1.0489383,12.951441,11.800805,1.0975049
6qlz2rwg,7.6129837,9.35696,10.584729,11.385058,12.064051,12.944963,15.1205,3.6168242,7.1535206,2.2872102,0.3197321,13.809866,7.221092,8.816965,10.067184,11.029787,12.796412,0.1781751960515976,7.1535206,0.89737815,6.346295,7.4721956,2.5123575,0.33622748,15.1205,6.8946233,9.360252,11.207469,12.167879,13.511174,0.5940987467765808,7.4721956,1.2071648,6.8360715,8.741785,1.8861358,0.21576095,13.952849,8.717056,9.893214,11.137507,12.084702,13.396666,-0.10389254987239838,8.741785,0.9168217,7.5719833,7.127339,2.4489698,0.34360227,12.69586,7.1441703,9.257721,10.368447,10.858602,11.754215,-0.03735082224011421,7.127339,1.3162506,8.766512,0.021788679,0.101735055,0.8183135,1.048385,0.8183135,14.625716,15.869123,0.9216461
waj1g1r1,8.6829815,9.794581,10.881842,11.594383,12.080588,13.296841,15.284184,2.3649955,8.675836,1.5957805,0.18393393,13.561277,8.497772,9.790775,10.893529,11.496802,12.851442,0.4087783098220825,8.675836,0.70759207,5.967443,8.193246,1.7785454,0.21707457,12.0353565,8.691227,9.534781,10.144036,10.516003,11.415534,-0.45967331528663635,8.193246,0.7177339,7.1597247,9.367769,1.8937402,0.20215487,15.284184,9.207646,10.504862,11.837432,12.709736,14.574913,0.45384207367897034,9.367769,0.59115535,4.9048557,8.326975,1.6997029,0.20412008,12.913481,8.443322,9.540268,10.445522,11.103587,12.132769,-0.01223759725689888,8.326975,0.6267219,6.532674,0.028607942,0.05881941,0.9261368,0.98394024,0.9261368,16.869081,17.694744,0.95333856
dwwo8nbh,4.9458313,6.01841,7.0138,7.6035724,8.064868,8.63986,9.654353,2.091916,5.024706,1.5235114,0.3032041,8.586081,5.025566,6.200459,7.064221,7.5131483,8.144904,0.0655198022723198,5.024706,0.6835699,4.2492714,4.878194,1.1978693,0.24555591,7.870465,4.7909026,5.782078,6.562288,6.983012,7.5359697,0.3148808181285858,4.878194,0.41492942,3.5984058,5.1807885,1.34227,0.25908604,9.113853,5.1084895,6.109774,6.988001,7.581168,8.395961,0.35746949911117554,5.1807885,0.51993906,3.832512,5.057191,1.5552189,0.30752626,9.654353,4.8028493,5.928364,7.2835035,8.183518,9.185882,0.7180116772651672,5.057191,0.5700913,6.0648365,0.014794862,0.012072462,0.96987283,0.96460545,0.96460545,9.9029,10.23798,0.96727085
nal3gywi,8.876616,10.235334,11.961958,14.92432,17.781149,23.18413,34.65106,2.4201708,9.139518,1.9193829,0.21000922,21.86042,8.924845,10.054783,10.965048,11.965746,16.557627,1.7672866582870483,9.139518,0.73841435,16.059893,9.88488,3.0674303,0.31031537,24.5674,8.835196,10.572019,14.089321,16.788353,21.194677,1.9916250705718994,9.88488,1.1259254,17.512083,9.657765,2.576741,0.26680508,24.60743,9.293834,10.283546,11.370169,14.319062,21.658573,2.829989433288574,9.657765,0.6775055,16.993752,9.491531,4.076032,0.42943883,34.65106,8.575296,10.221475,12.417304,17.747837,28.25248,2.9096033573150635,9.491531,1.3491036,27.584164,0.03917928,0.008680947,0.9463388,1.041442,0.9463388,19.024399,19.149296,0.9934777
ymenvg3k,8.404284,9.935581,11.809855,13.370061,14.652846,20.076828,32.8854,3.160862,8.02772,2.3662033,0.2947541,19.984444,8.286452,9.424488,10.42625,11.231552,15.126304,0.3315069079399109,8.02772,0.9492091,17.625725,7.884553,2.0252428,0.2568621,17.211649,7.775076,8.999998,10.394796,11.92472,13.222804,0.6290549039840698,7.884553,0.8090148,13.636183,9.855382,3.8348625,0.38911352,32.8854,8.992649,11.077328,13.536326,17.049461,25.35279,2.208904981613159,9.855382,1.387153,28.119596,8.750504,3.0720832,0.35107502,28.099363,8.490513,10.357083,12.255748,13.509457,19.175997,1.5864665508270264,8.750504,1.3758631,22.249462,0.0089973,0.059383277,0.81455195,0.9010399,0.81455195,15.912273,18.605885,0.855228
k0vm59m6,4.460296,5.7801614,6.8251233,7.6213427,8.083994,9.02843,10.575781,2.5835872,4.4741597,1.3859956,0.30977786,8.903796,4.303239,5.5094976,6.346348,6.8504434,8.117442,0.46823135018348694,4.4741597,0.52421945,5.2681975,3.9991462,2.4744222,0.61873764,10.575781,3.4953268,5.786831,7.8218284,8.468281,9.750191,0.5976431965827942,3.9991462,0.95967734,9.467774,4.636562,1.3995223,0.30184484,8.590356,4.516796,5.603015,6.567124,7.155978,7.9109335,0.3302175998687744,4.636562,0.5490075,4.364935,4.843769,1.7744836,0.36634356,10.157749,4.884488,6.093096,7.0161853,7.8155494,9.154731,0.21671639382839203,4.843769,0.68524176,5.3304524,0.056059998,0.021856535,0.96497357,0.8256269,0.8256269,8.473306,9.480331,0.8937774
mg87oi0e,7.9635477,9.715619,11.345893,12.269936,14.1617155,20.68044,35.734253,3.2520347,8.752679,2.9167683,0.33324292,22.413836,9.39176,10.885149,11.743466,12.245983,15.89258,0.006302013527601957,8.752679,1.0877417,15.69817,7.561706,2.2703216,0.30023932,15.947997,7.4288387,8.865206,10.9064865,11.574328,13.117655,0.46140357851982117,7.561706,0.83767843,10.744087,9.142703,3.9186118,0.42860538,35.734253,8.479585,9.875387,11.768013,15.536741,27.49452,3.179415464401245,9.142703,1.5786767,29.856403,7.8448653,2.7328572,0.34836254,31.561722,7.4425416,8.531618,9.737453,11.2847595,20.515991,3.717644214630127,7.8448653,1.075417,25.657417,0.07300139,0.07639927,0.95734036,0.96390516,0.95734036,16.314384,16.987568,0.960372
0vgnxb5j,10.546431,16.378654,25.698503,31.31538,33.93509,38.894066,43.26978,7.758436,13.073138,5.921043,0.4529167,32.610653,10.618862,16.35577,21.869736,26.202566,31.181988,1.3187087774276733,13.073138,1.792091,24.604427,9.614203,2.9622703,0.30811396,19.745823,8.767302,10.7288475,14.65373,15.581842,18.225471,1.1196033954620361,9.614203,0.8772432,7.3073034,18.323761,9.823118,0.5360864,43.26978,15.013734,25.520416,33.84076,37.550667,41.77993,0.7741129994392395,18.323761,2.8729346,28.569202,13.314312,7.007824,0.5263377,40.17742,10.532934,14.944006,23.802048,29.7707,36.592014,1.7498221397399902,13.314312,1.8469653,27.492062,0.15246099,0.1583361,0.71345276,0.72209543,0.71345276,22.687342,31.638073,0.7170899
tb9xxayp,6.4926653,7.609898,10.504498,15.081207,18.016457,24.079073,33.625904,2.19378,6.483262,2.9993467,0.46262926,24.950424,5.790728,6.96161,8.897199,12.351703,19.937075,2.9633045196533203,6.483262,1.069416,21.840488,7.287979,2.9931421,0.41069576,27.545422,6.671415,7.453514,9.524707,12.92484,21.670158,3.261927366256714,7.287979,1.192307,24.244013,7.2084203,2.6159463,0.36290148,23.567589,6.776703,7.789871,9.307869,12.018206,18.7208,2.6712095737457275,7.2084203,0.7383434,15.302568,8.131913,5.033058,0.6189267,33.625904,6.5418916,8.234692,14.181244,20.306343,29.033175,2.5502305030822754,8.131913,1.5287405,29.868338,0.058434606,0.060200315,0.89940125,0.8962195,0.8962195,13.771241,15.340334,0.89771456
ntrfzwkx,6.945568,8.526057,10.093388,11.023466,11.587716,12.498414,14.295437,3.1398091,7.1032205,2.220486,0.3126027,12.581041,6.884408,8.840417,10.269058,10.962504,11.748664,0.2935243546962738,7.1032205,0.77900475,6.9520164,7.369622,2.235643,0.30335924,14.216677,7.1741896,8.395486,10.646357,11.573111,13.13355,0.4787147045135498,7.369622,0.60897297,6.8078194,7.7454205,2.1756542,0.28089556,14.295437,7.6286936,9.212011,10.648535,11.756156,12.915155,0.30642178654670715,7.7454205,0.7731892,9.393507,6.352032,1.9237313,0.3028529,12.573521,6.223139,7.844397,8.808748,9.351305,11.137757,0.22363553941249847,6.352032,0.853053,9.615612,0.01840701,0.09883972,0.9170865,1.1601992,0.9170865,14.472843,14.097452,1.0266283
xjve3dze,7.699171,8.975814,10.287768,10.973879,11.33334,12.013129,13.76178,2.417645,8.362884,1.6425883,0.1964141,12.704111,8.111597,9.358,10.761589,11.482069,12.275461,0.3247847259044647,8.362884,0.54530334,4.7408676,8.0070305,1.5944341,0.19912927,11.850885,7.8206735,9.355262,10.326585,10.697932,11.246835,0.27224811911582947,8.0070305,0.5632558,4.5125833,7.8406463,1.540071,0.19642144,12.210253,7.721531,8.98473,10.004453,10.555029,11.347623,0.3656865060329437,7.8406463,0.6303519,4.653031,7.214576,1.8950418,0.2626685,13.76178,7.00991,8.252095,9.93705,10.927846,12.065505,0.5735129117965698,7.214576,0.8249034,5.851329,0.021738237,0.041584942,1.0666064,1.1098408,1.0666064,16.369915,15.055222,1.0873247
edhhjshz,10.349683,12.155381,17.458387,27.18744,33.49612,42.51972,54.05054,3.072421,12.286633,5.3587303,0.43614313,42.848385,11.017821,12.949266,17.093056,24.18892,34.855076,2.7507081031799316,12.286633,1.7478398,35.607254,11.225793,2.7718363,0.24691676,29.716606,11.013734,12.25671,13.468262,14.860893,23.43172,2.539334774017334,11.225793,1.0433143,21.129936,14.257148,9.962124,0.6987459,54.05054,10.238907,12.294151,30.79431,40.497223,48.32537,2.147648811340332,14.257148,2.7220378,47.953564,11.011599,5.1421256,0.46697357,43.2846,9.690631,10.817377,14.47752,22.142248,34.333057,3.374345302581787,11.011599,1.3630847,35.451416,0.045118257,0.12844124,0.86178756,1.0194517,0.86178756,23.512424,25.268745,0.9304943
kbrh7lay,5.765236,8.573223,13.460754,16.317142,17.706469,19.567236,23.03245,3.8401065,6.307157,2.8841588,0.4572835,19.630625,5.442395,6.3328133,9.820395,13.396324,17.389647,2.3253071308135986,6.307157,0.74465054,10.832539,4.9331737,1.8181645,0.3685588,11.785995,4.588113,5.6057506,7.49777,8.845013,10.5284,1.245239496231079,4.9331737,0.45411113,7.654888,9.014272,4.261383,0.47273737,20.860922,7.3926396,11.668605,16.067204,17.78676,19.675352,0.9430426359176636,9.014272,1.2876128,14.473101,8.127619,4.438883,0.546148,23.03245,6.285181,10.505888,15.046796,17.636484,20.967306,1.2105896472930908,8.127619,1.2331759,16.407564,0.122236915,0.051724337,0.6996857,0.60696423,0.60696423,11.240331,17.141891,0.6557229
64yfds0d,9.447422,13.26215,21.398098,26.629028,29.22511,32.29167,36.87442,5.1400805,9.738486,3.3946946,0.34858546,25.074278,8.845459,10.535699,14.600051,16.786587,22.403883,1.8606570959091187,9.738486,0.78769946,6.7825985,12.612115,6.603785,0.5236065,35.988583,9.792496,15.231678,23.620855,27.546045,32.590992,1.4929158687591553,12.612115,1.7764301,22.686615,9.51885,2.4723542,0.25973243,24.004324,9.07752,9.917465,11.866834,14.251115,20.623138,2.574878692626953,9.51885,0.59501505,3.6874256,15.341491,7.809133,0.5090205,36.87442,12.635696,20.727655,28.060541,30.92985,33.948593,0.8176365494728088,15.341491,2.3037255,25.373783,0.12857053,0.23421402,1.0230738,0.8220919,0.8220919,22.350601,24.86034,0.8990465
ji9kqdgb,6.5825276,8.449153,9.924101,11.380141,14.006351,21.505442,34.920895,3.327752,8.101317,3.6181026,0.4466067,34.31381,7.542736,8.980189,10.813823,14.29884,24.67485,2.964909553527832,8.101317,1.1597507,25.100864,6.1013517,1.7048502,0.27942172,10.147103,5.995446,7.24841,8.568483,9.244065,9.983337,0.28211745619773865,6.1013517,0.6120515,4.874243,8.13545,4.27653,0.525666,34.920895,7.3792276,9.272024,11.30193,16.6146,27.051672,2.7111806869506836,8.13545,1.1303444,27.25662,6.1546736,2.0486495,0.3328608,12.398317,5.6896496,7.7087755,9.12993,9.814832,11.195174,0.5955069661140442,6.1546736,0.6227377,5.2289605,0.14081618,0.13861158,0.9958044,0.99133635,0.99133635,14.202669,14.290124,0.99388003
k2l0d1b4,6.306226,9.32746,12.872258,14.788709,15.90156,17.153313,19.35768,4.5954723,7.2369766,3.5525312,0.4908861,18.171007,5.666379,9.342243,12.997821,14.800068,17.047832,1.12808358669281,7.2369766,0.8718367,9.1126,6.96691,3.0801115,0.44210583,16.557026,6.452284,8.453546,11.553185,13.3264475,15.890533,0.94851154088974,6.96691,0.72607726,5.0330267,6.6271086,2.6974037,0.40702572,16.244305,5.762443,8.011263,10.576174,12.306818,14.784639,1.1633753776550293,6.6271086,0.6794263,2.9918878,8.413262,3.9542751,0.47000498,19.35768,7.3019567,11.078781,14.550941,16.28516,18.088423,0.774260401725769,8.413262,1.2200409,7.2834997,0.019013582,0.1187573,1.0920262,0.8280866,0.8280866,14.203886,15.040371,0.94438404
xgmpw5d3,7.139914,8.84744,11.025621,16.070185,20.341322,26.878407,35.500034,3.5236163,9.002533,3.8888829,0.43197653,30.80892,8.118931,9.430237,12.606858,17.657143,25.666115,2.5961694717407227,9.002533,1.2740418,24.182451,5.444354,2.7522352,0.505521,16.233437,4.871191,7.771752,9.085195,10.211117,12.315483,0.5946943759918213,5.444354,1.1524463,9.313508,9.058872,6.1231594,0.67592955,35.500034,6.6898036,9.32055,18.605383,24.31537,31.254478,2.214660167694092,9.058872,1.8126582,28.92205,6.814648,3.0526078,0.44794798,22.527355,6.9806776,8.676273,10.110955,11.293405,16.267467,0.5367415547370911,6.814648,1.2411104,14.540461,0.24629381,0.14138162,0.9937808,0.7989193,0.7989193,14.446887,15.87352,0.91012496
go8jn42x,8.869549,10.202117,12.564422,17.1283,20.243053,24.869175,30.749905,2.7434182,8.995151,3.2063706,0.35645548,26.278648,8.39575,9.873457,11.406237,15.009341,23.182861,2.4718129634857178,8.995151,1.3410529,20.910103,9.946157,3.3246305,0.33426282,25.403234,9.475955,10.907319,13.493881,17.009382,22.635721,1.76942777633667,9.946157,1.0961982,18.671486,9.8084135,3.0839908,0.314423,27.022486,9.337287,10.230404,12.233449,16.279469,23.197594,2.5917840003967285,9.8084135,0.9446656,19.48518,9.23296,4.461809,0.483248,30.749905,8.472193,9.888334,13.178931,19.558712,27.756952,2.41194486618042,9.23296,1.3182946,24.23279,0.05020809,0.030221231,0.9170852,1.0772448,0.9170852,18.941307,19.041374,0.9947448
2ezc7fov,5.547205,6.7430477,7.720397,8.299254,8.727088,9.716849,11.892146,2.6484976,5.4104304,1.751261,0.32368237,8.914169,5.7384906,6.787863,7.539247,7.815163,8.566491,-0.28391849994659424,5.4104304,0.656092,7.1186075,5.2723007,1.3189288,0.25016192,8.111749,5.3204217,6.2929153,7.0247765,7.3025856,7.719734,-0.11043044179677963,5.2723007,0.5183563,4.2075567,5.5594635,1.9929565,0.35848,10.067154,5.8152337,6.997386,8.063681,8.460048,9.164079,-0.45695921778678894,5.5594635,0.85882366,9.338604,5.3900824,2.1817777,0.40477633,11.892146,5.3354435,6.794362,8.314581,9.119722,10.803848,0.3251115679740906,5.3900824,0.8388168,5.6814537,0.012930186,0.015469239,0.97319293,0.97814846,0.97319293,10.682732,10.949546,0.97563237
2ygnmby4,8.143612,10.043388,11.78244,12.760301,13.435571,14.514259,18.79147,4.0718846,7.4502435,2.3500545,0.31543323,12.871018,7.2511106,9.472261,10.674591,11.186536,11.979303,0.077581025660038,7.4502435,0.8327371,8.797895,8.810031,2.6778245,0.30395177,14.892529,8.947584,10.583115,12.315058,13.455987,14.441061,-0.009596762247383595,8.810031,1.0917625,9.051337,7.8436565,2.71272,0.3458489,18.79147,7.891687,9.398889,11.537548,12.736913,14.825037,0.4744831919670105,7.8436565,1.1225718,12.142826,8.527965,2.973651,0.3486941,16.270449,8.469795,10.819367,12.428034,13.324337,14.955072,0.07745551317930222,8.527965,1.175213,10.854302,0.08362635,0.04179843,0.94984317,1.0330755,0.94984317,16.260275,16.37162,0.9931989
9e7eobjl,8.23679,9.922924,11.377049,12.406967,12.920591,13.833904,14.7927,3.5044193,8.110274,3.7073026,0.45711187,14.710054,8.354631,11.008039,12.568706,13.240822,14.134854,-0.5909944772720337,8.110274,1.5649532,11.983838,7.625405,2.8502228,0.37377986,14.7927,7.9342027,9.420511,10.736739,11.6519165,13.551428,-0.6734129786491394,7.625405,1.3353897,9.215635,7.500103,3.3354983,0.444727,14.24839,8.101553,9.981089,11.0083685,11.738792,13.281878,-0.7503101825714111,7.500103,1.4772496,12.210904,7.719114,2.814734,0.3646447,14.645363,8.358053,9.51127,10.461118,11.44766,13.508827,-0.8106557726860046,7.719114,1.3641244,11.09136,0.030813381,0.014390414,1.0813551,0.98786014,0.98786014,15.73568,15.219217,1.0339348
zy1uu9ym,5.542175,6.762572,9.635755,12.779816,14.39473,17.251616,23.169647,2.0164213,5.7256207,1.8387424,0.32114288,14.638081,5.295478,6.4380093,8.195975,9.337169,12.325128,1.6463978290557861,5.7256207,0.55165946,9.416767,5.6623716,1.1055543,0.19524582,12.622111,5.3921185,6.1817174,6.9489026,7.5550733,9.790961,1.9035720825195312,5.6623716,0.50507724,7.2808905,7.2445035,3.1738837,0.43810922,20.016336,6.08053,7.8718576,12.037671,15.036914,18.035841,1.8830057382583618,7.2445035,0.9316816,15.416784,6.6364393,3.497362,0.52699375,23.169647,5.285027,7.0308056,12.150404,14.457327,19.050308,1.931847333908081,6.6364393,1.1028664,19.225496,0.0055540176,0.04380568,0.79034,0.85322434,0.79034,11.387993,13.880943,0.8204048
szdximyn,5.8248396,7.1925573,8.312628,8.865516,9.293914,10.047842,13.323053,2.6164708,6.69461,1.5922773,0.23784466,10.078517,6.835788,7.9975877,8.70991,9.069935,9.839759,-0.0662512257695198,6.69461,0.5978789,5.831694,5.912118,1.6805377,0.28425306,10.319432,5.873402,7.091495,8.2479515,8.893702,9.802472,0.34735363721847534,5.912118,0.649873,6.474235,5.8272448,1.3962824,0.2396128,13.323053,5.616859,6.5384016,7.634101,8.283008,10.584837,1.168150782585144,5.8272448,0.6264946,8.008457,5.4554815,1.7922937,0.3285308,11.987726,5.054631,6.7838864,7.7914104,8.57064,10.606582,0.7512139678001404,5.4554815,0.6955973,8.13756,0.062069412,0.032949768,1.1488465,1.0837023,1.0837023,12.606728,11.282726,1.1173476
4u9bxf44,5.1493297,6.1259713,7.1932006,7.895251,8.3361435,9.482234,15.232593,1.9280553,5.680699,1.6274495,0.28648755,10.540962,5.842573,6.8448935,7.6872396,8.222491,9.073294,-0.11521439254283905,5.680699,0.7164597,7.413868,5.2024407,1.0409409,0.20008703,8.458166,5.2607756,5.783924,6.3656383,6.8042636,7.7919416,-0.4097268581390381,5.2024407,0.44997576,5.494621,5.2934823,1.9304259,0.36467975,15.232593,4.9752684,6.2457933,7.706753,8.478168,12.276666,1.3665592670440674,5.2934823,0.7447108,13.322018,4.8442135,1.341278,0.2768825,12.715943,4.811448,5.5868654,6.443565,7.083766,8.487841,0.8143398761749268,4.8442135,0.5155543,11.01562,0.04394487,0.04431666,1.0731497,1.0739496,1.0731497,10.88314,10.137695,1.073532
5cri8bix,8.789511,10.470731,12.173474,13.801695,15.247123,22.637491,37.430153,3.6831436,8.230759,2.7219288,0.33070207,24.228083,8.330957,10.019905,11.07315,11.777445,16.66969,0.8080806136131287,8.230759,1.0945159,19.258276,8.686752,1.9581412,0.22541694,22.625015,8.768004,9.729846,10.615637,11.224415,13.435503,0.7891313433647156,8.686752,0.88868153,17.632088,9.02255,4.3867803,0.48620185,34.7317,8.158288,10.678259,14.018066,15.949723,26.834656,1.9926074743270874,9.02255,1.5314618,29.144817,9.653582,3.6919062,0.38243902,37.430153,9.788322,11.305634,12.686524,13.833206,24.230618,2.305352210998535,9.653582,1.5366359,32.588203,0.026953945,0.033788152,0.9122431,0.8998476,0.8998476,16.917511,18.676132,0.9058359
oiq2q4qe,4.369936,5.7314506,7.442703,8.6119585,9.171582,10.076809,12.55072,2.762271,5.232736,1.9480269,0.37227693,11.135245,5.1444693,6.632897,7.948401,8.6134205,9.291844,0.21103067696094513,5.232736,0.7823631,6.9747357,3.773668,1.4313408,0.37929696,7.7294188,3.7947478,5.028679,5.567161,5.7335215,6.5907507,-0.02414669655263424,3.773668,0.6723446,3.6854544,5.5666027,2.3753948,0.42672253,12.55072,5.128798,7.202097,9.307317,9.963116,11.039782,0.5456089973449707,5.5666027,0.750842,10.375147,3.6400254,1.6648228,0.45736572,8.84585,3.588542,4.741082,5.7997155,6.642834,8.174755,0.46618887782096863,3.6400254,0.59221417,3.7268763,0.1620034,0.20925982,0.9400233,1.0367148,0.9400233,9.006404,9.206628,0.9782522
rxdouadv,4.3212337,5.1564107,5.8883243,6.4335217,6.7953486,7.4954443,8.510427,1.5161431,4.488245,0.939386,0.20929918,7.444235,4.3603115,5.1634493,5.743364,6.1666203,6.8615856,0.45369812846183777,4.488245,0.35143286,3.4483862,4.4362783,1.1141491,0.251145,7.425461,4.3566604,5.2208557,5.967207,6.398304,6.9793735,0.2589445412158966,4.4362783,0.48700678,2.9528236,4.4830885,0.9166411,0.20446643,7.569273,4.4094505,5.0061483,5.802872,6.164036,6.809598,0.4134445786476135,4.4830885,0.42608535,5.205578,4.370027,1.3713024,0.31379724,8.510427,4.1092567,5.281683,6.285393,7.131756,8.085088,0.6623134613037109,4.370027,0.4671925,3.7618046,0.0058229067,0.012770807,1.0011503,1.0151603,1.0011503,8.924523,8.853115,1.0080659
ei3zrrhf,10.334066,15.4025755,22.150354,26.630127,29.4023,33.42786,37.6558,7.399581,17.26193,6.377099,0.3694314,37.6558,15.8309,20.615797,26.896374,30.350027,34.711708,0.8809874057769775,17.26193,1.7492495,14.296278,8.517896,2.968932,0.3485523,21.604809,8.132841,9.78539,12.2268715,14.471887,18.536444,1.3453216552734375,8.517896,0.8581806,4.5826616,15.033666,6.917397,0.46012712,37.26633,12.686796,18.4712,26.176691,29.583958,34.59629,1.1410719156265259,15.033666,1.6488723,12.78308,8.475446,3.1315472,0.36948466,23.82191,8.159105,9.487955,11.5744295,14.422524,20.971495,1.8918378353118896,8.475446,0.8488823,4.7456512,0.33918127,0.27896503,1.1482183,1.0050086,1.0050086,25.779827,23.509111,1.0965887
4abufwbu,8.039499,17.799646,35.014023,47.95861,56.723705,70.180176,84.85165,14.219779,18.83808,12.499021,0.6634976,64.459076,15.537094,23.795208,37.178364,45.777027,58.95176,1.3318278789520264,18.83808,3.1787999,36.07546,7.105109,4.1591883,0.5853799,23.047325,5.642105,9.886486,13.31958,14.796323,18.643578,1.0427939891815186,7.105109,1.5012608,15.8073845,24.310291,21.720127,0.893454,84.85165,16.632338,38.971565,58.225983,69.03103,80.149025,0.8894100189208984,24.310291,5.589857,70.9352,5.8326716,6.2751403,1.0758604,35.039707,3.2282467,5.747751,14.316603,21.63142,30.47826,2.419940233230591,5.8326716,1.3136162,22.590082,0.4522563,0.61299944,0.77490145,1.2181569,0.77490145,25.943188,30.142963,0.86067146
cjg8vuaz,9.809748,12.552473,17.763836,22.213701,24.773691,27.963005,31.39773,5.000087,11.433233,3.4166567,0.29883558,24.900686,11.189606,12.888037,15.185098,18.081272,22.97922,1.0002983808517456,11.433233,1.1231903,14.669424,9.684398,2.9680362,0.3064761,22.281168,9.272654,10.995962,13.57282,15.232724,19.375347,1.2328035831451416,9.684398,0.9351515,12.565659,12.264905,6.154374,0.50178736,31.39773,9.84553,13.109182,23.325659,27.164787,30.248842,1.582046627998352,12.264905,1.8806801,23.885567,10.189978,5.6955285,0.55893433,29.19798,7.954159,13.111347,19.413322,23.063547,27.078506,1.351607322692871,10.189978,1.990322,22.239624,0.08281401,0.092404276,0.93219095,0.9503846,0.93219095,21.11763,22.454884,0.9404471
xkdq95g3,6.827593,9.465126,12.823206,15.2607565,16.750694,19.036106,21.981848,4.11252,6.232605,1.6113566,0.2585366,11.73524,5.8877907,7.327771,8.592923,9.19035,10.597209,0.7120344638824463,6.232605,0.4930915,2.4550982,6.1203938,1.9177248,0.31333357,12.317667,5.8604198,7.1083713,8.740998,9.803017,11.791245,0.7217385172843933,6.1203938,0.7208367,2.8229294,8.215617,3.051584,0.37143698,18.360172,7.4350877,10.03306,12.647105,14.13789,17.051336,0.8628915548324585,8.215617,0.87884814,5.28773,10.076033,4.400361,0.43671563,21.981848,9.584961,12.929383,16.31854,18.268017,20.428993,0.46384376287460327,10.076033,1.600259,5.442466,0.009083724,0.101708464,0.75862896,0.607421,0.607421,12.352999,18.291649,0.67533547
v23gxj0m,10.269505,18.17977,33.05674,43.9968,52.00653,62.62078,71.830574,11.663018,17.19134,10.181724,0.5922589,52.694332,15.094472,22.350273,32.633293,38.26872,48.04125,1.1261491775512695,17.19134,2.4561675,15.48176,7.019983,3.1467645,0.44825816,19.282885,5.734559,8.772598,11.826032,13.666327,16.15942,1.2215083837509155,7.019983,1.122738,9.929718,26.132298,17.379478,0.6650574,71.830574,20.689783,37.819504,53.681553,61.896805,68.96004,0.8431244492530823,26.132298,5.296798,51.1168,9.05733,5.3101254,0.58627933,31.532337,7.682578,11.087328,16.453661,20.320179,27.821276,1.5109951496124268,9.05733,1.445884,6.987014,0.42010742,0.48522723,0.65785795,0.77506095,0.65785795,24.211323,35.18963,0.6880244
qvindh4s,14.292757,21.507402,37.103176,47.949894,55.34302,65.43125,73.39947,11.107218,10.85193,2.6882377,0.24771978,22.543568,10.1131525,11.826807,14.3500595,16.536352,20.64673,1.5889252424240112,10.85193,0.585871,5.134322,11.536552,2.821213,0.2445456,20.12743,10.640564,13.264324,16.129473,17.336666,19.01397,0.8962633013725281,11.536552,0.8554287,6.2188196,25.702047,12.720533,0.49492297,68.20109,22.263788,33.41331,44.321373,50.54359,62.533222,0.9818907380104065,25.702047,3.3433135,39.597786,25.133364,14.947354,0.5947216,73.39947,19.211697,29.761206,50.452213,60.797894,70.680244,1.457755208015442,25.133364,3.1174166,57.92336,0.030579241,0.011186762,0.42222044,0.45901346,0.42222044,22.388481,50.83541,0.44041115
pfdrwb2s,11.923672,15.120461,27.821938,42.73845,51.452316,61.324768,71.273125,6.28695,16.137999,8.67402,0.5374904,55.93856,12.770892,17.306564,27.97283,36.15141,48.879074,2.1904711723327637,16.137999,2.5780666,43.665623,9.414539,2.7249067,0.289436,24.486914,8.634949,10.949007,13.2752075,14.355106,18.048222,1.4263232946395874,9.414539,1.017246,9.776276,23.061972,16.533173,0.71690196,71.273125,14.526229,30.19387,53.168705,60.485752,67.86524,1.3543081283569336,23.061972,4.505665,54.360016,11.1800165,6.6927614,0.5986361,56.365566,9.617351,12.66429,16.398561,22.558178,42.4088,3.10575270652771,11.1800165,1.8455672,39.455353,0.26312295,0.34699956,0.69976664,0.8420864,0.69976664,25.552538,34.24199,0.74623406
erev361x,13.662888,20.248234,28.905676,34.098095,37.67999,42.232086,47.44024,9.921827,16.600801,5.199656,0.31321716,32.63232,15.437084,19.682655,24.36893,26.775993,30.423605,0.8154982924461365,16.600801,1.6867676,11.136528,10.824421,2.6609254,0.24582613,22.539942,10.3727045,12.188367,14.0711565,15.728543,18.99677,1.0865726470947266,10.824421,0.7396461,5.5529485,21.337616,10.540262,0.49397564,47.44024,20.030977,29.631744,36.896797,40.276035,44.795162,0.4746054708957672,21.337616,3.494152,16.142754,15.751807,8.349445,0.5300627,46.92067,13.059765,19.2846,28.212461,33.669956,42.132965,1.3921664953231812,15.751807,2.196138,8.088161,0.21062292,0.15060382,0.7780064,0.68718594,0.68718594,27.425222,37.089424,0.73943514
snbti22n,12.917835,16.734926,23.757795,34.753048,42.886745,54.48939,67.23472,7.771449,20.994913,14.018655,0.66771674,67.23472,15.870956,27.641052,43.576427,51.719505,62.135628,1.2529014348983765,20.994913,5.1914086,52.865532,9.1654625,4.576305,0.49929884,26.92029,7.654804,11.34048,16.381464,18.18501,23.628574,1.286590814590454,9.1654625,1.6781592,12.8387,14.15704,5.496458,0.3882491,37.343254,13.311608,16.605648,20.576185,25.422958,33.51608,1.3100244998931885,14.15704,1.5095384,18.90261,12.860829,3.6070712,0.28046957,20.940744,13.249676,15.565428,17.427181,18.450819,19.791988,-0.15357573330402374,12.860829,1.1259786,6.49848,0.3922183,0.04797604,1.4830016,0.71266496,0.71266496,30.160376,27.017868,1.1163121
v01zderi,14.265748,18.455355,25.947426,29.421688,32.08006,35.651005,40.222614,6.541271,14.722785,4.3878007,0.2980279,32.10612,13.091129,16.22303,21.298395,24.497179,29.544436,1.5758037567138672,14.722785,1.3379716,16.972008,11.460233,1.7055982,0.14882754,21.903883,11.104002,11.89785,12.793543,14.342324,18.68077,2.8426425457000732,11.460233,0.6100444,12.258197,19.570684,7.4208865,0.3791838,39.543594,16.872698,24.672401,31.789042,34.349266,37.889492,0.8709259033203125,19.570684,2.1192148,21.3102,18.042242,5.653357,0.31334004,40.222614,16.31818,20.87277,27.005167,29.148184,34.529697,1.1458624601364136,18.042242,2.1041026,23.047094,0.12460566,0.040636092,0.7522877,0.63518894,0.63518894,26.183018,37.612926,0.6961175
4k5ogz2u,7.1114435,8.08078,9.167858,9.922769,10.571136,11.352312,12.460028,1.9942122,6.9103184,0.9510197,0.13762315,9.356219,6.9329257,7.5515633,8.0854645,8.411076,8.928807,-0.24416585266590118,6.9103184,0.42051908,2.932548,7.326025,1.6626163,0.22694658,10.2859955,7.623575,8.607524,9.325674,9.576685,9.771962,-0.5594698786735535,7.326025,0.71375203,4.5595775,6.8376637,1.2225921,0.17880261,10.135845,6.996184,7.6340504,8.270263,8.740704,9.604751,-0.18302692472934723,6.8376637,0.5254346,4.741692,7.5720315,1.9888189,0.2626533,12.460028,7.2530994,9.040898,10.557506,11.206044,11.835666,0.3737594187259674,7.5720315,0.8959,4.4540625,0.02920038,0.050963458,1.0106257,0.9675112,0.9675112,14.236343,14.409695,0.9879698
eaxylnfx,13.181187,19.948551,32.421467,40.144608,45.03756,50.876186,55.959766,10.036995,11.006503,3.4436505,0.31287417,25.774132,10.840115,12.655345,15.028828,16.987265,21.822678,0.782413125038147,11.006503,0.7531683,5.885211,10.469935,4.0586424,0.38764733,26.428427,9.595994,12.288595,16.283175,19.128563,24.203236,1.2755299806594849,10.469935,1.0159359,5.6880193,17.457073,6.8335166,0.39144686,41.786907,15.402773,20.696583,27.285555,31.863018,38.939842,1.205855369567871,17.457073,1.8691596,6.518915,25.148262,12.930055,0.514153,55.959766,22.560232,34.50531,44.99359,49.085064,53.6834,0.5051782131195068,25.148262,4.495858,33.356377,0.024984017,0.18052173,0.6304896,0.4163284,0.4163284,21.476439,42.605335,0.5040786
j4pnjy1o,8.33017,10.793848,13.600294,16.243158,17.815416,20.357018,27.465956,4.5783243,10.325571,3.3512363,0.324557,20.914965,9.42123,12.543361,15.314195,16.951662,18.877327,0.6940030455589294,10.325571,1.2333759,10.267629,8.534145,2.529747,0.29642653,12.202594,8.897388,10.633279,11.669843,12.018958,12.16152,-0.4980733096599579,8.534145,1.0921288,8.582772,10.057117,4.9947686,0.49664018,27.465956,8.98914,13.14312,17.401396,19.765614,23.500422,0.8086974620819092,10.057117,1.5777171,20.327417,6.906993,2.202138,0.3188273,12.760392,6.913044,8.530594,9.843737,10.504828,11.511743,0.1351233422756195,6.906993,0.8106609,5.4293284,0.094986886,0.18569346,1.0266929,1.2355804,1.0266929,18.859716,16.964111,1.1117421
2rntjlmz,10.115542,17.017735,23.395575,28.83303,32.757477,39.32684,46.904312,10.934978,12.552118,5.2838144,0.42095003,24.811924,12.220334,16.810001,19.988945,21.455807,23.504826,0.260917603969574,12.552118,1.536346,11.479335,6.745294,3.372343,0.49995494,19.89323,5.4860578,8.475324,11.955713,13.412553,16.443686,1.2926006317138672,6.745294,0.9069655,7.5066066,18.953995,9.069685,0.47851047,46.904312,17.511477,24.65041,31.897581,37.017735,43.594955,0.7766695618629456,18.953995,2.7423158,13.352563,11.061603,8.250012,0.74582434,43.672054,7.482938,14.733307,23.514982,28.944199,37.687317,1.5233631134033203,11.061603,2.0858672,12.797372,0.30091205,0.26294303,0.6622413,0.60979354,0.60979354,19.297413,30.015598,0.6429128
04x0qzfh,14.605177,24.396778,36.006336,43.85255,48.165928,55.09047,62.905407,14.0147705,22.020927,9.753089,0.44290093,52.22038,19.426374,28.171566,36.58093,41.128334,47.97636,0.8496597409248352,22.020927,2.9716487,23.276684,12.951404,4.997638,0.38587618,34.21959,11.917466,15.1546335,19.808294,22.700665,28.234648,1.2840709686279297,12.951404,1.0342795,10.874994,25.341646,14.4691515,0.5709634,62.905407,20.840456,35.251564,48.35758,54.01285,59.71891,0.7752175331115723,25.341646,4.075984,26.633999,14.1917,9.499769,0.66938907,52.47362,10.52914,17.387537,28.164455,35.049755,46.75394,1.6480158567428589,14.1917,1.8000201,17.049099,0.25933427,0.28203902,0.868962,0.9126041,0.868962,34.972332,39.533348,0.88462865
omtzzf8a,5.886036,7.0969067,8.69539,9.670244,10.361237,11.53236,14.509715,2.153191,5.7935247,1.3142047,0.22684027,10.291339,5.711136,6.6367726,7.457394,8.208074,9.105224,0.3149781823158264,5.7935247,0.52602273,5.3656464,4.6119113,0.80942243,0.17550693,7.342255,4.657965,5.166431,5.641621,5.901077,6.145942,-0.24302588403224945,4.6119113,0.29633817,3.3908541,7.2472177,1.8573946,0.2562907,12.053464,6.708015,8.67049,10.100626,10.749216,11.676382,0.6341006755828857,7.2472177,0.67290163,7.0320196,6.6296086,1.8641986,0.28119284,14.509715,6.517396,7.6520185,8.936359,9.985735,12.334777,0.8527728915214539,6.6296086,0.57312673,8.20571,0.113557324,0.044506505,0.7994137,0.6956536,0.6956536,10.405436,13.876826,0.7498426
df7pchcb,13.981535,18.151777,24.018513,28.071196,30.277815,34.390465,38.700653,6.5930443,15.504955,4.2733393,0.2756112,31.898338,14.319428,17.550909,21.692213,24.562273,28.744368,1.2255769968032837,15.504955,1.1222341,5.053671,16.58463,5.2826815,0.31852877,33.72804,15.366669,19.23517,24.318758,27.625431,31.47781,1.018958568572998,16.58463,1.7966378,9.172916,14.19043,4.631636,0.32639155,32.806705,12.6933975,15.679451,20.969479,24.562819,30.220812,1.5967823266983032,14.19043,1.2999518,5.3767967,16.234224,7.6029778,0.4683302,38.700653,13.432381,20.354578,28.308344,32.68623,36.67871,1.0662850141525269,16.234224,2.2827592,12.043089,0.033645615,0.067175604,1.0926347,1.0215843,1.0215843,32.089584,30.424654,1.054723
n9wszv83,10.380673,16.568726,24.360016,28.521389,31.088152,34.28082,36.9173,9.111033,18.380663,8.164563,0.44419307,36.9173,17.912338,24.36192,30.258059,33.135086,35.996574,0.2654385268688202,18.380663,2.8240576,14.315875,15.7618065,6.7382817,0.42750695,36.424793,14.141064,19.428707,26.046228,30.025927,34.71391,0.9178072810173035,15.7618065,1.995848,8.281549,9.021782,3.9912717,0.4424039,29.000162,8.45636,10.431372,13.568726,16.773537,23.445232,1.653206706047058,9.021782,0.94229704,7.0179024,9.273429,4.54467,0.4900744,31.623598,8.047918,10.18134,15.282242,19.40541,26.227592,2.067371129989624,9.273429,1.0670775,5.851025,0.07670377,0.013754801,2.037365,1.699674,1.699674,34.14247,18.295212,1.8661971
xphx2kbv,19.648153,30.48079,45.169827,54.5907,60.888836,69.26884,79.51775,15.464553,24.242535,11.816106,0.48741215,64.13469,20.083508,30.955925,41.943787,48.686882,59.112926,1.1476153135299683,24.242535,3.2801433,24.321175,18.863327,7.9527793,0.42160004,53.408283,16.019855,22.750797,30.036938,34.739445,44.37122,1.448549509048462,18.863327,1.9109857,16.93216,27.0278,13.864705,0.51297945,75.37828,21.370708,32.194668,48.51336,59.063984,69.65948,1.4469586610794067,27.0278,3.3909957,15.503109,27.125603,16.560133,0.61049825,79.51775,20.743814,36.29171,52.974518,62.886566,74.58267,1.1713604927062988,27.125603,4.322969,39.095177,0.12479063,0.0018060382,0.89694816,0.69540673,0.69540673,43.10586,54.153404,0.7959954
sigbiaf9,14.92893,22.458105,38.94305,48.737713,54.87051,65.714836,75.43972,10.760279,30.497982,16.085194,0.5274183,75.43972,27.112537,41.7289,53.890667,60.99469,70.49534,0.7113025188446045,30.497982,4.6452303,26.600689,22.648695,12.2398405,0.5404214,66.660065,19.589855,28.72263,39.652107,47.62805,60.515327,1.1410664319992065,22.648695,3.5201004,15.864507,14.42543,4.1927695,0.29065126,33.705296,14.794783,16.358185,18.296766,21.222574,28.56091,0.7793205380439758,14.42543,1.30555,11.111399,12.110889,3.066098,0.25316867,31.568056,11.707631,13.558892,15.241748,16.759989,23.786037,1.9028806686401367,12.110889,0.9308097,6.2673383,0.14769103,0.08722162,2.1141818,1.8701099,1.8701099,53.146675,26.53632,2.00279
2movs0cd,5.26557,7.7176847,14.747841,20.164463,23.474108,27.495234,31.81484,3.8929653,8.603092,5.474817,0.6363778,31.00456,6.2900724,9.684795,16.78962,21.332766,27.680548,1.8859940767288208,8.603092,1.4063503,21.71393,5.202072,2.9522188,0.5675082,19.688044,4.3779626,6.19578,8.679867,11.534947,16.879625,2.0510032176971436,5.202072,0.8643229,9.607288,8.135754,7.4158907,0.9115186,31.81484,4.4773645,9.550499,21.596163,25.640055,29.673384,1.5999361276626587,8.135754,2.0079365,25.333721,6.2685475,4.052818,0.6465322,22.553177,4.8905716,7.0488853,12.247984,16.056248,21.03694,1.8313013315200806,6.2685475,1.0452001,14.410854,0.24635853,0.12962838,1.0574425,0.8298688,0.8298688,13.805164,14.404301,0.95840573
k36m8jvh,14.225327,18.172867,23.083416,26.971563,29.184994,32.480995,36.37658,7.02932,15.344944,3.894271,0.25378203,24.739782,15.263416,18.273937,20.611174,21.915384,23.777212,0.13969257473945618,15.344944,1.4318388,8.493766,13.514626,4.101085,0.30345532,27.73474,12.890962,15.394352,19.15589,22.104897,25.907701,1.0634610652923584,13.514626,1.2004684,7.5310593,14.405422,5.4514384,0.37842962,31.8311,13.358638,17.262691,22.518736,25.506329,29.676617,0.8816458582878113,14.405422,1.2970034,6.5754776,17.007809,7.2951827,0.4289314,36.37658,15.455278,21.440735,28.674099,31.277569,34.58944,0.6756292581558228,17.007809,1.9829097,9.0191555,0.06342154,0.08284364,1.06522,0.794613,0.794613,28.85957,31.41323,0.91870743
7ujodck8,14.103058,23.011892,39.436443,48.56514,53.750576,62.83479,72.62894,11.951702,13.822335,4.9982157,0.36160427,35.38286,12.922888,15.335662,20.406942,24.793524,30.66934,1.4632166624069214,13.822335,0.9480495,10.092335,11.229779,3.1877615,0.2838668,23.339249,11.045978,13.5983,15.264304,16.055813,19.761219,0.505617618560791,11.229779,1.1592482,8.80067,27.168043,14.312462,0.5268124,69.97694,23.642614,37.162895,48.108242,54.253517,63.61354,0.7315502166748047,27.168043,4.380414,32.49533,22.93887,14.950997,0.65177566,72.62894,17.096409,30.234596,47.35509,55.857174,67.8595,1.2967743873596191,22.93887,3.8788915,38.032623,0.103486516,0.084403,0.50877184,0.48955244,0.48955244,25.052114,50.10691,0.49997324
2853uy8u,9.006344,14.612368,21.541906,24.803604,26.520002,29.254118,32.56193,7.7446413,8.818707,3.2263334,0.36585104,18.80366,7.7002916,10.573433,13.74634,15.344458,17.521856,0.9109818935394287,8.818707,0.88362694,8.237295,7.3259826,1.6097758,0.21973513,12.481769,7.2077365,8.282696,9.491888,10.24852,11.901979,0.5222485661506653,7.3259826,0.56356806,3.6582227,14.293908,6.7169237,0.46991512,29.259548,14.273269,19.520996,23.816616,25.555729,27.722029,0.21722587943077087,14.293908,1.9621626,16.190609,13.988785,7.219071,0.5160613,32.56193,11.997884,18.843618,25.4473,28.200153,31.14599,0.7185416221618652,13.988785,1.7340361,19.891216,0.09245919,0.010788341,0.61695564,0.523704,0.523704,16.14469,28.282692,0.57083285
118qqvae,10.403259,11.6773405,13.006118,13.777051,14.237197,14.845566,15.586156,2.4308348,9.858869,1.8808712,0.19077961,13.9960985,10.078245,11.22594,12.07454,12.689102,13.695809,-0.24855144321918488,9.858869,0.52501476,5.3211317,10.496944,2.329822,0.22195241,15.118512,10.927609,12.290033,13.360709,13.893462,14.520762,-0.390902042388916,10.496944,0.675901,6.631348,9.986489,1.6123133,0.16144946,14.936951,9.670215,10.788106,12.423696,13.493891,14.584672,0.8894886374473572,9.986489,0.47191483,6.0807943,11.295192,1.6743428,0.148235,15.586156,11.043037,12.440701,13.678962,14.60315,15.107231,0.37250131368637085,11.295192,0.5322582,6.557111,0.031346124,0.061494317,0.98722064,0.92932856,0.92932856,20.355812,21.281681,0.95649457
cw9yil8s,14.522932,17.071218,25.140133,30.639933,33.67107,37.82618,42.94505,4.1941223,21.129074,8.472132,0.40097034,42.94505,17.872671,27.815327,34.167797,37.157475,40.709545,0.7145364880561829,21.129074,3.0264173,21.648392,15.898513,4.0622916,0.25551394,29.474962,14.724908,17.253813,22.718622,24.89682,28.314001,1.2800415754318237,15.898513,1.6818972,14.0240345,15.270338,2.9985,0.19636108,28.747202,14.597728,15.946206,18.58176,21.905697,27.400126,1.9288424253463745,15.270338,0.8433115,10.270363,13.378192,2.4616194,0.1840024,25.685575,13.166929,14.730839,16.287516,17.78391,20.654749,0.8429645895957947,13.378192,1.0430534,13.122649,0.14126119,0.066046886,1.3836677,1.1883903,1.1883903,37.027588,28.64853,1.2924778
a3idy3c7,17.150185,24.216732,33.965168,40.18803,43.62832,48.404026,52.686253,11.354444,17.526115,6.5243454,0.3722642,41.00386,16.067142,20.891253,26.777954,30.846455,37.23161,1.0528199672698975,17.526115,1.7743653,6.205143,15.493826,5.142484,0.3319054,37.3932,14.416985,17.55316,22.28892,26.365484,32.610737,1.3992975950241089,15.493826,1.5092828,5.5949135,21.333855,11.166925,0.52343684,52.0138,18.365145,28.545177,38.845203,44.03517,48.967564,0.8345707654953003,21.333855,3.405459,9.575445,23.461391,10.4791565,0.44665536,52.686253,21.24838,29.949848,39.42274,44.291523,49.779335,0.7409062385559082,23.461391,3.3231008,14.869332,0.061547335,0.0474947,0.8215166,0.6603967,0.6603967,33.019943,44.795246,0.7371305
rm6j8y6r,10.116837,13.994376,18.871786,21.867579,24.198273,27.759005,32.453793,5.716172,10.461731,3.2050803,0.30636233,21.611654,9.490328,11.996589,15.084462,17.245321,19.714106,1.0746668577194214,10.461731,0.7328813,4.1104646,10.3554325,3.3805087,0.32644784,21.650824,9.451424,12.1220045,15.604159,17.41566,20.489994,1.050252079963684,10.3554325,0.99951524,3.9950624,10.906076,3.7900815,0.34752017,23.279015,9.544455,12.676033,16.893478,19.38845,22.336016,1.2614244222640991,10.906076,0.882263,3.8286362,14.416106,6.405465,0.444327,32.453793,12.995654,18.866735,24.181177,26.574614,30.343058,0.6738157868385315,14.416106,2.358967,7.1519985,0.0051062885,0.13861482,0.95925707,0.7183238,0.7183238,20.817163,25.322182,0.822092
h05hhiwf,9.763927,11.3312435,15.0630455,19.90787,23.734013,31.126888,42.8027,2.813797,9.482461,1.1236683,0.11849965,12.212242,9.602875,10.372938,10.809882,11.214168,11.802994,-0.08719675987958908,9.482461,0.31773448,2.8372717,8.869922,1.0126481,0.11416652,12.927199,8.703997,9.548456,10.294299,10.420947,11.795276,0.6881143450737,8.869922,0.28478336,3.2160044,12.775929,6.4050403,0.5013365,42.8027,10.473565,13.244249,20.990448,27.572964,37.632072,2.3587324619293213,12.775929,1.1607233,35.115513,12.238079,4.7870975,0.39116412,36.342514,10.998249,13.962942,18.155191,22.342648,29.416862,1.8662617206573486,12.238079,1.1182332,24.168484,0.033376556,0.021501968,0.742213,0.72478056,0.72478056,18.352383,25.014008,0.73368424
d7yxw1tb,12.0007105,14.614934,19.219969,22.488249,24.115479,26.163813,28.179548,5.095519,10.644807,2.0635686,0.19385684,16.973534,10.4180355,12.0379305,13.256564,14.391483,16.240982,0.5152140259742737,10.644807,0.6949148,6.2561436,9.019306,2.2499018,0.24945398,14.228445,8.456371,10.724755,12.315274,13.051616,13.960332,0.4547399878501892,9.019306,0.79479784,7.578895,14.480848,3.4915571,0.24111551,25.703669,13.613534,16.223902,20.098763,21.945032,24.411472,1.0035548210144043,14.480848,1.0619901,9.459248,15.635719,5.126947,0.32789966,28.179548,14.567012,18.96927,23.559675,25.461666,27.196724,0.5321917533874512,15.635719,1.6332185,14.02593,0.08266331,0.0383467,0.7350955,0.57683986,0.57683986,19.664112,30.116568,0.65293336
rwr965r9,11.297132,14.248121,16.962107,21.00972,27.037928,39.864216,59.500477,5.024338,15.604137,5.640084,0.36144796,51.46513,14.519743,16.61095,20.101149,26.217916,40.486767,2.7591710090637207,15.604137,1.7251928,36.77185,10.239512,2.6097264,0.25486824,16.956924,9.919506,12.047422,13.857438,15.029366,16.438068,0.3789001703262329,10.239512,0.9187268,6.714923,14.660054,7.956765,0.54275143,59.500477,12.831793,14.856096,21.991068,32.395584,49.30539,2.85547137260437,14.660054,2.320599,47.075462,9.248905,2.1911082,0.2369046,22.97162,9.374411,10.49066,11.55774,12.610882,14.962541,0.6618097424507141,9.248905,0.8592935,12.161143,0.20758,0.22632308,1.0643983,1.1071054,1.0643983,25.84365,23.908958,1.0809191
6khub2rt,19.053753,26.716434,46.73977,62.230267,71.55268,85.07906,94.94105,11.128889,23.345778,10.392805,0.44516852,73.40662,20.066948,26.196817,36.796238,46.56499,63.11776,2.015787363052368,23.345778,2.843385,56.034767,15.543617,2.9649363,0.19074944,28.304659,15.074233,17.266033,19.240774,20.76733,24.676039,1.0201433897018433,15.543617,0.7961881,13.48195,37.6264,22.123123,0.5879681,94.94105,28.879843,51.631752,74.07703,83.77488,92.46439,0.9621463418006897,37.6264,6.9768596,74.41197,22.233427,11.578832,0.52078485,79.548065,18.370007,24.013084,37.039215,48.19904,68.82235,2.3165814876556396,22.233427,3.183751,62.99569,0.20062436,0.25715032,0.6204627,0.69911027,0.6204627,38.889397,59.859825,0.6496744
soyg9zqy,12.924538,16.013462,21.332869,25.477982,27.91446,32.373737,37.290905,4.9541836,13.158198,2.4255211,0.18433535,22.235537,12.824163,14.485249,16.51327,17.642769,19.873232,0.6223814487457275,13.158198,0.68562,4.2370653,14.379706,3.9063432,0.27165666,26.354712,13.988718,16.723606,19.723518,21.856848,24.937637,0.5363560914993286,14.379706,1.300367,10.378211,12.50388,3.2275388,0.25812298,25.645332,11.954415,13.488368,16.698837,19.383026,24.10849,1.4908055067062378,12.50388,0.88431275,5.24852,16.903101,7.1991906,0.42590946,37.290905,14.612518,21.754593,27.848425,30.835995,34.873207,0.8149768710136414,16.903101,2.2256343,16.427452,0.044357333,0.14959787,1.0523293,0.8507141,0.8507141,27.537905,29.40698,0.93644106
ahulwjti,8.836817,15.713236,26.577383,32.827866,35.87524,40.201958,45.86474,9.086512,10.574371,4.8876386,0.4622155,27.247377,9.118071,13.233238,17.728207,20.706108,24.897581,1.1006646156311035,10.574371,1.2689401,11.482628,7.194612,1.9935005,0.2770824,14.096445,7.0399647,8.626702,9.5552845,10.392592,12.94148,0.5189250111579895,7.194612,0.82261986,5.3231606,18.628868,11.241676,0.6034546,44.869633,16.81208,28.523603,35.030907,37.954456,41.676514,0.4036232531070709,18.628868,3.489815,34.210953,12.79505,8.790597,0.6870311,45.86474,9.034705,16.33093,26.542536,32.765144,41.3755,1.5506616830825806,12.79505,2.102191,25.762007,0.19020554,0.18564898,0.56763357,0.5622965,0.5622965,17.768984,31.423918,0.5654605
qwnrhzn4,8.482248,11.016125,16.143848,20.755728,23.571705,27.372673,31.355516,4.256521,9.177933,2.7790644,0.3027985,18.561024,9.231927,11.009182,12.467186,14.183781,17.090597,0.586969792842865,9.177933,0.9855646,10.292276,8.260194,1.4503856,0.17558736,12.867053,8.100422,9.286038,10.122415,10.723329,11.912301,0.4565734267234802,8.260194,0.5056733,2.7932973,13.226941,6.952306,0.52561706,31.355516,10.207753,18.386015,24.479795,26.929964,29.872965,0.8020063042640686,13.226941,2.2495756,22.671968,8.893218,3.9139845,0.44010893,26.476639,7.6552286,10.27396,14.177196,17.362997,22.945574,1.736730694770813,8.893218,1.1001254,20.363354,0.0526283,0.19591735,0.69388175,0.9288194,0.69388175,17.438126,22.12016,0.78833634
kgeuidji,13.1672,16.545433,21.428158,24.503654,26.299072,29.11968,32.21973,5.5988503,13.65121,3.0994456,0.22704549,23.71038,12.804669,15.650559,18.042143,19.677675,22.313944,0.8644354939460754,13.65121,0.7938744,7.849063,10.908733,4.285789,0.39287686,23.571297,9.9848175,13.576342,17.179176,19.448322,22.730288,0.8085915446281433,10.908733,1.2310812,8.373353,15.194269,3.7895453,0.24940622,26.998976,14.296271,17.049206,20.9643,23.199356,25.738909,0.9056397676467896,15.194269,1.0892091,6.220319,15.841706,6.380971,0.40279567,32.21973,13.704662,20.42657,25.974455,28.331085,30.944794,0.7314762473106384,15.841706,1.7161199,15.195414,0.11166461,0.020860858,0.89844465,0.68860847,0.68860847,24.559944,31.035976,0.7913379
pnf8f3gr,13.053282,17.470013,24.369772,28.6365,31.402067,35.251144,38.965485,7.722622,16.76563,5.9254746,0.35342985,37.020157,15.195459,19.774055,25.60364,29.215044,34.136917,1.0778754949569702,16.76563,1.8005694,7.796878,16.52346,7.223111,0.43714276,38.965485,14.1472,20.198908,27.91762,32.325294,37.163357,1.1239738464355469,16.52346,2.215022,12.879801,12.924299,5.1932454,0.40182027,35.54768,12.008875,14.831593,19.82888,23.872543,30.427618,1.3826744556427002,12.924299,1.4281567,5.8471684,12.775679,6.981576,0.546474,38.42617,10.329489,15.380655,23.273376,28.454945,35.37286,1.4807626008987427,12.775679,1.8472253,13.06253,0.007274765,0.005782908,1.2972177,1.2933528,1.2933528,33.289093,25.699978,1.2952965
94sz2kuu,10.662313,15.639511,26.457409,33.252316,37.641666,44.726837,53.25183,8.204033,15.5858555,8.175781,0.52456415,50.78137,12.215276,18.889338,27.929674,32.08069,43.113903,1.5676732063293457,15.5858555,2.5962954,32.098206,11.992652,8.493812,0.7082513,49.597095,8.721553,13.332704,24.319063,31.670366,43.346638,2.0426177978515625,11.992652,2.422852,35.88123,13.307837,9.026054,0.6782511,53.25183,10.321651,14.153421,25.588108,35.863052,47.149075,2.128692865371704,13.307837,2.086982,38.883457,12.006987,9.500668,0.7912616,52.50194,9.227134,15.1264305,25.474632,33.255962,44.682602,1.6651654243469238,12.006987,2.593771,39.653336,0.13029,0.051386885,1.1711788,0.9988061,0.9988061,27.578506,25.314823,1.0894213
oyc3rwqm,12.521711,16.386578,21.39827,25.40972,27.565868,31.161636,34.55824,6.2281723,13.125294,3.3345902,0.25405833,23.811613,12.587809,15.490948,18.16145,19.317842,21.31038,0.5991043448448181,13.125294,1.0112836,7.05521,12.542289,3.7941935,0.30251205,24.776423,11.912468,14.782667,18.070044,19.897356,22.79861,0.7546798586845398,12.542289,0.95797235,6.0593815,13.143366,4.5622015,0.3471106,29.177813,12.009135,15.230872,19.615772,22.858923,26.922375,1.1396472454071045,13.143366,1.0540836,5.1133423,16.135515,7.183313,0.44518647,34.55824,13.949558,21.371136,27.298063,30.315426,33.23197,0.7028074860572815,16.135515,2.2504883,20.274124,0.022713667,0.1021948,0.998625,0.7773095,0.7773095,25.667583,29.278881,0.8766586
mu7jae58,10.327343,13.232624,17.73679,22.172544,25.743168,31.260946,36.87286,4.858389,9.842794,2.0041926,0.20362028,15.546797,9.296906,11.2033,12.94012,13.739741,14.89852,0.7214211225509644,9.842794,0.6578446,7.875336,9.099962,2.6578517,0.29207283,16.214186,8.659289,11.153298,13.021146,13.654786,15.218659,0.41140443086624146,9.099962,0.8889179,8.8636055,13.021782,4.5676656,0.35077116,31.044313,12.053605,14.9188595,19.221071,22.410585,28.526474,1.3646055459976196,13.021782,1.2292607,19.66316,13.698005,6.8259478,0.49831694,36.87286,11.570787,16.785923,23.683329,28.937553,34.513863,1.2886377573013306,13.698005,2.0365381,27.204231,0.039214578,0.02530794,0.75587153,0.66432756,0.66432756,18.942757,26.719788,0.70894116
huxg2myr,18.281843,26.347042,35.794456,41.20655,44.369354,48.265205,52.163094,12.329663,21.126661,7.863147,0.37219068,45.451424,19.402151,25.755848,33.076252,37.0536,42.45254,0.8733342885971069,21.126661,2.3760445,9.032848,14.794567,3.2445247,0.21930514,28.541449,14.286621,16.099398,19.090473,20.959724,24.888208,1.2465569972991943,14.794567,0.7649789,6.829503,26.223223,11.788208,0.44953316,52.163094,25.04717,34.863304,44.141228,47.136406,50.768684,0.3581101894378662,26.223223,3.7760272,15.546786,21.345842,8.847989,0.41450644,50.338448,19.10687,26.070398,34.636562,39.911522,46.46056,1.0257447957992554,21.345842,2.736071,10.903531,0.17627722,0.10253261,0.805647,0.69308895,0.69308895,35.921227,47.569065,0.7551384
06nkwfg3,14.056898,16.229935,22.342749,31.443985,36.72239,46.8109,58.67499,3.6605473,16.071266,6.4246955,0.39976287,53.40881,14.053551,15.952331,21.614597,30.41459,44.879494,2.9917635917663574,16.071266,1.8495345,34.156944,14.770926,4.237369,0.28687227,48.690525,13.856204,15.244896,17.60588,21.157522,33.68411,3.7161459922790527,14.770926,1.2357506,30.32888,16.564312,7.5868187,0.45802197,55.684036,13.970135,17.739449,25.870283,33.94724,47.219772,2.498873233795166,16.564312,1.8708677,35.364483,16.41071,7.5544553,0.46033692,58.67499,14.174097,16.295624,24.779926,33.6691,48.79988,2.854731321334839,16.41071,2.2462623,40.32544,0.042161062,0.00465815,0.97023445,0.9000785,0.9000785,30.842194,32.97502,0.9353199
mwu4cfil,13.284963,15.056172,17.433756,19.350058,21.507479,26.01538,36.62952,3.342327,14.5262375,2.8702648,0.19759175,29.710863,13.900415,15.245188,18.058582,20.645456,24.738846,1.5935941934585571,14.5262375,1.0492007,19.184656,11.9377985,1.8945255,0.15869974,19.795994,11.614211,12.569205,14.407645,15.71653,18.054338,1.000590205192566,11.9377985,0.7267874,11.400153,15.87662,4.0692754,0.25630614,36.62952,15.134794,17.091564,20.43401,23.715693,31.436867,1.9383059740066528,15.87662,1.4712913,24.608696,12.736834,2.1567543,0.16933206,19.720917,12.493095,13.7786,15.788347,17.333462,18.691631,0.7526186108589172,12.736834,0.89185274,11.785719,0.09780969,0.10973114,0.9149452,0.9372658,0.9149452,26.464035,28.613453,0.92488086
kjxjq5nv,6.940955,9.596416,14.101208,19.053928,22.10608,26.41355,34.746685,5.0503316,6.98584,2.00041,0.28635213,12.426109,7.1967735,8.177433,9.590144,10.466059,11.677601,0.17839981615543365,6.98584,0.5404198,4.3427505,4.72032,1.6721439,0.35424376,10.953331,4.36149,5.422194,7.062999,8.256116,9.59339,1.1862716674804688,4.72032,0.52440244,3.9051495,12.058207,5.7934446,0.4804566,34.112724,9.996421,14.812271,21.36981,24.323713,29.229399,1.2112245559692383,12.058207,1.6969621,23.765068,7.796191,5.6653457,0.72668123,34.746685,5.9543123,10.243736,15.198906,19.300034,28.26079,1.7062275409698486,7.796191,1.5926305,25.580414,0.19353227,0.21466355,0.5793432,0.60546494,0.5793432,11.70616,19.854397,0.5896004
8oga0x7z,4.4183884,5.656968,9.20711,12.398999,14.170584,17.265366,20.554045,2.804398,6.064051,3.1624177,0.5215025,19.312132,5.104833,6.0901494,10.793967,13.583578,17.169365,1.9698296785354614,6.064051,1.1267053,14.717203,4.750493,2.2448504,0.47255102,14.204753,4.497874,5.3810234,7.689443,9.589756,12.230941,1.392714500427246,4.750493,0.74115455,9.837278,5.592638,3.936206,0.7038192,20.554045,4.1315494,5.658086,11.595654,15.853293,19.301695,1.9943647384643555,5.592638,1.1860173,16.674103,4.0437875,2.6599963,0.65779823,14.902758,2.7495232,5.1098843,7.7680497,9.747698,13.66617,1.7303388118743896,4.0437875,0.87761426,12.080135,0.121462174,0.16072875,1.0842917,1.1747633,1.0842917,10.814545,9.636425,1.1222569
cgdc5tao,13.626325,17.176237,23.10977,28.700699,32.713425,37.652084,41.888336,5.94654,12.278302,2.1010892,0.17112213,18.39634,12.055579,13.694547,15.136877,16.096527,17.3881,0.4848133623600006,12.278302,0.5227152,5.0072775,11.860846,1.8020872,0.15193582,16.76093,11.495121,13.237382,14.313898,15.008166,16.095858,0.4206048846244812,11.860846,0.7778609,6.6269045,19.055622,4.9941673,0.26208368,37.784626,18.279215,21.597122,25.500555,29.169996,35.134445,1.0280883312225342,19.055622,1.2988176,18.405697,17.35774,8.094213,0.46631718,41.888336,14.443768,20.755323,31.008795,35.218304,40.35446,1.2156732082366943,17.35774,1.8354026,30.161049,0.017293759,0.046627987,0.64434016,0.68331736,0.64434016,24.139149,36.41336,0.6629201
1cjfx5li,13.438532,23.936132,37.427887,44.105137,48.54345,55.314285,62.75525,14.401733,29.050673,13.042361,0.44895214,62.75525,28.687222,38.294495,47.111427,52.449345,58.745056,0.3101138770580292,29.050673,4.4137,23.635118,15.839067,9.317074,0.5882337,53.60852,13.519129,20.853338,28.90375,33.974575,45.6685,1.248328447341919,15.839067,2.9357898,14.575965,16.174398,9.675248,0.59818286,59.619816,12.607604,17.686153,29.67502,38.91436,52.410816,2.1044697761535645,16.174398,2.6262248,13.603458,11.459118,6.712016,0.58573586,52.536865,9.729822,13.049262,17.739338,24.440832,39.881725,2.556419849395752,11.459118,1.7764006,11.343777,0.29431236,0.17063628,1.7960899,1.382224,1.382224,44.88974,27.633516,1.6244671
kwe4bx4l,11.5336,15.033544,18.354345,20.453114,21.83772,24.019844,26.409405,7.045354,14.211002,4.220517,0.2969894,25.053387,14.360441,17.072495,19.679565,21.312405,23.81522,0.09575534611940384,14.211002,1.1990879,9.222042,15.337735,4.758097,0.31022164,26.409405,15.156473,18.453325,21.838346,23.625082,25.690233,-0.05715038254857063,15.337735,1.678839,10.503761,9.305131,3.1464112,0.33813724,20.23511,8.460981,11.495393,13.929572,14.885855,17.311214,0.6641805768013,9.305131,0.95618415,9.439709,9.777525,3.5784671,0.36598906,22.259947,9.648371,12.011968,14.024076,16.325274,20.033848,0.6247510313987732,9.777525,1.1557231,7.7129035,0.038131338,0.024755148,1.5272222,1.5686725,1.5272222,29.548737,19.082657,1.5484602
r9tjq8zg,6.6341424,9.596385,13.699809,17.730597,20.244232,24.246216,28.198444,4.693506,9.5563965,4.7601705,0.49811354,26.812717,8.815041,12.108398,16.063608,19.178158,23.71892,0.9882053136825562,9.5563965,1.6209077,11.742959,5.7019434,2.4097812,0.42262453,13.621985,5.2291718,7.320847,9.359889,10.081094,11.5377865,0.6529452204704285,5.7019434,1.0378987,7.386723,10.199102,5.7771654,0.5664386,28.198444,7.8230877,13.138744,19.244402,22.975636,26.84724,1.1965605020523071,10.199102,1.9046148,17.026007,6.0072474,2.2701442,0.3779009,15.919194,5.8564835,7.186514,8.629765,10.044158,13.4351635,0.9497618079185486,6.0072474,0.9749136,5.5368056,0.25261286,0.2586551,0.93698406,0.9491774,0.93698406,15.25834,16.20635,0.94150376
vwwusxlm,12.33684,18.482992,27.642624,33.333458,36.469337,40.98576,45.373257,11.831224,9.915236,4.3751044,0.44125065,21.42754,9.903381,12.909794,15.75821,17.77213,20.583588,0.34958556294441223,9.915236,0.9274925,7.5271044,6.8558183,4.2361565,0.61789215,17.12829,5.2643213,10.301361,13.770566,14.685128,15.98535,0.6883215308189392,6.8558183,1.4904453,12.789488,22.356388,7.968184,0.35641643,43.358356,22.082624,27.521927,33.719936,36.507423,40.602825,0.30684590339660645,22.356388,2.23863,11.788466,15.558212,10.083211,0.6480957,45.373257,13.978356,20.091438,31.434109,37.318428,43.134186,0.973602294921875,15.558212,2.7915826,31.282589,0.18242252,0.17930232,0.44350797,0.44065592,0.44065592,16.771055,37.9146,0.44233766
t2pnjka3,6.588739,9.87618,13.7836275,18.48622,21.370453,28.25663,37.470837,6.1288166,10.948394,6.942899,0.63414776,37.470837,9.846609,14.622442,20.40221,24.456642,33.36657,1.1156617403030396,10.948394,1.9370221,26.253405,5.0726833,2.9141898,0.57448685,10.967124,4.7134504,7.4988346,9.443909,10.079859,10.734879,0.3210856318473816,5.0726833,1.2336543,8.003252,8.048059,4.9687195,0.61738104,34.61344,6.8172007,10.717808,13.908665,17.486351,25.21534,1.4953627586364746,8.048059,1.5458795,7.910693,5.989559,2.8537812,0.4764593,18.50731,5.6926565,8.18255,9.534593,10.652152,13.331423,0.6974453330039978,5.989559,1.1292098,11.8382845,0.3667488,0.1466417,1.3603768,0.84692097,0.84692097,16.021076,14.037619,1.1412959
4mqa78ra,14.685478,22.5267,33.822884,40.908024,45.215027,51.160168,57.238354,10.277686,16.922098,7.0268736,0.41524836,47.670723,14.452969,18.877909,26.831556,32.556534,41.114918,1.7927944660186768,16.922098,1.5024518,13.51081,21.860352,10.616763,0.48566297,54.298946,18.37833,28.80953,37.68339,43.012085,51.14732,0.9678833484649658,21.860352,3.3322136,23.450768,15.105582,6.5608187,0.43433073,46.543724,13.11411,16.61927,23.569002,29.288868,38.974552,1.8541446924209595,15.105582,1.5408078,8.340408,21.30441,12.213324,0.57327676,57.238354,16.30524,28.32691,40.853645,46.709984,54.675785,1.0802929401397705,21.30441,3.6285312,22.851265,0.12733218,0.17025076,1.1202546,1.0260952,1.0260952,38.782448,36.409992,1.0651594
pkianouo,15.732022,24.396692,35.10279,41.189083,44.73237,50.23848,57.13424,13.666428,20.404778,8.512249,0.41716942,45.463554,18.143917,25.541834,33.600662,37.7332,43.033897,0.8556386828422546,20.404778,2.4882233,13.572248,13.50987,6.0221386,0.44575846,35.685528,12.446943,16.462065,21.489023,25.408434,32.11595,1.0679378509521484,13.50987,1.7218393,8.796133,24.70238,12.443104,0.5037209,57.13424,22.105886,34.090126,43.99682,47.929485,53.915817,0.623308002948761,24.70238,3.808672,12.744566,15.899914,10.614366,0.6675738,54.93394,12.350666,20.5609,32.31971,38.73429,48.936172,1.3448892831802368,15.899914,2.5220785,10.56064,0.20330179,0.21679723,0.8260248,0.8496819,0.8260248,33.914646,40.602295,0.8352889
f0onjpi1,14.274945,24.16635,36.71048,44.362564,48.494934,56.773323,64.2187,14.541504,27.436852,12.138728,0.44242424,64.2187,25.239048,35.385883,45.181786,50.843517,59.22998,0.6883636713027954,27.436852,3.5413103,16.278852,12.86952,5.43787,0.42253867,39.58631,11.467335,15.3370695,19.138037,24.19939,32.834167,1.7241361141204834,12.86952,1.5673741,11.912068,21.768461,13.263335,0.6092914,63.30048,17.68782,29.766562,41.44922,47.757275,58.27017,0.9824312925338745,21.768461,3.3342757,13.117874,11.340719,5.4676347,0.48212415,40.20301,9.709911,13.367824,18.04412,22.57026,31.297844,1.9244154691696167,11.340719,1.4822785,14.575842,0.3614151,0.31495017,1.2603946,1.1348064,1.1348064,40.306374,33.10918,1.2173775
63yk03o4,15.244378,20.440636,32.42377,41.73495,47.363316,58.65165,68.93946,7.354373,14.272667,2.7746108,0.1944003,28.797678,14.161272,15.664698,16.851767,18.870266,24.57157,1.3094385862350464,14.272667,0.8832991,7.8168736,15.286181,4.342495,0.28407976,32.26495,14.289601,16.9846,21.271393,24.36162,30.157265,1.3750673532485962,15.286181,1.4043833,8.021153,15.946305,5.0532236,0.31688994,34.8228,14.669617,17.443142,23.23016,26.858454,33.245667,1.5034153461456299,15.946305,1.5630989,7.655142,27.701775,13.4753065,0.486442,68.93946,24.315073,35.901817,47.19747,54.644325,64.631355,0.8854235410690308,27.701775,4.3743267,32.309906,0.034288023,0.26932386,0.8950454,0.55181235,0.55181235,29.55885,43.64808,0.6772085
gkwwjwga,22.760334,34.17186,50.322422,61.39774,69.929726,81.1224,98.17738,18.3682,28.084288,10.961524,0.39030805,66.77577,24.92847,33.874115,44.588547,50.662243,60.195805,1.1125441789627075,28.084288,3.12613,11.33131,19.724133,10.444146,0.52951103,61.565243,17.360258,24.792006,34.070786,41.305508,52.011402,1.2684887647628784,19.724133,2.8030593,15.536311,31.626614,17.562304,0.5553014,94.55611,25.924984,39.86081,59.750675,70.67772,85.47874,1.289053201675415,31.626614,4.6905994,17.198242,27.61799,20.303043,0.73513836,98.17738,20.59888,38.347008,58.25536,70.895454,89.25825,1.2132538557052612,27.61799,5.308505,25.92197,0.17486784,0.06766225,0.8879954,0.71417695,0.71417695,47.80842,59.244606,0.8069666
btgdjz0i,11.884451,18.733412,28.850067,35.540672,39.6768,47.28163,55.78933,10.801108,16.523329,8.116511,0.49121526,45.30765,13.888592,21.260748,28.571,32.573563,39.600864,1.0223764181137085,16.523329,2.5329921,19.711,12.325027,4.7784367,0.3877019,31.8016,11.598358,14.321464,18.733246,21.680416,26.847744,0.9786590337753296,12.325027,1.3869829,10.830048,17.768389,14.030646,0.7896409,55.78933,10.03737,28.226398,41.024242,46.596455,52.55933,0.9747907519340515,17.768389,4.21971,35.510933,12.413696,7.6053047,0.6126543,40.181175,10.965191,15.730251,23.542852,28.950026,36.58626,1.274574875831604,12.413696,2.1694548,16.810299,0.14553,0.17741294,0.92992836,0.99285716,0.92992836,28.848356,30.182085,0.9558106
frml29q2,12.482399,17.168869,24.668358,29.702806,32.95678,37.570766,43.603634,7.2483616,16.641403,5.2224255,0.31382123,37.570843,15.025677,18.184444,24.1195,27.92673,34.030235,1.5608165264129639,16.641403,1.2633401,11.861827,10.773742,3.8927956,0.36132252,31.324541,9.717183,11.313982,15.209638,19.210533,26.23638,2.471593141555786,10.773742,0.91861296,13.360528,19.074972,8.202462,0.43001175,43.603634,16.003645,23.566286,32.339016,36.837654,41.378643,1.1136659383773804,19.074972,2.0679595,16.500956,11.916342,5.6965694,0.47804683,38.123234,10.049185,12.041414,19.985506,25.574404,33.52649,2.165903091430664,11.916342,1.3193266,14.546879,0.21402992,0.23098828,0.87242085,0.90411484,0.87242085,27.415146,30.991314,0.88460743
l48c1cqg,11.516122,14.736051,19.594444,25.569134,30.144255,39.38584,53.263355,6.466075,10.738626,2.5943308,0.24158873,17.392414,11.030935,12.6520195,14.116615,14.874078,15.718233,-0.1225588470697403,10.738626,0.72863203,6.6281314,7.4417605,2.928862,0.39357114,16.158264,6.410673,9.026884,12.073195,13.590159,15.479727,1.1120975017547607,7.4417605,1.0144787,6.6185894,19.345963,8.579631,0.4434843,53.263355,16.658556,22.950756,32.111313,38.390278,47.911636,1.4891154766082764,19.345963,2.2686722,39.2281,12.074632,4.7644215,0.3945811,38.40971,11.0873165,15.273885,17.24929,19.65244,28.323875,1.3263447284698486,12.074632,1.2964587,28.245407,0.18134186,0.23141927,0.5550836,0.6163137,0.5550836,18.180386,31.420593,0.5786137
433e1i1p,11.213751,17.06629,23.541637,28.315615,31.205124,35.940365,40.907906,8.712317,16.957958,6.272977,0.36991346,36.803417,16.501202,20.87726,25.505447,28.762516,34.155422,0.6318939328193665,16.957958,1.8125836,10.743883,9.607733,3.9867003,0.41494703,25.555426,8.335742,11.160764,15.548637,18.217093,22.159851,1.4786754846572876,9.607733,1.0846862,9.193143,17.207209,8.430572,0.48994416,40.907906,13.7945175,22.777426,30.586151,34.824516,39.184734,0.9976078867912292,17.207209,2.1556659,19.341259,9.813673,4.0376506,0.41143113,28.644909,8.467872,11.508672,14.868772,18.134043,24.616106,1.7543494701385498,9.813673,1.1449286,13.529503,0.27668113,0.27362302,0.98551476,0.979015,0.979015,26.565691,27.020882,0.9831541
0bq1s9ry,10.605081,14.727844,19.561325,23.255629,25.875946,29.72539,34.18704,7.1418185,10.646093,3.6781163,0.34548977,22.920101,10.12298,12.792372,15.797356,17.799452,20.50214,0.6952840089797974,10.646093,1.0857637,5.0151687,9.803792,4.0965586,0.4178545,24.097658,8.844668,11.7588825,15.264016,18.000633,22.452257,1.0062503814697266,9.803792,1.1992028,7.1662865,11.389893,5.4487295,0.4783829,28.032423,10.506069,15.163293,19.097965,21.721788,26.034891,0.6868861317634583,11.389893,1.5059241,11.144676,14.255195,7.2480993,0.5084532,34.18704,13.256287,18.687239,25.328463,28.611942,32.423977,0.653110921382904,14.255195,2.1998274,11.514166,0.04118856,0.11172908,0.93469656,0.6877347,0.6877347,20.449886,25.645088,0.79741925
llwb7sjw,6.629494,10.073227,18.591953,26.302446,30.869291,37.115818,42.864124,5.188439,15.560274,9.829114,0.63168,42.864124,11.422685,21.521015,31.70241,35.958683,40.40894,0.9670934081077576,15.560274,2.7663174,26.208118,9.908466,5.8907185,0.59451365,29.697887,8.280908,13.463279,18.478575,21.95735,27.457718,1.0182278156280518,9.908466,1.6963128,8.5804,5.912172,1.3275001,0.22453679,10.142315,5.8158064,6.8370743,7.6943426,8.275955,9.121418,0.3812437355518341,5.912172,0.5385311,5.1632266,5.642506,2.0714712,0.367119,12.253122,5.031295,6.750603,8.902401,9.93125,11.352759,0.9822097420692444,5.642506,0.67596877,8.8781185,0.22191155,0.023338228,2.6319048,1.75604,1.75604,25.46874,11.554678,2.204193
h55hewlg,8.600691,10.135501,12.311482,14.340919,15.774515,17.99301,21.342094,2.7616482,8.669646,1.4636978,0.16883016,11.659922,8.741869,9.837152,10.524988,10.855374,11.403122,-0.21894420683383942,8.669646,0.41782853,3.547049,7.406227,0.99293333,0.13406736,10.047024,7.3983264,8.035995,8.641133,9.139188,9.677635,0.03201025724411011,7.406227,0.36005005,3.1312032,9.547324,2.359772,0.2471658,18.413109,9.117658,10.519528,12.856636,14.445444,17.059946,1.1491929292678833,9.547324,0.59879977,5.293844,10.119408,3.3828747,0.33429572,21.342094,9.434292,12.069054,15.150674,16.945019,19.697758,0.8610407710075378,10.119408,0.7722598,14.6054325,0.078591004,0.029088892,0.9080708,0.73188347,0.73188347,16.075874,19.666733,0.8174146
je2ab2rv,15.253988,18.013397,20.128948,21.018297,21.342169,21.938286,22.747461,6.206815,16.163637,2.5659668,0.15874934,22.269451,16.195671,17.911606,19.45221,20.75685,21.799238,0.06717798858880997,16.163637,1.1103215,9.79451,13.817531,4.0568633,0.29360262,21.199406,13.9972315,17.010683,19.351131,20.543943,21.071512,-0.02819204330444336,13.817531,1.5693587,13.38546,17.0091,3.321311,0.19526671,22.747461,17.446198,19.815208,21.170452,21.736988,22.37654,-0.2806594967842102,17.0091,1.2635227,8.970457,12.26061,4.6930323,0.38277316,22.06224,11.57339,16.19073,19.26707,20.05517,21.278244,0.2801411747932434,12.26061,1.6331058,11.14755,0.07825267,0.16223222,0.9502935,1.1269857,0.9502935,29.981167,29.26971,1.0243069
ndfdw79w,8.689701,14.077727,21.416882,26.462889,29.452696,34.1553,38.660927,7.1894603,8.110918,2.6362505,0.32502493,19.525007,7.090063,8.963333,11.831206,13.98303,17.304543,1.7868589162826538,8.110918,0.63758427,2.9583282,7.884642,2.435844,0.30893525,18.552948,7.4847116,8.5749855,10.867712,13.181937,16.34015,1.5143083333969116,7.884642,0.752578,5.206129,11.645434,5.099086,0.43786135,27.540974,10.092106,14.7479,19.332186,21.640127,25.474245,0.8820273280143738,11.645434,1.4821022,5.4301534,16.625217,8.670534,0.5215291,38.660927,15.192715,22.863611,29.423853,32.64597,36.671333,0.4969750940799713,16.625217,2.4440463,26.320017,0.014146171,0.17614673,0.6964891,0.47425798,0.47425798,15.99556,28.270653,0.56580085
cxz2ei92,6.1371994,8.830601,15.637602,23.30707,28.292206,35.48387,48.126022,4.674176,5.825094,2.064068,0.35434073,13.983085,5.415617,7.064604,8.520664,9.639669,12.238823,0.9573477506637573,5.825094,0.6039955,7.2120366,5.238766,1.6025851,0.3059089,9.262961,5.5249505,6.4299774,7.0678926,7.401644,8.271841,-0.27126485109329224,5.238766,0.5176258,4.41401,13.947033,8.298695,0.59501505,45.572712,10.730276,17.82374,26.61247,31.175877,39.24214,1.2966054677963257,13.947033,2.64118,40.075504,7.2143364,7.2453003,1.004292,48.126022,5.05493,7.9644833,14.861641,23.140045,38.32229,2.77213978767395,7.2143364,1.7365516,40.300285,0.05299489,0.3181598,0.4176583,0.7261605,0.4176583,11.06386,21.16137,0.5228329
12pgyme6,12.747757,16.076471,19.338598,22.179953,24.173075,26.646862,29.112988,6.101712,13.483298,2.8772302,0.21339217,19.46332,13.485554,15.830027,17.403845,18.100393,18.71973,0.04324401542544365,13.483298,0.7729982,6.5583897,9.850188,1.5303549,0.15536301,14.705894,9.479597,10.695228,12.226904,12.833343,14.252145,0.9373557567596436,9.850188,0.50651133,5.436082,16.185232,3.9469018,0.24385822,29.112988,15.333611,18.47425,21.820948,23.805027,27.448797,0.8891217708587646,16.185232,1.1916747,11.103312,13.897059,5.151625,0.37069893,28.424438,12.434729,16.807966,22.00184,24.66373,27.09579,0.9096782803535461,13.897059,1.2385119,10.282324,0.1557037,0.07606378,0.83306175,0.70879656,0.70879656,23.333487,30.08229,0.77565527
rpkzggm0,13.214556,16.495705,20.883501,23.868023,25.172451,26.879833,28.268568,5.2758656,13.18425,2.3612516,0.17909639,18.39145,12.458463,15.298725,16.817995,17.372274,18.10928,0.535067617893219,13.18425,0.81015956,6.234934,11.6300125,2.1601617,0.18574028,18.352186,11.057456,12.606367,15.270726,16.232147,17.400562,1.0175403356552124,11.6300125,0.6204989,4.143264,16.80358,4.2518234,0.2530308,27.553026,16.048582,19.722115,23.09718,24.836498,26.620483,0.5421332716941833,16.80358,1.1298603,10.552215,15.393841,5.158494,0.33510116,28.268568,13.977269,18.630257,23.835432,25.826931,27.74555,0.7942218780517578,15.393841,1.2627043,16.100277,0.06263484,0.043784212,0.7846096,0.75549775,0.75549775,24.814262,32.19742,0.77069104
j36tcfkj,6.853441,8.890034,11.743234,13.714055,14.747971,16.149303,17.563522,3.4559426,10.358177,3.1886132,0.30783537,17.563522,10.119215,12.7774315,14.8588085,15.819805,16.918413,0.19428148865699768,10.358177,1.0088013,6.986231,7.1492534,2.0980103,0.29345867,13.923482,6.853167,8.397987,9.972217,11.280344,13.10117,0.733002245426178,7.1492534,0.70759684,4.264411,5.6458654,1.5204002,0.26929444,11.196003,5.5438128,6.453905,7.668681,8.341798,10.151667,0.6537427306175232,5.6458654,0.496323,5.0389624,6.5239763,1.8161894,0.2783869,10.900768,6.476408,8.105438,8.918496,9.207972,10.168395,-0.03788459673523903,6.5239763,0.70942557,5.2858863,0.18328924,0.07215467,1.8346483,1.095843,1.095843,17.507431,12.169842,1.4385915
nawnga41,14.473816,17.92677,27.37514,35.802414,40.507732,47.52262,53.366013,6.617776,19.98477,7.6254287,0.381562,48.230534,17.001528,22.371655,31.799639,37.737343,45.239925,1.5903304815292358,19.98477,2.2239125,24.305138,12.3924465,2.9467967,0.23778974,24.304714,12.383762,14.258379,15.514781,16.756388,21.807384,0.5389337539672852,12.3924465,1.0274024,10.87895,21.991858,10.303537,0.46851602,53.366013,17.458212,25.81799,39.35572,45.09435,50.68714,1.3579469919204712,21.991858,2.6757922,31.214092,11.093702,3.9241781,0.35373026,28.898249,10.65517,13.325138,15.48242,16.877924,26.133797,1.1706266403198242,11.093702,1.1614776,14.636323,0.23449586,0.3293931,0.908735,1.1170704,0.908735,32.377216,33.08556,0.97859055
izxtnsrt,9.670445,13.5399,22.548979,28.925251,32.069565,37.09906,43.344574,5.5797167,8.144903,1.8944377,0.2325918,15.03922,8.267768,9.275372,10.267758,11.304046,13.509224,0.4081442356109619,8.144903,0.6341471,5.4829144,8.734126,2.3628054,0.27052566,14.532256,8.4447775,10.6198435,12.132503,12.700011,13.563418,0.2439628541469574,8.734126,0.71579546,3.0148149,14.607384,7.011242,0.4799793,34.692215,11.863066,18.420612,25.884075,29.25149,32.956993,1.0347726345062256,14.607384,1.8795364,20.14421,16.22169,8.734866,0.53846836,43.344574,13.032956,20.33508,30.834612,35.61944,40.90081,1.2019106149673462,16.22169,2.141562,33.755478,0.03490858,0.05236309,0.5575881,0.5384227,0.5384227,16.879028,30.829073,0.5475036
wlxdsc4e,13.153986,19.590836,28.10575,33.99986,37.814438,44.286674,50.8061,10.250182,13.068252,4.907207,0.375506,28.888014,11.762263,15.618607,20.742575,23.417948,26.575302,1.0008708238601685,13.068252,1.200315,6.2926216,10.554433,3.391625,0.321346,21.82365,10.094649,12.73375,14.907112,16.734186,19.871405,0.6224186420440674,10.554433,1.096525,7.525879,19.7434,8.911904,0.45138648,47.541435,17.959942,25.833405,32.331554,36.96828,43.42079,0.7210027575492859,19.7434,2.57851,8.705528,18.101341,10.758381,0.59434164,50.8061,15.364,24.51252,34.754303,40.5921,47.75221,0.9492561221122742,18.101341,3.1057796,17.875208,0.10641546,0.043389365,0.6619048,0.5830746,0.5830746,23.622684,37.84474,0.6241999
5hrdu4xs,8.924672,12.410059,17.885582,21.645632,24.055573,26.760431,29.707396,5.2081394,6.9651504,1.3015426,0.18686497,11.451092,6.796358,7.6071434,8.878632,9.576537,10.6236105,0.7368150353431702,6.9651504,0.37806556,2.637951,9.088961,1.6684327,0.18356694,14.598802,8.834011,10.067667,11.44535,12.430912,13.907102,0.847054123878479,9.088961,0.4510181,2.7343435,9.447577,2.8727038,0.30406776,18.436142,8.640888,11.230326,13.734681,14.922885,17.45108,0.8286728858947754,9.447577,0.78830314,6.4104786,15.64057,5.500031,0.35165158,29.707396,14.879429,19.513203,24.041643,25.979921,28.436531,0.5169699192047119,15.64057,1.7573944,13.903136,0.13229074,0.24684933,0.7372419,0.5811144,0.5811144,16.054111,25.088146,0.63990825
zjnvc7hr,13.155742,16.094229,19.550062,21.99496,23.063965,24.3382,25.589031,5.4312468,13.883921,2.7442365,0.19765572,20.162249,13.829184,16.032215,17.428885,18.300442,19.778696,-0.07772780954837799,13.883921,0.8054027,7.4684677,11.723068,2.4484432,0.20885685,17.686316,12.199571,13.524918,14.448495,15.041942,16.203863,-0.4329020082950592,11.723068,1.0184953,7.9195895,17.070135,5.058992,0.29636508,25.589031,17.349525,21.333128,23.472063,24.24515,25.140764,-0.30609720945358276,17.070135,1.6812885,13.204425,11.762347,3.6330278,0.30886927,21.670185,11.621399,14.149766,16.651072,18.61079,20.848925,0.4319727420806885,11.762347,1.2793941,6.9945703,0.08438526,0.18409057,0.8133457,0.9966606,0.8133457,25.606989,28.832481,0.8881299
6c2cu7on,10.735334,14.256061,18.54025,23.534925,27.636436,33.970356,44.842995,5.5742035,11.003694,2.0755928,0.18862692,16.149656,10.602812,12.497358,14.201081,14.888083,15.648452,0.5248719453811646,11.003694,0.66204816,6.3032103,9.819259,2.3452854,0.23884547,16.435162,9.749368,11.169234,13.196537,14.221396,15.569219,0.39003661274909973,9.819259,0.7471492,9.9837,17.45258,7.400034,0.42400804,44.842995,15.576824,20.677778,28.063591,33.300995,40.89055,1.2317578792572021,17.45258,2.0614,28.984436,10.439458,5.4385653,0.5209624,37.018383,8.677141,14.061897,16.769764,20.018982,29.150536,1.4051623344421387,10.439458,1.5627222,28.176842,0.05688122,0.25143814,0.63049096,0.94059086,0.63049096,20.822952,27.892036,0.74655545
z3jbck88,10.685581,16.92469,27.658426,36.857628,43.377785,53.856674,75.44596,9.108698,14.287571,7.7904334,0.5452595,53.71898,12.068621,16.717966,24.707777,31.0049,42.67591,1.8418703079223633,14.287571,1.5745461,26.188063,9.51667,3.738738,0.392862,30.210297,8.3094225,11.327158,14.058788,16.811039,22.945164,1.9087342023849487,9.51667,1.1428602,14.877382,15.62331,12.711663,0.81363446,75.44596,10.248324,18.98036,32.216312,43.799187,61.064217,1.9544373750686646,15.62331,2.9056714,63.786606,16.72592,11.798775,0.7054186,69.03977,12.590265,20.32981,33.85796,43.43556,58.485863,1.7438863515853882,16.72592,3.2930272,54.908474,0.2004223,0.034084573,0.91450346,0.5689774,0.5689774,23.804241,32.349228,0.7358519
d0tgsiwg,18.490992,21.21534,23.847383,26.073235,27.578182,29.924427,31.920242,4.932003,21.428074,3.0041692,0.14019781,31.638159,21.510927,23.05071,24.91428,26.684046,30.469137,0.5422185063362122,21.428074,1.1127273,15.275892,17.94435,2.6640599,0.14846233,31.920242,17.59309,19.18913,21.078459,22.404306,27.922792,1.3375463485717773,17.94435,1.0410295,16.171032,19.744247,3.5007408,0.17730434,30.950974,19.363655,21.305664,25.031372,26.972696,29.445898,0.715924859046936,19.744247,1.3943948,11.73458,16.853546,3.6889298,0.21888152,31.504793,16.06995,18.287243,20.516691,25.01064,30.225508,1.520985722541809,16.853546,1.4399687,17.824894,0.08848134,0.07898567,1.0852818,1.0647224,1.0647224,39.37242,36.597794,1.0758141
0odwmqx5,10.634855,14.115425,19.76977,28.676603,34.23675,43.371494,53.237225,5.7608805,13.397942,5.703225,0.4256792,47.43604,11.977959,14.519506,18.832062,25.331371,38.427425,2.63466739654541,13.397942,1.697322,35.846992,8.491512,2.1629543,0.25471956,16.870502,8.11883,9.869847,11.288675,12.424152,14.696625,0.7631039619445801,8.491512,0.82185835,4.73676,19.337015,9.728703,0.5031129,53.237225,15.443472,23.106907,34.99929,41.75779,49.960766,1.4809188842773438,19.337015,3.0198488,39.08738,9.327735,2.6185093,0.28072295,23.160933,8.819475,10.189977,12.300359,14.637872,19.142544,1.8781169652938843,9.327735,0.9045567,11.264566,0.2241458,0.3491843,0.692865,0.9103509,0.692865,21.889454,28.66475,0.7636367
ggomf9pm,4.840461,6.3842793,8.278224,9.645348,11.224058,13.890806,18.021223,2.742011,4.8796926,1.7363732,0.3558366,9.383034,4.4403963,6.153658,7.4955215,8.227361,9.022008,0.5726099014282227,4.8796926,0.58338434,5.3984857,5.149343,2.249167,0.43678716,12.436504,4.664043,6.584307,8.506081,9.41157,11.262776,0.7754414677619934,5.149343,0.8743085,7.454588,5.239413,1.5159115,0.28932852,9.553476,5.102922,6.2289743,7.3167353,7.957665,8.939354,0.3156358599662781,5.239413,0.53992623,6.1634536,5.875185,3.2242374,0.5487891,18.021223,4.901969,7.1034894,10.901254,12.924833,16.08468,1.3511521816253662,5.875185,1.1945062,14.4577,0.026886977,0.057201553,0.93134344,0.8764563,0.8764563,10.029036,11.114597,0.9023301
l9ln1p0v,16.161283,20.659115,25.99751,28.71949,30.477509,33.674725,38.104267,7.1763353,14.86124,4.437236,0.29857776,28.520506,14.831877,16.984085,20.885595,23.58415,27.354908,0.5752022862434387,14.86124,1.2619679,10.153471,14.676958,3.631908,0.24745645,25.778917,14.538401,16.901026,19.399982,21.248466,24.466646,0.36872610449790955,14.676958,1.1290858,7.2478876,18.445004,4.5899615,0.24884579,31.483555,17.131266,21.636038,25.737402,27.19864,29.985735,0.7184664011001587,18.445004,1.3650745,5.819214,20.722616,6.6174808,0.31933618,38.104267,19.562082,25.87164,30.318186,32.735035,36.062527,0.4808655381202698,20.722616,2.1861994,21.751015,0.0062387795,0.0581504,0.8057055,0.708258,0.708258,29.538198,39.167618,0.7541485
uh17j8qo,9.814314,14.384655,21.48785,27.185755,29.916363,35.39501,40.20252,7.664976,12.818035,4.6169777,0.36019388,32.722385,11.674376,15.239041,19.219103,21.516876,27.767893,1.1222385168075562,12.818035,1.3308344,11.781831,11.3548355,6.3912053,0.562862,35.029182,9.400631,13.889634,21.305641,24.845531,31.649439,1.4031155109405518,11.3548355,1.5205649,17.487991,10.421718,5.565185,0.53399885,34.91646,8.67516,11.974564,18.010935,22.825426,30.857239,1.9072881937026978,10.421718,1.289076,6.5537815,12.102287,9.290268,0.76764566,40.20252,7.628191,16.309835,27.859726,33.014435,38.33004,1.3224025964736938,12.102287,2.5229337,24.514633,0.06053065,0.07461238,1.2299349,0.9382388,0.9382388,24.17287,22.524006,1.0732048
09vs9kkh,13.122477,20.20061,30.301119,35.5656,38.01477,41.722176,46.38364,10.016729,20.448383,9.81884,0.48017684,45.03401,18.220894,28.117842,35.55271,38.488297,42.415607,0.5794430375099182,20.448383,2.4426153,22.545279,22.241385,9.344013,0.42011833,46.38364,20.642527,28.457827,36.46163,40.557438,44.5795,0.6161167025566101,22.241385,3.343289,13.298493,12.056051,3.994595,0.33133528,31.239374,11.301864,14.197179,16.651272,18.995977,25.460806,1.1864961385726929,12.056051,1.1044102,8.740517,12.118659,5.2962413,0.43703195,37.1967,10.791787,13.378846,19.016983,23.961964,32.333538,1.9375383853912354,12.118659,1.3699311,7.253995,0.042000726,0.0025898044,1.6961095,1.8353008,1.6961095,42.689766,24.17471,1.7658854
4a3yjtu7,5.8131104,8.618016,13.716309,16.990057,18.65655,21.149815,24.024887,4.1437445,9.984868,5.1179385,0.5125695,24.024887,8.311619,13.508196,18.18708,20.008183,22.674986,0.8352213501930237,9.984868,1.6457043,12.82839,7.781077,4.090344,0.5256784,22.515371,6.4813514,9.83085,13.938366,16.548326,20.669231,1.234860897064209,7.781077,1.1637362,6.9017196,5.9564,3.1893682,0.5354523,22.033297,5.0889573,6.6219435,9.732032,12.798808,18.262716,2.136483907699585,5.9564,0.83025867,5.6054864,5.6134343,2.573401,0.4584361,20.883629,5.05068,6.5265956,8.179479,10.331479,15.821554,2.2248597145080566,5.6134343,0.77948797,4.745451,0.12404581,0.029643089,1.676326,1.3861526,1.3861526,17.765945,11.569834,1.5355402
fbmenui3,7.5254755,10.285534,18.399063,24.986418,28.557158,33.939667,40.252476,4.1209526,15.477014,8.861263,0.5725435,40.252476,12.829607,21.58508,28.905567,33.227318,37.446255,0.803451418876648,15.477014,3.1475897,27.80431,7.884818,4.7508154,0.60252696,25.794802,6.308383,9.456304,15.155529,18.411562,23.90251,1.584665060043335,7.884818,1.3530283,12.512971,8.06833,2.0510926,0.25421527,16.719688,7.6846604,9.095707,10.84232,11.751911,15.433915,1.252751111984253,8.06833,0.7567065,4.394951,6.9850035,1.6969941,0.2429482,13.391646,6.618957,7.8490725,9.444854,10.466417,11.626918,0.8621622920036316,6.9850035,0.52441823,4.131976,0.32498288,0.07196588,1.9182426,1.1288209,1.1288209,23.361832,15.053333,1.5519375
do7002g3,11.853989,21.482613,32.11331,39.89378,44.5647,53.572712,65.76887,14.801876,18.496988,9.270497,0.50118953,45.1984,17.546156,25.289236,31.413027,35.105244,41.67434,0.48647093772888184,18.496988,2.8213396,16.878883,9.052346,5.6814337,0.62762004,34.551346,6.928923,12.087825,16.778986,19.925766,27.562565,1.4888064861297607,9.052346,1.6984452,12.129849,22.698082,14.563353,0.6416116,65.76887,18.521248,31.811293,45.71923,51.64371,60.51942,0.8629250526428223,22.698082,4.0071445,22.80169,11.949697,9.507315,0.7956114,55.43828,7.671991,14.516572,25.601421,33.56709,46.240253,1.9739787578582764,11.949697,2.1336834,13.643208,0.3428265,0.3102186,0.81491417,0.7575377,0.7575377,27.549335,34.647778,0.7951256
yu6vk0uc,15.538902,22.178127,32.691956,41.088776,45.597588,52.439415,58.732834,10.4453125,16.229683,5.9282713,0.3652734,38.318817,15.390427,19.80937,24.252317,27.43024,35.305378,0.9528467059135437,16.229683,1.706664,10.5756,13.022045,4.614111,0.35433075,34.137173,11.726368,15.033698,19.245907,22.604982,28.463324,1.5168181657791138,13.022045,1.164631,6.61007,20.699062,11.048056,0.53374666,57.086327,16.797163,25.924402,38.475388,45.255157,52.86847,1.2227563858032227,20.699062,3.1339123,10.597946,22.79955,11.715469,0.5138465,58.732834,18.81815,29.915707,41.18264,47.33112,55.904827,1.0466599464416504,22.79955,3.6365306,19.361485,0.10965635,0.048288595,0.7840782,0.57115364,0.57115364,29.251728,43.49861,0.672475
c1m3o55i,16.732613,22.473541,39.855957,50.65353,56.298542,61.78865,67.289604,7.363055,21.838112,11.56901,0.5297624,62.945522,16.606276,21.536278,40.912804,52.992443,60.637455,2.07685923576355,21.838112,3.1797597,45.434765,19.52374,8.344293,0.4273921,61.015934,16.750538,19.723753,29.263464,38.958855,54.888943,2.6514768600463867,19.52374,1.9122669,40.99492,22.634407,11.835531,0.5229,64.48171,16.734856,28.012888,41.020336,49.29366,60.432854,1.5422734022140503,22.634407,2.665798,28.044655,22.209879,12.773637,0.5751331,67.289604,16.878223,23.061272,42.639034,54.78546,64.2704,1.9347480535507202,22.209879,2.9845188,49.19425,0.05595424,0.009466716,0.96481925,0.87905663,0.87905663,41.361855,44.844284,0.92234397
xva1nkbt,15.318686,22.859365,33.36603,42.427914,47.991505,57.78835,67.300156,11.685194,15.476954,5.405307,0.34924874,32.339043,13.936922,18.7025,23.974308,26.773378,30.576744,0.9731650352478027,15.476954,1.1179724,7.52332,11.2459545,4.1130104,0.36573243,24.804396,9.904259,13.336052,17.710423,19.549772,23.617878,1.17263662815094,11.2459545,1.0124528,10.193137,23.326052,11.047063,0.47359335,63.073147,20.279148,29.58895,39.232426,45.11314,57.452213,1.1058329343795776,23.326052,3.1572204,10.455568,22.607304,13.342517,0.5901861,67.300156,18.586258,29.628338,42.66795,51.008736,62.46121,1.1293102502822876,22.607304,4.1318927,12.958227,0.15832858,0.015647627,0.66350514,0.49744785,0.49744785,26.722908,45.933357,0.5817756
fshb0oqv,11.08724,17.400389,28.060165,34.69112,37.701206,42.27821,47.66122,10.367919,19.632093,9.982071,0.50845677,45.670494,17.404148,27.00095,34.988438,38.35843,43.20698,0.6148186922073364,19.632093,2.6345434,14.826359,10.038857,4.316648,0.42999396,28.447569,9.46415,12.0688505,15.385284,17.891008,24.86951,1.168553352355957,10.038857,1.4862291,8.403812,15.852782,10.904975,0.6878903,47.66122,11.789223,22.375507,33.629246,38.96653,45.05846,1.071576476097107,15.852782,2.749457,9.826654,9.7239895,4.771033,0.49064562,29.904686,8.572842,12.317495,16.164797,19.270782,24.749882,1.2134219408035278,9.7239895,1.4316254,14.193237,0.3233208,0.2396234,1.2384005,1.0323806,1.0323806,29.670952,25.57677,1.1600742
shkoecub,14.949613,18.50261,28.312187,35.876324,39.53114,44.14315,48.8362,7.1075354,23.688683,10.188104,0.43008316,48.8362,20.779175,31.27454,39.704414,42.966904,46.733692,0.6409724354743958,23.688683,3.174519,26.809546,11.973038,4.516545,0.37722632,23.25799,10.820161,15.443073,18.878881,20.312016,22.41421,0.6361621022224426,11.973038,1.7507765,9.018964,16.313189,6.63019,0.40643126,42.62516,14.870563,17.870743,25.891169,31.544064,39.050983,1.6056528091430664,16.313189,1.8330543,28.059631,13.840354,3.3858612,0.2446369,23.02987,14.049406,16.417063,18.277502,19.202934,21.11892,0.01846190355718136,13.840354,1.244291,9.812242,0.32852158,0.0820081,1.4521185,0.8650817,0.8650817,35.66172,30.153542,1.1826711
ods1eeur,17.133389,23.778908,33.579475,40.523952,45.079502,52.49104,59.94013,10.945307,22.446312,8.10271,0.3609818,53.205017,20.47559,26.745762,33.623447,38.563435,47.73702,1.1342517137527466,22.446312,2.5113094,11.22757,16.071913,7.6367,0.47515813,50.72379,13.939944,18.521591,26.407053,32.32428,42.78699,1.7039602994918823,16.071913,2.1059866,11.401569,22.187588,11.145345,0.5023234,59.94013,18.917704,27.160961,38.940983,46.29442,56.09649,1.2795894145965576,22.187588,2.9137511,10.447571,17.761765,9.76281,0.5496532,58.902653,15.141225,20.205067,30.6562,39.461433,52.365154,1.7399513721466064,17.761765,2.735389,12.688253,0.16549046,0.11078586,1.0116608,0.90486014,0.90486014,38.518227,39.949352,0.9641765
xhw0ic1l,16.880354,22.846231,31.72089,37.836025,42.14994,47.750828,53.733143,8.628825,15.755348,3.6201804,0.2297747,30.53481,14.788784,16.900492,21.047283,23.61206,27.855017,1.4330793619155884,15.755348,0.85868883,3.4525852,15.9418745,3.8068361,0.23879476,30.407843,15.2982855,17.681358,21.192785,23.793476,28.165152,1.1141527891159058,15.9418745,0.78918076,5.7937956,18.91243,6.455943,0.3413598,42.90929,16.734314,21.454996,28.711504,32.98728,39.03566,1.369700312614441,18.91243,1.7625669,6.5218773,26.568531,9.923372,0.37350097,53.733143,24.27827,32.99645,41.99056,45.583824,51.18458,0.6669263243675232,26.568531,3.2786727,15.880578,0.005884626,0.1683364,0.83306843,0.60002846,0.60002846,31.697224,45.48096,0.6969339
7dypmlva,14.500711,17.523483,22.17294,26.42415,29.388407,34.875935,41.901104,4.78296,14.191744,2.3585548,0.16619204,19.998184,14.472322,15.623984,16.817797,18.16709,19.437248,-0.28848186135292053,14.191744,0.74345046,7.4500666,14.34682,4.512304,0.31451595,24.457394,13.273209,18.424683,20.908354,21.639215,23.33303,0.3238977789878845,14.34682,1.6091076,13.0111,14.888521,2.8327665,0.19026513,24.206223,14.01462,16.27983,19.362017,20.898676,23.422953,1.191235065460205,14.888521,0.6529204,5.398449,18.735655,7.1254935,0.3803173,41.901104,15.861971,23.584288,29.377228,33.45443,38.91925,0.9724177122116089,18.735655,2.1491644,27.665878,0.0054339115,0.1144157,0.95320034,0.7657496,0.7657496,28.538563,33.624176,0.8487513
k9w9pfb3,9.977461,12.075083,16.195309,20.172585,24.111057,33.892654,51.3951,4.336954,12.856404,5.347055,0.41590595,42.481308,11.93309,15.424929,19.282341,21.8217,32.935184,1.5704118013381958,12.856404,1.8737696,25.241062,7.865185,3.059782,0.38902864,13.765122,8.188506,10.490674,11.621499,12.455694,13.166898,-0.13348492980003357,7.865185,1.3849212,8.709302,13.337182,7.2366805,0.54259443,51.3951,11.099573,13.860606,22.979284,30.52708,41.9324,2.3912441730499268,13.337182,2.2177956,39.47785,8.582687,2.3338132,0.27192104,13.983724,9.070666,10.219047,11.300508,11.849954,13.040289,-0.36462029814720154,8.582687,1.0180417,8.322647,0.2408705,0.21690343,0.96395206,0.91640115,0.91640115,20.721588,21.919868,0.9453336
hn14eb87,7.692454,9.359797,12.220853,14.230091,15.549994,17.978222,21.024532,3.5852566,8.217671,1.7121644,0.20835152,12.785867,8.079037,9.260441,10.649077,11.341099,12.345429,0.15568992495536804,8.217671,0.4997633,3.737031,7.010676,1.6182045,0.23082003,11.696648,7.1660457,8.026566,8.892185,9.632412,10.861492,-0.07255495339632034,7.010676,0.534566,4.8505335,9.503021,4.411452,0.46421573,21.024532,8.838284,13.098653,15.678057,17.06974,19.581133,0.41019371151924133,9.503021,1.3506616,10.774562,7.0702953,3.2405498,0.45833302,19.372007,6.551965,9.1120205,11.24586,13.124794,16.735544,0.9206336736679077,7.0702953,1.078618,6.491587,0.07925978,0.1467857,0.86474305,0.9915676,0.86474305,15.228348,16.573317,0.9188473
53ayeqah,6.354708,8.238892,11.734702,14.644376,16.635115,20.58149,27.101076,3.3514047,7.403059,2.0467584,0.27647468,14.835159,7.138176,8.411623,10.324958,11.392725,13.2344265,0.8027020692825317,7.403059,0.6484404,8.443054,5.7549973,1.2294297,0.2136282,9.031673,5.6821017,6.5057907,7.5573354,8.13037,8.653402,0.5074355006217957,5.7549973,0.4985712,3.7493796,9.286998,5.078627,0.5468535,27.101076,7.5625014,12.418698,16.589241,19.520842,24.556372,1.046085238456726,9.286998,1.6477847,23.268341,6.3669477,3.2999208,0.51828927,21.937971,5.632469,7.4652343,10.34467,13.003728,18.876524,1.8304892778396606,6.3669477,0.9837869,13.672562,0.12525116,0.18653764,0.7971423,0.9038864,0.7971423,13.158056,15.653946,0.8405584
thsjr0fz,12.239971,17.834972,25.299965,28.02718,31.192059,36.784996,43.28989,7.6410065,14.072358,5.0456457,0.35855013,28.023575,11.679631,15.726743,23.610373,25.601892,27.398794,1.3533161878585815,14.072358,1.2124888,14.699604,11.305479,4.5205045,0.39985076,27.901379,9.889468,12.412081,18.390043,21.78063,26.474617,1.6088981628417969,11.305479,0.984795,15.528099,18.638292,5.923342,0.317805,37.716335,17.196203,22.859657,27.427544,29.681574,34.637783,0.8265320062637329,18.638292,1.6938376,14.551676,14.276627,8.26342,0.5788076,43.28989,10.954866,15.351656,28.253471,33.74758,40.51287,1.698053002357483,14.276627,2.1956306,29.906929,0.10902738,0.13251334,0.755024,0.7918873,0.755024,25.377838,32.914917,0.77101326
auxbgk2w,15.740584,22.396341,30.875553,35.934525,38.801838,43.036037,47.61017,10.644145,18.193768,7.456261,0.40982503,42.810097,16.600166,22.391853,28.986471,33.521908,38.859215,0.9290180802345276,18.193768,2.4204605,8.947343,16.374947,6.8502374,0.41833648,42.042824,14.715386,19.480213,26.13682,30.880213,37.870285,1.2439130544662476,16.374947,2.0684748,14.976348,16.247843,8.322686,0.5122333,45.204945,13.546205,19.521076,29.246881,34.674965,42.063824,1.3360296487808228,16.247843,2.1331139,7.4186687,20.34053,9.879343,0.48569742,47.61017,17.826647,26.640442,35.460735,40.26101,45.475292,0.796807587146759,20.34053,3.0438235,22.295801,0.052614655,0.11185761,1.1197652,0.8050403,0.8050403,34.568714,36.58837,0.94480056
bxanj4x5,8.712992,13.370277,18.852371,22.14571,24.194319,28.12419,32.985687,7.2754493,9.148272,3.6512737,0.3991217,21.121508,8.31488,11.029581,14.6066,16.654343,19.526379,0.9736952185630798,9.148272,0.8240174,3.2513976,6.4882083,2.9339728,0.45220077,17.269743,6.015956,8.411056,10.340884,11.906594,14.60326,0.7986851334571838,6.4882083,0.9644541,6.124906,13.289381,5.471496,0.4117194,29.091782,12.398619,17.108202,21.647572,23.355822,26.56214,0.590545117855072,13.289381,1.7034503,5.711791,11.447068,7.1200833,0.6220006,32.985687,9.303761,15.812554,22.172081,25.654778,30.890339,0.917273759841919,11.447068,2.3320668,15.207613,0.17011906,0.07447766,0.6883896,0.5668009,0.5668009,15.63648,24.73645,0.63212305
a5xin9dl,10.129063,12.211618,16.185022,18.996725,21.025572,24.261438,30.141525,3.6448154,9.3226185,1.7840319,0.19136596,19.910658,9.069209,10.097839,11.549172,12.604137,15.935498,1.6381490230560303,9.3226185,0.6330182,12.926509,8.81139,1.8536191,0.21036625,16.198349,8.859088,10.144178,11.047893,11.672728,13.175368,0.13809052109718323,8.81139,0.699946,6.6098633,12.567735,3.591813,0.28579637,24.711483,11.66665,14.006807,18.15379,20.82359,23.354073,1.2448618412017822,12.567735,1.2072556,15.119784,12.700662,4.6990423,0.36998406,30.141525,11.592611,15.175549,18.9968,22.117403,27.192501,1.0346521139144897,12.700662,1.371272,18.248259,0.028191702,0.0052606007,0.7417899,0.6937741,0.6937741,18.134008,25.268396,0.7176557
5tgsq7ai,17.59964,25.748867,43.548927,53.929287,58.405357,64.86013,72.66616,10.548878,31.24438,16.565672,0.53019685,72.66616,24.484056,44.588978,57.433437,62.67929,69.073975,0.7648071646690369,31.24438,5.5003877,43.25891,21.799322,11.27375,0.5171606,67.13977,17.20217,23.2024,38.243473,49.695656,62.104908,2.0065205097198486,21.799322,2.9068549,44.985977,22.344852,9.648578,0.43180314,62.815655,18.688814,25.282215,36.355583,44.089645,56.931145,1.768283724784851,22.344852,2.3124523,20.194923,17.28269,6.0039296,0.34739554,56.116936,15.6049385,18.152733,22.138111,29.62352,44.815285,3.032569169998169,17.28269,1.1767714,24.120998,0.17806184,0.12774354,1.398281,1.2613385,1.2613385,53.0437,39.62754,1.3385565
tmofmmwi,17.202229,25.223259,35.924446,43.262943,47.562927,54.897022,62.119564,13.520649,24.336329,9.881311,0.4060313,56.352306,22.421175,30.251968,39.079628,43.372925,51.690216,0.8289417028427124,24.336329,3.1527424,9.654045,18.46956,7.867948,0.4259954,52.108578,16.743116,21.891508,28.444931,34.662216,45.283176,1.3475244045257568,18.46956,2.5484822,8.332731,20.313292,11.7099495,0.57646734,61.340103,16.397585,24.748295,37.89934,46.595875,56.547626,1.4533346891403198,20.313292,2.9397094,11.030998,17.297222,11.761486,0.6799639,62.119564,12.344049,20.635143,34.900276,45.014816,57.06187,1.7027037143707275,17.297222,2.9127376,11.438702,0.13705516,0.08019219,1.1980495,1.0677761,1.0677761,42.80589,37.61051,1.1381363
9s3w563b,11.309704,14.192467,19.112873,21.748644,23.49235,25.713266,28.040182,4.876768,16.397291,5.106178,0.31140375,28.040182,15.919949,20.340124,23.713366,25.099699,27.124231,0.2588634490966797,16.397291,1.6258988,12.907661,7.8985558,2.881357,0.36479542,14.257441,7.3462987,10.277968,11.97849,13.134324,13.885077,0.3795452415943146,7.8985558,1.0229195,6.0530095,13.203798,2.8561547,0.21631311,22.802141,12.816827,15.007164,17.198519,18.188948,21.045444,0.49431362748146057,13.203798,1.237658,9.911237,10.299329,1.6450421,0.15972324,15.238608,10.294065,11.442604,12.327593,13.08918,14.315998,0.1768934726715088,10.299329,0.64828146,7.597324,0.349802,0.123578,1.2418617,0.76690006,0.76690006,24.295847,23.503128,1.0337282
tkf6xdn8,13.546761,18.596579,25.126905,29.84598,32.762367,37.62791,43.32778,7.2620487,14.256175,4.188968,0.29383534,29.648014,12.774996,16.574333,20.699675,22.49181,26.398413,1.1069985628128052,14.256175,1.2528864,9.381917,17.798351,5.408468,0.30387464,33.702106,16.725628,21.007349,25.886417,28.25285,32.326984,0.82520592212677,17.798351,1.7246009,14.634893,13.199459,4.1688814,0.3158373,30.666197,11.936621,14.685233,18.67108,22.15476,28.194168,1.6759296655654907,13.199459,1.1236281,5.066928,18.04914,8.7257185,0.4834423,43.32778,14.717155,23.030968,32.383823,36.231777,40.838196,1.0097748041152954,18.04914,2.56653,24.913975,0.11050471,0.15519677,1.0800575,0.9861052,0.9861052,32.054527,31.2486,1.0257908
wwiif86l,6.4590764,7.9880004,10.075253,12.252808,13.872612,16.614433,19.013346,2.382987,7.3314824,1.9665843,0.2682383,14.051685,7.335985,8.639588,9.8028345,10.388271,12.7796545,0.3592604100704193,7.3314824,0.5704014,5.1610265,9.610524,3.6549551,0.38030759,19.013346,8.686287,12.24119,15.1420355,16.667212,18.441172,0.6392541527748108,9.610524,1.3746202,11.98031,6.201279,0.83619934,0.13484304,8.771478,6.049208,6.7527127,7.351376,7.6567483,8.328372,0.4850180149078369,6.201279,0.33414453,3.7320418,6.2413607,1.348151,0.21600273,11.019051,6.034969,6.988697,8.185537,8.954913,10.379001,0.9258902668952942,6.2413607,0.39717913,6.110544,0.13452017,0.0032213018,1.1822532,1.5398123,1.1822532,16.942007,12.44264,1.3616086
thet25lz,12.409079,18.472042,26.261438,31.780989,35.70613,41.964016,48.345093,9.397267,16.879646,7.246373,0.4292965,45.47378,15.547584,20.302776,27.088453,31.112303,39.8208,1.151422381401062,16.879646,2.0212095,8.354731,21.828066,8.86151,0.40596864,48.345093,19.078495,26.389914,35.59118,40.709682,46.715134,1.005334734916687,21.828066,2.9393268,9.092688,9.987128,4.758121,0.47642535,37.355846,9.4335575,11.15917,14.9336195,19.39817,29.178278,2.155848264694214,9.987128,1.2747647,7.466061,12.494045,6.782123,0.54282844,42.332783,10.318137,14.434853,22.071505,27.623503,36.541733,1.8093452453613281,12.494045,1.7552613,7.9744635,0.12784067,0.111511834,1.6901401,1.7470776,1.6901401,38.70771,22.481174,1.7217833
se99f77l,10.382916,12.0703535,18.812414,27.649569,32.81151,42.282135,50.105053,2.8545732,17.081985,9.572705,0.5603977,50.105053,12.302706,20.008091,32.56679,38.814663,47.514286,1.6095761060714722,17.081985,3.5327225,38.31328,9.523025,1.8489699,0.19415784,19.719454,9.254568,10.493806,11.52866,12.169477,16.733213,1.5926299095153809,9.523025,0.70717555,12.015598,12.810974,5.151664,0.40212896,39.3309,11.268904,12.891636,18.33697,24.479809,35.054066,2.6980574131011963,12.810974,1.2216083,23.185644,9.356378,1.298184,0.13874857,17.840853,9.224546,9.974471,10.977786,11.630636,13.306192,1.2622735500335693,9.356378,0.46109226,8.574175,0.28411794,0.15584165,1.3333869,1.0178111,1.0178111,26.605011,22.16735,1.200189
u8el5015,16.656958,26.437761,38.253483,45.529133,50.17272,59.184505,69.8282,14.445867,28.62461,11.975546,0.41836536,67.934074,27.379341,36.440292,44.812073,50.14915,61.569176,0.5928447842597961,28.62461,4.1767735,16.353363,17.747799,7.976973,0.44946268,57.64281,15.906384,19.72649,28.252035,35.065674,47.806084,1.9605053663253784,17.747799,2.1272938,10.769084,21.610058,13.014056,0.6022222,69.8282,16.932129,26.33801,41.1255,51.333694,64.80974,1.6022920608520508,21.610058,2.7788072,11.650673,14.891335,8.275161,0.5557031,61.373417,12.391213,16.362171,23.997204,33.170063,48.445663,2.5447280406951904,14.891335,1.6761426,9.767393,0.23455352,0.18406759,1.3245966,1.1918206,1.1918206,46.37241,36.501392,1.2704285
oop767j2,11.259476,18.62515,30.202566,37.18188,40.356686,45.89955,50.67852,10.310951,11.851042,4.3756866,0.3692238,28.373123,10.62266,13.829806,18.291655,20.922518,26.040112,1.2678565979003906,11.851042,1.030427,4.603716,8.004361,2.6249096,0.32793492,16.390408,7.107715,10.33485,11.457492,12.55897,14.672823,0.5903543829917908,8.004361,0.91833377,5.863433,23.29762,11.051508,0.47436208,49.86625,22.190813,31.357811,39.0442,42.394596,47.20826,0.34678250551223755,23.29762,3.261546,21.561073,15.734816,9.997587,0.63538,50.67852,12.359194,19.7065,30.674425,38.593483,47.077286,1.4264004230499268,15.734816,2.2174845,31.639149,0.19373469,0.19375694,0.50868034,0.5087038,0.50868034,19.855404,39.032436,0.5086898
dg1wjuii,14.80264,22.563911,31.419455,36.3533,38.989475,45.60993,53.63143,11.910861,17.279852,7.08391,0.409952,37.928185,15.654572,21.560207,27.87748,31.701523,36.126965,0.7881499528884888,17.279852,2.2774007,8.3791485,11.402951,3.321394,0.29127494,21.794405,10.958655,13.32226,15.947916,17.490559,21.405626,0.795402467250824,11.402951,1.1748998,5.8780513,23.824028,10.809636,0.45372832,53.63143,22.797508,32.094353,38.17598,42.71728,50.318516,0.40851208567619324,23.824028,3.617473,21.21373,16.790056,9.007506,0.53647864,50.927486,14.853273,21.69728,29.417517,34.565132,44.34437,1.1027007102966309,16.790056,2.2205815,14.44158,0.20489283,0.17319046,0.72531193,0.6791491,0.6791491,28.682804,40.614082,0.7062281
ymyrsvzn,9.463887,11.708369,16.481455,20.550043,22.523602,26.376085,31.09923,4.703191,10.018762,1.8833127,0.1879786,14.711673,10.306114,11.319585,12.142375,12.82407,14.014477,-0.3317916691303253,10.018762,0.6217245,5.1448274,7.055732,1.8519497,0.2624745,11.653161,7.033152,8.446796,9.550919,10.111975,10.659785,0.027333654463291168,7.055732,0.7869458,3.9777217,13.183508,5.2703834,0.39977095,29.884312,11.762919,16.483496,21.260498,23.421785,27.03279,0.7993504405021667,13.183508,1.6148711,15.295595,10.037741,5.590421,0.5569402,31.09923,8.314355,12.439619,18.126078,22.140787,28.145185,1.4036693572998047,10.037741,1.6612422,7.770612,0.17353545,0.13546933,0.7599466,0.7029203,0.7029203,17.074493,23.221249,0.7352961
4regb1aj,7.521776,9.410233,15.034065,20.844595,24.382263,29.706715,35.546703,3.115087,7.9670177,1.3966774,0.17530742,14.432082,7.7875295,8.862621,9.53757,10.242354,12.115252,0.8389633297920227,7.9670177,0.3867821,7.292373,6.792176,1.794468,0.26419634,14.136444,6.687607,7.448517,8.832485,10.282437,12.7132015,0.9353185296058655,6.792176,0.4450318,5.461972,10.82416,6.2347074,0.5759992,35.36143,8.702157,11.870325,20.33412,25.760656,32.030884,1.7412852048873901,10.82416,1.8359338,24.39534,9.5948105,6.910247,0.7202067,35.546703,6.809151,12.493351,20.203653,24.34049,31.723034,1.4113521575927734,9.5948105,1.8818339,21.092789,0.079600684,0.060206227,0.7360403,0.707901,0.707901,14.759193,20.41897,0.7228177
o091c795,14.625242,16.728592,19.12467,21.947868,24.449368,28.86921,34.672318,3.55274,14.196176,2.0583224,0.14499134,20.76555,13.912634,15.270211,17.214117,17.969528,20.017118,0.6635103225708008,14.196176,0.79918355,7.301692,15.042441,1.8813913,0.1250722,23.192444,14.662281,16.153128,17.55181,18.156305,20.739697,0.9387126564979553,15.042441,0.7430488,9.321934,14.449281,2.158257,0.14936778,21.496935,14.10609,16.001581,17.439585,18.050144,20.137163,0.5291246771812439,14.449281,0.73927546,8.478199,17.418648,4.705982,0.2701692,34.672318,16.199322,19.596214,24.441603,27.44926,31.915068,1.1836316585540771,17.418648,1.5410115,19.2407,0.028943427,0.09317729,0.9824832,0.8635826,0.8635826,29.238617,31.867928,0.9174935
rlqiob0n,10.897671,18.36794,31.67254,40.591957,45.19353,51.457283,57.68963,10.323478,24.616146,13.376965,0.5434224,57.68963,21.860441,34.338158,45.17158,50.294453,55.651344,0.5976089835166931,24.616146,4.453533,35.106388,10.370972,5.0269036,0.48470902,29.9654,8.190189,12.436249,17.787603,21.197268,28.146358,1.635952115058899,10.370972,1.2576729,13.46403,15.940919,8.982677,0.5634981,50.658436,11.908621,18.820847,30.586203,36.72958,45.70363,1.7096326351165771,15.940919,2.0976486,19.030388,9.241687,3.4967308,0.378365,29.360353,8.2283535,10.541136,13.08599,15.911795,22.36584,2.172278881072998,9.241687,0.952551,8.1985,0.40715483,0.26602617,1.5442113,1.1221946,1.1221946,34.987118,25.182606,1.3893367
lw0vs52s,9.238644,13.3275585,19.883625,24.883646,28.097624,33.22902,39.194393,6.222183,9.092722,2.2114546,0.24321151,16.658798,8.724451,10.476993,12.039131,13.20203,15.5251665,0.7395146489143372,9.092722,0.7234307,4.249196,7.485338,2.526436,0.33751795,16.086723,7.0100665,9.027758,10.945051,12.216562,15.184785,0.7862430214881897,7.485338,0.81209743,3.872841,13.180553,6.258753,0.4748475,34.146935,11.897339,16.843922,22.090769,25.77505,31.36055,0.9297158122062683,13.180553,1.6763154,10.903378,13.999371,8.118731,0.5799354,39.194393,12.014612,18.483023,26.330109,30.84332,36.579006,0.9507675766944885,13.999371,2.3265386,11.539013,0.096958496,0.030125806,0.6898589,0.53469104,0.53469104,16.57806,27.179924,0.60993767
q3b9so0u,8.232162,11.062822,12.698214,13.743798,14.07573,15.144469,17.920261,5.155788,7.08515,2.6254864,0.37056187,13.908288,6.761252,9.037028,10.974886,11.706597,12.987667,0.40924176573753357,7.08515,0.972399,7.817932,10.723997,2.850985,0.26585096,15.359926,11.4996,12.819941,13.9889,14.256898,15.114425,-0.6160706281661987,10.723997,0.89502126,7.3632383,6.2211924,1.8275498,0.293762,11.897422,5.8876,7.3959556,8.599558,9.500909,11.354633,0.6689643263816833,6.2211924,0.5027046,6.361868,10.184115,2.4465292,0.24022992,17.920261,10.159864,11.826023,13.316593,14.37946,16.50542,0.3060716986656189,10.184115,0.6332097,7.518414,0.20432463,0.24156347,1.1388733,1.0530121,1.0530121,17.809147,16.405308,1.0855722
swbkok3q,14.503334,23.68803,35.339546,43.232227,47.854424,55.90724,64.519714,13.760745,26.090458,11.767471,0.45102587,64.519714,23.773624,32.815887,43.186565,49.72372,59.045376,0.8235864639282227,26.090458,3.84762,11.905296,15.05227,7.578334,0.50346786,51.814995,12.713066,17.052906,25.254515,31.44686,43.538834,1.935714602470398,15.05227,1.9417199,8.830486,19.750954,12.552368,0.63553226,64.03704,15.786427,24.914024,39.064953,47.745792,59.13408,1.3809514045715332,19.750954,3.2320888,12.80756,12.697502,7.658415,0.6031434,52.540676,10.151569,14.042637,22.226015,29.212831,42.30604,2.280611753463745,12.697502,1.7836921,9.570847,0.26829013,0.21737403,1.3209721,1.1854513,1.1854513,41.142727,32.448456,1.267941
pwbsf3q0,10.996664,14.413183,17.390987,19.434258,20.430044,22.148487,23.37311,4.954809,10.925748,2.319708,0.21231572,18.106276,10.119746,11.98889,14.895365,16.017036,17.154997,1.1354830265045166,10.925748,0.6226246,5.6139812,11.748317,3.2647877,0.27789408,19.624077,10.650766,14.501527,16.825455,17.649612,18.973434,0.6140314936637878,11.748317,1.0789057,7.553135,12.167811,2.7861326,0.22897565,20.564013,11.565684,14.041374,16.24495,17.625439,19.67003,0.7891485095024109,12.167811,0.8362777,3.4649372,13.618954,4.4856143,0.32936555,23.37311,12.616674,17.159832,20.403084,21.759624,22.95028,0.4727274179458618,13.618954,1.6431439,12.253195,0.036277965,0.056274693,0.8979222,0.8626446,0.8626446,22.674065,25.786766,0.87929076
e27zeoqg,7.0304937,10.572794,15.226665,19.1129,21.429956,25.647621,29.77311,5.553871,11.68003,5.325838,0.45597813,29.77311,10.46987,13.664015,19.476637,23.404015,28.237358,1.2009854316711426,11.68003,1.4809864,5.110531,7.4376645,4.780331,0.6427194,26.375393,5.603207,9.36259,14.032036,17.777102,23.992325,1.5813195705413818,7.4376645,1.1010475,7.534208,8.478511,4.5163984,0.5326877,26.995392,7.11454,10.136473,14.562179,18.193243,23.877909,1.581937551498413,8.478511,1.1752137,4.630204,6.597583,3.1557376,0.47831723,24.682938,5.7593927,7.252979,10.183949,13.388168,19.368755,2.3766133785247803,6.597583,0.8227636,5.1764617,0.2219078,0.1247623,1.3776039,1.1273317,1.1273317,19.117695,15.076094,1.2680801
vzhqjy62,4.162609,6.343017,9.724366,12.958978,14.753493,18.428576,25.172497,3.6819303,4.4693847,2.7556996,0.6165725,16.215075,3.815221,5.463515,8.120376,10.605416,13.786545,1.534327745437622,4.4693847,0.89503276,9.558074,3.2394438,1.9873024,0.61347026,8.689693,2.5744867,4.8664823,6.370337,7.0051303,7.5932856,0.678601086139679,3.2394438,0.8537227,5.6948137,8.611265,4.6246037,0.5370411,25.172497,6.993911,11.319162,15.605421,17.716606,21.722395,1.1052607297897339,8.611265,1.4569517,18.280722,4.0726104,2.0974727,0.51501924,13.329561,3.5655503,5.2392244,6.894347,8.014532,10.511637,1.1925175189971924,4.0726104,0.74323535,7.075528,0.15954965,0.3578287,0.519016,0.79542196,0.519016,7.7088284,12.683876,0.607766
zeeqnsn2,15.945656,17.765818,19.64893,20.475859,21.600218,23.526413,27.756771,3.8370342,15.559464,2.440656,0.15685989,25.526085,15.266078,16.91313,18.20148,20.080116,23.583223,0.9120886921882629,15.559464,0.75811726,8.676269,15.619527,3.483464,0.22301981,27.756771,15.155908,17.412819,20.115406,22.587114,25.878105,0.9213376045227051,15.619527,1.3455801,12.308794,16.731697,3.1273391,0.18691105,23.196123,17.099518,19.014048,20.292845,21.193357,22.373688,-0.5240396857261658,16.731697,1.0429543,7.5033092,15.862478,2.477876,0.15620989,20.43412,16.150272,17.795534,18.906647,19.588274,20.217522,-0.45694202184677124,15.862478,0.9729211,7.819641,0.0019263743,0.026667917,0.9299394,0.9846839,0.9299394,31.178991,32.594177,0.95658165
s8nn16ux,16.751524,24.939648,34.091675,41.474766,46.472538,55.390003,64.64209,12.598477,18.709784,7.159595,0.38266584,37.4965,17.160194,23.299469,29.780298,32.77905,35.594563,0.6829614639282227,18.709784,2.3069725,16.902546,14.888446,4.712796,0.3165405,36.11489,13.990497,16.65473,20.695522,24.70241,31.095793,1.5067675113677979,14.888446,1.425782,7.1310077,23.16204,12.239289,0.52842015,62.184387,21.882301,30.374538,40.007133,46.965694,55.73699,0.6940498948097229,23.16204,3.415146,19.910975,21.40033,12.441687,0.5813783,64.64209,17.143532,27.147541,40.630054,47.245247,58.933304,1.2752894163131714,21.40033,3.3434887,14.420303,0.11373629,0.039533604,0.8077779,0.6957111,0.6957111,33.59823,44.56237,0.75395966
f5gzpl1q,7.6619673,11.573703,19.683205,25.824688,29.241905,35.046562,40.120068,6.92928,9.558452,4.1255784,0.43161577,25.891874,8.932819,11.423457,15.21806,17.744347,22.272852,0.9485391974449158,9.558452,1.1808403,10.389294,5.0345564,2.3717644,0.471097,10.396372,5.1042943,6.9528294,8.242722,8.885281,9.473879,0.03480210155248642,5.0345564,0.9380395,8.371887,17.166243,9.354792,0.5449528,40.120068,15.6646595,24.294975,31.048237,34.18122,37.999836,0.45029082894325256,17.166243,2.6588106,23.64164,6.275357,4.054115,0.64603734,23.155378,5.33543,8.14451,11.696955,14.596839,20.393944,1.3793015480041504,6.275357,1.2390394,7.099976,0.3100043,0.46459657,0.55681676,0.8022741,0.55681676,14.593008,23.441599,0.6225261
weehwjq4,13.834479,19.969265,32.267708,39.483032,44.168686,50.24021,57.203217,9.42147,17.177801,6.8326607,0.39776108,37.63657,15.447912,21.01036,28.125526,31.446714,35.569073,0.9367555379867554,17.177801,1.9801372,22.570362,12.431155,3.5038009,0.28185642,19.551605,13.013493,15.273988,16.895992,17.484085,18.249216,-0.24585475027561188,12.431155,1.457485,10.433374,26.134459,13.946741,0.5336533,57.203217,25.29316,37.71946,45.595974,49.46681,54.68486,0.27189502120018005,26.134459,4.1777463,32.974403,12.858007,5.575313,0.4336063,35.46655,11.823486,14.94557,20.465101,24.344746,32.096592,1.4098279476165771,12.858007,1.4680694,12.257389,0.16031116,0.3404876,0.6572855,0.9668026,0.6572855,29.608955,38.992466,0.75935066
ta5ivroc,4.602335,6.553041,9.7975025,13.243261,15.879334,20.624998,25.894476,3.1988583,5.558702,2.560175,0.46057063,17.380325,5.032342,6.5136127,8.917867,10.878353,14.262336,1.4982317686080933,5.558702,0.7338919,9.399548,3.5558834,1.1933085,0.33558705,6.2608795,3.4958653,4.265379,5.202484,5.648645,6.042976,-0.10697588324546814,3.5558834,0.51087785,4.9460564,8.333451,5.3997455,0.6479603,25.894476,6.28278,11.212507,16.804354,19.831444,24.0753,1.164839506149292,8.333451,1.5248244,18.851202,4.7522783,2.1467457,0.45172977,11.45389,4.623579,6.386881,7.531152,8.183541,9.977466,0.34409794211387634,4.7522783,0.8145833,3.3028855,0.21973775,0.2736701,0.6670348,0.74824816,0.6670348,9.114586,13.08573,0.6965287
vitwu3bf,3.1610603,4.3050423,5.2617693,6.0028834,6.9882727,9.7809515,14.1052265,1.9779551,3.81542,1.2688587,0.3325607,10.201147,3.6361623,4.707485,5.512738,5.8171186,7.2557597,0.7659894824028015,3.81542,0.5258807,8.160944,2.7555385,0.900006,0.3266171,9.005793,2.4610496,2.9356704,3.6184835,4.551415,6.39701,2.809596300125122,2.7555385,0.35322464,4.655143,4.407012,1.5784236,0.35816187,14.1052265,4.083968,4.74251,5.8703127,7.1535444,11.517471,2.7383604049682617,4.407012,0.5741622,9.99947,2.732506,1.8521483,0.6778204,13.457129,2.1716957,3.4244518,4.843914,5.8169184,10.281367,2.222256660461426,2.732506,0.60335165,8.911766,0.16129786,0.23454048,0.86576116,1.008429,0.86576116,6.570958,7.139518,0.92036444
xb4y4k7b,5.843631,6.757787,9.571205,12.985895,15.549214,19.351278,24.316458,2.0543895,5.6174555,1.4356108,0.25556245,9.267582,6.0155787,6.52678,6.9996476,7.160482,8.090186,-1.0720490217208862,5.6174555,0.5142628,5.3372483,5.4196377,1.1355506,0.2095252,9.836945,5.3061213,5.883846,6.6126113,7.6003194,9.378228,0.9906123280525208,5.4196377,0.4008237,5.155074,6.426148,3.669341,0.57100165,22.782583,6.0331717,7.2421436,10.935562,13.885555,19.201906,1.4930940866470337,6.426148,1.118162,19.06884,7.4292746,4.2388167,0.5705559,24.316458,6.211192,8.743969,13.695855,16.720793,21.808752,1.5804582834243774,7.4292746,1.4306016,20.228539,0.017922997,0.072399564,0.87415594,0.72949755,0.72949755,11.037093,13.855423,0.79659015
pgyvyv2g,9.936844,17.651031,31.092352,36.84137,40.297657,46.150887,53.67845,11.216324,16.047096,7.968949,0.49659756,36.018898,13.775511,21.190445,29.027786,31.9607,34.86283,0.7635223269462585,16.047096,2.0261095,22.366062,6.563996,3.4099376,0.51949114,22.88961,5.6451144,8.13414,11.101077,13.125113,18.727236,1.5382585525512695,6.563996,0.9579497,9.640372,22.90659,13.044975,0.5694857,53.67845,19.094538,34.81847,42.10207,45.373726,49.99539,0.46206891536712646,22.90659,3.6357336,42.737892,9.143632,6.5710406,0.71864665,39.563297,7.377471,10.136486,17.330704,24.670115,34.183365,2.1621243953704834,9.143632,1.3680848,27.968277,0.4194004,0.4294185,0.70054495,0.7178762,0.70054495,22.611092,32.05022,0.7054894
qu7dknnc,17.494968,28.868193,44.020172,52.5788,58.15489,65.21821,73.4817,15.6016655,15.923589,5.2543554,0.32997307,41.30927,14.626602,17.253935,22.237505,27.076502,35.493793,1.8850862979888916,15.923589,1.1484402,7.003601,13.994661,5.6799684,0.4058668,38.63006,12.73594,16.4413,21.33379,25.517086,33.329536,1.4401253461837769,13.994661,1.7869743,9.19516,28.465574,12.96994,0.455636,65.04016,26.212595,37.298218,47.99124,54.098946,61.418346,0.6936255693435669,28.465574,3.8446677,14.765475,30.121664,16.398045,0.5443937,73.4817,26.071617,40.841076,55.72825,62.55169,69.86326,0.720978319644928,30.121664,5.284065,38.077454,0.06447327,0.028267074,0.5593981,0.46460453,0.46460453,29.918251,58.58724,0.51066154
ptkezjss,9.6492605,15.644098,23.618742,28.121687,30.64858,34.213673,38.049763,8.76409,15.73299,7.7863336,0.49490488,36.016983,14.132721,21.15274,27.423023,30.553143,34.23189,0.6057989001274109,15.73299,2.5467896,17.588604,8.894867,3.5299878,0.39685673,22.692047,8.499135,11.009292,13.120018,14.97064,19.651627,0.7850712537765503,8.894867,1.0665895,8.29648,14.515251,8.485051,0.5845611,38.049763,11.274658,19.557219,27.9358,32.284027,36.002586,0.9646397233009338,14.515251,2.2852776,12.467738,9.28669,5.380004,0.5793242,31.163164,7.701311,11.0095,16.9152,21.234583,28.035215,1.6270452737808228,9.28669,1.5065304,5.294365,0.27765808,0.21966954,1.0838938,0.95780814,0.95780814,24.627857,23.80194,1.0346996
zwd0w9ry,15.276204,26.066055,39.67851,48.70622,53.864693,62.79603,74.4862,15.684338,22.886177,10.767359,0.47047433,55.983143,19.83553,29.792076,39.432617,43.70128,50.978184,0.831547200679779,22.886177,3.095426,26.764374,12.600224,5.653953,0.4487185,37.641594,10.23162,15.012536,20.781345,24.715824,31.989052,1.6709058284759521,12.600224,1.4196076,9.169115,28.745743,16.683825,0.5803929,74.4862,23.570093,39.313004,55.139812,61.54743,70.20646,0.8229634761810303,28.745743,4.761067,23.997791,15.834569,10.514393,0.6640151,61.777542,11.226934,19.08199,31.296692,39.565754,53.66741,1.8846217393875122,15.834569,2.2317214,15.072679,0.2898562,0.28961605,0.79615885,0.7957415,0.7957415,35.4864,44.58031,0.7960106
79kvls9m,18.227776,29.89668,43.881004,52.93588,58.513172,67.792206,76.30651,18.130743,31.535925,14.385324,0.4561567,73.63963,29.69556,41.932495,52.27092,58.096184,67.8632,0.5593222379684448,31.535925,4.539588,22.042622,17.524723,7.7070003,0.43977872,51.92246,16.435566,21.201954,27.233849,32.193,44.189045,1.4070302248001099,17.524723,2.4092247,16.152943,25.441362,17.087166,0.67162937,76.30651,18.859184,34.73278,52.72408,62.554558,72.7537,1.1113338470458984,25.441362,4.0210085,12.654957,16.029037,9.266108,0.5780826,57.543457,13.041699,20.692942,27.986313,33.858604,49.48129,1.5698881149291992,16.029037,2.5995338,26.51714,0.28558943,0.2269649,1.2395533,1.093311,1.093311,49.060646,41.470398,1.1830281
euswrgvz,9.500757,16.802687,27.516823,34.908882,38.5862,44.770382,50.81045,9.752329,10.736129,4.601078,0.42856026,27.254845,9.378489,13.174556,17.554369,20.390135,24.644785,1.1325669288635254,10.736129,1.2885069,8.12026,7.004114,2.00124,0.2857235,15.161312,6.9361935,8.280355,9.319172,10.399777,12.791023,0.6142889261245728,7.004114,0.7960045,6.030594,20.300846,11.778367,0.58019096,50.81045,18.738546,29.119083,37.047543,42.099007,47.898476,0.5059793591499329,20.300846,3.649223,21.56186,14.3961735,9.784776,0.6796789,49.603508,11.070019,18.581783,29.363098,35.874443,45.086975,1.390275478363037,14.3961735,2.4412034,22.645607,0.21037,0.17017809,0.5288513,0.4865261,0.4865261,17.740242,34.69702,0.5112901
9aawe429,16.886305,25.695845,41.015305,50.34908,55.68964,63.34251,75.944,12.492329,14.457346,3.4185677,0.23645887,28.88756,13.757902,15.898533,18.856262,21.443933,26.726599,1.3982664346694946,14.457346,0.93103784,5.0514708,14.323127,3.5694,0.24920537,25.807478,13.857465,17.043186,19.204857,20.227867,23.174263,0.46526169776916504,14.323127,1.2518407,11.318684,26.376097,11.590201,0.43942064,58.793636,23.71255,33.860672,44.173355,49.394665,55.677525,0.7111581563949585,26.376097,3.121,23.6343,29.167423,15.723359,0.53907263,75.944,24.180515,38.495396,54.9006,61.447556,70.65616,0.9199413061141968,29.167423,4.2693577,44.996826,0.00466355,0.050254766,0.548123,0.4910659,0.4910659,28.780472,55.543518,0.51816076
omuwahk2,15.913689,19.50251,25.964664,31.2368,34.045135,37.873096,41.946247,5.9938707,14.566069,2.6712255,0.18338686,20.375738,14.754782,16.083052,18.140976,19.04953,19.853273,-0.2322736233472824,14.566069,0.90509975,11.034962,11.580691,3.3761344,0.29153132,19.470108,11.123469,14.374684,16.424334,17.433504,18.67452,0.3783668577671051,11.580691,1.1281236,10.05628,17.720434,3.6289728,0.20479028,29.693518,17.028704,20.004353,22.7093,24.538784,28.15443,0.8043518662452698,17.720434,1.0266073,10.004765,22.81386,7.4358783,0.32593688,41.946247,21.019417,28.22291,34.02217,36.99503,40.62781,0.5830076336860657,22.81386,1.9043154,16.477594,0.11417772,0.1256572,0.82199275,0.50761646,0.50761646,26.146759,40.534294,0.6450528
lslaym0w,6.7782545,10.133069,16.275448,20.921438,24.311853,29.57271,34.530197,4.8070536,10.351694,6.234993,0.6023162,32.434986,7.730034,13.487566,19.841465,24.082993,29.320816,1.2958301305770874,10.351694,1.9849279,24.317656,6.6122875,2.894208,0.43770146,18.54049,5.8745747,8.502763,10.17811,11.767657,15.724341,1.0499495267868042,6.6122875,1.0552049,7.220779,11.0246,7.0689783,0.6412004,34.530197,7.5518074,13.806021,22.666912,27.31892,32.787033,1.4426777362823486,11.0246,1.9936793,25.834013,7.0790854,2.7502823,0.38850814,19.91345,6.1202364,8.3152275,10.60776,12.395793,17.01417,1.729188323020935,7.0790854,0.8476793,7.922436,0.22043213,0.21793987,0.93896323,0.93405956,0.93405956,16.963982,18.103685,0.93704575
bglmy62x,9.485191,13.3986,20.559227,26.189672,28.67378,32.738358,36.979286,7.016578,10.9052725,4.2670474,0.39128298,27.604313,9.896057,12.978936,16.737469,19.584112,25.208473,1.2324286699295044,10.9052725,1.1912568,15.875041,9.098743,2.8999152,0.31871602,17.24373,9.558993,10.973384,12.56265,13.772282,15.967765,0.0616532526910305,9.098743,1.1658962,5.7972507,13.908057,9.63025,0.6924224,36.979286,9.202433,22.026731,29.410353,32.268673,35.401814,0.7751609683036804,13.908057,2.9029074,28.641401,10.592998,5.8074994,0.54823947,32.357994,8.786333,13.934229,18.927258,22.106714,28.736433,1.168385624885559,10.592998,1.7455541,15.843066,0.090308316,0.13530274,0.7840975,0.85893947,0.7840975,20.004017,24.501055,0.81645536
rw6tm2o0,9.641285,13.045845,17.723774,21.568619,24.249268,28.139809,33.483906,5.0916634,9.6606045,2.428577,0.25138974,16.9155,9.0179405,11.343004,13.220923,14.201892,15.699761,0.666725218296051,9.6606045,0.74291414,5.4549003,9.201908,2.0228362,0.2198279,16.94365,8.894059,10.1156225,12.105857,13.359913,15.650033,1.1595817804336548,9.201908,0.589544,3.2142286,10.813533,3.4329991,0.3174725,21.636776,10.105155,12.943991,15.945877,17.225088,20.437834,0.7348560690879822,10.813533,1.0130669,6.4000053,13.910033,7.0284524,0.50527936,33.483906,12.896309,18.903229,24.197348,27.220898,30.769243,0.5523367524147034,13.910033,2.4684832,19.193497,0.024317883,0.1252449,0.893381,0.66153026,0.66153026,18.862513,24.723566,0.7629366
4k0lthy2,12.426455,16.38416,23.097523,27.559448,30.842884,35.297024,39.84487,6.6936226,11.985843,2.7599812,0.2302701,21.259802,11.607636,13.943692,15.368922,16.918135,19.415318,0.4843226671218872,11.985843,0.77658796,5.0594788,10.687665,2.4281087,0.22718795,16.38584,10.65746,12.747878,14.050083,14.496677,15.251489,0.09228476136922836,10.687665,0.93545663,7.0134478,18.89075,8.039702,0.42558935,39.84487,18.648039,24.128849,30.620836,33.552734,37.982033,0.4072170555591583,18.89075,2.4719315,19.158566,14.171019,6.3607864,0.4488588,37.6192,12.850386,17.627014,22.899788,27.048813,33.505215,1.0563769340515137,14.171019,1.7409372,12.530906,0.057255264,0.14275499,0.6344821,0.75419176,0.6344821,22.673508,33.061768,0.6857924
5m8kb9w4,13.393089,19.422588,27.223415,32.95991,35.87058,40.389652,46.615692,9.591207,12.007734,3.8293076,0.31890342,23.683014,11.388285,14.082455,17.786015,19.552443,22.171474,0.7655438184738159,12.007734,0.85533345,4.7182803,9.615236,2.5597992,0.26622322,20.287182,8.973885,10.770417,13.035148,14.944078,17.764416,1.385276436805725,9.615236,0.58241826,3.9248524,17.638002,6.4728827,0.36698502,36.63047,16.459114,21.934399,26.994375,29.991285,34.380196,0.6438800096511841,17.638002,1.9417926,6.553855,21.369228,9.3186655,0.4360787,46.615692,19.497013,27.358295,35.72193,39.287136,44.13898,0.6320449113845825,21.369228,2.6956167,25.895355,0.11064613,0.09565472,0.6807877,0.4499571,0.4499571,21.62297,39.007233,0.5543323
uov51zlb,7.2703767,9.437739,13.167532,15.6530075,16.749063,18.58208,20.246115,3.5853558,7.339335,1.4016927,0.19098362,10.633388,7.337421,8.385138,9.077841,9.569812,10.14138,-0.28681492805480957,7.339335,0.45842943,2.5137925,6.025442,1.4149365,0.23482701,9.21621,6.2411785,6.977203,7.650305,8.17817,8.829788,-0.41099658608436584,6.025442,0.55647534,3.2110558,9.738707,4.5440636,0.46659827,20.246115,8.748304,13.12523,16.674507,18.175785,19.638315,0.5089016556739807,9.738707,1.3497996,14.260826,8.652475,3.7366428,0.43185824,18.62402,8.408405,10.963325,13.943821,15.699193,17.615461,0.4258003532886505,8.652475,1.3162941,8.338789,0.09831012,0.05906261,0.7536252,0.6963836,0.6963836,13.364777,18.391182,0.7266948
oriq8hke,18.788319,30.697517,46.607616,54.82911,59.808872,66.67383,76.50391,17.565557,27.609201,12.843335,0.46518314,62.660583,24.189766,35.81752,47.532207,53.43322,59.63839,0.8157905340194702,27.609201,3.9600244,40.530293,15.193159,5.8187604,0.38298556,39.8418,13.267616,16.972544,23.966726,27.59383,33.895107,1.5781346559524536,15.193159,1.3051115,11.248941,34.351097,16.505182,0.48048487,76.50391,29.084839,46.945778,60.671227,65.81115,72.40167,0.7101742029190063,34.351097,5.0193024,38.717857,17.361652,10.903577,0.6280264,62.383198,13.441114,20.418415,33.084427,42.307465,54.22521,1.6457029581069946,17.361652,2.218303,18.239563,0.29007846,0.32853493,0.8037357,0.8750987,0.8037357,42.80236,51.71275,0.82769454
226parsg,19.588053,32.140114,49.403374,59.599613,65.4269,74.792,84.71093,16.325035,21.560614,10.524517,0.48813626,60.282066,17.267876,24.442596,38.75323,46.5599,55.641376,1.6563297510147095,21.560614,2.924495,31.425367,23.840551,10.233736,0.4292575,57.326572,20.329527,30.220137,40.121773,44.89227,51.481247,1.069947361946106,23.840551,3.0327268,31.42028,24.06499,11.017009,0.45780236,66.15026,19.027563,27.367626,40.40589,49.928608,60.740574,1.7849756479263306,24.06499,2.687467,19.13475,33.454983,20.0395,0.59899896,84.71093,26.614794,48.92855,65.18944,71.855804,80.417,0.7411330342292786,33.454983,6.8872576,67.29239,0.050217606,0.16324753,0.89593285,0.71261585,0.71261585,45.401165,57.519974,0.7893113
70s1f537,15.664174,25.571726,41.38789,50.368927,54.656097,61.86789,68.19323,13.097352,25.00484,12.65514,0.50610757,64.019684,20.31848,33.543884,44.38568,50.70813,58.674744,0.9691499471664429,25.00484,3.686422,28.757969,14.199483,3.8125033,0.26849592,32.297806,13.222167,15.247192,19.03419,22.089209,28.870333,2.004549741744995,14.199483,0.9130603,9.755219,29.796469,15.869618,0.53260064,68.19323,24.813683,41.695168,54.384922,60.487835,66.27914,0.7156080603599548,29.796469,4.2649364,36.43474,15.021158,6.804642,0.45300382,45.044052,12.715591,17.222359,24.403526,29.94906,40.11089,1.7885096073150635,15.021158,1.5972782,15.00456,0.2756165,0.32967633,0.83918804,0.9452988,0.83918804,39.204323,44.817627,0.8747523
ye0qzsa7,15.300899,23.173504,47.031105,63.741272,73.49601,87.59035,104.06009,10.119802,38.3613,24.161575,0.6298424,104.06009,32.385307,56.32382,75.20255,85.07916,97.08456,0.706985354423523,38.3613,8.455033,75.29166,17.422737,10.917797,0.62664074,59.608715,13.167694,20.128231,34.89408,42.171776,54.9456,1.6857315301895142,17.422737,2.9168122,28.659767,18.363512,6.8755903,0.37441587,51.857426,16.023493,18.620747,27.209452,33.952976,46.565205,2.4134650230407715,18.363512,1.6459711,11.951073,14.074968,3.2228217,0.22897542,37.63307,13.689646,15.29198,16.962067,18.494642,27.826433,2.638577699661255,14.074968,0.8169198,6.049347,0.37535045,0.13220544,2.088996,1.2378527,1.2378527,55.78404,32.43848,1.7196872
yvdqbsxl,7.6124287,10.467782,16.524965,19.91325,21.685005,24.338776,27.808506,4.155046,9.41108,4.055411,0.43091872,24.199167,7.865678,10.065582,15.926889,19.24803,22.630812,1.7385265827178955,9.41108,1.192382,16.512205,9.918743,4.8976827,0.49378058,23.759668,8.584782,13.439035,17.417437,19.388254,22.12689,0.7870920300483704,9.918743,1.6588677,16.392105,9.157422,4.173133,0.45571044,27.095825,7.7964544,9.457075,14.34812,19.888676,25.102549,2.3432884216308594,9.157422,1.283114,20.325878,8.661874,5.3106456,0.61310583,27.808506,6.577472,9.956833,17.00301,20.939892,25.950665,1.6424435377120972,8.661874,1.7735554,21.343225,0.026263189,0.027809642,1.0276997,1.1451036,1.0276997,19.329823,17.819296,1.0847691
ul6lgjlp,13.766115,21.261219,31.08631,38.192898,43.096096,51.31937,58.284035,11.134249,17.094711,8.24768,0.48246968,52.98116,14.619057,21.109097,28.865255,33.830585,44.01646,1.3901898860931396,17.094711,2.2841604,9.881744,22.795511,10.678765,0.46845913,58.284035,19.884739,28.384817,38.909348,44.873394,54.118855,1.1511940956115723,22.795511,3.218459,13.217797,13.873453,7.543777,0.54375625,51.768948,11.585379,15.682558,23.510841,30.29578,42.96201,2.093355894088745,13.873453,1.5629755,9.523893,16.12594,10.718762,0.6646907,58.232315,11.934114,20.269499,31.740643,40.650238,52.709213,1.6643099784851074,16.12594,2.0351746,18.887516,0.14291222,0.075084426,1.2321886,1.4135927,1.2321886,39.89022,29.999393,1.329701
efjawshm,22.197355,25.577785,36.958458,49.36782,58.189194,72.08043,85.19444,6.036482,23.686796,7.224489,0.3050007,63.65999,22.5641,25.232946,31.49735,38.97825,52.78913,2.1504507064819336,23.686796,2.016423,36.690445,20.144579,8.763241,0.43501732,69.89458,17.904268,22.919785,27.60815,36.967667,58.543243,2.555643081665039,20.144579,2.5153084,44.05581,25.015602,9.05403,0.36193535,67.820145,21.7221,25.45733,37.572224,47.157337,61.471535,2.3786230087280273,25.015602,1.9791256,26.578922,29.0293,14.339936,0.49398145,85.19444,23.597382,27.988508,50.65336,65.90313,79.940956,2.1796469688415527,29.0293,4.065632,63.703438,0.08081465,0.074265994,0.94688094,0.6939395,0.6939395,43.831375,54.044903,0.81101775
lfzkicwm,13.500753,20.880377,30.6864,37.753498,41.530373,48.277782,56.119343,10.713608,23.2292,9.846888,0.42390126,55.43837,21.270752,29.10631,37.950405,42.55676,50.749184,0.8821783661842346,23.2292,3.2526298,11.3661585,14.529141,6.978458,0.48030767,48.211864,12.659015,16.89955,23.558254,28.973877,41.20231,1.811651587486267,14.529141,1.8803018,11.345083,16.754465,9.421601,0.56233376,56.119343,13.186514,19.33179,29.995237,38.929096,50.408443,1.8492141962051392,16.754465,2.2451208,10.704498,12.420217,7.1249337,0.57365614,50.83374,10.026574,13.364922,20.962927,27.720356,40.72872,2.429642677307129,12.420217,1.7646754,9.978437,0.23041421,0.14856198,1.3864484,1.1697978,1.1697978,37.758343,29.174683,1.294216
peqydbpg,7.7754145,13.70994,21.442219,26.953663,29.654501,33.580925,36.833466,8.756844,13.234154,6.367923,0.4811734,34.216873,11.7841625,17.011818,22.248062,25.75692,30.964499,0.8572603464126587,13.234154,1.3848034,5.26453,4.71298,1.6693032,0.35419273,9.922786,4.453674,5.7918925,7.077101,7.7883477,8.904794,0.5945001840591431,4.71298,0.5603605,5.5439563,16.167276,8.966767,0.5546245,36.833466,14.521817,23.496738,29.822004,32.783386,35.660866,0.5085315108299255,16.167276,2.5155954,10.971003,6.4775543,3.442636,0.53147155,19.814632,5.785841,8.371742,10.86017,13.2469635,17.490604,1.0862164497375488,6.4775543,1.1148889,6.8633137,0.474793,0.42789996,0.8185766,0.7275863,0.7275863,17.947134,22.64483,0.79254884
vv4zwl3z,8.848721,16.473354,29.019474,36.15164,40.69515,46.885117,53.64528,9.258351,11.20688,6.6536255,0.593709,35.051334,8.554228,12.4402,22.301338,27.10671,32.594105,1.6611952781677246,11.20688,1.6966552,21.770395,10.361752,4.835447,0.46666306,30.898144,8.964895,12.040841,17.56998,21.167273,26.325344,1.570351004600525,10.361752,1.4665824,17.929455,13.634117,9.908476,0.7267413,47.831245,8.46052,15.99792,30.991098,36.91405,43.207237,1.6210899353027344,13.634117,2.4544706,30.927328,17.51522,12.7594595,0.7284784,53.64528,12.104788,25.668655,38.2422,43.877357,50.44153,0.9850142598152161,17.51522,4.0681286,36.92655,0.039183207,0.12459666,0.82197326,0.5915856,0.5915856,21.56863,31.149338,0.6924266
yt91qe37,12.8164215,19.41682,27.87989,33.3492,37.164406,42.8861,49.18264,9.816288,15.033953,6.079909,0.40441185,35.191257,13.3244,18.238457,24.679464,27.603466,32.264084,1.068947434425354,15.033953,1.6759983,10.919492,10.443767,3.2461627,0.310823,25.739569,9.460832,11.547386,14.664725,16.737818,21.256615,1.6905064582824707,10.443767,0.91693074,7.552451,19.378841,10.350441,0.5341104,49.18264,16.805103,26.233925,35.139416,39.61423,45.793514,0.7758334279060364,19.378841,3.1345296,13.224159,16.643656,8.615143,0.51762325,48.609734,13.988726,20.616608,29.407007,35.287724,43.43724,1.3232051134109497,16.643656,2.5619717,9.772491,0.18016472,0.075929925,0.7757921,0.62749237,0.62749237,25.477718,36.0225,0.70727235
qqyzqii4,11.21218,23.724697,36.992203,43.147255,45.68648,49.540546,56.240807,17.608189,24.261692,11.942811,0.49224973,49.973816,22.203558,33.8363,42.27685,45.202168,48.267036,0.36939412355422974,24.261692,3.3240678,27.934387,8.792437,5.9120092,0.67239714,38.057045,6.431849,9.744713,16.374405,21.310043,32.095394,2.282059669494629,8.792437,1.5441861,22.970802,21.182398,13.525543,0.6385275,56.240807,17.208364,30.857433,43.07011,48.226406,53.369457,0.7839593291282654,21.182398,3.5390248,24.637955,9.646776,8.866466,0.9191118,49.081127,5.9213057,10.474913,22.755383,30.860838,42.8211,2.1193366050720215,9.646776,1.9398155,23.543903,0.46799764,0.37417874,1.1453705,0.9114378,0.9114378,33.05413,30.829174,1.0721705
w6ozx25q,10.686613,14.091325,18.476246,22.826038,25.86024,30.563923,36.569283,5.62589,10.375841,2.7977169,0.26963758,17.63171,9.901666,12.3701515,14.675204,15.870533,17.014254,0.6204203963279724,10.375841,0.90588075,7.397148,10.478332,2.7631288,0.2636993,19.082514,9.972853,11.893361,14.262549,15.908869,18.654335,0.8274140954017639,10.478332,0.9070129,7.311327,12.552176,4.564558,0.36364675,28.793695,12.064322,14.994524,18.926222,21.49267,26.322596,0.8400301933288574,12.552176,1.3366269,4.4072723,14.028306,7.231878,0.5155204,36.569283,12.304701,17.909983,24.777617,29.30508,34.051426,0.9325909614562988,14.028306,2.3999584,12.145561,0.0049146246,0.05553434,0.8266169,0.74694204,0.74694204,20.854172,26.580482,0.7845671
brmqg1ve,9.526145,13.636,19.13257,23.14917,25.15277,27.551575,31.426344,5.5605383,10.161344,2.680504,0.26379424,19.87472,9.249758,10.698017,14.575081,16.276852,18.545937,1.5390290021896362,10.161344,0.69929355,9.051778,8.816976,2.7362368,0.31033733,19.014633,8.146725,9.469601,12.952618,15.145857,17.39508,1.3779631853103638,8.816976,0.765379,9.498259,14.605672,5.736811,0.39277968,28.614145,13.243972,18.615452,23.552917,25.49963,27.486261,0.6094812750816345,14.605672,1.7666211,19.9512,11.904566,5.94546,0.49942684,31.426344,9.657821,14.369366,21.158922,25.411493,29.796944,1.3540736436843872,11.904566,1.7144053,24.992973,0.07083704,0.10188916,0.69571215,0.74063814,0.69571215,18.97832,26.510239,0.7158864
d32lx2to,21.163073,33.434807,52.35121,61.837772,67.23784,75.53377,84.48491,16.920542,29.92354,15.037565,0.50253296,73.89327,24.281086,38.9654,55.226555,61.31909,68.699814,0.9900023937225342,29.92354,4.413263,40.03332,17.068697,5.238036,0.30687967,45.300304,15.628305,18.532429,23.306423,28.519953,36.74949,2.2327516078948975,17.068697,1.2437841,7.5363436,37.69467,19.072529,0.5059741,84.48491,31.476944,52.123363,67.97599,74.475815,81.05303,0.6846616268157959,37.69467,5.9228,42.67081,23.232069,10.526413,0.4530984,66.26827,19.165104,27.311657,38.024605,46.81113,59.64221,1.57047700881958,23.232069,2.6781623,13.666975,0.27355248,0.23737693,0.79384005,0.73470414,0.73470414,46.992237,60.926743,0.77129084
owt9nm3v,10.645042,17.850163,27.888529,33.477646,37.22054,42.680016,49.840836,9.755404,10.138486,2.6016092,0.25660726,19.171629,9.759448,11.335319,13.775152,15.372938,17.880514,0.8213812112808228,10.138486,0.5897537,4.212859,7.382147,2.3801723,0.32242277,14.716206,6.9484596,9.247521,10.608658,11.333424,13.158868,0.48659801483154297,7.382147,0.8461442,5.97987,20.643776,8.348402,0.40440285,46.296608,19.517256,26.402664,32.54616,35.76982,42.27041,0.5479810237884521,20.643776,2.5039775,24.53408,16.408514,10.882584,0.66322786,49.840836,13.132936,22.55164,33.523968,39.224644,46.704372,1.0190093517303467,16.408514,3.0253325,32.44364,0.1573196,0.11430499,0.49111587,0.44989735,0.44989735,17.520634,37.05229,0.47286233
2p2tixc7,13.769679,26.313091,43.369682,54.63474,61.65366,71.756966,83.133125,16.91288,21.848955,10.568895,0.48372543,54.913967,19.772732,27.97457,37.85881,43.72175,50.736126,0.87975013256073,21.848955,2.8088992,23.895205,10.013284,3.5288823,0.3524201,23.839188,8.973771,11.473461,15.38357,17.242682,20.988617,1.3508989810943604,10.013284,1.0496206,8.876302,34.62618,20.023008,0.57826215,83.133125,30.881811,50.865852,64.45251,70.8212,78.72196,0.5180216431617737,34.62618,6.472845,59.54472,13.717163,9.882765,0.7204671,57.549877,10.010134,15.436097,28.094265,36.85856,51.457382,2.0459463596343994,13.717163,2.2116501,36.759415,0.3714639,0.43251076,0.6309953,0.72998214,0.6309953,31.86224,48.34334,0.6590823
urvqt3g8,5.8879023,8.818443,13.115621,16.951511,19.428934,23.401476,29.228546,4.2488317,10.193957,4.476507,0.4391334,29.228546,8.911066,11.729696,16.46254,19.526417,25.80402,1.5224210023880005,10.193957,1.5055022,19.588707,5.3270097,1.3420058,0.2519248,10.418708,5.057665,5.8994308,7.1349497,8.155137,9.868763,1.1962251663208008,5.3270097,0.4975404,5.54151,8.324211,5.684763,0.68291914,28.157673,5.817615,11.683551,16.991123,20.273365,24.384983,1.2439329624176025,8.324211,1.6736176,23.004358,5.303019,2.3154488,0.4366284,16.858755,4.918685,6.172373,8.067881,10.004298,13.864818,1.556977391242981,5.303019,0.76942754,10.446695,0.31357244,0.22170259,1.2246155,1.004524,1.004524,15.5209675,13.62723,1.1389672
cd31nrxd,3.0918787,4.185313,6.511724,9.632823,12.398351,17.86588,24.699425,1.8134639,4.061106,2.5293105,0.62281317,17.259111,3.55997,5.161657,6.807607,8.90471,13.724184,1.6294326782226562,4.061106,0.9483947,14.967723,3.048224,1.0940638,0.35891843,8.893986,2.9846942,3.604925,3.9632215,5.010275,6.7137647,1.3170931339263916,3.048224,0.4950562,5.7890697,5.0607595,4.1061134,0.8113631,24.699425,3.7054682,4.9991064,9.724423,15.418326,21.955841,2.7220795154571533,5.0607595,1.2986835,21.051146,3.3759654,2.737104,0.81076187,21.002176,2.5395513,3.127202,5.8345485,9.635624,15.985297,3.354841947555542,3.3759654,0.8130521,18.030867,0.14247225,0.19969766,0.80246973,0.90291923,0.80246973,7.10933,8.436725,0.8426647
356wafft,17.372448,25.799217,37.43712,44.599007,48.42169,53.680977,58.501373,12.554303,18.991219,8.195193,0.4315254,53.29249,15.959841,21.535782,30.58097,37.616497,47.678585,1.7304219007492065,18.991219,2.3430936,9.937479,17.714666,7.1157894,0.40168917,48.769096,15.136182,20.459608,27.919249,32.982098,42.309666,1.6478968858718872,17.714666,1.7857105,13.673942,20.781712,11.304594,0.5439684,58.501373,17.171934,25.487934,38.528427,46.114925,55.131027,1.3314090967178345,20.781712,3.019674,11.413116,25.384182,12.50538,0.49264458,58.106777,23.644917,33.58861,44.250076,49.468082,55.493187,0.610968291759491,25.384182,4.112842,16.637325,0.03477786,0.09969417,0.91384286,0.6978624,0.6978624,36.705887,46.165894,0.7950867
ouhylu6k,12.107125,21.12515,32.747826,39.159157,43.381176,52.406296,63.96497,13.980932,21.308897,9.952322,0.46705008,49.279507,19.974709,28.730679,35.62543,38.765038,44.457764,0.4098144471645355,21.308897,2.9234123,10.568552,9.576389,5.0993257,0.53248936,29.87699,9.370412,13.035604,15.640902,18.18374,24.451101,0.7170255184173584,9.576389,1.9080733,10.615626,21.448738,14.963884,0.697658,63.96497,16.635273,31.334679,44.345753,51.94155,59.415302,0.8517135381698608,21.448738,4.2350125,14.345296,9.640508,6.639519,0.6887105,38.794827,8.094225,12.040622,17.932943,23.621132,33.610447,1.600778579711914,9.640508,1.846869,8.507641,0.3798737,0.37981722,0.9934802,0.9933491,0.9933491,30.885286,31.089245,0.99343956
7p9mda9o,10.79755,16.091166,30.099731,40.196968,46.57725,56.17207,65.0043,7.794853,13.123947,6.172015,0.4702865,37.62414,11.138844,14.364028,22.782743,27.440344,33.507545,1.6586769819259644,13.123947,1.7096852,21.093903,8.173492,2.8107219,0.34388262,20.472261,7.461765,9.0914135,11.979042,14.005173,18.154179,1.6391329765319824,8.173492,0.82821715,11.891689,22.396736,14.191265,0.63363093,65.0043,14.9488125,31.115845,45.4634,52.685917,61.436214,1.1153978109359741,22.396736,4.32669,51.02316,14.144329,10.786781,0.76262236,62.186516,9.894939,15.80669,29.372204,39.68917,54.201904,2.049333095550537,14.144329,2.7845147,49.67583,0.23244366,0.22583926,0.5859759,0.5778636,0.5778636,21.29744,36.541065,0.58283573
ekntbz3m,13.836557,18.13444,23.939264,27.447155,29.920639,33.00167,36.122215,6.5413275,13.919163,3.4837794,0.25028658,26.936398,13.005062,15.428941,18.840286,21.379585,24.546663,1.1340019702911377,13.919163,0.93834484,7.2941446,14.194078,5.2156687,0.36745384,28.304525,13.324567,17.940983,21.88677,23.965448,27.234917,0.5899741649627686,14.194078,1.5404044,10.790358,13.589826,3.7985477,0.2795141,27.679197,13.002588,15.3137865,18.55915,21.593462,25.526903,1.117691159248352,13.589826,1.1177789,6.5208483,19.171383,6.8495393,0.35727936,36.122215,17.55323,24.083529,29.87013,31.595808,34.540005,0.5746675133705139,19.171383,2.2717023,17.813515,0.009778868,0.17037092,1.024234,0.74037844,0.74037844,28.113241,32.761208,0.8581259
55izolnn,14.069759,19.52041,26.058945,29.936954,32.19004,35.679497,38.87984,7.817378,13.792121,3.3098223,0.23997921,25.177914,13.223839,15.730874,18.391897,20.309914,23.225897,0.8444305062294006,13.792121,1.208032,4.5822687,12.009894,2.037566,0.16965728,19.337015,11.855155,13.396419,14.610645,15.471023,17.27904,0.4775128662586212,12.009894,0.843299,5.187169,19.124187,6.526559,0.34127247,36.739628,17.994884,23.91217,28.598625,30.576595,34.635445,0.45340555906295776,19.124187,2.0774682,8.556799,18.902155,7.539009,0.39884388,38.87984,17.113804,23.801243,30.39629,34.09515,37.88349,0.7354287505149841,18.902155,1.7270782,13.099724,0.069073156,0.005838914,0.7211873,0.6353717,0.6353717,25.802015,38.026344,0.67853
txrgn74f,11.1577635,14.518299,18.68653,22.239542,24.194952,27.777004,32.093468,5.8468866,10.077762,2.7493541,0.27281398,17.081522,9.37655,11.885289,14.41058,15.776047,16.732262,0.8084861636161804,10.077762,0.75706804,4.966529,8.837074,1.7735614,0.20069553,14.885313,8.496021,9.76097,11.334236,12.324366,14.188786,0.9484642148017883,8.837074,0.5284073,3.6037621,12.969308,2.976198,0.22948009,22.4528,12.246959,15.017094,17.116455,18.599947,20.897545,0.6602914333343506,12.969308,0.843024,7.075115,15.735578,5.808469,0.3691297,32.093468,14.942661,19.700836,24.187132,26.91395,30.377865,0.5969685912132263,15.735578,1.640795,13.741341,0.06559334,0.0963693,0.777047,0.56159836,0.56159836,18.914837,28.704885,0.6589414
9yecazrp,16.270466,27.618229,41.566307,49.70174,53.92985,60.192966,66.301994,15.243995,17.173042,6.5489836,0.38135254,43.70682,15.037042,19.65527,26.898643,31.711487,38.01347,1.4803839921951294,17.173042,1.8051238,11.206799,13.161906,3.2682335,0.24831004,26.92088,12.829895,14.922956,17.285526,19.33951,23.494831,0.9772727489471436,13.161906,1.2062676,5.729167,29.3496,15.008537,0.5113711,64.27717,28.050323,41.110092,51.183556,55.750298,61.448242,0.3991495370864868,29.3496,4.789729,24.24044,24.751568,13.908742,0.56193376,66.301994,21.21286,33.31529,45.827446,52.91896,62.66961,0.921505868434906,24.751568,3.6667542,24.75724,0.13222821,0.08498952,0.58512014,0.5317605,0.5317605,30.33495,54.101166,0.56070787
9dxoq2vp,6.522071,8.388777,11.78066,13.718323,15.186971,18.128117,21.321877,3.0593324,5.93426,1.4462227,0.24370733,10.517543,5.767811,6.748952,8.045881,8.712602,9.76725,0.6485283374786377,5.93426,0.3400998,3.0263386,5.7535906,1.2968365,0.22539604,8.850057,5.6310053,6.71248,7.6584673,8.087237,8.6483555,0.3595646917819977,5.7535906,0.48019826,4.5703893,9.979737,3.3519053,0.3358711,20.667967,9.734905,12.231569,14.389005,16.015394,19.060373,0.6121326684951782,9.979737,1.0195062,10.097268,7.672364,3.1360197,0.40874228,21.321877,6.993293,8.550322,11.619438,14.394654,19.041428,1.711133360862732,7.672364,0.96488947,12.808918,0.015457872,0.13071379,0.5946309,0.749911,0.5946309,11.687851,17.652102,0.66212237
gstqmgvu,8.8871975,10.796274,13.208304,14.827664,15.850597,17.520777,18.912458,3.3115196,7.9388037,1.342796,0.16914336,11.199193,8.034155,8.879576,9.719089,10.216385,10.506064,-0.0711391419172287,7.9388037,0.51598066,4.2017064,8.742257,2.0376084,0.23307578,17.310322,8.478037,9.556477,11.305996,12.849606,15.765219,1.3214656114578247,8.742257,0.79378706,11.068851,9.322043,2.4216435,0.25977603,14.636403,9.749138,11.108576,12.156532,12.776657,13.901804,-0.41089391708374023,9.322043,0.7468246,5.9131646,11.119831,3.2806776,0.29502943,18.912458,10.974271,13.612449,15.650294,16.96476,18.264423,0.2527512311935425,11.119831,1.2307304,12.0501585,0.04816561,0.08794632,0.85161626,0.78618616,0.78618616,16.68106,20.441875,0.816024
4isotn9u,7.6982756,12.798049,18.518063,21.981308,24.259516,27.262638,31.62155,7.7373476,13.211893,5.5451493,0.4197089,28.406439,12.549791,17.112299,21.00832,23.340082,26.458147,0.4423328936100006,13.211893,1.6813965,7.798829,6.985696,3.399034,0.48657057,21.463472,6.588335,8.234568,11.282862,13.71297,17.652197,1.2930128574371338,6.985696,1.0743773,5.1334834,11.0883,6.9863005,0.63006055,31.62155,9.039516,14.619911,22.167175,26.223534,29.926657,1.034292459487915,11.0883,1.7978644,5.828894,6.7821536,4.395843,0.64814854,26.8092,5.448004,7.820718,12.584476,16.542358,23.402517,1.9299899339675903,6.7821536,1.0768322,4.314249,0.30826437,0.24096458,1.1915166,1.0300114,1.0300114,20.19759,17.870453,1.1302226
zeryf099,16.795477,25.5795,36.5858,41.339832,43.371548,46.457474,50.511894,12.564049,20.441816,9.399201,0.45980266,49.606403,16.472301,25.70935,35.40189,40.451656,46.841213,1.17894446849823,20.441816,2.7606428,23.965729,14.316041,4.35031,0.3038766,30.530756,13.602512,16.274052,19.938612,23.522669,28.040102,1.0108375549316406,14.316041,1.2524645,14.084976,26.272474,9.80331,0.37313998,47.237152,24.439663,34.996532,40.810963,43.143127,45.127743,0.33981627225875854,26.272474,3.0682046,23.826958,19.204086,10.07717,0.52474093,50.511894,16.144268,23.386719,35.38789,41.634514,47.666607,1.202952265739441,19.204086,2.497053,28.130278,0.17624144,0.15542924,0.77806973,0.7454685,0.7454685,34.75786,45.476562,0.7643027
2qc6dr08,16.845497,18.923592,22.679075,25.490738,27.18899,29.573612,31.555014,4.5519867,17.910204,2.0965662,0.11705987,25.466228,17.80367,18.852676,20.761889,22.141586,23.932064,0.7316757440567017,17.910204,0.8130276,7.2348595,15.793565,2.2818124,0.14447735,22.245668,15.585817,17.259148,19.014921,19.959732,21.217329,0.29630082845687866,15.793565,0.827881,6.3347034,20.465216,4.399352,0.2149673,31.555014,19.082296,23.422592,27.473673,29.143028,30.700783,0.7253779172897339,20.465216,1.5483716,16.02121,13.926834,4.759585,0.3417564,29.208158,13.378651,15.986314,21.094624,24.062296,27.476635,0.9349523782730103,13.926834,1.5187535,13.258399,0.06280126,0.19011316,0.8751534,1.1340384,0.8751534,33.70377,34.39205,0.9799872
cw2lbm2q,14.571226,19.224981,26.163057,31.032784,34.281693,39.084248,43.725597,7.660042,15.295102,4.096011,0.26779887,29.352346,14.590367,17.676907,20.959501,23.236029,27.249352,0.7487422823905945,15.295102,1.2639064,6.430359,12.53836,3.0820959,0.24581333,23.509045,11.93811,14.2205715,16.88373,18.658714,21.656115,0.9226488471031189,12.53836,0.96298414,5.559393,22.54379,8.611016,0.38196844,43.725597,21.242079,28.537586,34.81008,38.22932,42.077133,0.38023611903190613,22.54379,2.7115371,12.832211,15.062118,5.7064095,0.3788584,38.23144,13.6519785,17.931396,23.044123,26.917528,33.173794,1.277496337890625,15.062118,1.5814077,10.053755,0.09904418,0.19894941,0.67846185,0.83244336,0.67846185,27.833462,37.605907,0.7401354
sq0p82kb,14.777868,17.762154,23.157753,28.923544,32.766743,40.211056,53.649338,5.291706,16.936445,2.9118629,0.17192881,31.859852,16.135216,18.043158,20.157515,22.745491,27.751684,1.934260606765747,16.936445,1.1896428,17.76547,13.172193,1.8816289,0.14284857,23.821339,12.952937,13.9842205,15.185882,16.496208,19.622606,1.4765502214431763,13.172193,0.6051841,8.090161,21.255177,8.420478,0.3961613,53.649338,18.924662,24.673912,34.0781,39.627453,47.23832,1.299371600151062,21.255177,2.854522,41.034443,13.550608,4.785519,0.353159,37.971725,12.005711,14.623104,18.804367,24.712559,32.514595,2.295546293258667,13.550608,1.400221,23.28769,0.12502235,0.22135885,0.7968151,0.9720739,0.7968151,30.108639,34.805786,0.8650469
700ucrgb,18.784546,27.219465,45.051353,58.127377,66.59318,76.42072,86.34995,12.450434,40.43099,17.916388,0.44313505,86.34995,36.903557,53.113155,67.22251,74.47946,82.513336,0.5648248791694641,40.43099,6.3043,40.324047,18.29753,7.4845734,0.40904832,42.60191,16.809168,22.743336,28.62084,32.793316,40.351006,0.9047670960426331,18.29753,2.640947,17.264168,21.416935,6.5381656,0.30528018,49.007187,19.814405,23.519272,30.081654,35.475803,43.949425,1.4998284578323364,21.416935,1.4960738,12.964157,14.899709,3.3573046,0.22532687,31.584919,14.677448,17.13645,18.505972,20.351759,25.119253,0.8609510660171509,14.899709,1.2052449,13.417389,0.37687755,0.17945564,1.8878046,1.2280461,1.2280461,58.728516,36.316643,1.6171241
93wkcs4k,12.035448,21.35086,30.883451,37.557762,41.785007,49.367126,57.446827,12.035594,20.101542,8.651388,0.4303843,50.04826,18.141932,26.00286,32.29955,37.138214,44.9801,0.8746790289878845,20.101542,2.2265513,14.771696,26.713116,11.9062805,0.44570917,57.446827,25.100922,34.818886,44.420494,49.717163,54.73626,0.5289275646209717,26.713116,4.7145934,16.115665,9.67804,3.542415,0.36602607,29.385023,9.806693,11.436918,12.640588,15.366886,22.563406,1.388170599937439,9.67804,0.9907361,8.069136,11.338776,6.3265166,0.55795413,42.122562,9.734104,12.069031,19.660194,25.554585,34.97335,2.053593873977661,11.338776,1.785365,12.97437,0.14122872,0.0790194,2.0770261,2.3559084,2.0770261,46.81466,21.016815,2.227486
ek4aegvf,19.08313,22.94178,34.154415,44.43058,51.728104,64.387764,80.25544,7.1416245,20.738121,7.8069477,0.37645397,59.239357,17.920925,22.495882,30.775702,37.80934,50.36949,2.0585577487945557,20.738121,2.3209276,40.99397,16.103716,2.5155966,0.15621218,26.707659,15.552424,17.328691,19.385223,20.960085,24.253603,1.0458228588104248,16.103716,0.76276803,8.681288,29.366991,13.768962,0.46885845,80.25544,22.459442,33.932327,51.495533,61.675,74.87732,1.6623475551605225,29.366991,4.375906,63.023724,20.852388,8.525337,0.40884224,66.33185,19.23666,22.34592,30.768824,38.90645,56.21088,2.239699602127075,20.852388,2.1293435,43.462822,0.12579192,0.16954814,0.7061711,0.772272,0.7061711,36.841835,50.21938,0.7336179
q3jzr25m,6.9934893,9.246388,13.533766,16.288883,18.097155,20.944378,23.884052,4.2030144,7.5948772,2.102564,0.27683976,17.54555,7.4281516,8.586573,9.7338,11.577998,14.832943,1.3128516674041748,7.5948772,0.71671283,7.5537014,7.9263587,4.368788,0.5511721,20.959558,6.6527534,10.446985,15.165587,16.682505,19.712152,0.9642983675003052,7.9263587,1.4697685,12.276423,7.428385,2.841678,0.38254318,19.30964,6.6994514,8.872311,10.995229,12.58153,17.515873,1.3058593273162842,7.428385,0.88648623,7.2794027,8.439384,5.298045,0.62777627,23.884052,6.436072,11.4461975,17.063911,19.874052,22.729288,1.0697615146636963,8.439384,1.6716168,14.084005,0.02135664,0.06371404,1.022413,0.93921053,0.93921053,15.521236,15.867769,0.9781612
df7fr91i,10.826027,16.897354,24.147997,29.466467,32.961132,38.444756,45.2944,9.371185,14.355384,7.0369654,0.49019694,40.122013,12.995489,18.308495,24.715752,28.222532,33.86531,0.9614258408546448,14.355384,2.0153444,10.590242,15.476992,7.374034,0.47645137,43.421406,13.372796,18.754549,26.30389,30.892166,39.048943,1.3030966520309448,15.476992,2.2092,13.744468,9.9130745,6.114238,0.6167852,40.616425,7.985731,11.1933,17.806543,23.255209,33.214886,2.1853108406066895,9.9130745,1.3022542,7.316742,13.349803,8.881294,0.66527534,45.2944,10.423518,17.287504,26.904125,32.683403,41.80994,1.3668466806411743,13.349803,2.221135,11.849844,0.037597,0.14773445,1.4481263,1.1593423,1.1593423,29.832375,23.262878,1.2824025
pwh0mx1e,15.17018,22.892044,37.846416,47.04909,50.95785,57.953884,63.276756,11.172754,14.605897,5.374413,0.36796185,37.60049,13.052256,16.743168,22.008528,25.965193,33.53797,1.5880333185195923,14.605897,1.0173395,6.959259,11.740466,3.1370428,0.26719916,25.465616,11.313023,13.664973,15.300121,17.348534,21.49257,1.051775336265564,11.740466,0.59124184,8.073484,27.905708,14.3310995,0.5135544,63.276756,24.128355,38.63704,49.505512,55.032566,60.940987,0.6410399675369263,27.905708,4.708465,26.833284,22.06584,11.675255,0.5291099,61.574802,17.623142,27.319313,40.90697,48.03307,57.12872,1.3040357828140259,22.06584,3.0585873,32.881493,0.108760014,0.11686387,0.52340174,0.5320652,0.52340174,26.346363,49.97155,0.5272273
gok01tnz,10.37695,13.58745,19.13553,22.69889,24.69838,28.20962,31.563913,4.767268,9.764988,1.9796385,0.2027282,17.547318,9.683375,10.917049,12.1448765,13.084877,15.416193,0.49261948466300964,9.764988,0.67600363,4.8418655,10.320999,2.1330252,0.20666848,17.479467,10.13583,11.5133915,13.06097,14.381082,16.640121,0.6162229180335999,10.320999,0.70959103,3.901054,13.105866,5.6980085,0.43476778,31.049166,10.971834,16.890493,21.626133,24.54144,28.78351,1.0049062967300415,13.105866,1.6455166,12.565155,14.102862,5.8183217,0.41256317,31.563913,12.676708,18.036985,22.772635,25.395018,29.425959,0.7886298298835754,14.102862,1.7330542,13.388145,0.027681546,0.036642503,0.74508524,0.7318372,0.7318372,20.085987,27.208729,0.7382185
rf5a7qy8,10.463205,16.993599,25.350042,29.409233,32.51148,36.874012,41.87885,9.479382,14.299448,5.5894303,0.39088434,29.121695,13.54862,17.387737,22.761847,25.579361,28.543165,0.6631168127059937,14.299448,1.6785139,14.382784,7.941441,2.3890111,0.30082843,16.170095,7.5508947,8.976315,10.949161,13.039728,15.480399,1.050067663192749,7.941441,0.66100246,5.524555,20.720537,9.061492,0.43731937,41.87885,20.054804,27.941124,33.2773,36.387012,40.194523,0.30875861644744873,20.720537,2.8279989,32.26767,9.485618,5.481031,0.5778254,31.142366,8.00955,10.628579,17.561073,21.788528,28.217995,1.6876764297485352,9.485618,1.3841908,22.120802,0.2858702,0.37194142,0.6901099,0.8372086,0.6901099,22.240889,30.206154,0.7363032
yb7w8p74,13.835956,20.1591,27.284622,30.852325,32.763187,36.937347,41.931705,10.175323,17.80069,6.6857696,0.37559047,33.648445,16.486816,22.682915,28.137196,30.314528,32.232464,0.5002906322479248,17.80069,1.9728835,10.244895,12.318668,5.6496058,0.45862147,30.719526,11.087926,15.503531,20.511353,23.765175,27.915504,0.8994680047035217,12.318668,1.5299534,8.109095,16.004263,7.0165143,0.43841535,39.25715,13.704101,19.37386,27.166933,31.11831,36.499805,1.1934707164764404,16.004263,1.7985607,7.1385574,15.549654,9.082339,0.58408624,41.931705,13.241766,20.972649,29.851933,34.24935,39.871178,0.9068868160247803,15.549654,2.6789346,13.206173,0.1820099,0.014407368,1.1122468,0.79221493,0.79221493,30.119358,31.553917,0.95453626
mjdxo100,12.348564,18.048859,25.14942,29.205898,31.010027,33.543118,36.920776,8.64393,14.903446,6.518043,0.4373514,35.189686,12.9924135,18.94789,24.986092,28.299412,32.55273,0.9547609090805054,14.903446,1.9087559,13.325624,10.377002,2.9620955,0.2854481,23.604553,9.925307,11.271779,14.181368,16.398283,20.592382,1.5564970970153809,10.377002,0.86440253,5.793325,15.106578,7.507463,0.49696648,35.093227,13.706812,19.630909,26.549105,30.330576,33.31373,0.7373809218406677,15.106578,2.2659829,8.722942,16.027441,7.1621294,0.4468667,36.920776,13.983062,20.306486,27.050547,30.927748,34.78822,0.9129137396812439,16.027441,2.028431,8.428387,0.17904921,0.029577395,0.98655343,0.6474522,0.6474522,25.280449,31.134018,0.811988
vhmygty3,17.033384,22.321062,29.278858,35.970085,40.70174,47.715164,56.616444,8.532423,16.788622,4.0315337,0.24013488,27.0057,15.904806,19.845661,22.592896,24.238636,26.21208,0.5335707664489746,16.788622,1.2727443,9.40771,14.377707,3.3924842,0.23595448,24.57222,14.009986,16.627956,19.126175,20.400915,23.108932,0.5373939275741577,14.377707,0.9380707,6.1790133,20.825605,6.500249,0.31212774,45.088734,19.400524,24.92414,29.510149,32.892933,40.257603,0.9048725366592407,20.825605,1.9764448,13.048161,23.121372,10.615335,0.45911357,56.616444,19.853336,29.189873,39.323982,45.2453,52.709564,1.0256448984146118,23.121372,3.2449574,28.656185,0.07735641,0.052239474,0.8061529,0.6218362,0.6218362,31.166328,43.946976,0.7091803
addqhkga,9.678892,13.822381,18.097315,21.319464,23.864481,27.836376,31.936064,6.131495,9.109341,2.7978058,0.30713594,18.80064,8.410419,10.131866,13.293876,15.37309,17.8519,1.2576593160629272,9.109341,0.6545004,5.23605,9.4972515,3.8323784,0.403525,18.322235,9.259163,12.299166,14.9932995,16.187553,17.857368,0.32194292545318604,9.4972515,0.815812,7.301386,9.133712,2.611998,0.28597334,17.723196,8.694568,10.411919,13.054749,14.556783,16.30297,0.9574101567268372,9.133712,0.7304497,4.6979065,15.767118,5.724913,0.36309192,31.936064,15.5191145,19.209373,23.864141,26.762144,30.035816,0.529932975769043,15.767118,1.860906,16.019943,0.020848032,0.266393,0.99733174,0.6023454,0.6023454,18.606592,24.90083,0.7472278
d7x48wze,8.807281,13.322248,21.714977,29.591206,34.978447,43.639088,59.05731,6.71836,7.342065,1.63664,0.22291276,10.964879,7.453538,8.570949,9.428655,9.88239,10.700121,-0.09390737116336823,7.342065,0.5911196,4.0194182,6.2773986,1.5994072,0.25478822,11.322454,5.9442353,7.156797,8.312455,9.410561,11.143426,0.9742721915245056,6.2773986,0.5642072,6.4530296,15.836035,8.993163,0.5678924,55.886456,12.658851,18.396568,29.040491,35.77423,47.367317,1.7785106897354126,15.836035,2.0082335,27.71867,15.358452,9.617453,0.62619936,59.05731,12.756375,18.757614,28.483007,35.816757,50.17547,1.6786962747573853,15.358452,2.3708065,43.52502,0.078172415,0.015309851,0.46363026,0.408726,0.408726,13.619463,31.194487,0.4365984
4ex6u86z,11.683878,15.79275,24.118757,31.247887,36.153122,43.47068,51.14601,6.7383413,11.171213,2.687879,0.24060763,19.007448,11.137966,12.804667,14.789082,15.922006,17.53265,0.24778495728969574,11.171213,0.8458336,9.85952,9.217445,2.0227778,0.21945103,13.899109,8.618129,10.660055,12.5826,13.06336,13.52527,0.6475783586502075,9.217445,0.693565,6.6110606,20.011639,8.13432,0.40647948,47.450817,17.981792,23.93216,32.152187,37.378613,44.342014,1.0955002307891846,20.011639,2.1813607,34.300564,14.697874,9.34027,0.6354844,51.14601,11.441586,17.383566,27.992004,36.22243,46.58802,1.7611544132232666,14.697874,2.522194,42.366016,0.09582621,0.15309246,0.5582358,0.62712777,0.5582358,20.388659,34.70951,0.5874084
jq7w7jp6,5.2427797,7.985392,11.545599,13.55104,14.9257145,17.222887,19.441965,4.522477,8.222494,3.4894776,0.42438188,18.969736,7.6661825,10.693897,13.060061,14.790524,17.288557,0.6054427623748779,8.222494,1.1289419,10.645758,6.65563,3.2664647,0.4907822,19.441965,5.522333,8.102754,11.259302,13.75315,17.44659,1.4270089864730835,6.65563,0.8327783,6.6325474,4.8959284,3.024688,0.6177966,18.32303,3.9652102,6.423979,8.38347,11.055313,15.503339,1.4713561534881592,4.8959284,0.81578296,8.403001,4.9385858,3.4798458,0.70462394,19.433035,4.0602884,6.0041437,9.602052,12.578281,17.204473,1.664038062095642,4.9385858,0.906197,6.195446,0.10531328,0.004337517,1.6794555,1.3476794,1.3476794,14.878124,9.834515,1.5128479
1lfc1nlc,11.663216,20.831257,37.40222,48.474922,54.331932,61.979694,71.301445,12.057209,23.631638,13.450614,0.5691782,65.76389,19.052792,31.136703,45.065834,52.973274,60.409473,1.0801516771316528,23.631638,3.1810408,14.008162,8.819002,3.4563885,0.39192513,25.535065,8.08391,10.3278055,13.358815,15.323247,21.420973,1.5547248125076294,8.819002,1.1034318,7.393169,25.176382,16.45258,0.6534926,71.301445,19.178753,35.47708,51.9167,59.46331,66.85806,0.9778662323951721,25.176382,4.6263328,26.44511,10.612332,4.6303415,0.43631706,34.630367,9.283008,11.584175,15.934614,20.603455,29.49366,2.2585370540618896,10.612332,1.3032702,7.288275,0.4564667,0.40694532,0.9386431,0.8310145,0.8310145,32.450638,35.788715,0.9067282
8jpr7vgr,9.66704,12.893124,23.146812,30.716425,34.3743,38.798904,43.60336,6.1362705,12.198742,4.524519,0.37090045,33.43299,10.743591,12.975283,18.073572,22.451584,29.340971,2.057054281234741,12.198742,1.1530367,23.071743,7.5022955,2.3536196,0.31371993,15.466828,6.9397206,9.066158,11.168902,12.006361,13.462575,0.799109935760498,7.5022955,0.66819835,7.8568826,18.693853,10.608912,0.56750804,43.60336,14.332559,27.646976,35.78681,38.494034,41.974964,0.6931928396224976,18.693853,3.1742153,27.714157,8.663093,5.493754,0.6341562,33.49491,6.794753,9.558575,16.45735,21.018366,29.783957,2.0514190196990967,8.663093,1.4763904,23.633137,0.23838574,0.36666232,0.6525536,0.8660066,0.6525536,19.701038,27.356945,0.7201476
f1hx6zdc,12.764643,15.911547,19.041845,22.136282,24.54546,28.374798,32.88362,5.4596186,12.69084,3.0957382,0.24393485,20.086668,12.357178,15.0893755,17.176838,18.058767,19.215866,0.30347102880477905,12.69084,1.0720868,7.2512035,11.526105,3.7274125,0.32338873,22.216175,11.082479,13.65496,16.772484,18.636051,21.311945,0.5669094920158386,11.526105,1.3199604,7.278313,13.046843,3.5594883,0.27282372,26.528313,12.428069,15.088829,17.60256,19.988564,24.075274,0.9464284181594849,13.046843,1.1907281,6.345434,15.996432,5.440439,0.3401033,32.88362,15.192367,18.664347,24.298977,27.038517,31.01712,0.78413987159729,15.996432,1.8828369,9.350483,0.04809586,0.10155845,0.9727135,0.72054225,0.72054225,24.216946,29.043274,0.83382285
ujq6fx7x,19.067926,22.368814,33.655872,43.458965,50.098896,59.732327,71.66524,5.9167557,19.902008,5.027126,0.2525939,43.46392,18.684444,20.9271,25.662249,31.397566,39.286728,2.1465752124786377,19.902008,1.2711699,24.693853,15.149917,3.0265794,0.19977531,33.186344,14.85924,17.033157,18.439638,19.735943,25.338484,1.3014795780181885,15.149917,0.7125496,16.240795,28.475328,11.982256,0.4207943,71.06847,22.375599,32.891308,48.13326,55.58705,65.00198,1.492557168006897,28.475328,3.5608404,52.40851,22.020344,9.621009,0.43691456,71.66524,19.03628,23.0048,34.196968,42.768368,60.214615,2.3656704425811768,22.020344,2.4422638,54.490555,0.13557291,0.12783243,0.6989211,0.6879964,0.6879964,35.051926,50.495674,0.694157
jz6us7rp,5.073553,7.9716253,14.324434,19.533941,22.582796,27.008125,31.603588,4.3896933,7.269103,4.1579094,0.5719976,23.395296,6.0463905,9.195106,13.132175,16.220018,20.922424,1.3483930826187134,7.269103,1.191389,15.815414,4.5459423,1.53437,0.33752516,10.964154,4.532249,5.166746,6.3889713,7.36241,9.32988,0.7954422831535339,4.5459423,0.5862643,3.6866593,11.253648,8.131813,0.72259355,31.603588,9.115764,17.294262,23.784046,26.588165,29.799953,0.6550277471542358,11.253648,2.305741,22.363605,4.828579,2.3572407,0.48818517,14.509892,4.469286,5.949467,7.725068,9.535035,12.980963,1.288321614265442,4.828579,0.81020397,4.5743885,0.23048246,0.39951366,0.64593303,0.94146585,0.64593303,11.815045,16.082226,0.7346648
422ta83r,15.868483,20.847673,37.325287,50.206364,59.375034,74.65631,90.99725,7.917593,15.833453,4.88151,0.30830353,40.59808,15.764516,17.23352,19.959454,25.296602,34.351635,1.6496741771697998,15.833453,1.5262004,26.050976,12.693701,3.1338043,0.2468787,25.205023,12.164543,14.518721,16.854137,18.94786,21.583923,0.9388403296470642,12.693701,1.0476581,12.244553,30.570679,17.58272,0.5751498,90.99725,24.881754,39.713043,56.55008,66.72263,82.77292,1.1756342649459839,30.570679,5.570863,76.30951,20.433731,13.145816,0.643339,88.368835,16.289688,22.101887,35.873108,50.207783,75.49876,2.410841941833496,20.433731,3.2431242,73.955154,0.11006189,0.19874649,0.5179294,0.6212131,0.5179294,28.527153,51.00441,0.5593076
t8cq1xgb,10.613236,13.643253,15.377966,16.255842,16.780401,17.515461,18.98195,5.7344646,8.890856,3.314919,0.3728459,16.371754,8.161571,11.454678,13.874038,14.990756,16.08085,0.4882667362689972,8.890856,1.2254269,11.434488,12.248051,3.0057237,0.24540426,17.914118,12.507806,14.803373,15.931106,16.707222,17.475306,-0.17763835191726685,12.248051,1.2681589,11.20624,10.487596,3.3609815,0.32047206,18.98195,9.748971,13.104481,15.512999,16.73628,17.918612,0.4569934606552124,10.487596,1.1162411,10.857863,11.693934,3.0073645,0.25717303,18.512562,11.707138,14.225438,15.594351,16.426384,17.559168,-0.05215086415410042,11.693934,1.0945399,8.699575,0.15881592,0.054384835,0.8477497,1.047385,0.8477497,21.138906,22.18153,0.9529959
ngz6wmdw,6.3807106,7.777081,10.27212,11.791904,12.62,14.327034,16.196783,2.277514,5.7179465,0.9340254,0.16334979,8.483103,5.5819464,6.3022747,7.1468587,7.5375276,7.9927783,0.5764961242675781,5.7179465,0.34739026,3.9109478,7.323675,1.622268,0.2215101,11.528071,6.8264556,8.371908,9.903287,10.524271,11.205947,0.7665805220603943,7.323675,0.60432434,5.311637,5.6884794,0.9662824,0.16986656,9.0467,5.651207,6.215329,6.8272314,7.404451,8.786022,0.7064318060874939,5.6884794,0.33133417,3.8627431,8.923966,2.5230036,0.2827222,16.196783,8.320506,10.7343235,12.6139965,13.802054,15.356852,0.7077515125274658,8.923966,0.8870712,9.51055,0.123123385,0.22141995,1.0051801,0.8206749,0.8206749,13.041622,14.612446,0.892501
0fgzvrct,7.6270413,9.296459,13.742722,17.52745,20.007908,23.748997,26.904882,2.8091316,8.221059,2.231584,0.27144727,18.607555,7.7175474,8.978114,10.742864,12.707766,16.414688,1.6503151655197144,8.221059,0.7037006,13.013561,7.6247215,1.9265264,0.25266844,17.097178,7.3398886,8.471762,9.670892,10.939309,14.861845,1.5902721881866455,7.6247215,0.77312785,11.91037,9.980888,5.274202,0.5284301,26.341864,7.7858605,12.554474,18.568678,21.759876,24.818499,1.2427725791931152,9.980888,1.5958518,21.522346,8.938174,4.1737022,0.46695244,26.904882,7.619568,9.221631,15.175154,18.84077,23.971624,2.0198633670806885,8.938174,1.3904735,21.137794,0.037633825,0.055114467,0.82368004,0.85305136,0.82368004,15.84578,18.919064,0.8375563
lt4q9bc2,7.4757156,8.592589,9.518452,10.000017,10.388482,11.090309,13.000181,2.3746166,7.588661,1.5663311,0.20640415,11.217859,7.7877045,8.888727,9.622613,9.900869,10.523949,-0.1124693974852562,7.588661,0.54038393,3.8879137,7.236872,1.3003095,0.1796784,10.234956,7.402412,7.9436374,8.713097,9.342921,9.99076,-0.6376702189445496,7.236872,0.54602206,4.9118958,7.3094687,1.8806782,0.2572934,11.13994,7.3538,8.840788,9.752686,10.41879,10.87483,0.10678061097860336,7.3094687,0.6345043,5.137188,7.447221,1.7498081,0.23496121,13.000181,7.488146,8.527253,9.471083,10.333952,12.011386,0.09039735049009323,7.447221,0.71162313,8.75083,0.02372859,0.009334889,1.038196,0.9717547,0.9717547,14.825533,14.756689,1.0046653
be3yqy5f,8.658346,9.688288,11.981797,14.440715,15.83553,18.284523,22.322824,2.070825,8.345492,1.6648008,0.19948502,13.720155,8.252668,9.393247,10.540501,11.286756,12.415371,0.1956411600112915,8.345492,0.8005815,9.338104,8.875851,1.0960974,0.12349209,14.094968,8.774016,9.526205,10.093133,10.508286,12.391478,0.7566843032836914,8.875851,0.54932547,9.050819,8.74221,2.7462635,0.31413835,18.590126,8.370348,9.786924,12.721632,14.5374155,17.062214,1.026432991027832,8.74221,0.9340673,14.86754,9.984693,3.1921074,0.31970012,22.322824,9.1144705,10.636626,15.2140875,16.995699,19.897024,1.4429785013198853,9.984693,1.184398,15.951952,0.030796569,0.06634745,0.9546204,0.8889458,0.8889458,17.221344,18.726902,0.91960454
u7bfxq7b,10.451368,11.544142,12.394624,12.8845215,13.222047,13.688885,14.7578335,2.6071577,8.589559,2.4506922,0.2853106,13.312316,8.881206,10.71619,11.498373,11.9633875,12.877987,-0.23584085702896118,8.589559,1.0150815,8.972216,10.268588,2.3228595,0.22621022,14.407464,10.476339,12.2214155,13.04465,13.440014,13.942931,-0.5628363490104675,10.268588,0.9790803,9.475243,10.691374,1.6845758,0.15756401,14.7578335,11.075685,11.773093,12.386167,12.727963,13.65771,-1.112500548362732,10.691374,0.6504471,7.8737435,10.59719,1.4160972,0.1336295,14.0244,10.60116,11.592404,12.471769,12.997736,13.656743,-0.05504456162452698,10.59719,0.5892346,5.9226036,0.0890347,0.004424156,0.8034102,0.9689916,0.8034102,18.858147,21.288563,0.88583463
zegbl2qg,14.939455,17.661343,20.084509,24.628294,27.762663,32.582527,38.20197,4.6950855,14.792212,2.211723,0.14951943,26.07459,14.503283,16.076117,17.814848,18.811958,20.7403,0.8586317896842957,14.792212,1.0282308,16.516054,13.61006,2.825015,0.20756815,24.29521,13.361992,14.720195,17.949486,19.367203,21.913181,0.9492589831352234,13.61006,1.3806094,14.049356,18.19146,3.5058017,0.1927169,35.271397,17.653622,18.82078,21.901178,25.509237,32.0583,2.0543997287750244,18.19146,1.241862,23.641998,16.196722,5.8740835,0.36267114,38.20197,14.169816,18.166197,25.591536,29.679562,34.889164,1.453825831413269,16.196722,2.3939772,26.613165,0.041621733,0.058006484,0.81314045,0.84029716,0.81314045,28.402271,34.388184,0.82593113
v3dr2h2p,7.1552134,8.166509,9.466368,11.637573,13.384375,16.734987,21.135447,1.9180827,7.915843,1.0342926,0.13066107,12.8104,7.9275265,8.530268,9.142529,9.582697,10.4275675,0.30957409739494324,7.915843,0.42849067,6.126158,6.751556,0.9811935,0.14532849,12.188055,6.622707,7.264295,7.9730315,8.340983,9.900769,1.2168322801589966,6.751556,0.36862412,6.2906437,7.407286,2.8061397,0.37883505,21.135447,6.662489,7.867509,10.618912,14.198119,18.529058,2.3382883071899414,7.407286,0.86108196,17.133518,7.8259387,2.620664,0.33486894,21.134186,7.042483,8.227811,11.466504,13.646151,17.754625,2.078157901763916,7.8259387,0.9522992,16.596975,0.07937925,0.027482856,1.0686563,0.8627152,0.8627152,14.667398,15.233225,0.96285576
39yl9ue4,6.158905,6.8443084,7.890426,8.884987,9.716067,11.669159,15.60914,1.3537364,6.41228,1.3320626,0.20773618,12.683846,6.401333,7.185304,7.9006715,8.671051,10.173327,0.5653352737426758,6.41228,0.575521,7.963681,6.3592477,1.4327997,0.22530963,13.067219,5.965529,6.6131506,7.9684706,9.598906,11.974924,2.193460702896118,6.3592477,0.717065,8.581015,6.2766557,1.2422329,0.19791318,11.815954,6.231013,6.8201046,7.942347,8.479742,9.288477,0.3084264397621155,6.2766557,0.4824431,7.7826614,6.2229104,1.692339,0.27195296,15.60914,5.9967337,6.7217007,7.720989,9.403992,13.2298155,2.0874507427215576,6.2229104,0.75633633,11.584209,0.0041523925,0.004299771,1.0216078,1.0219089,1.0216078,12.771528,12.499566,1.0217577
21vmefoz,9.3298,10.205367,10.934908,11.436555,11.721375,12.304025,13.689359,1.9393587,9.54893,1.2303902,0.1288511,12.472877,9.657818,10.384465,10.919485,11.4914055,12.218694,-0.4168449640274048,9.54893,0.5375399,4.7331266,9.055862,1.4756442,0.16294906,12.461351,9.275549,9.954044,10.790406,11.4769125,12.240575,-0.2382751852273941,9.055862,0.51613516,4.882353,9.637814,1.2231495,0.12691152,13.407773,9.690061,10.552732,11.187153,11.468516,12.316581,-0.1322978287935257,9.637814,0.57416964,4.908963,8.518023,1.6792269,0.19713812,13.689359,8.614654,9.5812,10.736066,11.182221,12.573942,0.1050855964422226,8.518023,0.7916906,5.5019436,0.026502188,0.061676644,0.9907776,1.0631413,0.9907776,18.604794,18.155836,1.024728
tp7bd4w1,6.5729465,7.929901,10.602343,12.784445,14.635287,18.415878,23.858524,2.014246,6.567251,0.85406524,0.13004912,9.064798,6.3559494,6.9213343,7.933182,8.3825445,8.803335,0.8779100775718689,6.567251,0.26648638,2.713129,5.5723057,1.0631226,0.19078685,8.532473,5.7397466,6.4167204,6.866324,7.155828,7.974626,-0.09694826602935791,5.5723057,0.43812755,2.7929575,8.437253,2.7159925,0.32190484,19.579298,7.9538965,9.96534,12.099788,13.777767,17.288534,1.1789946556091309,8.437253,0.75294566,13.519491,8.312904,3.4720168,0.41766593,23.858524,6.925272,9.207208,12.844903,16.293934,20.861763,1.885494589805603,8.312904,0.9855248,17.545454,0.081958964,0.00742373,0.77836365,0.67032,0.67032,12.139557,16.750156,0.7247429
aragdx5o,9.543869,10.860481,14.569153,17.58108,19.697838,22.701063,26.431593,2.4441404,9.937664,2.1020613,0.21152468,21.557203,9.573109,10.604284,12.699511,14.059444,17.111284,1.577691912651062,9.937664,0.7610977,14.94603,9.361472,2.9148068,0.31136203,20.74058,8.429485,9.998179,14.258857,16.146368,18.58841,1.5726332664489746,9.361472,1.0473428,14.328409,10.638626,3.00609,0.28256375,23.08183,10.079238,11.613883,14.720104,17.261713,20.761879,1.3746612071990967,10.638626,1.0787569,14.951573,11.07166,4.215286,0.38072753,26.431593,9.655263,10.725426,18.109154,21.659918,24.629446,1.869404673576355,11.07166,1.4395844,18.791245,0.029855838,0.019946028,0.9341116,0.8455346,0.8455346,19.299137,21.710285,0.8889398
31yhxso7,7.468817,8.6763115,10.00582,11.013192,11.81558,14.096284,16.521868,2.4453535,7.552222,2.7667012,0.3663427,16.521868,7.060486,8.814007,11.44898,13.571877,15.628087,1.0098059177398682,7.552222,1.1063733,12.290194,7.3210716,1.4656516,0.20019633,13.147741,7.250378,8.233961,9.187899,9.807166,11.138459,0.42049676179885864,7.3210716,0.6312958,8.660552,8.281112,1.4925984,0.1802413,12.986251,8.30688,9.155548,10.188935,10.779274,11.869591,-0.11966711282730103,8.281112,0.7251047,5.3724785,7.21375,1.5833862,0.21949558,11.750533,7.1199045,8.230826,9.3448715,10.090161,11.238855,0.4343033730983734,7.21375,0.59161687,4.1769547,0.015541289,0.06888489,0.91198164,1.0148774,0.91198164,14.873293,15.494862,0.9598855
vbgr8w2m,8.064661,9.384535,10.526742,11.072202,11.462662,12.04385,13.693898,2.6054034,7.6446633,1.7427632,0.22797121,12.127158,7.5517097,8.798364,10.089455,10.811956,11.799311,0.34064000844955444,7.6446633,0.7390027,7.841118,8.198405,1.4514635,0.17704217,11.904595,8.112164,9.237045,10.187242,10.744179,11.376925,0.13083051145076752,8.198405,0.589305,5.491759,7.734225,2.0440934,0.26429194,12.335032,7.7498493,9.183252,10.477528,11.304813,12.015221,0.11326541751623154,7.734225,0.6442765,6.479359,8.707552,1.69914,0.19513406,13.693898,8.748535,9.898111,10.847958,11.31723,12.609985,-0.027705082669854164,8.707552,0.6976506,8.642322,0.034951683,0.05919842,0.9884201,0.94152814,0.94152814,15.843069,16.441776,0.9635862
aietdn1t,6.1312523,7.430623,9.319976,11.964033,13.660093,16.124552,19.941631,2.2802134,7.390205,2.650919,0.3587071,17.530588,6.899219,8.521941,10.887247,13.02542,15.843965,1.2395004034042358,7.390205,0.90055066,12.703327,6.7264323,3.0112998,0.44768158,19.055212,5.658466,6.7280498,11.240169,14.563295,17.50736,2.177318572998047,6.7264323,1.0123634,13.956144,6.715218,1.4186072,0.2112526,15.309658,6.5693717,7.3453975,8.262101,9.003613,12.156041,1.6740388870239258,6.715218,0.37067163,8.391403,6.074228,2.247746,0.37004638,19.941631,5.591033,6.735158,7.9495215,10.251748,16.016256,2.6467742919921875,6.074228,0.74531543,14.428778,0.047020588,0.05011869,1.100516,1.1073724,1.100516,14.116637,12.789446,1.1037724
h1xjg2y8,8.171047,9.419792,13.301243,17.331013,19.214424,23.464172,29.035213,2.5152054,8.675505,2.0515857,0.23648027,19.203897,8.361736,9.276785,10.675192,12.484971,17.432238,2.0454444885253906,8.675505,0.6406416,13.4890175,9.991923,4.8285127,0.48324156,27.41743,8.091585,12.1648655,17.841028,20.891926,24.34539,1.3825806379318237,9.991923,1.9280746,21.581474,8.117247,2.0712488,0.2551664,19.035479,7.9283714,8.750639,10.220426,12.57444,16.395178,2.0037949085235596,8.117247,0.50805473,7.004432,9.517413,4.34677,0.45671758,29.035213,8.172873,9.756409,15.5673685,19.932758,25.910725,2.121904134750366,9.517413,1.3108275,22.226917,0.07051955,0.07939856,1.0687743,1.049857,1.049857,18.667427,17.634659,1.0585647
rgybxkpm,6.9686537,7.9318075,10.8769655,15.605093,18.621174,23.215807,27.651442,1.7553263,6.861302,1.761867,0.2567832,20.09459,6.4527655,7.2972603,8.177094,9.839415,15.216484,3.3549418449401855,6.861302,0.4604139,13.17597,7.286419,1.529734,0.20994319,18.623451,7.1376724,7.7696385,8.501616,9.832459,13.6276,2.612570285797119,7.286419,0.54334074,12.153383,8.66686,4.30681,0.49692854,25.725292,7.091653,8.889801,15.058122,19.542892,24.451914,2.1226682662963867,8.66686,1.1513264,19.694653,8.634228,4.1399198,0.4794777,27.651442,7.23301,8.407301,13.981667,18.974298,25.435926,2.526642084121704,8.634228,1.5596956,22.137413,0.030048447,0.001886117,0.79167104,0.8438993,0.79167104,14.14772,17.301086,0.81773597
21b07g2r,8.081232,9.114732,10.268328,10.8028755,11.1944685,12.910797,16.897785,2.105103,8.31577,1.4592445,0.17547917,11.711925,8.346442,9.251369,10.346948,10.812333,11.469066,-0.006668278016149998,8.31577,0.6059471,5.5390196,6.514762,1.056151,0.1621166,10.924955,6.38843,7.0770636,7.7644506,8.288084,10.346924,1.085748314857483,6.514762,0.45212764,4.6946716,8.71551,1.3262289,0.15216881,14.997759,8.53097,9.377279,10.358848,10.822728,13.648684,1.2329823970794678,8.71551,0.5791047,5.2938128,8.55415,1.6737359,0.19566362,16.897785,8.251051,9.503462,10.451377,11.238422,14.427045,1.240495204925537,8.55415,0.72214085,9.182123,0.12143922,0.009343596,0.95413464,0.76159084,0.76159084,14.830532,17.26966,0.8587622
e6zvlhyl,7.833212,9.064116,10.121677,10.682892,10.999862,11.638166,12.517033,2.3315268,7.788497,1.3483156,0.17311628,11.0912695,7.84529,8.795795,9.608187,10.032897,10.536537,0.05702345073223114,7.788497,0.49528152,4.3590803,7.478019,0.9591513,0.12826276,10.589527,7.477917,8.139603,8.703336,9.030523,9.87577,0.1687295287847519,7.478019,0.473298,4.8876996,7.47851,1.582816,0.21164858,11.174031,7.3213153,8.790658,9.705372,10.157709,10.85369,0.32456955313682556,7.47851,0.53315634,5.9816313,8.769983,1.7022698,0.19410183,12.517033,8.873092,10.084282,10.967111,11.421423,12.058526,-0.134384423494339,8.769983,0.727462,6.0372534,0.02033717,0.07948265,1.0414504,0.8526834,0.8526834,15.266516,16.248493,0.939565
2ld05nhq,7.7015667,8.754841,10.223655,12.328852,14.439385,17.822275,22.685488,1.8422232,7.6936297,1.4811343,0.19251437,15.533414,7.5026226,8.350756,9.598672,10.243111,12.954827,1.508193016052246,7.6936297,0.4848245,8.602627,8.284196,2.3185112,0.2798716,21.186901,7.606116,8.491502,10.676727,13.434437,17.949627,2.701247215270996,8.284196,0.8567548,13.8141365,8.150832,1.8032396,0.2212338,16.532196,7.9632945,8.913092,9.830042,11.891076,15.242063,1.715535283088684,8.150832,0.6617415,6.494983,8.620789,2.8355198,0.32891652,22.685488,7.8296165,9.238405,11.340226,14.834214,19.862844,2.344388484954834,8.620789,0.9636572,14.548983,0.03696161,0.028020928,0.94390726,0.9609557,0.94390726,15.977825,16.771622,0.9526703
r6f7qnez,8.478621,9.49814,11.240897,15.23685,18.82766,25.161734,33.44668,1.8463922,8.785939,1.1506642,0.13096656,19.541662,8.663772,9.355423,9.861593,10.117376,13.107972,3.074549436569214,8.785939,0.50915796,11.818293,8.509144,1.5150439,0.17804892,14.019802,8.5696,9.577176,10.179076,10.6922035,12.513569,0.1610410511493683,8.509144,0.6453029,6.892945,9.692445,4.552205,0.46966532,33.44668,8.093593,9.78882,14.485852,20.658056,29.86614,2.8161284923553467,9.692445,1.4383165,28.16425,9.616748,3.8840573,0.4038847,29.656277,8.418202,9.659343,14.665459,18.825792,25.238567,2.5171291828155518,9.616748,1.566008,24.05303,0.016004283,0.0039202543,0.906473,0.8848255,0.8848255,17.295082,19.309193,0.89569163
w9heyce4,8.281996,11.267289,16.256124,19.110992,20.553143,22.837276,25.338535,4.7607417,11.8829365,4.661464,0.3922822,25.338535,10.153954,14.797441,19.310886,21.451206,23.956505,0.9455599784851074,11.8829365,1.4341446,12.340222,11.762009,5.0046716,0.42549464,24.12303,11.0983715,15.57081,19.04996,21.061642,22.95182,0.4704342782497406,11.762009,1.6800236,13.959507,7.8040123,2.330502,0.2986287,19.191471,7.807204,8.901297,10.079015,12.1107235,16.016548,1.3029831647872925,7.8040123,0.70384437,5.38103,7.4329143,2.8363788,0.38159713,20.510784,6.6798677,8.230252,10.722074,13.541665,18.366835,1.9958583116531372,7.4329143,0.7108126,9.21522,0.0051143197,0.024355177,1.5226701,1.5824223,1.5226701,23.644945,15.236927,1.5518185
qgm5v2ww,9.362793,11.431295,16.978493,21.146158,23.243769,26.820124,30.58681,3.1411982,9.159342,2.3923125,0.26118827,23.948324,8.711179,9.59992,11.133926,13.919901,19.754387,2.795151948928833,9.159342,0.6750477,14.966278,11.180528,3.6001809,0.32200456,28.253172,10.221579,12.263969,16.168385,18.768047,23.983227,1.7313586473464966,11.180528,1.2566636,20.019527,9.950412,2.8977423,0.29121834,24.361736,9.078773,10.203463,13.582618,16.43737,21.28319,2.278670072555542,9.950412,0.765021,8.9107,12.898723,5.7855277,0.44853494,30.58681,10.348184,16.12045,22.692102,25.515097,28.486069,1.199906349182129,12.898723,2.1230948,22.48691,0.099370636,0.1290338,0.9204988,0.8667934,0.8667934,20.33987,22.849134,0.89018124
g84d4r9v,8.250192,9.775719,12.260382,16.48808,20.113493,26.201633,34.96083,3.1105647,8.717319,2.1087866,0.24190772,16.657639,8.8646,9.989007,11.530813,12.3031845,13.307175,0.16606144607067108,8.717319,0.83913994,12.379248,7.6974015,1.9595665,0.25457507,15.767118,7.584627,8.761477,10.151628,11.333002,13.63768,0.7408992052078247,7.6974015,0.93889505,11.424181,10.264837,4.4866066,0.43708503,29.901655,8.953629,10.605997,16.453407,21.379065,26.667309,2.1332907676696777,10.264837,1.4540658,23.673826,8.828499,5.134939,0.5816322,34.96083,7.3505554,9.390502,14.766286,20.959122,29.50543,2.447812795639038,8.828499,1.7543603,26.33274,0.062134292,0.07522721,0.8492408,0.8718811,0.8492408,16.41472,19.093336,0.8597094
4k00ilu6,22.13426,33.206993,47.57757,55.014103,59.627094,66.92379,73.83833,16.108444,26.987576,10.0091,0.37087807,59.468018,23.721767,32.247272,43.79218,48.24376,53.71335,1.0844910144805908,26.987576,2.3270068,24.094778,26.852686,11.733193,0.43694672,60.57635,22.429272,34.124195,45.323425,50.854733,57.829086,0.9834803938865662,26.852686,3.20347,38.28881,25.714058,10.601522,0.4122851,62.848763,22.007162,30.446945,42.031796,49.308464,59.12457,1.3587472438812256,25.714058,2.1601703,13.314796,27.770111,17.43441,0.627812,73.83833,18.02735,38.44567,58.561733,65.15975,70.16897,1.1097650527954102,27.770111,4.2982464,54.392162,0.0025053667,0.038442276,1.0495261,0.9669636,0.9669636,53.840263,53.48417,1.006658
vfua9bq1,12.055953,14.860295,18.395184,22.585854,25.726915,30.443493,35.932392,4.533428,11.76906,2.0983107,0.17829043,16.791142,11.799723,13.140249,14.412984,15.198134,16.247444,-0.3067702353000641,11.76906,0.862692,8.443209,12.140533,3.0167642,0.24848695,19.234253,11.238235,14.411844,16.85774,17.92828,18.702599,0.6214038133621216,12.140533,1.3348616,9.724195,16.157238,5.5554466,0.3438364,35.932392,14.42229,18.004585,24.605452,28.779034,34.021935,1.4497487545013428,16.157238,1.7512429,21.579403,12.73347,5.0081987,0.39330983,31.770485,11.0815525,15.163868,19.859934,23.428608,29.01467,1.399766206741333,12.73347,1.7392731,19.316504,0.01553658,0.11850758,0.7284079,0.9534348,0.7284079,23.909594,28.890709,0.82758766
btr23qiu,5.7134027,6.6109257,7.388111,8.073718,9.155966,12.865921,18.86827,1.586585,5.2983065,0.87481767,0.1651127,12.290311,5.1790495,5.6067247,6.203906,6.829828,8.305017,2.1934218406677246,5.2983065,0.29425016,6.8383913,5.3002906,1.0670797,0.20132475,11.7906275,5.1438828,5.9576426,6.695525,7.1832395,8.094476,1.0574841499328613,5.3002906,0.38435796,6.7678638,6.6058106,1.8023102,0.2728371,17.867931,6.2658496,7.071921,7.951385,9.808794,14.503523,2.8275513648986816,6.6058106,0.54741436,11.294514,6.4647446,1.6626353,0.257185,18.86827,6.3708267,6.9452114,7.66747,8.7661,13.712283,2.864241123199463,6.4647446,0.5517682,12.1983795,0.00018720586,0.010792661,0.8020676,0.81987625,0.8020676,10.598597,13.070555,0.81087583
a08ekxdr,7.809332,8.682134,9.749453,10.472672,10.870975,11.718172,12.84148,1.7860365,7.3535924,1.3860376,0.18848442,11.096569,7.4831133,8.297247,9.031245,9.484208,10.404464,-0.33261823654174805,7.3535924,0.50007117,7.172054,7.5886364,1.8738236,0.24692495,12.84148,7.5490766,8.628424,10.080749,11.01034,12.241497,0.2682533860206604,7.5886364,0.7110934,6.541951,8.3212385,1.3399078,0.16102263,12.178075,8.2773695,9.202362,10.167518,10.607046,11.628164,0.3258867561817169,8.3212385,0.5209359,3.520626,8.074468,1.2386713,0.15340593,12.534259,7.9225283,8.748249,9.747713,10.5385,11.6762495,0.8714684247970581,8.074468,0.52813584,4.926027,0.015730184,0.015050944,0.88371366,0.9398312,0.88371366,14.942228,16.395706,0.9113501
kz40aq15,8.584376,10.83623,17.200407,21.667925,24.650928,28.59144,31.98951,3.756359,8.659136,2.6504753,0.30609006,21.61614,8.223965,9.428934,11.3862,14.0211935,19.356909,1.8665350675582886,8.659136,0.91574824,11.255266,9.96577,4.675311,0.46913698,27.406101,8.208384,11.115675,17.466457,20.973633,25.197838,1.6583079099655151,9.96577,1.5370454,17.709639,9.126046,3.0143304,0.3302997,21.29477,8.830803,9.956295,12.936482,15.457406,19.550701,1.349182367324829,9.126046,0.8040394,7.182011,12.352242,6.9871116,0.5656553,31.98951,9.390364,16.102505,24.20127,27.705097,30.837543,1.1373400688171387,12.352242,2.3043795,22.250706,0.0701552,0.15020733,0.9488376,0.8067984,0.8067984,18.624905,21.478289,0.8671503
o2nqw4c6,8.017384,11.175823,18.819597,22.827118,24.989666,28.024193,31.6448,4.4384546,8.391501,2.1654217,0.25804937,22.646006,7.914688,9.181183,10.3118,12.199345,17.52191,2.508615493774414,8.391501,0.68843085,15.36784,7.8351426,2.6804094,0.34210092,21.310925,6.911375,8.568619,11.625668,13.906963,16.443293,1.821914553642273,7.8351426,0.77538687,13.72089,11.364012,5.605311,0.49325106,27.330256,9.049036,14.482826,20.542336,23.396872,26.821447,1.1527842283248901,11.364012,1.4664757,18.983759,12.326889,7.030036,0.5703009,31.6448,8.673887,17.78183,23.429976,26.8517,29.959417,0.9709805846214294,12.326889,2.2096229,22.40464,0.034286745,0.040643338,0.73842776,0.635614,0.635614,16.226645,23.6909,0.6849315
lbpj8t22,6.4328666,8.602072,10.113011,10.860476,11.264204,11.954209,13.129426,4.216882,7.70808,2.4603417,0.31918997,13.129426,7.705253,9.673727,11.071709,11.563413,12.577554,-0.019101275131106377,7.70808,0.9864338,5.7648797,6.0749817,3.0140877,0.4961476,12.627996,5.5101767,8.652373,10.472136,11.149788,11.94417,0.3302414119243622,6.0749817,1.1858919,7.9433956,6.362126,2.1990504,0.3456471,11.129476,6.1038704,7.9744225,9.709606,10.254352,10.821032,0.29744258522987366,6.362126,0.6854648,4.880207,5.8271422,2.5538495,0.43826792,11.092153,5.7207355,8.05038,9.322566,9.858937,10.570748,0.03037763200700283,5.8271422,0.870216,8.498491,0.118485875,0.043889727,1.2115573,1.0425318,1.0425318,13.783062,12.189268,1.1307539
c50b8y5d,9.471411,10.535183,11.558454,12.181497,12.944205,15.303918,19.528866,1.9863777,9.801575,1.3076562,0.13341287,14.92672,9.760572,10.805953,11.467738,11.87743,12.702238,0.20112761855125427,9.801575,0.59431136,5.539731,8.953999,1.6220592,0.18115473,13.517034,8.754288,10.229153,11.233576,11.82192,12.223816,0.2782462239265442,8.953999,0.6394512,5.958719,10.009751,1.8212808,0.18195066,18.931736,9.714282,10.931008,12.037618,13.233469,16.18054,1.2104350328445435,10.009751,0.8559737,10.9058695,9.62585,1.6180112,0.16809022,19.528866,9.366016,10.140545,11.193419,12.765078,15.864395,2.0841002464294434,9.62585,0.77042454,10.9993515,0.04519063,0.019551303,0.9792026,0.93020344,0.93020344,18.755573,19.635601,0.955182
nwnguczh,14.626939,20.035255,29.819666,37.497375,42.696594,49.48561,59.684193,8.157561,11.918057,1.9550298,0.1640393,17.404898,11.633855,13.129224,14.953286,15.754315,16.649057,0.6114724278450012,11.918057,0.83235407,6.3819933,12.462066,2.0010586,0.16057198,17.780777,12.193803,14.06219,15.154663,15.815685,17.238428,0.36164340376853943,12.462066,0.6880219,6.714485,17.561346,5.4107003,0.30810282,37.88438,16.35685,19.98293,25.044497,28.375273,36.02884,1.4162896871566772,17.561346,1.0297688,13.946571,26.046577,10.414939,0.39985827,59.684193,23.031681,32.24616,42.68165,47.178387,54.05187,0.9599573612213135,26.046577,2.5694947,33.278896,0.022313597,0.19458003,0.6786528,0.4784531,0.4784531,24.380123,43.607925,0.55907553
9ier7u8h,7.5719795,8.698553,9.586518,10.062504,10.31789,10.675667,11.8438225,2.1687164,7.9134,1.4840074,0.18753093,11.219924,7.9342537,9.04511,9.902772,10.279934,10.785929,-0.1438581943511963,7.9134,0.60610265,4.739697,7.112101,1.3554941,0.19058983,10.623616,7.1633143,7.924795,8.954383,9.623202,10.477023,0.35154712200164795,7.112101,0.5028892,3.870654,7.9012294,1.5979804,0.20224452,11.8438225,8.117357,8.982503,9.860511,10.355386,11.0336895,-0.4014763832092285,7.9012294,0.67187756,4.3948007,7.405113,1.2659016,0.17094965,10.39875,7.175905,8.310534,9.34936,9.704865,10.196251,0.43911463022232056,7.405113,0.5322243,4.037375,0.053329274,0.032412454,1.0015404,0.9604311,0.9604311,15.025501,15.306343,0.9816519
0imjyjcm,5.9297714,7.0753517,9.136051,11.329231,13.169252,16.348368,21.341785,1.8416634,6.516818,2.0733297,0.3181506,15.440684,5.9980755,6.8592205,9.408091,11.265438,13.99709,1.7197598218917847,6.516818,0.6979956,10.5027275,7.6773453,3.9348395,0.51252604,21.341785,5.907305,9.08052,14.177956,16.810432,19.894032,1.495538353919983,7.6773453,1.7816777,16.933496,6.1419587,1.086306,0.17686638,10.751507,5.9033427,6.632699,7.6642537,8.3430195,9.536013,1.130631446838379,6.1419587,0.37915576,4.094344,6.2827115,1.7299339,0.27534828,13.65382,5.862645,7.2607555,8.632555,9.275801,11.943521,1.0787718296051025,6.2827115,0.6037312,10.577901,0.081760876,0.011328493,1.0610325,1.2219796,1.0610325,14.194163,12.42467,1.1424177
rsezytkw,6.524272,7.767358,8.885752,9.813811,10.9415245,14.214603,18.800102,2.2198524,6.6712193,1.6335113,0.24485949,13.225104,6.7271395,7.833451,8.560161,8.945048,9.920379,-0.23011107742786407,6.6712193,0.60807747,10.266878,6.39794,1.2351426,0.19305317,11.95266,6.2924595,7.2394705,7.8934965,8.196214,9.133858,-0.1730644851922989,6.39794,0.51067317,8.888024,7.2365828,2.8416505,0.3926785,18.800102,7.118661,8.514926,10.153685,12.709006,16.551838,0.9285471439361572,7.2365828,1.2114875,15.586498,6.5308185,2.0759752,0.31787366,18.490534,6.1261516,7.521908,8.978208,10.119426,14.1546,1.551314115524292,6.5308185,0.8603319,15.347467,0.020910235,0.051263437,0.9218743,0.97965366,0.9218743,13.0691595,13.767401,0.949283
2837c6qc,8.937326,10.36025,14.628665,18.151667,20.622168,25.068863,29.156197,2.423883,9.684131,2.8318264,0.29241928,24.64135,8.838501,10.007241,13.207271,16.026201,20.779526,2.287001371383667,9.684131,0.8174214,16.992176,9.3685,2.1478727,0.22926538,19.31684,8.7688875,10.131963,11.743151,13.81812,17.395844,1.837954044342041,9.3685,0.5970637,9.43534,11.005282,5.084609,0.46201533,29.156197,8.863041,12.129441,19.037127,23.381042,27.626825,1.766527771949768,11.005282,1.4533392,23.06006,9.89911,3.570963,0.36073577,27.482134,9.145727,10.383519,14.539498,18.051188,23.083126,1.9835089445114136,9.89911,1.1005154,19.915762,0.016566264,0.052915797,0.87995297,0.9463982,0.87995297,19.052631,20.904392,0.9114176
6k8djzr5,7.999876,8.9922285,9.804918,10.297148,10.607852,11.060172,13.129629,2.2037678,7.621743,1.5027622,0.19716778,11.044129,7.5370617,8.769068,9.750688,10.275308,10.827771,0.2840411365032196,7.621743,0.5619067,3.537911,7.343247,1.4401455,0.19611835,10.687549,7.4937024,8.443691,9.103726,9.508968,10.217571,-0.20299339294433594,7.343247,0.57949775,4.54648,7.607702,1.0868632,0.14286353,10.147209,7.678528,8.383709,9.013257,9.343411,9.960947,-0.02578793466091156,7.607702,0.44501147,2.8043299,8.81592,1.3454154,0.15261202,13.129629,8.967384,9.684191,10.387245,10.8899355,11.712022,-0.25253012776374817,8.81592,0.62491596,4.2830944,0.018609852,0.07356587,1.0018457,0.832953,0.832953,14.964991,16.423622,0.911187
swk8temp,8.167324,9.686546,11.060465,11.883217,12.360144,13.342356,14.432199,2.8715734,9.198821,2.045279,0.22234143,14.432199,9.066,10.762679,11.972549,12.608642,13.713921,0.18525075912475586,9.198821,0.7034814,7.527001,7.811827,1.4476805,0.18531907,12.762017,7.495108,8.397057,9.851003,10.78923,12.154187,1.0423504114151,7.811827,0.5694536,4.204612,7.7613683,2.615847,0.33703429,14.078454,7.9515347,9.813747,11.065044,11.917841,13.437719,0.1665913313627243,7.7613683,0.9321842,8.644009,8.039757,1.8168362,0.22598149,12.698749,8.13645,9.315809,10.348382,10.8024845,11.687216,-0.324333518743515,8.039757,0.7016513,4.016,0.0815368,0.01761827,1.185206,0.9716497,0.9716497,17.010649,15.801125,1.0765467
xkc5i8xo,9.191405,11.673449,17.271587,21.234406,24.017096,28.225958,32.921177,3.861796,8.060829,2.0167718,0.25019407,16.593653,7.765495,8.933866,10.416727,12.130278,14.927491,1.2551382780075073,8.060829,0.61199534,5.207034,9.480621,2.1560585,0.22741742,16.812828,9.330111,10.888767,12.079236,13.494174,15.437784,0.5222065448760986,9.480621,0.8016173,7.3635793,11.202147,4.155203,0.37092915,24.913677,9.901982,13.145716,17.35605,20.084024,23.817535,1.2054136991500854,11.202147,1.208358,13.571099,13.3315325,6.280413,0.4710946,32.921177,10.376566,17.273495,23.60302,26.52922,30.525364,1.1318089962005615,13.3315325,2.2639387,23.887472,0.08093927,0.0867944,0.719579,0.71114266,0.71114266,17.54145,24.53368,0.71499467
mxlvz4qk,7.521364,8.542688,9.608261,10.228112,10.7457075,12.134195,16.044682,1.926414,7.7330017,1.4655819,0.18952303,12.110289,7.599113,8.814866,9.802349,10.086581,11.010344,0.26857471466064453,7.7330017,0.5517461,4.9178176,8.212578,1.5369285,0.18714325,15.857932,7.925905,8.786036,9.774125,11.350181,14.15242,1.8079450130462646,8.212578,0.61012316,8.119279,7.16687,1.9638222,0.27401394,11.464721,7.3009977,8.636564,9.672226,10.350649,11.067223,-0.06862154603004456,7.16687,0.71823126,6.0428686,7.408086,1.3874174,0.1872842,16.044682,7.298605,8.046268,8.786142,9.640635,12.19282,1.2207280397415161,7.408086,0.57371026,9.573566,0.030075803,0.016550012,1.0789928,1.1085964,1.0789928,15.94558,14.574956,1.0940397
e2gjr81b,7.256667,8.618029,10.282898,12.460317,14.717662,17.86666,21.057364,2.8268957,8.128436,1.598106,0.19660683,15.843539,7.9444094,8.986559,9.982601,10.692352,13.721287,0.9545152187347412,8.128436,0.58598775,9.200887,5.5731936,2.3316202,0.4183634,17.59346,5.3251014,6.6265044,7.807223,9.495905,14.893474,1.758759617805481,5.5731936,0.9474709,12.107371,8.891594,2.6058023,0.29306358,18.944365,8.265406,9.913614,12.294389,14.649554,17.446314,1.3719960451126099,8.891594,0.9518026,11.923083,6.9667897,3.2200415,0.46219876,21.057364,6.317514,7.631847,9.333999,14.706053,19.981041,2.2952258586883545,6.9667897,1.1359869,15.637325,0.18649188,0.121374555,0.91417086,0.7999658,0.7999658,13.70163,15.858383,0.8639991
mqf7zk94,9.668797,10.718325,11.775997,12.409066,12.785382,13.60284,16.411716,2.0918798,9.497561,1.9914529,0.20968045,13.75603,9.505218,11.045867,12.130849,12.724433,13.328864,-0.01724190264940262,9.497561,0.86362135,6.4895625,10.489536,1.6836916,0.16051154,16.411716,10.4306965,11.404127,12.6731415,13.59954,15.3149605,0.5990651845932007,10.489536,0.9063096,5.0909805,9.229248,1.5950807,0.1728289,12.525556,9.467818,10.318003,11.093958,11.402514,12.02637,-0.6884092092514038,9.229248,0.6740613,6.4068666,9.512352,1.386029,0.14570834,13.2335205,9.54093,10.3684,11.2550535,11.8558035,12.61777,-0.3582746684551239,9.512352,0.61018735,5.978564,0.049630757,0.015105644,1.029072,1.1027279,1.029072,19.987099,18.7416,1.0664563
yxfiblej,10.175978,11.364343,12.433799,12.946334,13.316117,15.507419,21.205181,2.238573,10.192624,1.4329298,0.14058498,14.523708,9.8796,11.284046,12.42486,12.745253,13.136219,0.4482073485851288,10.192624,0.4945895,6.476448,9.971795,1.2488023,0.12523346,15.550029,9.767124,10.611043,11.684192,12.271928,13.840021,1.0848222970962524,9.971795,0.47167453,7.3968935,10.795084,1.9278322,0.17858428,18.916332,11.044219,12.127199,12.927297,13.2887125,15.206855,-0.2676922380924225,10.795084,0.8709267,11.66967,10.276521,1.8531519,0.18032873,21.205181,10.220993,11.159439,11.780956,12.870309,17.198347,1.5088117122650146,10.276521,1.0202643,14.323267,0.010951419,0.024609575,0.9441913,0.9703474,0.9441913,20.16442,21.071606,0.95694745
gublmntf,8.47343,9.410412,10.57215,12.810093,14.47139,17.392387,21.52962,1.6885681,8.489119,1.2991437,0.15303634,14.2159815,8.422173,9.210184,9.933413,10.347177,13.273588,0.87555992603302,8.489119,0.5062596,5.5672445,10.095281,2.8124158,0.2785872,21.52962,9.347174,10.485952,14.301893,16.602234,19.895006,1.7912653684616089,10.095281,1.2016846,14.649574,8.129299,1.2701147,0.15623914,11.595822,8.202769,9.138876,9.78214,10.030875,10.341571,-0.2913682460784912,8.129299,0.51208174,3.3899326,8.920177,2.1517813,0.24122629,20.21516,8.40156,9.108523,11.620978,13.858525,17.19634,2.194279909133911,8.920177,0.7634308,11.948456,0.08642528,0.046387248,1.044262,1.1317354,1.044262,18.5844,17.049477,1.0900276
k7orfqla,6.7950296,7.588263,8.1884985,8.562262,8.841272,9.201093,9.850377,1.5675654,6.435734,0.8474691,0.13168181,8.929412,6.4463835,6.9957247,7.47437,7.743895,8.250783,-0.46834588050842285,6.435734,0.4009163,5.4863358,6.35868,1.0030909,0.15775144,9.574235,6.174935,6.999904,7.692893,8.184388,9.028573,0.44198206067085266,6.35868,0.40100685,5.4193974,6.8877997,1.1318558,0.16432764,9.57744,6.999024,7.688923,8.296909,8.568443,8.95654,-0.4561716914176941,6.8877997,0.4346904,5.4075074,7.1563897,1.4051961,0.19635545,9.850377,7.4892206,8.021309,8.589961,9.024925,9.43029,-1.1513253450393677,7.1563897,0.632715,6.4638786,0.0060224743,0.019124633,0.9343671,0.8885318,0.8885318,12.794414,14.044189,0.91101116
09lzrk79,9.479964,11.527993,19.85466,25.480877,28.584234,33.121464,38.051937,3.228816,9.968629,2.9826624,0.2992049,26.503065,9.347431,10.09684,12.891853,16.454441,22.52807,2.67441725730896,9.968629,0.85469085,19.2579,8.648018,2.7537572,0.3184264,25.116737,8.405507,9.453933,10.984981,13.741532,19.67641,2.1844658851623535,8.648018,0.98288953,17.472734,13.43892,5.916417,0.44024497,31.750658,10.653936,16.008957,23.070023,26.865189,30.729382,1.3772642612457275,13.43892,1.4728192,22.568178,12.852367,7.7331276,0.601689,38.051937,9.391333,14.6387,26.501781,31.417978,35.66338,1.5492182970046997,12.852367,2.3109303,29.516832,0.070937105,0.022309773,0.74177307,0.67287356,0.67287356,18.616646,26.291286,0.70809186
ufu6py06,6.6249666,7.6328316,10.675339,12.976047,14.339244,16.543282,19.227348,1.8552985,5.982598,1.269717,0.21223505,9.790729,6.2412214,6.871676,7.4337983,7.7288013,8.473299,-0.4113616943359375,5.982598,0.40071386,3.537195,7.0434194,1.357932,0.19279443,12.626489,6.8297224,7.5306783,8.728626,10.099911,11.727113,1.5447574853897095,7.0434194,0.45828745,5.188252,6.421724,1.3870045,0.21598633,10.581177,6.4103785,7.1008806,8.216219,9.10911,10.282963,0.48145321011543274,6.421724,0.39766064,4.0421004,8.992974,3.5849645,0.39864057,19.227348,7.733121,11.77338,14.3249445,15.96197,18.036264,0.7172030806541443,8.992974,1.264329,14.121658,0.08143867,0.16680512,0.9316187,0.78321356,0.78321356,13.026017,15.414698,0.8450388
ftlo4qdb,7.2945423,8.207411,9.192784,9.907806,10.587147,13.093032,16.408836,1.6489887,7.1925282,1.3807049,0.19196378,10.613929,7.1842756,8.148353,8.962527,9.318124,10.103434,-0.2312718629837036,7.1925282,0.48031127,6.552374,6.8528223,1.1495153,0.16774334,13.117359,6.7949696,7.265288,7.9239516,8.715629,11.032681,1.0758963823318481,6.8528223,0.51371676,7.9062276,7.5011697,1.638522,0.21843554,14.702448,7.4337435,8.418367,9.434071,10.095702,12.84958,0.7844334840774536,7.5011697,0.6247761,9.630798,7.9960365,1.6749715,0.20947522,16.408836,7.778282,8.52103,9.63492,10.818833,14.949556,1.8430713415145874,7.9960365,0.75439715,10.463454,0.024186362,0.03193265,0.9588542,0.8570274,0.8570274,14.045351,15.497206,0.9063151
xvh7katq,9.228253,10.251555,11.799705,14.351143,16.079641,20.271616,26.15921,2.0026941,8.991236,1.5688844,0.1744904,16.126318,8.912855,9.664125,10.552364,11.519095,14.34251,0.7661911845207214,8.991236,0.51487035,10.633329,9.754851,3.311125,0.33943367,25.286036,8.762155,10.383492,14.390119,17.655758,21.436068,1.9113799333572388,9.754851,1.4870629,20.151102,8.569049,1.6446924,0.19193406,14.168425,8.854908,9.708817,10.303432,10.658261,12.29075,-0.25939884781837463,8.569049,0.47352138,5.3856397,10.673951,2.8963406,0.27134663,26.15921,10.151293,10.969233,14.09702,16.94652,22.147758,2.0003445148468018,10.673951,1.2200482,20.592718,0.040734667,0.10938535,1.0492688,0.9138932,0.9138932,18.746086,19.243,0.9741769
ydshlv76,10.097838,13.604639,17.683657,21.48048,23.584536,26.556284,29.157183,6.403016,11.107554,2.8003955,0.2521163,17.412842,10.882273,13.290035,15.007954,15.864293,16.822132,0.15626393258571625,11.107554,0.9862988,6.1167784,7.610719,2.4447381,0.32122302,13.349275,7.0545726,9.720566,11.170371,11.870043,13.100599,0.47182273864746094,7.610719,0.8500813,5.021508,15.793699,5.5046625,0.34853536,29.157183,15.159072,19.495737,24.054155,26.260656,28.252552,0.4181293547153473,15.793699,1.7537016,15.993373,9.112129,4.4691863,0.49046564,25.640057,7.9493303,11.410015,15.449646,18.485079,22.931181,1.2027157545089722,9.112129,1.1368173,13.739338,0.18681398,0.26827335,0.7032902,0.8352295,0.7032902,18.718273,24.905828,0.75156194
mf4nnkm9,9.498586,10.81595,12.517271,14.089413,16.078346,19.871513,25.281616,2.542736,9.279313,2.1430535,0.23094958,18.188873,9.158321,10.469294,12.099152,13.050177,14.290704,0.25880250334739685,9.279313,0.92945546,14.46585,9.840071,1.7567437,0.17852958,18.045893,9.854815,10.852177,11.895166,12.759362,14.521525,0.16968654096126556,9.840071,0.81522393,13.886738,10.0879755,2.9228296,0.289734,24.10347,9.811701,11.489222,13.126039,15.008223,20.26289,1.2112089395523071,10.0879755,1.0933133,19.768045,9.976225,3.1059196,0.31133217,25.281616,9.375961,10.50689,13.084795,16.834091,22.159021,2.0413403511047363,9.976225,1.2655736,20.339823,0.029329272,0.0055696513,0.91983896,0.98635215,0.91983896,19.119385,20.064201,0.9529103
5d0p92k3,13.314354,16.493572,20.086132,22.182865,24.013144,35.705864,46.92936,6.5013533,14.389091,4.5387106,0.3154272,39.139194,13.569399,16.169672,20.668888,22.62669,30.702656,1.4821021556854248,14.389091,1.8685802,27.618385,13.705129,5.0692096,0.36987683,26.314362,13.869714,18.016384,20.314,21.641386,23.011702,-0.02777208387851715,13.705129,2.265847,15.957497,14.287215,7.350238,0.5144626,46.92936,12.9971485,15.369913,21.80037,31.061714,42.716858,2.2503879070281982,14.287215,2.5230963,37.25437,12.563604,5.606686,0.44626415,39.13554,13.04705,16.84094,19.45692,20.798857,26.063087,0.39723390340805054,12.563604,2.330371,28.763538,0.024345288,0.064192116,1.0071305,1.0908597,1.0071305,28.09422,26.850819,1.0463077
8p6fvdhr,10.261168,11.296891,12.22445,12.955206,13.596827,15.115506,18.964872,1.9526186,10.587209,1.4179084,0.13392656,17.983932,10.56679,11.410416,11.975559,12.799845,15.041042,0.6652708649635315,10.587209,0.6023475,8.547397,10.823177,1.8883802,0.17447558,18.964872,10.693226,11.572776,12.954078,14.708885,17.214777,1.0028775930404663,10.823177,1.0195937,10.136093,9.881341,1.3777839,0.13943289,14.291556,9.808308,10.606096,11.873814,12.446106,12.970579,0.30191516876220703,9.881341,0.56462073,5.0838456,10.292136,1.5607209,0.15164208,16.603456,10.115564,11.294367,12.445127,13.105134,14.053272,0.4530658721923828,10.292136,0.61687124,7.0475206,0.011021221,0.020363133,1.0714344,1.0515968,1.0515968,21.410385,20.173477,1.0613136
59c81do6,8.298006,9.183191,10.745557,12.519756,13.530351,15.374844,17.241165,1.9454103,8.441132,1.0288758,0.12188838,10.795655,8.5655365,9.105468,9.70147,10.041964,10.489536,-0.476859450340271,8.441132,0.41155285,5.043412,7.6028843,1.0647534,0.14004599,9.833689,7.819225,8.47748,8.767001,8.928109,9.289295,-0.6482496857643127,7.6028843,0.4627605,3.8298178,9.421635,2.1769614,0.23105985,15.841809,9.134802,10.793838,12.614132,13.517155,15.191005,0.5992255210876465,9.421635,0.8462602,8.589382,8.389079,2.3429084,0.27928075,17.241165,7.73159,9.022379,11.41189,13.930684,16.418425,1.6755390167236328,8.389079,0.888852,8.79068,0.052246727,0.057973843,0.8959307,0.90628356,0.8959307,16.044016,17.810715,0.90080696
ouz1egnt,6.9118786,7.7695427,8.686298,9.128499,9.300026,9.613178,10.714838,2.0155606,6.886787,0.94688034,0.13749233,10.072651,6.9018936,7.445062,7.9195466,8.6422615,9.39721,0.34661561250686646,6.886787,0.41528538,3.9638305,7.1983767,0.9968369,0.1384808,10.714838,7.208904,7.792777,8.296989,8.839689,10.1193695,0.39278939366340637,7.1983767,0.4725733,4.4177465,6.593685,1.6548047,0.2509681,9.647231,6.629415,7.959814,8.890696,9.238391,9.497772,0.05924568325281143,6.593685,0.5322982,4.3957715,6.568152,1.7945124,0.2732142,10.082509,6.6722836,8.11189,8.968204,9.201691,9.594381,-0.09460444003343582,6.568152,0.61777085,6.7723913,0.02212184,0.001939942,1.044452,1.0959516,1.044452,14.085163,13.161837,1.0701518
b34kuqaa,8.205338,9.329457,10.435768,11.108129,11.522061,12.48123,15.11274,2.3230429,8.017978,1.1922123,0.1486924,13.835155,8.001583,8.7601,9.370804,9.844848,11.352616,0.42023965716362,8.017978,0.49178913,7.1870055,8.647506,1.7586905,0.20337546,14.111876,8.438586,9.856955,11.018662,11.599937,13.503154,0.49526140093803406,8.647506,0.8159431,8.413486,7.9654155,1.2780222,0.16044639,12.362756,8.0631,8.904605,9.587897,9.950339,10.89357,0.14262564480304718,7.9654155,0.49361843,6.0473943,8.551171,1.9558786,0.2287264,15.11274,8.611141,10.039763,11.071467,11.559419,12.777273,0.1900840699672699,8.551171,0.81402534,9.828678,0.037774365,0.035464704,1.0065988,1.0112656,1.0065988,16.665483,16.516586,1.009015
j84rx6pr,7.607977,8.649151,9.887922,11.188927,12.107913,14.382498,18.35519,2.324932,7.437474,1.7772051,0.23895279,12.2373,7.3753843,8.482212,9.899133,10.802081,11.728578,0.30472779273986816,7.437474,0.5334073,3.8096545,5.8367133,1.6818978,0.28815836,9.554135,5.613989,7.4225435,8.3037615,8.495305,8.782532,0.19422172009944916,5.8367133,0.719791,5.781683,8.318762,1.9153368,0.23024303,18.077002,7.980456,8.831756,10.147191,12.322814,16.209824,2.1965439319610596,8.318762,0.6651922,9.678848,8.318645,2.0262725,0.24358205,18.35519,8.166872,9.098868,10.603995,12.585497,15.250915,1.2680237293243408,8.318645,0.7294499,9.700833,0.120591976,7.050495e-06,0.8940602,0.70164233,0.70164233,13.274187,16.637405,0.797852
yiej9c0u,8.162926,9.606804,12.522098,16.6837,19.669464,24.495014,30.113972,2.2878785,8.867829,3.2653182,0.3682207,26.902355,7.898157,9.297567,11.997927,16.363127,22.989801,2.7449817657470703,8.867829,1.068375,20.056585,9.64055,4.484348,0.4651548,30.113972,7.799902,9.680398,15.827297,20.553593,27.743982,2.431962728500366,9.64055,1.6132927,23.341858,8.704879,2.748371,0.31572765,24.021688,7.9941044,9.244173,11.57942,14.375612,19.66084,2.3016130924224854,8.704879,0.79986256,13.835432,9.567631,3.2931242,0.34419432,29.643711,8.823042,9.917934,12.203483,16.549828,24.642288,2.9779608249664307,9.567631,1.0644777,22.224083,0.041749757,0.04721584,1.0187194,1.0076214,1.0076214,18.508379,18.27251,1.0129083
u5wryesu,8.169998,9.289895,10.450859,11.392796,12.206154,14.203029,18.059254,2.36688,8.242192,1.2981571,0.15750143,11.744556,8.316145,9.139877,9.88666,10.3693075,11.077179,-0.02603781782090664,8.242192,0.5738116,4.92619,7.4763083,1.6540043,0.22123276,12.797727,7.3145537,8.7415,9.67608,10.066808,11.474878,0.3462703824043274,7.4763083,0.72383577,5.5975533,8.195252,1.6151434,0.19708282,15.190531,8.274478,9.245609,9.986616,10.493605,13.281623,0.41509562730789185,8.195252,0.7194649,10.330969,8.682332,2.4236302,0.27914506,18.059254,8.392791,10.1939945,11.843407,13.010441,15.521925,0.7623953819274902,8.682332,1.0054976,13.121248,0.048725,0.028859558,1.0057276,0.8610945,0.8610945,15.7185,16.877584,0.93132406
4fcl5efj,7.499266,8.309139,9.0679455,9.833636,10.649596,11.808526,13.756335,1.602128,7.167392,1.0225472,0.14266658,10.212124,7.1425323,7.984314,8.482894,8.743536,9.432436,0.054838407784700394,7.167392,0.39521238,4.8847976,7.311321,1.3872087,0.18973435,10.963901,7.5746408,8.351376,8.914146,9.136041,9.975749,-0.4032811224460602,7.311321,0.57272047,6.5343227,7.2832665,1.2236643,0.16801037,11.107012,7.1103344,7.9229975,9.019348,9.615203,10.67472,0.6602486968040466,7.2832665,0.43043232,4.930676,8.283961,1.3931911,0.16817933,13.756335,8.0094385,8.750244,10.41054,11.487887,12.419139,1.2397233247756958,8.283961,0.62905234,6.7769656,0.009940732,0.06428214,0.98409027,0.8825875,0.8825875,14.478712,15.567228,0.9300764
p6mkt7s1,9.263889,10.448006,11.647503,12.654143,13.318694,14.977912,17.600185,2.2954464,8.773524,1.3446152,0.15325828,13.030377,8.771674,9.583677,10.640603,11.0594225,12.182637,0.23123493790626526,8.773524,0.49727947,6.9749565,9.693,1.5414395,0.15902606,13.860062,9.702656,10.802097,11.602372,12.079402,13.129385,-0.11853832006454468,9.693,0.80516124,6.679385,8.932217,1.2365134,0.13843298,13.567544,8.843874,9.753099,10.4447155,10.969986,11.960786,0.07443659752607346,8.932217,0.51611906,8.164131,10.202708,2.3443365,0.2297759,17.600185,10.106796,11.50621,13.206872,14.614573,16.419273,0.36812496185302734,10.202708,0.9776919,11.546453,0.049791478,0.066396475,0.9822337,0.95004183,0.95004183,18.466524,19.134926,0.965069
gd1t53yk,8.543682,9.495132,11.765575,14.715378,16.877773,20.85881,25.28726,1.5419097,8.327604,0.9292716,0.111589305,11.17462,8.225752,8.894087,9.615765,9.921149,10.549146,-0.024136574938893318,8.327604,0.3810857,3.3499017,8.509552,0.7684413,0.090303384,10.929714,8.476179,8.970757,9.50721,9.8690815,10.510363,0.3230355978012085,8.509552,0.36386943,2.0292754,9.325743,2.0018058,0.21465376,19.233234,8.699037,9.918966,12.143063,13.667954,16.425226,1.820313572883606,9.325743,0.6954591,12.074113,10.549203,3.8793948,0.36774293,25.28726,9.076198,11.645507,16.700094,19.768421,23.021835,1.6263742446899414,10.549203,1.4153991,18.764643,0.01080632,0.06155791,0.89296955,0.80665356,0.80665356,16.837156,19.874947,0.8471548
yydu3asn,8.02247,9.276993,12.009785,14.752497,16.716026,20.560255,26.517874,2.3288918,7.491993,0.9435108,0.12593588,9.861758,7.4684014,8.200856,8.790498,9.04586,9.485535,0.09950096905231476,7.491993,0.38998878,3.517362,7.0520563,1.0778489,0.15284179,10.175441,6.881588,7.756258,8.649065,9.022449,9.777326,0.56293785572052,7.0520563,0.36216155,2.2380795,9.602723,2.6856744,0.27967843,22.959496,8.934623,10.146473,12.945517,15.377756,19.517464,1.9933454990386963,9.602723,0.8749216,16.011967,10.1225605,3.776724,0.37309968,26.517874,9.069148,11.37742,15.488069,18.314657,23.119804,1.5132827758789062,10.1225605,1.2481465,17.5822,0.030248566,0.02635386,0.78019464,0.69666725,0.69666725,14.544049,19.725285,0.73733026
rm6dfhg6,8.727972,11.317323,16.77401,20.563665,22.701633,26.138538,32.670803,3.598484,9.189632,2.45909,0.26759395,22.766699,8.6810055,10.533766,12.067468,13.154937,18.686056,1.7150111198425293,9.189632,0.72591186,15.890211,9.081287,2.428068,0.26737046,19.659607,8.431909,9.752886,13.053038,14.23125,16.116367,1.3354727029800415,9.081287,0.76375735,12.666275,11.30413,4.3620963,0.3858852,23.911732,9.606785,12.72671,18.724615,21.21842,23.442184,1.3197648525238037,11.30413,1.2661864,16.06897,11.432054,6.0492496,0.5291481,32.670803,8.500178,14.155331,21.64923,24.447567,29.24041,1.3977113962173462,11.432054,1.9887086,24.965263,0.0059299166,0.0056264484,0.8129447,0.7943706,0.7943706,18.27092,22.736183,0.80360544
w3stt1eq,7.141734,7.790008,8.365676,8.721542,8.907315,9.391005,10.106343,1.1851826,7.040634,0.9569787,0.13592222,8.989535,7.0309997,7.8070984,8.298356,8.517643,8.820978,-0.18711510300636292,7.040634,0.346634,3.0582113,6.6052,0.48379955,0.07324526,7.8720155,6.594972,6.90378,7.2175927,7.4060383,7.765678,-0.26074913144111633,6.6052,0.22467701,2.0942373,7.508758,0.79921794,0.1064381,10.106343,7.4226866,7.9930944,8.61027,8.976551,9.631457,0.5725541710853577,7.508758,0.31328446,3.24013,7.4852333,0.83040446,0.11093902,9.8034115,7.4007607,8.041408,8.617101,8.906197,9.532491,0.11627703160047531,7.4852333,0.26549795,2.943367,0.03190969,0.0015689458,0.9376563,0.88243073,0.88243073,13.645834,14.993992,0.9100868
c37rln36,8.010742,8.717067,9.354592,9.687096,9.915497,10.329544,11.12863,1.3464985,7.902603,1.4628679,0.18511215,11.12863,8.000725,9.000451,9.693869,10.020466,10.617361,-0.3921397030353546,7.902603,0.5487334,4.482402,7.746216,0.71629506,0.09247032,9.296979,7.88445,8.240961,8.53544,8.737344,9.048898,-0.5981312394142151,7.746216,0.35286567,2.377612,7.6180453,0.8365905,0.10981695,9.984318,7.692977,8.175592,8.622568,8.88256,9.334225,-0.3456112742424011,7.6180453,0.3885257,4.1957903,8.507948,0.8243452,0.09689119,10.869293,8.536353,9.111502,9.547069,9.814144,10.3001,0.0023251743987202644,8.507948,0.39396065,3.872284,0.009993555,0.055184357,1.0373532,0.91046816,0.91046816,15.648819,16.125994,0.9704096
v1mzb3i4,7.6100407,8.78145,10.282778,11.69868,12.513715,15.630502,19.802065,2.0903091,8.226574,1.1909685,0.1447709,12.285008,8.265191,8.991565,9.563982,10.191983,11.675194,0.2913532555103302,8.226574,0.44502687,4.8531976,7.495736,1.3135892,0.17524485,12.18509,7.4031663,8.11095,9.163674,10.05359,11.571212,0.9636396169662476,7.495736,0.49035773,5.7276,7.9519916,2.2884815,0.2877872,19.802065,7.2281766,8.907801,10.935999,12.0130005,16.797878,1.837498664855957,7.9519916,0.7791905,14.961487,8.094959,2.4869087,0.30721694,19.673218,7.3396873,8.860841,11.717154,13.036713,16.971657,1.7421261072158813,8.094959,1.03237,14.39126,0.046484124,0.008909337,1.03453,0.92597574,0.92597574,15.72231,16.046951,0.9797693
fieecy2c,8.380014,9.7110405,12.036538,14.695308,16.717464,20.23534,25.066223,2.4134836,8.129305,1.3416371,0.16503713,12.777289,8.126048,9.068029,9.847903,10.217693,11.475183,0.15202665328979492,8.129305,0.53243387,6.1978855,7.744968,1.1481023,0.14823848,12.956098,7.4808483,8.380807,9.232455,9.80794,11.606555,1.2313417196273804,7.744968,0.53646487,6.257832,9.685563,3.5766091,0.3692722,25.066223,8.895371,10.221479,14.58475,18.234316,23.112572,1.8854960203170776,9.685563,1.169157,19.907887,10.037388,3.0514865,0.304012,24.143389,9.04335,11.277312,14.168357,16.681202,20.685488,1.5444080829620361,10.037388,1.1676253,18.299175,0.02421131,0.017838344,0.83932185,0.7716119,0.7716119,15.874273,19.72295,0.80486304
11bd2sce,6.4154015,7.2901607,9.357549,13.823266,17.384958,22.411898,26.397408,1.4823804,6.9588776,2.0511417,0.2947518,23.040071,6.4952965,7.1568394,8.084914,10.103035,17.273129,4.0006303787231445,6.9588776,0.6330932,18.230164,6.567188,1.3208485,0.20112847,15.962948,6.544781,7.297535,7.813081,8.313908,11.20283,1.6006278991699219,6.567188,0.5360839,10.779575,7.9930787,4.7459955,0.5937631,26.397408,6.114266,7.216583,15.202941,20.770988,25.197556,2.2854130268096924,7.9930787,1.418607,20.79596,7.314531,2.9793634,0.40732118,25.099289,6.4813566,7.443778,9.941028,14.001931,21.295843,3.084569215774536,7.314531,0.9921495,19.277538,0.028958146,0.044327486,0.8706129,0.8978276,0.8706129,13.526066,15.30761,0.8836171
jcy127h6,7.9406075,8.928689,9.882249,10.576449,10.93789,11.67551,12.709125,1.8831453,7.716185,1.5920389,0.2063246,12.709125,7.3752985,8.56717,10.024107,10.886133,12.142361,0.8296791315078735,7.716185,0.6496923,4.540973,7.305413,0.8529303,0.1167532,9.690999,7.2622137,7.8334765,8.513188,8.879351,9.2867985,0.26302799582481384,7.305413,0.45240626,2.8628373,8.326202,1.2459681,0.14964423,12.40734,8.257428,9.107025,10.008814,10.733759,11.628474,0.6022773385047913,8.326202,0.4843662,4.7826676,8.645624,1.1506416,0.13308947,11.946988,8.607745,9.360594,10.150932,10.650599,11.30957,0.0710061714053154,8.645624,0.58689183,3.5926847,0.027345449,0.018820707,0.9267352,0.8449839,0.8449839,15.021598,16.971827,0.88509023
gmd478mf,7.68676,8.472972,9.391137,10.910619,12.2267275,14.7203045,17.977486,1.5968981,7.6033545,0.88479215,0.11636866,9.962711,7.6938467,8.1479435,8.649865,8.976478,9.452053,-0.4964023232460022,7.6033545,0.40794626,4.9220214,8.004079,1.3835336,0.17285357,15.351816,7.740275,8.497949,9.572348,10.677223,13.23285,1.8288172483444214,8.004079,0.6193819,8.200609,7.438998,1.1904818,0.16003254,10.234865,7.3175993,8.339518,9.088373,9.519034,9.95077,0.22425676882266998,7.438998,0.43267518,3.574222,8.422013,2.3566146,0.27981606,17.977486,7.871126,9.063372,11.795593,13.732732,16.363722,1.5599976778030396,8.422013,0.9913421,11.362461,0.025675228,0.06197682,1.0220939,0.950376,0.950376,15.607433,15.8610115,0.9840125
s0iuduah,7.692655,9.255571,10.837355,13.286286,15.260345,17.745102,20.6735,2.8402224,7.0453663,1.5685078,0.2226297,11.977799,6.640957,8.109859,9.378809,10.161928,11.019118,0.7392154932022095,7.0453663,0.6852047,6.300952,7.6140466,1.5650525,0.20554806,11.552408,7.6378036,8.650847,9.734762,10.297085,10.9071,-0.03438063710927963,7.6140466,0.6887913,6.2845993,8.524178,2.7985437,0.3283066,19.222113,8.216144,10.07069,11.597278,14.269109,17.347605,1.0137149095535278,8.524178,0.88088316,15.052082,9.18231,3.0561588,0.33283114,20.6735,8.437872,9.9107275,13.751627,16.207891,19.297846,1.5330159664154053,9.18231,1.1557394,15.876484,0.038792845,0.037169006,0.8265157,0.8292082,0.8265157,14.659412,17.706488,0.8279119
gk6t9dhs,15.461279,17.641407,19.360544,20.26267,20.796028,21.727175,25.491922,5.1330624,15.6808,2.472016,0.15764605,20.839947,16.17395,17.516634,18.568861,19.114952,19.940088,-0.6111984848976135,15.6808,0.8833959,9.839355,13.938341,4.0730453,0.2922188,21.709581,14.723231,17.259167,19.108301,19.94533,20.932035,-0.14538632333278656,13.938341,1.7104796,12.979694,16.100677,3.1123688,0.1933067,25.491922,16.0913,18.479702,19.896692,20.84519,23.32611,-0.032686371356248856,16.100677,1.0643525,8.704297,13.975389,4.245649,0.30379468,22.338993,14.05236,17.34134,19.915659,20.77897,21.618258,0.011679581366479397,13.975389,1.6255301,12.860313,0.058828827,0.070663795,0.9739218,0.9973491,0.9739218,29.61914,30.076065,0.9848077
znvp8gmn,7.996962,9.356343,10.837399,13.032237,15.293282,19.569487,25.560236,2.4410477,7.646969,1.119113,0.14634727,10.5462885,7.460409,8.405633,9.268143,9.690887,10.113506,0.2970123291015625,7.646969,0.40846136,2.9956422,6.839538,1.2868314,0.18814595,9.824631,6.7739573,7.772389,8.600721,8.920588,9.39612,-0.06837113201618195,6.839538,0.5254203,4.6478057,10.055226,2.5506904,0.25366813,24.062231,9.812064,10.642033,12.61845,15.0547285,20.216852,1.9523377418518066,10.055226,0.78520936,16.450188,9.007522,3.2842226,0.3646089,25.560236,8.177856,9.359989,12.998257,16.106337,22.418669,2.1885666847229004,9.007522,0.8900994,17.746943,0.055736743,0.054960843,0.7604969,0.7593141,0.7593141,14.486507,19.062748,0.75993806
hie9ede1,9.573492,11.001209,15.582871,20.400394,23.539825,27.874874,32.362286,2.5032673,11.6016035,4.275041,0.3684871,30.311255,9.945019,12.170109,17.78833,21.585411,27.033016,2.028640031814575,11.6016035,1.2028792,20.938469,12.429547,6.3090577,0.50758547,32.362286,9.822233,14.158672,23.405832,27.548542,30.99408,1.546038269996643,12.429547,2.2828686,24.189392,9.606974,1.5880562,0.16530244,18.392899,9.43636,10.186195,11.296416,12.362815,15.266332,1.1644058227539062,9.606974,0.55081385,6.503354,9.382715,3.549178,0.37826768,26.617786,8.850032,10.7474785,13.218182,16.762148,22.346237,1.6515413522720337,9.382715,1.0146229,17.107765,0.03445294,0.011809484,1.2076231,1.3247281,1.2076231,24.03115,18.989689,1.2654842
zublekvl,9.300283,10.35624,11.12013,11.659516,12.126004,14.001704,20.521343,2.4831715,9.481173,1.7372417,0.18323068,13.106607,10.064879,10.653753,11.175193,11.476556,12.209564,-0.9726793766021729,9.481173,0.7423502,7.678898,7.857513,1.2774385,0.16257542,11.623809,7.9045954,8.864265,9.461171,9.778415,10.73236,-0.060831159353256226,7.857513,0.5446551,5.913043,9.3537,2.5958068,0.2775166,20.521343,9.838606,10.765039,11.697759,12.977361,16.235636,-0.11055318266153336,9.3537,1.0678071,16.296898,9.122028,1.8082623,0.1982303,15.964379,9.167212,10.206966,10.975213,11.713733,13.627763,-0.43449515104293823,9.122028,0.7523063,11.702234,0.093643755,0.012539227,1.0136281,0.86137784,0.86137784,17.338686,18.475727,0.93845755
9ptk4gc4,6.952051,8.250754,9.730186,11.292213,13.200027,16.90342,23.002495,2.5867767,7.524376,1.7750162,0.23590212,16.772783,7.4245815,8.269428,9.600126,10.453205,13.610151,1.0293501615524292,7.524376,0.71285105,10.510714,9.066836,3.642252,0.40171143,23.002495,7.9683743,10.528524,14.603332,16.99327,20.747423,1.3892347812652588,9.066836,1.5273297,18.194126,5.8935456,1.1745794,0.19929928,8.536505,5.906098,6.8245296,7.45826,7.7310658,8.268459,-0.05952691286802292,5.8935456,0.47258356,2.6105628,6.930607,1.9247084,0.27771136,11.372481,6.9392233,8.513169,9.423439,9.859856,10.594145,0.007756988517940044,6.930607,0.5610883,3.2648668,0.092968516,0.08086782,1.2767147,1.3082312,1.2767147,16.591213,12.824152,1.2937474
ryg9rdpx,7.2041464,8.151841,9.370371,10.3423195,11.773274,14.217591,17.277822,1.6027555,7.374159,1.431155,0.19407704,10.567921,7.309967,8.40192,9.406793,9.812423,10.2507515,0.10797851532697678,7.374159,0.58229285,4.1530504,7.2808495,1.006849,0.1382873,9.761462,7.3143697,7.9927683,8.608306,8.943739,9.521257,-0.06808281689882278,7.2808495,0.37237325,1.9327526,7.885661,1.8425753,0.23366149,15.20181,7.3530035,8.441978,10.320913,12.249827,14.373256,1.7272377014160156,7.885661,0.7252601,10.364892,7.577654,1.8761523,0.24759012,17.277822,7.031699,7.775604,9.615504,11.958146,15.253623,2.482372522354126,7.577654,0.6589822,12.056794,0.006367066,0.019918578,0.9351351,0.96083164,0.9351351,14.655008,15.463315,0.94772744
dfovd79c,6.8294954,9.822582,15.014847,17.4973,18.878742,20.78985,25.80831,4.338847,6.992896,3.2469568,0.46432218,20.801622,5.8642845,7.1796,11.432477,15.536661,18.858015,2.201655864715576,6.992896,0.90901667,12.380411,6.0055857,1.7234776,0.2869791,14.136591,5.583977,6.602043,8.054343,9.4131565,12.567843,1.8509581089019775,6.0055857,0.6549753,6.8466434,11.522203,5.0810876,0.44098228,25.80831,10.753216,15.729607,18.707718,20.229105,22.37643,0.40853261947631836,11.522203,1.7786028,20.912928,8.558214,3.2601998,0.38094392,24.642305,7.5968065,9.753335,13.257016,15.032971,19.76135,1.5311758518218994,8.558214,0.9669596,19.226498,0.07595582,0.14760596,0.6069061,0.7017335,0.6069061,12.998482,20.080418,0.6473213
9mv9e40k,8.81718,9.804824,10.776036,11.598391,12.100692,13.249708,15.963924,1.9530602,8.444214,1.3988711,0.1656603,11.941379,8.580535,9.432552,10.131217,10.657283,11.27906,-0.399375855922699,8.444214,0.75199217,6.841587,8.729042,1.0095767,0.11565721,11.405514,8.665839,9.503931,10.093234,10.390115,10.7768345,-0.04531726613640785,8.729042,0.60298556,3.85922,8.747185,1.8822285,0.21518107,15.963924,8.6735325,10.09883,11.13399,11.814841,13.131382,0.20775637030601501,8.747185,0.89798224,10.102057,9.251952,1.8858705,0.20383486,15.46813,9.1996155,10.2592325,11.659329,12.5833,14.172055,0.08958393335342407,9.251952,0.8828195,10.1054535,0.016585566,0.028043978,0.9653636,0.9434811,0.9434811,17.173256,17.999138,0.95411545
zuj2xorv,8.181995,9.004075,9.724519,10.205223,11.160407,13.746105,20.511692,1.5135794,8.000353,1.1948391,0.1493483,10.256395,7.983052,8.774081,9.586016,9.8659525,10.104546,-0.7174615859985352,8.000353,0.5761208,5.957445,7.5476546,0.9633427,0.12763472,10.572396,7.5426664,8.161581,8.743108,9.142988,9.998974,-0.006317752413451672,7.5476546,0.49749702,6.032046,8.461856,1.4555948,0.17201838,14.640757,8.47318,9.279486,9.890509,10.4572935,12.894025,0.20301246643066406,8.461856,0.57717407,8.61925,8.833248,1.7480153,0.19789043,20.511692,8.60725,9.23242,10.372575,12.081043,15.739961,2.3400471210479736,8.833248,0.8638273,13.546757,0.029116156,0.021473836,0.9454608,0.8544597,0.8544597,15.548008,17.295105,0.8989831
ork1djrw,8.355571,9.887921,13.0888195,16.649368,18.823784,22.579786,25.888498,2.6306362,7.7877936,1.8927748,0.24304378,20.637478,7.561558,8.45311,9.358414,10.89356,15.914475,2.2240540981292725,7.7877936,0.66763973,15.537647,9.213599,2.9395957,0.31904966,22.87688,8.5622225,10.372073,12.9563,15.270423,19.36746,1.4645137786865234,9.213599,1.1581571,17.664965,8.653845,2.2763824,0.26304868,20.194641,8.251663,9.46254,10.97262,13.381331,17.40466,1.9871710538864136,8.653845,0.6205827,12.285028,10.895819,4.315843,0.39610085,25.888498,9.446922,11.92298,17.793613,20.736475,24.514729,1.5383191108703613,10.895819,1.5805687,18.435534,0.08386405,0.114680946,0.89992297,0.8456087,0.8456087,17.001392,19.549664,0.8696514
edbcy8ny,6.964594,7.952979,9.081873,10.216441,11.363188,13.570913,16.829073,1.7603054,6.8631516,1.168377,0.17023915,12.366464,6.7271485,7.60312,8.256736,8.900492,10.279755,0.8263875246047974,6.8631516,0.46688056,5.6199512,6.771066,0.89535344,0.13223226,10.7656975,6.6894093,7.2484527,8.070991,8.458328,8.792091,0.4425417482852936,6.771066,0.3579624,2.7783017,7.622595,2.2347105,0.29316926,16.60704,6.9870596,8.657839,10.490247,12.499096,15.0733,1.4529175758361816,7.622595,0.8442359,10.310514,7.620263,1.6780111,0.22020382,16.829073,7.449028,8.291844,9.362612,11.019365,13.443897,1.4901069402694702,7.620263,0.8510204,9.764477,0.006753989,0.0001529722,0.90036947,0.8885607,0.8885607,13.634218,15.242858,0.894466
fwdc112h,8.482311,9.773964,12.36841,15.640972,17.445545,22.126387,28.685057,2.3261862,8.197787,1.565295,0.19094115,16.162806,8.134802,8.909979,9.78164,10.805471,14.065692,1.4073947668075562,8.197787,0.6283706,9.179897,7.9938416,1.3610724,0.17026512,14.194978,8.051459,8.76742,9.707387,10.388925,11.320046,0.30125540494918823,7.9938416,0.56603646,6.8702965,10.226547,4.1847954,0.409209,28.685057,8.990387,10.109356,16.245607,20.16095,26.036036,2.1598451137542725,10.226547,1.4523444,23.188135,9.979128,3.264286,0.32711136,25.409286,9.28619,11.20058,14.696235,16.734432,20.571894,1.4114923477172852,9.979128,1.2768841,19.716751,0.012595745,0.012245043,0.8016183,0.80105615,0.80105615,16.19163,20.205675,0.8013407
xrjm4t8b,17.797043,19.945848,21.942816,24.216307,26.330761,31.24678,39.90151,3.6915894,17.517033,1.9692866,0.112421244,25.279411,16.92622,18.446972,20.2524,21.571693,24.12341,1.3838684558868408,17.517033,0.5575743,6.4958763,20.042833,2.3611612,0.117805764,26.842024,20.233995,21.219326,22.828924,24.344881,26.225584,0.010323828086256981,20.042833,0.87300533,6.517437,18.539524,4.6461854,0.25060976,39.90151,17.549593,20.2411,24.060133,28.072458,34.83675,1.4673129320144653,18.539524,1.8743664,26.992462,17.907936,3.7144046,0.20741668,39.51213,17.58802,19.104322,20.921997,23.971739,32.82255,1.626814603805542,17.907936,1.4695487,27.275066,0.06724732,0.017328724,0.944848,1.1192151,0.944848,37.559868,36.44746,1.0305208
p6nlnqbu,7.3989763,8.6749325,10.284398,12.549681,14.282972,16.871756,21.081863,2.5321083,7.760583,1.270575,0.1637216,10.834577,7.736394,8.75268,9.378133,9.699897,10.358622,-0.24945339560508728,7.760583,0.4848813,6.1490564,8.970294,3.5124896,0.39156905,21.081863,8.426037,10.788332,14.133087,16.219826,18.792742,0.9015384316444397,8.970294,1.6529766,16.198114,6.6198683,1.5226743,0.2300158,9.846652,6.755934,7.8499823,8.497671,8.834476,9.629958,-0.11042726784944534,6.6198683,0.5146012,5.0069056,7.8110995,2.663691,0.34101358,20.032372,7.0979357,8.580673,11.336978,13.401489,17.225103,1.690460443496704,7.8110995,0.7882588,14.219612,0.07230411,0.082546875,1.1723168,1.1484035,1.1484035,16.730877,14.430967,1.1593732
4kzrezrd,7.4223275,8.6083,11.7215395,15.5950575,18.129086,21.61931,26.30955,2.2446356,6.41121,1.2504466,0.19504064,10.777,6.388215,7.265862,8.07049,8.510509,9.604065,0.2462254911661148,6.41121,0.48962563,7.169958,7.481851,1.1222647,0.14999828,11.861263,7.4743795,8.018848,8.79241,9.599304,10.745312,0.494209349155426,7.481851,0.4979386,6.3998203,9.267819,3.464966,0.3738707,23.042784,8.217653,9.803234,14.578734,17.346893,21.063282,1.6765416860580444,9.267819,1.1498275,17.480503,9.330987,4.265472,0.45712978,26.30955,7.8897214,9.971972,15.958625,19.445549,23.844807,1.8063080310821533,9.330987,1.3940578,19.690487,0.07706301,0.0033963239,0.69177115,0.8018285,0.69177115,13.893061,18.598806,0.7469867
yxyur4so,8.081872,8.913286,9.814866,10.395738,10.699282,11.129598,11.99709,1.7198582,8.472895,1.2060506,0.14234222,11.693105,8.468809,9.354322,10.003742,10.3633585,10.892959,-0.2651835083961487,8.472895,0.4583021,5.746709,7.8490095,1.3040938,0.16614757,11.99709,8.011137,8.572529,9.283632,9.796686,11.299981,-0.2674155831336975,7.8490095,0.6223318,6.791043,7.761894,1.4875546,0.1916484,11.9879875,7.889126,8.6480255,9.460931,10.250331,11.299702,-0.1678452342748642,7.761894,0.58264226,6.383159,7.921149,1.5601127,0.19695537,11.69511,7.912555,8.923394,10.058618,10.609575,11.0894785,-0.061223048716783524,7.921149,0.71201134,6.7762203,0.0382238,0.0101545695,1.0916014,0.9908928,0.9908928,16.321903,15.683043,1.0407357
r8wm9lbb,8.321232,9.296734,10.262182,10.834177,11.279096,12.399644,18.507301,1.7500911,7.6965866,1.0921624,0.14190218,11.5181875,7.66737,8.365367,9.024178,9.557569,10.969903,0.5335532426834106,7.6965866,0.51654166,5.2551155,8.02545,1.1168368,0.1391619,10.75384,7.912784,8.7619095,9.671167,10.07688,10.531483,0.2726266384124756,8.02545,0.41042185,3.225531,8.905522,1.6434369,0.18454133,18.507301,8.721238,9.498763,10.679983,11.681526,15.064956,1.5638606548309326,8.905522,0.7956578,12.894344,9.079218,1.2276056,0.1352105,13.016626,8.95117,9.973742,10.677032,11.177686,11.944929,0.1451936513185501,9.079218,0.5923464,6.978464,0.020917337,0.009657941,0.86424875,0.8839362,0.86424875,15.722036,17.984741,0.8741875
4m0a6mdm,7.8950434,9.299463,10.909984,12.140807,13.118644,16.341557,22.001371,2.4625845,8.026442,1.6301459,0.20309696,13.39182,7.9040594,8.946126,10.187254,11.101709,12.725039,0.5925548076629639,8.026442,0.63523525,7.7525477,8.751359,1.8230927,0.2083211,15.423419,8.408157,9.751975,11.350882,12.373129,13.712413,0.8021576404571533,8.751359,0.7993698,8.820131,7.3984947,1.9849831,0.26829553,18.963518,6.889535,7.8433514,10.124275,11.286504,14.813363,2.0351338386535645,7.3984947,0.6847011,12.636221,8.983552,2.5678775,0.28584212,22.001371,8.474913,9.800599,11.789505,14.336059,19.113564,1.8958200216293335,8.983552,1.1081969,15.724621,0.043206938,0.09675576,1.084875,0.9741535,0.9741535,16.777802,16.382046,1.0241579
mmxixv6c,4.9319105,5.807489,7.199315,8.726386,9.782826,11.445862,13.352019,1.5310316,4.813453,0.97345555,0.20223641,7.2173843,4.7839127,5.474593,6.1433907,6.4715257,7.008244,0.09636601060628891,4.813453,0.46221036,3.9073381,5.041347,1.2038239,0.23879014,8.898096,4.888217,5.5562043,6.9741673,7.368122,8.0746355,0.6575634479522705,5.041347,0.55603474,4.922945,5.606444,1.6824517,0.3000925,10.454268,5.2702312,6.429126,8.080205,9.110092,9.943607,0.6552727222442627,5.606444,0.7050004,6.79004,5.5837893,2.1677897,0.38822913,13.352019,4.8581276,5.8163443,9.317471,11.018683,12.571698,1.7381772994995117,5.5837893,0.93646795,9.867511,0.02312516,0.0020244916,0.8585573,0.9028541,0.8585573,9.8548,11.190233,0.88066083
kmalq5u6,7.6640387,8.765717,9.89726,10.802719,11.399148,12.432511,13.676369,1.9367971,8.06391,1.4513444,0.17998023,13.011786,7.744938,8.968567,10.031071,10.92373,12.447667,0.9183862209320068,8.06391,0.501969,4.76779,7.2316155,1.0641385,0.14715087,11.358192,7.0441175,7.742065,8.597128,9.368801,10.799585,1.078109622001648,7.2316155,0.44351432,4.174774,8.640343,1.4504398,0.16786832,12.884902,8.541905,9.54187,10.405467,11.393829,12.223492,0.20869265496730804,8.640343,0.6577142,7.3664193,7.633343,1.5607953,0.20447074,13.676369,7.3718786,8.364122,9.565818,10.583609,12.901071,1.1501613855361938,7.633343,0.69120926,7.817588,0.054414216,0.061879005,0.93328583,0.94737196,0.93328583,15.295525,16.273685,0.93989307
jzv9nou3,8.909185,9.892571,11.078316,11.93166,12.299189,13.38182,15.848779,2.106409,8.483731,1.7809963,0.20993078,12.85328,8.166857,9.631254,11.10516,11.828144,12.450958,0.3010283410549164,8.483731,0.6215848,5.432161,9.148001,1.5426705,0.16863471,12.998054,9.109981,10.04854,11.3407545,12.027627,12.552836,0.22691009938716888,9.148001,0.5267982,6.2261395,8.696649,1.9117137,0.21982189,11.865484,9.134984,10.125277,10.774376,11.044738,11.585901,-0.8071470260620117,8.696649,0.7458705,6.3959346,9.143991,1.8125023,0.19821784,15.848779,8.991284,9.6716585,11.759155,12.600525,14.992155,0.7530597448348999,9.143991,0.7887332,8.086981,0.037674654,0.025074372,0.97551733,1.0004385,0.97551733,17.631733,17.840641,0.9882903
dyms1mwn,7.796403,9.068557,10.677258,11.985989,13.074563,15.421896,19.653416,2.1741323,8.158296,1.4559947,0.178468,12.596315,7.9484177,9.136239,10.14426,10.797454,11.834947,0.4948132634162903,8.158296,0.74306345,6.7576447,6.8747582,1.2662,0.18418102,12.117813,6.8808584,7.5312634,8.360402,9.191894,10.699266,0.5225755572319031,6.8747582,0.5810224,5.4543104,8.505085,2.0796669,0.24452041,15.647297,8.297546,9.50574,11.253639,12.592041,14.355027,0.607257068157196,8.505085,0.7668278,11.333727,8.735967,2.4140482,0.2763344,19.653416,7.935829,9.408312,12.089259,14.112943,17.013418,1.6877490282058716,8.735967,0.9107067,13.223995,0.08538101,0.013391393,0.95922565,0.7869488,0.7869488,15.033054,17.24105,0.87193376
pr424tkb,7.4584723,8.142139,8.747961,9.167185,9.543705,10.31294,12.601562,1.6753421,7.515957,1.062939,0.14142431,9.904278,7.714132,8.242996,8.6990795,9.040889,9.524634,-0.615496814250946,7.515957,0.3775701,2.4960027,7.06332,1.589033,0.2249697,10.364177,7.3132424,8.224563,8.990602,9.467949,10.055949,-0.34569814801216125,7.06332,0.6203514,3.4640632,6.9970098,1.0886544,0.15558852,9.242853,7.249533,7.8039694,8.197343,8.414295,8.760467,-0.6813417673110962,6.9970098,0.4338482,3.626099,7.3718047,1.5197421,0.20615605,12.601562,7.484492,8.330399,8.976397,9.903228,11.57607,0.14427977800369263,7.3718047,0.45822147,3.9280782,0.031046582,0.026083916,1.074167,0.9581534,0.9581534,14.579277,14.368814,1.0146471
9oi0d4dm,6.0394254,7.3773956,8.988782,10.891617,12.406295,15.0413065,18.441093,2.1049,6.391238,1.1867342,0.18568142,9.443355,6.2779484,7.2543573,8.142983,8.61032,9.06892,0.38916200399398804,6.391238,0.5104103,3.8908663,5.271411,1.224262,0.2322456,8.597127,5.1243243,6.0188856,7.087058,7.57956,8.317224,0.5465540289878845,5.271411,0.4473017,3.8773317,7.507275,2.6127572,0.34803003,18.441093,6.658796,8.522196,11.227481,13.047858,16.314096,1.5725654363632202,7.507275,0.83885163,13.681667,6.879923,2.3856304,0.3467525,17.60145,6.009293,7.781605,10.024737,11.969151,15.607739,1.8077733516693115,6.879923,0.7839749,12.913491,0.09601826,0.043604895,0.8513393,0.76620203,0.76620203,11.662649,14.3871975,0.81062686
c2rh2xk2,7.549776,9.046807,11.323838,14.078291,15.49095,18.949663,22.404852,2.4677343,7.8226185,1.1394587,0.14566205,11.352213,7.5823517,8.590981,9.489772,9.894203,10.71672,0.5893085598945618,7.8226185,0.3621307,2.7555432,7.6386423,2.354882,0.30828542,14.867334,7.0002203,8.84275,11.325842,12.479933,13.978685,0.8472585082054138,7.6386423,0.8752495,5.634057,8.466554,1.3906156,0.16424812,12.933299,8.326541,9.272705,10.316676,11.005137,12.590656,0.7826492190361023,8.466554,0.45177498,5.0106487,8.466154,4.451012,0.52574193,22.404852,6.841912,10.816008,15.464487,17.840399,20.87465,1.1323938369750977,8.466154,1.5199243,16.274208,0.0118991705,2.3598677e-05,0.92394364,0.9022565,0.9022565,15.461261,16.932709,0.91310024
pthowq1g,16.378868,18.805317,23.020222,27.35649,30.185379,35.26839,47.483147,4.5749464,14.681729,3.033772,0.20663588,33.50618,14.2766285,16.371008,17.973886,19.51652,25.09017,1.3447693586349487,14.681729,1.2117269,22.669731,17.318867,2.8467765,0.16437429,34.94545,16.81313,18.05483,19.701097,23.640745,28.642294,2.427528142929077,17.318867,1.0931653,22.498125,17.6036,4.0873237,0.23218681,37.15836,17.103348,19.575146,22.712976,24.832945,31.627895,1.1602052450180054,17.6036,1.3018309,25.37566,19.361635,6.343957,0.32765606,47.483147,17.694942,21.427162,28.851284,32.91741,39.663548,1.3713765144348145,19.361635,2.5013492,34.558456,0.08240901,0.04755917,0.8340186,0.894494,0.8340186,32.000595,36.965233,0.8656944
az5uh80q,7.1950026,9.447305,13.410533,16.430979,18.731794,22.099533,25.59421,3.7515717,6.692344,1.8592641,0.27781957,13.003627,6.901756,7.8955293,8.882971,9.579026,10.931753,-0.1459176242351532,6.692344,0.5059463,5.742724,5.638819,1.596666,0.2831561,13.693063,5.713053,6.594592,7.281338,7.9592943,11.249022,0.9754387140274048,5.638819,0.5621369,6.935632,11.491882,4.4418235,0.38651836,25.59421,10.308018,13.712358,17.90536,20.642214,24.353043,1.0363060235977173,11.491882,1.3146279,20.079689,8.324877,3.9285347,0.47190306,22.531038,7.243353,10.190306,13.766228,16.55759,20.937607,1.262965440750122,8.324877,1.0414728,17.166553,0.08543597,0.1598145,0.58235407,0.6773457,0.58235407,12.331163,19.81676,0.6222593
7tw1puws,9.38323,10.436745,11.468565,12.20719,12.759306,13.699419,15.899229,2.0958338,9.256289,1.4614182,0.15788382,14.439384,9.055632,10.131592,11.250206,11.9570055,13.122228,0.5980461835861206,9.256289,0.4894191,3.8344088,8.423119,1.2003399,0.1425054,12.155395,8.487377,9.284027,9.854759,10.429083,11.416362,0.21660560369491577,8.423119,0.4726805,2.991643,10.110334,1.6295037,0.16117209,15.899229,9.89879,10.934756,12.477784,13.473302,14.467424,0.6416822075843811,10.110334,0.6408675,3.8841677,9.748917,1.520546,0.15597077,13.50105,9.872204,10.907107,11.571874,12.080071,12.752069,-0.2457214891910553,9.748917,0.6879336,3.2136474,0.047126576,0.018198963,0.91552746,0.8640056,0.8640056,17.679407,19.859251,0.89023536
nffykpl3,7.1772814,8.854255,11.513608,14.900635,17.162552,21.14516,26.827015,2.6394448,7.164303,1.6728522,0.23349825,14.319622,6.973416,8.179817,9.300727,10.107302,11.387859,0.3891797363758087,7.164303,0.40639392,8.231438,6.702284,1.2993586,0.19386804,13.163502,6.748786,7.470046,8.239434,8.829503,9.8087015,0.18619994819164276,6.702284,0.48958787,6.892378,9.681475,3.5701075,0.36875656,24.66152,8.820808,10.817959,14.773401,17.925129,21.411705,1.5841317176818848,9.681475,1.0856259,17.540096,8.435359,4.03702,0.4785831,26.827015,6.896916,9.3123665,14.237409,17.679274,23.502636,1.9703623056411743,8.435359,1.3069873,20.00595,0.033318866,0.0687822,0.7400012,0.79454637,0.7400012,13.866587,18.116833,0.76539797
cho3xjvo,8.727179,9.80978,10.9739895,13.144088,15.304572,19.44983,22.32166,2.1107645,9.010613,1.4758487,0.16379003,13.361051,8.910055,9.9712305,10.930889,11.556292,12.629446,0.21897977590560913,9.010613,0.68768674,5.6272097,7.8936467,1.016961,0.12883285,11.069313,7.951981,8.626534,9.242742,9.498795,9.896526,-0.07663591206073761,7.8936467,0.43123537,4.524907,10.753269,3.152955,0.293209,22.32166,9.724693,10.908333,15.565524,18.244833,21.267612,1.7428463697433472,10.753269,1.043229,15.218372,8.308009,2.1105065,0.25403276,19.66348,8.252807,9.467181,10.467471,11.040438,15.477114,1.2485260963439941,8.308009,0.7834252,12.412184,0.06607605,0.12828416,0.83794177,0.9501249,0.83794177,16.90426,19.06128,0.88683766
egi3qupx,9.303419,10.567298,11.949748,13.8682785,16.35009,21.328205,29.776546,2.5160608,8.802041,2.3223765,0.26384524,23.899626,8.499887,9.508705,10.823766,12.230422,17.94954,2.2404775619506836,8.802041,0.85778147,19.237352,9.327315,2.8798625,0.3087558,25.40245,9.201071,10.458353,11.444996,13.9111395,21.261284,1.736476182937622,9.327315,1.2452794,20.810104,9.88239,2.8533127,0.288727,24.282553,10.103436,11.398136,12.382974,13.80821,19.548504,0.6645290851593018,9.88239,1.1080674,18.87158,9.918833,3.01173,0.30363753,29.776546,9.641869,10.644695,11.965022,14.855201,23.868658,2.659989833831787,9.918833,1.1659608,25.030376,0.028973686,0.0018404295,0.89067936,0.9403642,0.89067936,18.129356,19.801224,0.91556746
bfej2xg4,9.566501,10.592311,11.943329,13.217641,14.143301,17.294111,23.210688,2.1281004,8.861725,1.4509922,0.163737,13.815785,8.660421,9.8442335,10.6944065,11.518134,12.81221,0.5849323272705078,8.861725,0.47950968,2.9016485,10.002298,1.134791,0.11345302,16.75697,9.996644,10.579351,11.337859,11.782443,13.387446,1.2634658813476562,10.002298,0.526947,5.499647,9.141553,2.0289404,0.22194701,14.412611,8.84828,10.329254,12.276141,13.150009,14.061998,0.5495696663856506,9.141553,0.7034063,4.1450834,10.780529,2.442331,0.2265502,23.210688,10.141259,11.334204,13.565198,15.953968,19.441645,1.9889225959777832,10.780529,1.024145,14.553132,0.060462896,0.08226932,0.96938944,0.92781144,0.92781144,18.864023,19.922081,0.9468902
8ra4dv56,8.972971,10.355775,12.171649,14.511276,16.515152,20.127525,26.065607,2.5230842,9.464847,1.2609982,0.13322966,14.689205,9.434477,10.361307,11.135768,11.414569,12.238219,0.1856239289045334,9.464847,0.44299275,6.2304945,8.930782,1.934811,0.21664518,16.365108,8.8359,10.256489,11.312731,12.009034,14.130586,0.34970903396606445,8.930782,0.5010686,8.019794,9.245384,1.9892536,0.21516182,18.293356,8.778811,9.775543,11.758706,13.658616,16.690727,1.9095079898834229,9.245384,0.53791755,10.876488,9.878322,4.0658917,0.41159743,26.065607,8.590638,11.56679,15.846835,18.870533,22.74657,1.450730562210083,9.878322,1.5608511,17.928013,0.029032128,0.033097006,1.0237375,0.9040789,0.9040789,18.39563,19.123707,0.96192807
onxd70fe,9.741619,11.100875,11.97971,12.7880125,13.593904,15.470404,19.442177,2.8941746,9.974523,1.5996699,0.1603756,12.846201,10.281806,11.181064,11.765493,11.953097,12.365888,-0.8287836909294128,9.974523,0.64912146,7.189156,8.135408,1.7019898,0.20920767,14.387087,8.252667,9.161453,10.28553,11.035077,12.159732,0.2370200753211975,8.135408,0.757502,9.484421,10.443904,2.0670094,0.1979154,15.445519,10.762425,11.813289,12.859668,13.552582,14.771641,-0.4661443531513214,10.443904,0.65392,9.789509,9.496229,2.575261,0.27118775,19.442177,9.539989,10.84032,12.226345,14.150254,17.357323,0.565089225769043,9.496229,0.97777885,14.736101,0.10155279,0.047526002,0.9550569,0.8566988,0.8566988,18.109932,19.940132,0.9082152
07s387j5,8.0943985,8.88827,9.550656,10.026342,10.417066,11.386731,13.783565,1.7178164,8.168776,1.2349162,0.15117519,13.309191,8.173557,8.931986,9.676157,10.212512,11.105907,0.15438875555992126,8.168776,0.52250737,7.5865145,8.54958,1.5462832,0.18086073,13.783565,8.741131,9.530701,10.088525,10.710239,12.889332,-0.029526907950639725,8.54958,0.7189796,8.837443,7.2779903,1.4455906,0.19862497,10.605986,7.4630976,8.442791,8.961621,9.304714,10.089989,-0.2895096242427826,7.2779903,0.5687803,6.2184453,8.06674,1.0623105,0.13169017,13.203812,8.123318,8.786146,9.242192,9.510671,11.014881,0.19607965648174286,8.06674,0.43469507,6.73832,0.022777604,0.05140199,1.1223944,1.0598556,1.0598556,16.718355,15.34473,1.0895177
ie3lvo0i,6.1865253,7.2003984,8.327285,9.082712,9.644559,11.277973,14.446975,1.9845653,7.302164,1.7199252,0.23553637,14.446975,7.23673,8.416586,9.335341,10.163874,12.210577,0.5779200792312622,7.302164,0.771541,6.3495035,6.5327516,1.7668722,0.2704637,14.158709,6.323008,7.3377395,8.635705,9.9282255,12.314942,1.0593777894973755,6.5327516,0.66108316,6.1928086,5.827189,1.1296632,0.19386075,8.258836,5.859649,6.6961937,7.262841,7.5158086,7.927867,-0.18305769562721252,5.827189,0.42505297,4.2138386,5.62431,1.2026198,0.2138253,8.790887,5.738085,6.46119,7.0660195,7.511732,8.220996,-0.17279458045959473,5.62431,0.48110706,3.7649727,0.055613823,0.017716367,1.2531195,1.1615205,1.1615205,13.834915,11.451499,1.2081313
pfg8pjvr,7.43917,8.77108,10.19848,10.999485,11.509021,12.287033,13.321269,2.6127605,6.862602,1.6449139,0.23969245,11.0141,7.0155125,8.126596,8.915096,9.333808,10.163741,-0.13613764941692352,6.862602,0.7373238,6.019894,7.0910473,1.7600098,0.24820167,12.016676,6.560191,8.086838,10.031337,10.741277,11.613978,0.9100258946418762,7.0910473,0.53009444,5.14864,8.349321,1.9351273,0.2317706,13.321269,8.265472,9.81195,10.958961,11.686222,12.471661,0.15616869926452637,8.349321,0.7442919,6.3579006,7.9642987,1.7565068,0.22054757,12.778693,7.75275,8.979875,10.490387,11.419099,12.3913145,0.5980397462844849,7.9642987,0.49708238,5.22505,0.016371707,0.023601301,0.82193536,0.8903543,0.82193536,13.9536495,16.31362,0.85533744
n8lpy857,8.023832,9.145489,10.852083,13.236782,15.004399,17.715866,22.160378,2.3456883,8.328415,1.3776562,0.16541637,16.118324,8.35153,9.013354,9.754133,10.329915,13.335633,0.9706296920776367,8.328415,0.5066257,10.10186,7.992368,2.3851647,0.2984303,18.663025,7.8898993,8.675934,10.318656,13.163232,16.372427,1.4373359680175781,7.992368,0.9444174,11.661726,8.695757,1.8425069,0.21188574,16.381346,8.484453,9.881544,11.059075,11.981765,13.832467,0.7064609527587891,8.695757,0.60416186,10.125688,8.08301,3.6000931,0.44539016,22.160378,7.2518177,8.784576,13.707143,16.941525,20.170671,1.6450989246368408,8.08301,1.3244742,14.877914,0.020590108,0.036519203,0.95775616,0.98878616,0.95775616,16.320784,16.778767,0.9727046
nz3a8v4x,8.296929,9.212954,10.469675,12.292197,14.1157055,17.33448,23.00689,1.9107904,8.446983,1.5724717,0.1861578,15.096392,8.841005,9.435506,10.015082,10.411831,11.846998,-0.4223976135253906,8.446983,0.71388704,8.621857,8.165108,1.7900807,0.2192354,17.235641,7.878993,8.684345,9.830953,11.993214,14.775437,1.7265679836273193,8.165108,0.7651577,10.443386,8.603839,2.1549182,0.2504601,20.442322,8.264129,9.324388,11.085119,12.635116,16.850426,1.8893418312072754,8.603839,0.85475373,14.333519,8.796933,2.6789947,0.30453736,23.00689,8.205825,8.984329,11.565011,14.934909,19.75417,2.449951648712158,8.796933,1.0098894,16.503605,0.0169681,0.011096879,0.98176914,0.92817664,0.92817664,16.612091,17.400772,0.9546755
7y2itl8n,5.863536,7.538298,10.246778,12.886374,14.669494,16.955631,19.128252,2.8277564,5.827898,1.4881432,0.25534818,11.838756,5.656288,6.727371,8.05045,8.592445,9.710126,0.6623253226280212,5.827898,0.6726389,5.465431,6.51279,1.7380315,0.26686436,12.884693,6.2928214,7.6145473,8.74953,9.392285,11.665532,0.7180721163749695,6.51279,0.69989216,5.128529,7.251853,2.7875173,0.3843869,15.766383,6.460084,8.594651,11.627913,13.161684,15.138545,1.0673799514770508,7.251853,0.8872721,9.174572,6.6377225,4.1109376,0.6193295,19.128252,5.264372,7.6761227,13.771983,16.089338,18.099636,1.3050044775009155,6.6377225,1.2590024,12.832777,0.0554987,0.04421521,0.80364263,0.98117846,0.80364263,12.340689,13.889576,0.8884856
3e54n6o9,7.759892,8.806803,9.840785,10.594542,11.297017,13.293904,16.68781,1.8251739,7.6071563,1.136575,0.14940865,10.740674,7.4992504,8.270168,9.093531,9.6631,10.217479,-0.19529923796653748,7.6071563,0.5303037,3.9230833,7.289827,0.9857353,0.13522068,9.914313,7.166651,7.8365545,8.729451,9.204713,9.722542,0.43239012360572815,7.289827,0.47970593,4.3512254,8.298871,1.8199459,0.21930042,14.241489,8.463253,9.440186,10.20817,11.025622,12.883001,-0.27302148938179016,8.298871,0.74160427,9.611616,8.448978,1.8393703,0.21770327,16.68781,8.028079,9.248755,10.72731,11.9900055,14.975301,1.391992211341858,8.448978,0.8198709,10.8119335,0.021301588,0.008962786,0.9166495,0.8628057,0.8628057,14.896983,16.747849,0.8894864
jd3ih66w,6.8837976,7.8944125,9.404818,10.736812,12.406451,15.574733,20.362154,1.7963877,7.0287585,1.2675796,0.18034188,15.188069,6.8388925,7.3215647,7.8563566,9.449208,12.767891,2.6574087142944336,7.0287585,0.49516824,10.275296,7.113268,2.7709491,0.38954657,20.362154,6.6926346,7.9502134,10.275646,12.908041,16.93843,1.6510510444641113,7.113268,1.2364553,16.7983,7.0762763,1.2215487,0.17262591,13.869646,6.806656,7.65586,8.559951,9.187246,11.756033,1.7635670900344849,7.0762763,0.3690805,5.332066,7.5836453,2.5767696,0.33977982,20.081455,7.4028025,8.937144,10.121025,12.105953,16.921623,1.3751689195632935,7.5836453,0.8758076,15.2294655,0.005975761,0.034609262,0.99328494,0.93797475,0.93797475,14.142027,14.659922,0.96467274
51ob537q,9.001286,12.4861,16.647324,20.722752,22.807772,25.893372,29.140162,5.4394526,9.508465,3.0069492,0.31623918,18.70279,8.789801,11.262423,13.95969,15.515247,17.636879,0.8067255616188049,9.508465,1.0377457,10.149324,6.831691,2.2014334,0.32223845,15.42606,6.4546843,8.235425,9.832723,10.8594265,13.481659,0.8475906252861023,6.831691,0.9997582,7.5709906,14.685205,5.759287,0.39218292,29.140162,13.158112,18.773323,23.73668,25.707644,28.436779,0.7190666198730469,14.685205,1.8870354,18.674786,9.886599,3.7375388,0.3780409,25.148157,8.563683,12.236616,15.3784075,16.824406,20.611256,1.026707649230957,9.886599,1.2555331,14.169616,0.16381569,0.19528915,0.647486,0.6910052,0.647486,16.340157,24.571804,0.6649962
o4z533zs,8.714928,10.04771,11.596619,14.157113,16.29673,20.567919,29.542482,2.3550038,8.854158,1.7418242,0.19672385,20.338373,8.723867,9.605406,10.818917,11.48778,14.9326935,1.227482557296753,8.854158,0.69765794,15.609713,8.251195,2.1322863,0.2584215,21.103006,7.9141607,8.626738,10.130749,12.562935,16.939978,2.4893906116485596,8.251195,1.0133196,16.094631,9.209222,3.0474877,0.33091697,24.872644,8.425953,10.126352,12.744367,15.529092,20.672855,2.0169525146484375,9.209222,0.9901512,19.979715,10.084873,3.1565244,0.31299594,29.542482,9.608637,10.676348,12.386485,16.402636,24.039425,2.6031460762023926,10.084873,1.3275127,24.516771,0.035249982,0.045384426,0.9614448,0.8181754,0.8181754,17.105354,19.294094,0.88655907
mv30qabx,7.943198,9.430893,14.009197,19.14338,22.499973,26.97544,32.175568,2.5422468,7.9569483,2.2443771,0.28206506,20.213684,7.5190334,8.532457,10.359971,12.003817,17.028059,2.116363048553467,7.9569483,0.83539325,16.17069,8.618644,1.5920737,0.18472439,18.401367,8.52059,9.429551,10.326372,10.820984,13.791902,1.011345386505127,8.618644,0.65687954,13.882757,9.767798,5.8014607,0.5939374,31.41549,7.270929,10.787571,19.139315,23.206789,28.329287,1.7589751482009888,9.767798,1.7385685,28.079977,10.014548,5.090679,0.5083284,32.175568,8.296661,9.997692,17.88557,22.068245,28.271652,1.9792261123657227,10.014548,1.8602154,27.767448,0.03991987,0.012473236,0.8146102,0.86061233,0.8146102,16.575592,19.782347,0.8378982
w2eowlcf,8.927212,10.257788,11.744122,12.745814,13.651978,16.819317,23.559204,2.7830768,9.859452,2.201451,0.2232833,17.014248,10.226915,11.354772,12.334545,12.98916,13.848121,-0.5604862570762634,9.859452,0.8745464,13.126061,8.772198,1.759008,0.2005208,17.648733,8.818197,9.822081,10.996802,11.632534,13.20525,0.5228094458580017,8.772198,0.7267181,13.543308,8.549809,2.6353052,0.30822968,18.8706,8.436425,9.918303,11.668285,13.462715,17.704462,1.0174882411956787,8.549809,0.84797615,14.50598,8.836646,2.3561342,0.26663217,23.559204,8.548739,9.364688,10.477197,12.907406,19.672606,2.6765506267547607,8.836646,0.9671407,19.109543,0.05835525,0.016497705,1.153178,0.9927067,0.9927067,18.631649,17.386456,1.0716186
s8314y2l,7.3352175,8.452298,9.500356,10.077375,10.486671,11.208794,12.0440645,2.3781004,7.609693,1.6673384,0.21910718,12.0440645,7.5878086,8.650033,9.860963,10.525907,11.600843,0.21733804047107697,7.609693,0.7111117,4.5128613,8.067691,1.2339762,0.15295283,10.773783,8.002832,9.031573,9.806032,9.999265,10.453379,-0.07819223403930664,8.067691,0.58392,4.3971834,5.921679,1.9826831,0.3348177,10.953392,6.0148797,7.4084816,8.444666,9.159375,10.230093,0.0384925901889801,5.921679,0.8504878,8.106083,7.2725377,1.7981703,0.24725486,11.781082,7.3632536,8.362328,9.448996,10.107537,11.247911,-0.27406254410743713,7.2725377,0.721673,5.5471964,0.029213918,0.10238264,1.2850567,1.1093364,1.1093364,15.677383,13.194217,1.1882012
r0jy32ho,7.954777,9.474021,12.225465,16.86823,19.79232,25.213799,31.336271,2.6069317,7.7704973,2.1879735,0.28157446,21.438194,7.5371857,8.538696,10.049238,11.042381,16.867205,1.8727558851242065,7.7704973,0.9289315,17.211761,9.533068,2.50886,0.26317447,25.187654,8.990141,10.344034,11.688549,13.421109,20.206228,2.561694383621216,9.533068,1.1967808,19.812141,7.8849397,2.6363235,0.33434922,20.949444,7.004206,8.544411,11.089194,13.467857,18.598127,2.207014322280884,7.8849397,0.6328811,12.012699,10.362969,5.240646,0.5057089,31.336271,8.326799,10.324922,18.82261,23.292702,28.973999,1.9828822612762451,10.362969,1.7840571,24.601542,0.101861686,0.135798,0.985486,0.9199166,0.9199166,17.303566,18.24791,0.9482492
g585i87x,7.640578,8.631775,9.359814,9.708484,10.028982,10.667476,11.75602,2.0221872,7.426739,1.2898484,0.17367628,10.67516,7.3306303,8.273168,9.140623,9.673993,10.489235,0.12203792482614517,7.426739,0.64594823,6.1680264,7.669089,1.1883101,0.15494803,10.514058,7.8410397,8.42969,9.02755,9.422773,10.151797,-0.6676574945449829,7.669089,0.63954633,5.3833723,7.034667,1.4539654,0.20668575,10.022181,7.029505,8.178147,8.990898,9.293127,9.618624,-0.16269256174564362,7.034667,0.5521088,5.73788,7.992215,1.6760173,0.20970623,11.75602,8.283803,9.070061,9.722806,10.417006,11.231049,-0.812871515750885,7.992215,0.7491879,7.0119596,0.016054079,0.06372234,1.0557343,0.9595699,0.9595699,15.095828,15.026882,1.0045881
w69hzgop,8.723019,10.414537,14.524936,17.24556,18.840887,20.639387,22.709095,2.682548,8.934082,1.7523112,0.1961378,17.247133,8.55673,9.579876,10.795868,12.637593,15.161643,1.6548460721969604,8.934082,0.5580899,7.7275896,10.427099,3.6205337,0.3472235,21.32825,8.82993,12.192285,16.369408,18.271738,20.281685,1.2310651540756226,10.427099,1.2501571,12.853813,9.022591,1.9059577,0.21124284,16.120298,8.715709,10.075933,11.689958,13.053491,14.368051,0.8937768340110779,9.022591,0.47660038,6.0197206,10.66198,4.229877,0.3967253,22.709095,8.954895,13.045575,17.66147,19.689566,21.630335,1.1121975183486938,10.66198,1.2898347,13.933647,0.07711395,0.08328295,0.9901903,0.9779703,0.9779703,19.361181,19.68457,0.98357147
jdn8ezp7,6.0897765,7.3589754,8.640959,9.941987,10.914096,12.050417,14.726518,2.0009089,6.4902306,1.3711089,0.21125735,11.208193,6.493206,7.421856,8.246971,8.724606,9.832127,0.14710526168346405,6.4902306,0.5091812,4.351612,5.319634,0.8057861,0.15147397,8.426823,5.174589,5.8463,6.526689,6.80589,7.2913923,0.6330130696296692,5.319634,0.32924703,2.4742124,7.4574895,2.0853243,0.2796282,14.239093,7.317857,8.565776,10.8282585,11.518427,12.465171,0.666918933391571,7.4574895,0.8093779,9.287291,6.493099,1.5155634,0.2334114,14.726518,6.0187883,6.7982793,8.357096,9.74893,12.649878,2.2394750118255615,6.493099,0.5784548,10.10075,0.099120244,0.069129005,0.87029696,0.819275,0.819275,11.809864,13.950588,0.8465495
qyezg52k,8.262619,9.049298,9.887416,10.765773,11.427831,13.18339,15.929969,1.6274815,8.327207,1.2864783,0.15449098,11.921555,8.247057,9.181101,10.014579,10.64783,11.594264,0.29667168855667114,8.327207,0.5442384,4.2069855,7.881165,0.98012215,0.124362595,10.371827,7.8929315,8.6617,9.183925,9.397958,9.951531,-0.07382010668516159,7.881165,0.3997282,3.7366366,8.561247,1.964601,0.22947603,15.929969,8.417625,9.643158,11.009254,12.179506,14.502024,0.7574096322059631,8.561247,0.8940402,10.0727825,8.4179735,1.1356306,0.13490546,15.153971,8.368083,8.880876,9.478851,10.220198,12.994944,1.5062817335128784,8.4179735,0.45303968,8.571109,0.02751921,0.008438158,0.9726628,0.93623066,0.93623066,16.208372,16.979221,0.95460045
re4v9kyp,7.3971615,8.500953,9.857128,11.748538,13.382419,15.821287,18.965088,2.4321413,7.3145227,1.489717,0.20366564,16.320415,7.306858,8.084255,8.908883,9.571322,12.162291,1.0576142072677612,7.3145227,0.6513629,11.146356,5.8973913,1.4584141,0.24729817,14.417993,5.640822,6.520301,7.5237594,8.175277,11.712346,1.9489856958389282,5.8973913,0.4841895,8.371212,7.61544,2.6101823,0.34274873,18.710188,7.296957,8.45657,11.074031,13.058168,16.103367,1.1921446323394775,7.61544,0.9740241,13.829597,8.699555,2.2575524,0.25950205,18.965088,8.428055,9.341606,10.93044,13.6179285,16.842773,1.515762209892273,8.699555,0.84635484,13.379371,0.10726163,0.066449024,0.96048594,0.6778957,0.6778957,13.211914,16.314995,0.80980194
ofkjw6ny,7.540093,8.657255,9.667783,10.408919,10.941844,11.648737,13.395495,2.0344505,7.0008554,1.0359608,0.14797631,10.353739,6.9461017,7.622162,8.355447,8.935945,9.672498,0.4290600121021271,7.0008554,0.4611998,3.434761,8.517387,1.5521759,0.18223615,12.095317,8.489203,9.668529,10.60689,11.348523,11.831596,0.17496897280216217,8.517387,0.7297665,4.1213574,7.6432586,1.3183563,0.17248616,12.474406,7.5495524,8.343969,9.400404,10.168039,11.10284,0.4277285635471344,7.6432586,0.592377,5.430145,7.743349,1.7846292,0.23047252,13.395495,7.913814,8.9315605,9.821861,10.6141205,11.774989,-0.0017556247767060995,7.743349,0.56053996,6.6684227,0.09772575,0.00650504,0.91595167,1.0999616,0.91595167,15.518243,15.386608,1.0085552
qaelyyzz,8.580297,9.809197,11.899785,14.877975,17.914148,22.815847,30.673178,2.2279239,10.63655,4.108324,0.38624594,30.673178,9.241692,11.405373,15.9906025,20.09489,26.682013,2.208427906036377,10.63655,1.4993024,22.336536,8.705505,3.6983314,0.42482674,27.638535,8.1401415,10.027402,12.107768,15.57788,23.63372,1.8516817092895508,8.705505,1.5498223,18.846588,8.736527,1.9924885,0.22806412,21.30489,8.590624,9.426294,10.316777,11.7336855,16.913933,2.0624191761016846,8.736527,0.7098036,9.823975,8.389384,1.957924,0.23338114,22.483484,8.271608,9.156433,10.263533,11.251276,16.205166,1.8694534301757812,8.389384,0.8271808,14.171224,0.09983657,0.020270055,1.2174803,1.0376811,1.0376811,19.342056,17.125912,1.129403
0jdcli69,7.538995,8.711793,9.930681,10.999478,12.210526,14.697365,18.753933,2.1227756,7.47652,1.3616633,0.18212529,13.041584,7.3178062,8.495712,9.180631,9.680387,11.305421,0.6391304731369019,7.47652,0.70808923,8.164215,7.833368,1.6314462,0.20826882,13.763944,7.5201464,8.733568,10.007,11.040175,12.530964,0.7146626114845276,7.833368,0.8727067,9.260342,7.97559,2.367183,0.29680347,17.437311,7.461645,9.1241665,10.773324,13.0120325,15.691952,1.12611722946167,7.97559,0.9854316,14.639732,7.9818053,2.0214775,0.25326067,18.753933,7.8418527,8.7978,9.915643,11.347842,15.800797,1.438991904258728,7.9818053,0.8804054,15.792273,0.02330832,0.00038948056,0.9374253,0.981403,0.9374253,15.309888,15.957396,0.9594227
78v0bjwk,17.28083,19.481241,21.634005,23.489698,24.917757,27.465725,34.02409,4.1484222,16.195532,2.3516357,0.14520274,23.094072,16.019527,17.965548,19.304457,20.210186,21.787235,0.23970817029476166,16.195532,0.8006566,5.0261736,16.716341,2.4346762,0.14564648,22.774717,16.582014,18.5893,20.043432,20.62694,21.589703,-0.013715783134102821,16.716341,1.1967075,6.759342,17.055035,2.7528732,0.16141118,26.033377,16.857885,18.8586,20.88639,21.917322,24.026001,0.37927931547164917,17.055035,1.2153294,13.731446,19.828714,3.703037,0.18675125,34.02409,19.463284,21.824638,24.461794,26.647724,30.519077,0.6055948138237,19.828714,1.9288014,22.234127,0.015824355,0.07520059,0.94960415,0.84303707,0.84303707,32.911873,36.88375,0.8923136
on8uujs7,9.066122,11.787437,15.283467,17.296074,18.315275,20.70368,23.402365,4.0103626,8.347991,1.7221533,0.20629553,15.277649,8.163582,9.255855,10.498017,11.506273,14.173883,1.031270146369934,8.347991,0.48441762,5.2481546,8.692481,1.8895205,0.21737413,15.307216,8.3758335,9.422964,11.446134,12.646538,14.248243,0.9717369079589844,8.692481,0.60875916,6.2393713,10.786768,2.819978,0.26142937,18.003307,10.662184,12.793811,14.727758,15.997919,16.98683,0.2674735486507416,10.786768,0.8337654,7.100342,12.180425,4.2831416,0.35164142,23.402365,11.337479,15.573593,18.299898,19.84795,22.097488,0.5550634264945984,12.180425,1.3885483,15.654081,0.020215992,0.060680322,0.77391034,0.7136435,0.7136435,17.040472,22.967194,0.74194837
5eltfebe,8.895756,9.864392,12.189623,14.926324,16.779032,19.69001,22.883068,1.6306448,9.31176,1.398976,0.15023755,16.746407,9.088371,9.89218,10.993015,11.643219,14.058051,1.2333885431289673,9.31176,0.5256268,10.955693,9.108372,1.647472,0.18087448,17.811409,8.825007,9.682015,10.613627,12.286701,15.316301,1.964168906211853,9.108372,0.713687,12.0292015,9.509663,2.1759343,0.228813,18.15663,8.99001,10.094173,12.464982,14.353699,17.043999,1.5735949277877808,9.509663,0.69882613,11.075808,10.000411,3.5600197,0.35598734,22.883068,8.672782,9.991621,16.113,18.829062,21.639719,1.8540047407150269,10.000411,1.2834513,15.9808655,0.011041626,0.025153589,0.9791893,0.91079974,0.91079974,18.420132,19.510075,0.94413435
5407k5w1,7.9533715,9.142778,11.353785,13.595422,15.442658,18.367912,22.15318,2.198822,7.609047,1.2228818,0.1607142,11.083458,7.652149,8.459981,9.058159,9.399005,10.427685,-0.25168052315711975,7.609047,0.5329681,5.71122,7.8462543,1.073426,0.13680744,10.854214,7.734006,8.442744,9.278302,9.801771,10.45751,-0.061667196452617645,7.8462543,0.55540544,5.430089,9.029061,2.7967033,0.30974463,20.486528,8.582262,10.466143,12.663945,14.531138,17.869814,1.1466201543807983,9.029061,0.9427694,12.535664,9.169561,3.3566668,0.36606625,22.15318,8.347813,10.283983,14.107732,16.746588,20.215069,1.4436697959899902,9.169561,1.2175375,12.979749,0.015347964,0.007720368,0.84272844,0.8556848,0.84272844,15.455301,18.198624,0.8492566
jl6l91f4,7.749655,9.014392,10.986013,13.378989,15.375567,19.482012,26.97873,2.284165,7.517629,1.509724,0.20082448,16.420557,7.119854,8.045179,9.247401,10.517204,12.915476,1.7655290365219116,7.517629,0.54673475,12.658256,7.049891,1.6688396,0.23671849,16.055592,6.581211,7.4732833,9.327609,10.707337,13.043826,1.9072617292404175,7.049891,0.681127,12.446161,8.826236,2.715925,0.30771044,26.406363,8.306663,9.291042,11.170874,14.144375,20.297747,2.7531847953796387,8.826236,0.844036,22.133966,9.489692,3.2311592,0.34049147,26.97873,8.674541,9.924486,13.885105,16.856411,21.655983,2.0358707904815674,9.489692,1.4221665,22.654991,0.03210829,0.036222897,0.8517367,0.7428999,0.7428999,14.56752,18.315928,0.7953471
x2bfibjz,6.591838,7.7271714,9.153734,11.164466,12.953527,15.530703,20.261066,2.0108652,6.2525105,1.1586367,0.18530743,12.801791,6.0854425,6.7999935,7.7152996,8.353196,9.732335,1.2151395082473755,6.2525105,0.42597935,4.8695326,5.543924,0.9835438,0.17740934,10.7613945,5.3990946,6.118396,6.7882032,7.258064,8.405858,0.8913449645042419,5.543924,0.34643596,3.3595676,8.15576,2.446551,0.29997832,20.261066,7.5704317,8.656607,10.675281,13.863314,18.205519,2.2211055755615234,8.15576,0.9629837,14.279646,7.7585163,2.263592,0.2917558,18.30405,7.127481,8.32715,10.855464,12.986169,15.797136,1.77676260471344,7.7585163,0.9958193,11.816395,0.06006787,0.024961457,0.7666374,0.7145598,0.7145598,11.796434,15.914276,0.74124855
p97bmzrr,9.300663,10.481894,12.326256,13.959068,15.171046,17.874777,21.554893,2.413206,8.992157,1.1406609,0.12685063,12.31475,8.989689,9.862752,10.441666,10.711714,11.656704,0.04326590150594711,8.992157,0.47417036,3.7331023,7.382525,1.3377103,0.18119955,11.408557,7.232805,8.311762,9.3105545,9.734606,10.607489,0.5154550075531006,7.382525,0.56489724,5.0805125,10.197873,1.7832125,0.17486122,16.81331,9.821922,10.931871,12.709401,13.769711,15.748594,1.1292684078216553,10.197873,0.6103052,7.5702925,10.842228,2.8267982,0.26072115,21.554893,10.357929,11.967358,14.749497,16.847282,19.794353,1.0821173191070557,10.842228,1.0180302,12.965376,0.09830005,0.030625083,0.88176787,0.6809048,0.6809048,16.374681,21.0401,0.77826065
45ed5ggs,8.921597,9.936689,10.971907,11.578418,11.927548,12.558796,13.111763,2.218236,8.761631,1.0933986,0.124793954,11.134019,8.872997,9.492012,10.116639,10.513622,10.943029,-0.42294496297836304,8.761631,0.4102668,3.9682713,8.745314,1.6935965,0.1936576,12.022186,8.737988,10.12786,11.032465,11.44163,11.920886,-0.041465453803539276,8.745314,0.6078991,5.524887,9.861213,1.3999975,0.14197011,13.111763,9.854693,10.64114,11.803079,12.43432,12.892668,-0.13931602239608765,9.861213,0.48696142,6.4833035,8.260249,1.7232904,0.20862451,13.096634,7.9567766,9.296818,11.030381,11.482421,12.346429,0.5133191347122192,8.260249,0.44068336,6.580562,0.0009320511,0.08834627,0.88849425,1.0587227,0.88849425,17.506945,18.121462,0.966089
j6vv8suo,6.901383,8.586191,10.733084,12.550209,14.23156,17.154987,25.794521,2.7902226,6.9637737,1.8565844,0.2666061,16.566538,6.7060413,7.705139,9.251845,10.518666,12.94212,1.0841714143753052,6.9637737,0.6768972,13.563349,7.89175,3.094375,0.3921025,19.641771,6.8998766,9.496411,12.731409,14.357538,16.783453,1.104059100151062,7.89175,1.3748,15.197039,7.5221634,2.3756838,0.31582454,17.880089,7.399092,8.808926,10.346211,11.489474,15.008149,0.7192039489746094,7.5221634,0.9899434,14.7120695,7.6613855,3.2289283,0.42145488,25.794521,6.7383943,8.782703,11.351716,14.093167,20.748016,2.052588701248169,7.6613855,1.1973763,21.89894,0.062466737,0.009169276,0.9257674,1.0300683,0.9257674,14.855524,15.183549,0.97839606
c1y5ayyo,8.330367,9.371267,10.427392,11.467784,13.521713,17.10238,21.700962,2.0164547,8.165675,1.2571253,0.15395239,12.762266,8.100964,8.967601,9.806048,10.444827,11.10667,0.2832079827785492,8.165675,0.57648724,6.1666355,8.639578,1.1336241,0.1312129,12.094937,8.628208,9.430773,10.020695,10.447294,11.058609,-0.02356283739209175,8.639578,0.6331027,6.1275864,8.885382,2.3225656,0.26139176,21.700962,8.484474,9.614373,11.066306,13.418355,18.19752,1.825443148612976,8.885382,0.93755937,17.564274,8.516641,2.7221708,0.31962964,21.423443,8.12543,9.557366,11.085134,14.181487,18.856598,1.6629409790039062,8.516641,1.3374825,17.53679,0.028199678,0.02118955,0.91900104,1.0144349,0.91900104,16.805252,17.402023,0.96570677
v84fc3xq,8.648926,9.955534,10.872721,11.353297,11.774193,12.524916,14.757014,2.262393,8.059322,1.2738234,0.15805589,11.324285,7.816491,8.926683,9.976024,10.444742,11.030214,0.5072465538978577,8.059322,0.5453758,4.244224,8.701738,1.1453636,0.13162468,11.465099,8.423406,9.484598,10.514393,10.846287,11.343594,0.5071909427642822,8.701738,0.522558,3.8473153,9.401411,1.5713254,0.16713719,12.832197,9.687939,10.5321865,11.281942,11.769137,12.420759,-0.30521509051322937,9.401411,0.6328883,6.5094905,9.193982,1.5226393,0.1656126,14.757014,9.009387,10.244776,11.285026,11.889163,13.493427,0.6423713564872742,9.193982,0.77096236,7.106811,0.038327884,0.011154856,0.85724604,0.94646025,0.85724604,16.76106,18.595394,0.9013555
8va8x8l0,8.488237,9.811132,10.808182,11.363633,11.84505,12.632674,15.734508,2.4720764,8.947472,1.9699614,0.22016962,12.987207,9.088007,10.415758,11.339836,11.887561,12.60037,-0.4369661509990692,8.947472,0.73882973,6.3467064,7.5831666,1.4948964,0.19713353,11.89156,7.6377993,8.598246,9.500927,9.949027,10.762542,-0.11002262681722641,7.5831666,0.59727186,6.425036,9.063999,1.6951292,0.1870178,13.799003,9.4063015,10.327087,10.958472,11.24405,12.597835,-0.4164920449256897,9.063999,0.7038005,7.8612623,8.127241,1.8995149,0.23372199,15.734508,8.236666,9.156324,10.252845,11.281465,13.4798,0.22663870453834534,8.127241,0.8570966,10.584467,0.08253191,0.05449043,0.98714393,0.93305546,0.93305546,16.530638,17.19124,0.9615733
08uhbxlb,8.51075,9.652712,10.78204,11.326963,11.85102,13.008648,15.773378,2.506174,7.8465433,2.2331333,0.2846009,12.070474,8.235568,9.546241,10.470884,10.909532,11.635005,-0.5145130157470703,7.8465433,0.81584316,5.7684374,7.5896873,2.2174082,0.2921607,12.152308,8.296285,9.179234,9.812302,10.199859,11.290544,-0.774080216884613,7.5896873,0.9550791,7.4335833,9.049604,1.4244293,0.15740238,15.515503,8.829898,9.896858,10.872299,11.39502,13.26562,0.7364034652709961,9.049604,0.58118963,7.6432967,8.505562,2.2538822,0.26498923,15.773378,8.523865,10.105778,11.300723,12.328793,13.773404,0.1426905244588852,8.505562,1.0022287,9.368372,0.016639812,0.030990455,0.86705923,0.8923205,0.86705923,15.436231,17.555166,0.87929845
c8nog85d,5.9558263,8.471554,10.303329,11.625108,14.099768,21.66248,31.494106,4.305111,6.6327634,2.8611956,0.4313731,16.96827,6.210865,8.917391,10.57212,11.574613,13.091105,0.47251901030540466,6.6327634,0.84647083,7.6516533,4.671637,2.074521,0.44406727,11.651683,4.2529893,5.73334,8.041037,8.84865,10.217379,0.8829696178436279,4.671637,0.76954657,8.393019,8.96216,4.9685755,0.55439484,31.494106,7.7570443,9.837151,15.495927,20.67346,28.054964,2.090317487716675,8.96216,1.7672029,22.678783,6.121626,2.394944,0.39122677,17.054663,5.628274,8.011251,9.40134,10.108258,11.640005,0.631470263004303,6.121626,1.0548091,9.748925,0.17348345,0.18831706,0.74008536,0.7631366,0.74008536,11.3044,15.083786,0.7494405
4f2k1xer,8.264538,9.190686,10.134122,10.673125,11.0116625,11.533752,12.227292,2.3504496,7.8259735,2.2542834,0.28805152,12.209487,8.501513,9.358832,10.275832,10.810133,11.650924,-0.6602046489715576,7.8259735,0.96657246,8.73475,6.8131223,2.327217,0.34157866,11.610616,7.2584877,8.745563,9.427171,9.875066,10.71682,-0.35327041149139404,6.8131223,0.9957083,7.773921,8.5499,1.527238,0.17862642,12.227292,8.689057,9.612845,10.433222,10.874585,11.653535,-0.2703454792499542,8.5499,0.58609873,4.1298423,8.140783,1.3323101,0.16365871,11.956764,8.125635,8.973805,9.884274,10.398502,11.4046545,0.13795329630374908,8.140783,0.61343414,4.837696,0.0691881,0.024511684,0.9153292,0.8369124,0.8369124,14.639095,16.690683,0.8770819
p3lyex3s,8.415689,9.698889,12.113279,15.421951,17.637268,20.615532,25.933939,2.2987175,8.47849,1.4623094,0.17247285,15.423497,8.165396,8.846577,10.319338,11.61563,13.966373,1.7320157289505005,8.47849,0.4946835,6.9257174,7.838148,1.4947814,0.19070594,12.213945,8.104601,8.721524,9.513652,10.089127,11.583838,-0.04883863404393196,7.838148,0.6788242,6.5550094,10.96254,4.053151,0.36972737,25.933939,9.4670925,12.276254,17.848778,19.958227,22.822502,1.359300136566162,10.96254,1.2518134,17.11837,8.659135,2.9181201,0.33699903,23.81602,8.4629135,10.032884,12.015379,13.724913,18.744354,1.3230676651000977,8.659135,1.0686094,12.50327,0.03924471,0.11739084,0.7734056,0.9051884,0.7734056,16.316639,19.621674,0.83156204
r5rup13w,8.947814,10.255108,12.519641,15.470137,17.552559,21.852592,28.120333,2.4102864,10.253584,3.0037131,0.29294276,26.067528,9.261017,10.703952,14.471146,16.881948,21.202757,2.0616705417633057,10.253584,1.213401,19.102695,8.169496,1.8653207,0.22832753,20.280424,8.030325,9.178987,9.934099,10.449432,15.121663,1.849722981452942,8.169496,0.97347987,13.888742,10.739586,3.614589,0.3365669,28.120333,9.6565485,11.422697,15.010196,18.286493,25.736977,2.315591335296631,10.739586,1.2026004,21.61179,8.66798,2.364948,0.27283728,25.545065,8.562701,9.96042,11.16214,11.908022,17.340614,1.852386236190796,8.66798,0.9017684,19.031271,0.11312377,0.106742166,0.95474666,0.94249123,0.94249123,18.42308,19.407566,0.9492731
ppbmqiyf,7.932722,8.823917,9.67983,10.406309,10.96531,11.729479,13.583217,1.6949182,7.761702,1.12648,0.14513311,9.974843,7.880192,8.613381,9.074461,9.284092,9.536671,-0.7756929993629456,7.761702,0.53055716,4.4908223,7.505917,1.0098433,0.13453963,9.7580595,7.5068154,8.293201,8.869798,9.010885,9.458285,-0.1984725445508957,7.505917,0.34833518,4.426478,8.01787,1.5155729,0.18902437,12.4890375,7.7980003,8.9266815,10.1565075,10.794744,11.897437,0.5102771520614624,8.01787,0.5221743,4.635271,8.46114,1.5050799,0.17788146,13.583217,8.333902,9.465085,10.430892,11.120018,12.168494,0.3189966380596161,8.46114,0.6309135,6.2912936,0.01675343,0.02689905,0.96805036,0.88710475,0.88710475,15.267619,16.47901,0.9264889
rwskp6rf,10.223892,11.539949,16.255272,21.661242,25.073933,30.973587,38.930534,2.298399,10.02134,1.3765728,0.13736415,20.116848,10.066786,10.795544,11.36557,11.778454,14.692827,1.3077096939086914,10.02134,0.5867837,10.8062935,9.121457,1.8986843,0.20815581,19.749708,9.082829,10.05769,11.064558,12.435367,15.267587,1.1743685007095337,9.121457,0.7363592,11.141591,12.49104,4.6914864,0.37558812,34.62767,10.953049,12.518875,19.095152,23.853054,30.986559,2.276784658432007,12.49104,1.3658313,25.577885,13.286229,5.9524612,0.44801736,38.930534,10.749912,14.482559,22.553263,26.51468,34.390026,1.876847267150879,13.286229,2.385292,30.101017,0.047008973,0.030848455,0.8022823,0.6865347,0.6865347,19.142797,25.77727,0.74262315
e64skbcb,7.757432,8.715054,9.591476,10.433748,11.151925,13.0625,16.776806,1.8392162,7.2200036,1.3226244,0.18318889,9.268904,7.5066547,8.189446,8.585386,8.843604,9.114624,-1.0814311504364014,7.2200036,0.4860385,6.076952,7.6235485,1.2843503,0.16847146,11.121583,7.6141753,8.416485,9.192823,9.760076,10.552122,-0.2793484628200531,7.6235485,0.57628363,5.0704894,7.501806,1.8270086,0.2435425,14.249399,7.2909684,8.445047,9.781941,10.581301,12.837208,0.38625621795654297,7.501806,0.77490306,11.010836,8.588721,1.8354653,0.21370646,16.776806,8.598183,9.418276,10.537915,11.7772875,14.478044,0.5982387065887451,8.588721,0.983331,11.649073,0.027186546,0.067550026,0.9624354,0.88762325,0.88762325,14.843552,16.090527,0.9225025
dpdxujjc,9.50271,10.581621,11.775971,12.881263,13.774287,15.920367,18.048828,2.0910215,9.756276,1.6324188,0.16731986,13.335504,9.878235,10.991045,11.800459,12.327194,12.939463,-0.1340612918138504,9.756276,0.7126334,5.086843,8.608149,1.1179372,0.12986964,11.849585,8.58795,9.321508,10.039288,10.561812,11.356659,0.15059047937393188,8.608149,0.48935792,3.9704475,10.364907,1.9176269,0.18501148,18.048828,9.884674,10.911329,13.1449795,14.428502,16.916292,1.5566476583480835,10.364907,0.73918754,7.9084435,9.678015,1.8708671,0.19331105,17.711067,9.540304,10.498676,11.660173,13.394191,16.042286,1.0896345376968384,9.678015,0.6899867,7.5727663,0.06251911,0.034271076,0.94127965,0.88945395,0.88945395,18.364426,20.042923,0.9162549
sexggoc5,9.00864,10.035035,12.330589,14.491714,15.993724,18.325293,21.245518,2.1027694,9.238645,2.0566928,0.22261846,15.897866,8.963619,10.114106,12.157118,13.526361,15.3626175,0.8951365351676941,9.238645,0.7352958,8.436953,9.438933,2.682759,0.2842227,19.95094,8.832615,10.211387,13.157403,16.01536,18.405869,1.5750384330749512,9.438933,1.0880866,13.980629,9.327349,1.6510485,0.17701156,15.953555,9.21848,9.909236,10.957942,12.73973,15.261821,1.287011742591858,9.327349,0.5013158,9.5118475,9.499758,3.0318305,0.31914818,21.245518,8.988078,10.111258,13.721665,16.925611,19.544651,1.564019799232483,9.499758,1.0322468,15.536263,0.0107234875,0.009157491,0.9904899,0.99359727,0.9904899,18.677578,18.827106,0.9920578
kvqywj85,6.2340775,7.4866686,8.266852,8.984116,9.687227,11.685758,15.444429,2.4639869,6.5012507,1.4488815,0.22286196,10.735154,6.426244,7.6607704,8.303455,8.804352,9.877392,0.1606994867324829,6.5012507,0.5464198,4.7745066,6.1623626,1.6229125,0.26335883,8.901167,6.6918793,7.4423866,7.9818993,8.228757,8.523688,-0.6118039488792419,6.1623626,0.6943971,5.0057325,6.659883,2.1659293,0.32522032,15.444429,5.953226,7.673637,9.636271,11.368849,13.642236,1.3351935148239136,6.659883,0.8836459,11.531254,5.7822676,1.7965621,0.310702,10.2570095,5.912239,7.318885,8.005276,8.41308,9.470575,0.003401132533326745,5.7822676,0.75835884,6.577653,0.02676078,0.070535675,0.9761809,1.0657346,0.9761809,12.663613,12.44215,1.0177994
gg0v5dta,10.157711,11.687919,12.781919,13.461975,13.815797,14.243577,15.085481,2.8511438,10.088751,1.5998709,0.15857968,14.308345,9.891295,11.294498,12.365329,12.835403,13.75259,0.3225180208683014,10.088751,0.5823456,4.530979,10.567486,1.7230308,0.16305022,14.948766,10.601859,11.747988,12.67999,13.440314,14.236005,-0.19134820997714996,10.567486,0.7173334,7.9665236,9.254183,1.3963448,0.15088797,12.551256,9.3029175,10.286221,11.10713,11.44189,12.070796,-0.13852517306804657,9.254183,0.50843966,5.9591246,10.902766,2.3173783,0.21254957,15.085481,11.518742,12.655862,13.580302,13.989609,14.436898,-0.5631971955299377,10.902766,0.8129464,7.4679956,0.023176292,0.081787355,1.0901828,0.9692481,0.9692481,20.656237,20.156948,1.02477
egry58vr,7.336858,8.918609,10.745307,11.959344,12.627134,13.584825,15.028453,2.847128,6.46464,1.1109018,0.1718428,9.394457,6.3148155,7.2552514,8.134049,8.456962,9.040959,0.4157285690307617,6.46464,0.47644717,3.4930882,7.5554633,1.7560859,0.23242597,12.307041,7.145358,8.806301,10.059306,10.845576,11.734296,0.5469703674316406,7.5554633,0.5347341,5.7588677,7.1958857,1.6953275,0.23559679,11.115856,7.1796794,8.494371,9.475739,10.057906,10.800687,0.15618625283241272,7.1958857,0.5650279,5.197809,9.313579,2.3054733,0.24753894,15.028453,9.086434,11.097928,12.617865,13.287257,14.07702,0.22264525294303894,9.313579,0.86031413,7.9187446,0.077804215,0.12827145,0.89838004,0.81123096,0.81123096,14.020103,16.509464,0.84921616
w9myyoke,9.328653,10.638393,11.760446,12.446211,13.00919,14.468496,16.971231,2.6931157,9.29396,1.7428758,0.1875278,16.386461,9.027686,10.422698,11.573597,12.203934,14.480543,0.7881938219070435,9.29396,0.68156886,8.571575,9.024773,1.6393483,0.18164982,13.134393,8.906068,10.364949,11.2441635,11.752924,12.541426,0.19250600039958954,9.024773,0.849575,5.750273,10.182788,1.9847025,0.19490758,16.971231,10.144537,11.464518,12.743172,13.693341,15.688945,0.5334932804107666,10.182788,0.7465704,8.301845,8.993997,1.9191833,0.21338493,13.610351,9.2264805,10.394265,11.371592,11.904416,12.852546,-0.25212404131889343,8.993997,0.89617115,6.9628906,0.014694628,0.06199117,0.9127127,1.0034218,0.9127127,18.318733,19.176785,0.95525575
aea84hxx,9.13635,10.267797,11.41486,12.333273,13.540912,15.505982,17.67978,2.3272147,8.950333,1.4041929,0.15688723,12.660986,8.823385,10.026557,10.892255,11.312601,12.116099,0.21951010823249817,8.950333,0.47901496,2.03408,8.066766,1.5597433,0.19335423,11.742447,7.8691645,9.243606,10.322573,10.767173,11.40489,0.250440388917923,8.066766,0.568192,4.031098,10.172232,1.7878556,0.17575845,17.081814,10.058894,11.086515,12.189213,13.591693,15.72152,0.6128070950508118,10.172232,0.7227001,10.794338,9.498206,1.9730761,0.20773144,17.67978,9.209963,10.099743,11.863164,13.84125,16.037754,1.431086778640747,9.498206,0.70762986,10.5295105,0.051922303,0.034265917,0.87987894,0.8492936,0.8492936,17.017097,19.670437,0.8651103
pw2gkqra,16.651665,19.375662,22.492533,24.274288,25.12165,26.323425,28.10004,5.2673216,17.637606,3.5528445,0.20143576,27.279354,17.558086,19.597548,22.634096,24.328726,26.392422,0.33441972732543945,17.637606,1.1064202,10.785316,17.262316,2.2736464,0.13171154,25.874655,17.24212,18.841166,19.828066,20.98729,23.97986,0.4545811414718628,17.262316,0.89220864,5.076708,16.082188,4.360525,0.27114004,27.311249,15.176809,19.053543,22.500223,24.247974,26.159006,0.5722467303276062,16.082188,1.3385504,14.554728,16.959515,4.405462,0.25976345,28.10004,16.202587,20.047089,23.462471,25.053799,26.845602,0.43316397070884705,16.959515,1.5841501,14.578251,0.010753317,0.02655211,1.0967168,1.0178543,1.0178543,34.89992,33.041702,1.0562387
ffz8q4vh,9.486789,11.200952,16.706566,21.57866,24.57532,29.20921,33.449646,2.6350317,9.281026,1.6661615,0.17952342,20.789167,9.130415,9.784395,10.580815,11.91781,16.71729,2.5816261768341064,9.281026,0.63224816,13.53664,9.801244,2.517801,0.25688586,23.576721,9.262719,10.721676,12.237216,14.204183,20.246653,2.1939051151275635,9.801244,0.9338664,15.935917,10.94491,4.05117,0.3701419,27.596525,9.335755,11.497978,16.80893,20.824194,25.575993,2.020556688308716,10.94491,1.1271255,17.654976,13.298127,6.20121,0.46632206,33.449646,10.565617,15.398239,23.70676,27.34715,31.428148,1.464171290397644,13.298127,2.455557,25.430603,0.027261846,0.09706775,0.84797645,0.7370394,0.7370394,19.08227,24.243038,0.7871237
u4bawz94,6.2876854,7.7782784,10.794642,14.422699,15.993568,18.767193,21.131334,2.416048,6.6156626,1.3223919,0.19988805,11.049226,6.3766146,7.441909,8.529509,9.132824,9.79892,0.5033559203147888,6.6156626,0.49871144,5.8720794,5.535355,1.1931977,0.21555938,10.84326,5.3624344,6.2197943,7.193791,7.79231,8.906487,1.0451830625534058,5.535355,0.53376114,5.691817,8.68384,3.6762764,0.42334688,20.181063,7.5309024,10.315786,14.667073,16.914476,19.058672,1.215851902961731,8.68384,1.0725216,14.731529,7.521218,3.559338,0.4732396,21.131334,6.174301,7.8797245,12.9623785,15.958406,20.036053,1.9235270023345947,7.521218,1.1602057,15.330257,0.08890674,0.07174439,0.7618361,0.73596525,0.73596525,12.151018,16.205057,0.74982876
0vtkrrvw,7.015149,8.2085285,9.38742,10.231876,11.304871,12.786913,16.062206,2.1718125,7.6027203,1.1477727,0.15096869,10.663708,7.445216,8.413958,9.204899,9.639641,10.228619,0.33145686984062195,7.6027203,0.45312753,4.9144363,6.2482142,1.638089,0.26216915,10.59037,5.876953,7.3523154,8.701804,9.3877735,10.212399,0.58648282289505,6.2482142,0.62867856,5.3295507,7.6010685,1.6911739,0.2224916,13.079436,7.1456203,8.284896,10.269303,11.463691,12.658411,1.2424860000610352,7.6010685,0.55644,6.6894774,7.147188,2.1058226,0.29463652,16.062206,6.770964,8.24761,9.590689,11.437284,13.986001,1.1415083408355713,7.147188,0.752574,10.33929,0.097791664,0.030775184,1.0002173,0.8742199,0.8742199,13.850935,14.748257,0.9391574
y3rztplc,7.553865,8.817234,10.109497,11.600076,12.882594,15.185193,18.636293,2.230729,8.647577,2.4303646,0.28104573,18.481483,7.8785853,9.500325,12.318942,13.944599,16.743652,1.4927725791931152,8.647577,0.86872727,12.218789,7.4762373,2.3678763,0.31672034,18.636293,6.70584,7.8521056,10.751812,12.788746,16.27413,1.9461579322814941,7.4762373,0.8550472,12.705699,7.5863748,1.3566382,0.17882562,11.766967,7.4918036,8.641856,9.3761835,9.953831,10.822664,0.3537464737892151,7.5863748,0.49131936,4.997731,7.859388,1.3129187,0.167051,11.606452,7.7848134,8.862878,9.654099,10.079351,10.483179,0.05109195038676262,7.859388,0.47501644,5.781834,0.07264659,0.0176756,1.1398827,0.9512493,0.9512493,16.123814,15.445763,1.0438988
6prr7mza,7.29547,8.845701,10.006487,10.5657015,10.906498,11.828131,14.349628,3.1333737,7.432751,1.8235933,0.24534567,13.108876,7.2647038,8.6785555,9.834738,10.666424,12.049264,0.3004589080810547,7.432751,0.6497969,5.6226635,7.76676,2.056649,0.2648014,12.247056,8.012032,9.46714,10.211985,10.54951,11.531222,-0.3179803788661957,7.76676,0.88745224,6.1844416,6.6324105,2.0771816,0.31318653,14.349628,6.573658,8.136208,9.12638,10.012754,11.903938,0.23577529191970825,6.6324105,0.8171702,8.5488615,7.282832,2.2864435,0.31394976,12.578737,7.517129,9.09867,10.184105,10.720513,11.784477,-0.13740305602550507,7.282832,0.8722748,6.304485,0.021974964,0.046741664,1.1206712,1.0664477,1.0664477,15.199511,13.915243,1.0922921
kgmih6mv,6.8625216,7.5662355,8.17639,8.626661,9.089959,9.8063135,10.956928,1.4910975,7.0145326,1.4257003,0.20324951,10.956928,7.03792,7.806305,8.996361,9.482369,10.226045,0.02311120554804802,7.0145326,0.63194954,6.0418515,6.3857026,1.2094932,0.18940644,10.105034,6.472881,7.258906,7.9172664,8.335885,9.082579,0.0379386730492115,6.3857026,0.54980123,4.859874,6.9643126,0.95744675,0.137479,9.640566,7.0210595,7.675334,8.034281,8.362211,9.050372,-0.3308396339416504,6.9643126,0.36678922,3.6635728,6.675065,1.0559808,0.15819784,9.264416,6.7857733,7.4724627,7.9849896,8.23405,8.570142,-0.3162124454975128,6.675065,0.4204803,3.4550304,0.046926785,0.021206796,1.0072111,0.95665026,0.95665026,13.400235,13.639378,0.98246676
4xekz83y,7.8136587,8.970064,10.209655,12.094492,14.59618,18.908075,26.574379,2.4530072,7.860023,1.7367803,0.22096376,18.349154,7.8884883,8.809935,9.641328,10.305305,13.365045,0.7413018345832825,7.860023,0.7102995,15.140096,7.381466,1.8384687,0.24906552,18.410154,7.2048874,8.268411,9.207001,10.227445,14.083572,1.6129101514816284,7.381466,0.8199419,15.385506,8.376975,2.7829006,0.3322083,24.35724,8.345921,9.32547,10.556225,13.270448,19.234875,1.9458993673324585,8.376975,1.0105729,21.141071,8.446553,3.1013956,0.36717883,26.574379,7.7676992,9.21467,11.49913,15.07069,21.139822,2.3839316368103027,8.446553,1.2922622,23.091892,0.031398315,0.0041357656,0.9382889,0.87390274,0.87390274,15.241489,16.823528,0.9059627
0224wk0y,6.9435234,7.6576304,8.161805,8.5145,8.697573,9.180406,10.282742,1.5465541,6.1547303,1.097929,0.17838784,8.970052,6.202482,6.9290404,7.5946965,7.89505,8.459544,-0.09857471287250519,6.1547303,0.38976374,1.9969015,6.5647635,1.0858487,0.1654056,9.263646,6.44562,7.3318415,8.134609,8.4541855,8.882939,0.21369944512844086,6.5647635,0.48919186,3.4385605,6.886509,0.8186263,0.11887392,8.162493,7.084229,7.5116076,7.7574124,7.910224,8.064334,-0.8958249688148499,6.886509,0.2811696,2.1461148,7.613939,0.8384812,0.1101245,10.282742,7.687619,8.137161,8.62347,8.932612,9.585516,-0.12471748143434525,7.613939,0.3010228,2.9833283,0.0322366,0.050166026,0.8937374,0.86220336,0.86220336,12.719494,14.500448,0.8771794
ehvdo9kh,7.363413,8.240511,9.1189165,9.559525,9.955588,10.384232,11.151189,1.9230075,7.242354,1.4267817,0.19700524,10.644598,7.1863165,8.38237,9.147085,9.558193,10.236369,0.16290491819381714,7.242354,0.5302031,4.1905313,7.556887,1.5355254,0.2031955,11.151189,7.4473767,8.551869,9.817517,10.305428,10.784227,0.2317267209291458,7.556887,0.5008449,3.6874733,6.706916,0.97016764,0.14465183,9.434662,6.5652547,7.435074,8.054542,8.462252,8.98379,0.43001875281333923,6.706916,0.4324125,3.098483,7.827998,0.99949116,0.12768158,10.737186,7.7619724,8.466033,9.224078,9.502101,10.157793,0.09259171783924103,7.827998,0.41715905,3.2640705,0.021253336,0.0771303,1.0798337,0.9653665,0.9653665,14.799241,14.534914,1.0181856
ba5mf36b,9.041093,9.888869,10.563456,11.134239,11.470307,12.006673,13.111455,1.7182999,9.128634,0.9241708,0.10123867,11.572184,9.210098,9.782893,10.257249,10.508158,11.008255,-0.3545222580432892,9.128634,0.42727867,3.5690522,9.434296,1.3310484,0.14108615,12.369684,9.635451,10.3139925,10.984055,11.43326,12.032072,-0.5397040843963623,9.434296,0.560932,4.770572,9.343475,1.4629433,0.15657379,13.111455,9.272544,10.325247,11.299712,11.758586,12.566299,-0.1423404961824417,9.343475,0.7154213,5.2722125,8.370049,1.2063915,0.14413194,11.725689,8.383774,9.231794,9.871746,10.264567,10.930324,-0.3203239142894745,8.370049,0.5530132,5.875901,0.016466215,0.054953825,0.9770063,1.1271493,0.9770063,18.562931,17.713524,1.0479524
cpweijmm,7.917482,8.602026,9.213103,9.555691,9.846763,10.287213,11.068771,1.3152561,8.025904,1.0894935,0.13574715,10.76326,8.109421,8.79978,9.296224,9.731474,10.437177,-0.25529205799102783,8.025904,0.5174762,3.241786,7.7006116,1.2177409,0.15813561,11.017689,7.598818,8.547188,9.366027,9.775793,10.405069,0.14877118170261383,7.7006116,0.55893016,2.882309,8.081085,0.7302872,0.09036994,11.068771,7.97298,8.450237,9.054341,9.415231,10.293386,0.8985943794250488,8.081085,0.3405997,4.342105,7.8889537,0.8902264,0.112844676,10.464246,7.8262587,8.505373,9.141167,9.389697,9.975727,0.23928584158420563,7.8889537,0.37826318,3.2297683,0.02068431,0.012030748,0.9931715,0.97612584,0.97612584,15.726515,15.970039,0.98475116
b5jfysyz,6.6651344,8.80387,14.016638,17.93626,20.011723,23.486528,28.078526,3.2044973,7.544805,3.5071385,0.46484149,24.401527,6.595602,8.082701,11.88795,15.999374,20.997068,2.1989033222198486,7.544805,1.1808405,20.755142,8.495308,4.6898656,0.55205363,26.969831,6.716006,9.5875435,16.251524,18.954447,23.953773,1.6335937976837158,8.495308,1.7359308,23.632261,7.264819,2.9321985,0.4036162,22.679438,6.4471054,7.974579,10.689105,13.458614,18.637688,2.1070170402526855,7.264819,0.7670112,11.534962,8.929851,4.9804215,0.55772734,28.078526,6.9590855,10.488749,16.636524,20.37104,24.99255,1.5735872983932495,8.929851,1.6189932,22.818535,0.059257865,0.10281355,1.03854,0.9513382,0.9513382,16.040113,16.19467,0.99045634
7pq4ddv2,6.736533,9.070252,15.837333,21.07052,23.999468,28.506638,33.418217,3.544114,9.153494,4.224723,0.4615421,27.331617,8.118873,10.332574,14.647359,18.729017,24.130138,1.7653217315673828,9.153494,1.2629561,22.901402,6.891522,3.8690171,0.5614169,24.803522,5.6519456,7.2730045,12.461201,15.602002,21.13004,2.0514698028564453,6.891522,1.2359239,19.901669,10.325154,6.3105745,0.61118454,32.682285,7.5697603,10.754094,21.025915,26.102985,30.19956,1.799385905265808,10.325154,1.4589417,26.906242,7.7148695,5.3051553,0.6876533,33.418217,6.017964,7.2205133,14.477464,21.084461,28.599945,2.5833652019500732,7.7148695,1.3302308,27.445038,0.14097661,0.14469409,0.88652366,0.8932778,0.88652366,16.045015,18.040024,0.8894121
83bdw56f,7.0104456,8.046452,9.028949,9.798077,10.534104,12.509965,18.302511,2.1423302,7.4009795,1.8053895,0.24393927,18.068129,7.335901,8.087695,9.119986,10.376259,13.986208,1.4464775323867798,7.4009795,0.76729643,11.846687,7.1805177,1.8153908,0.2528217,18.302511,6.7515345,7.868306,9.007796,10.678918,14.738542,2.2309744358062744,7.1805177,0.87063587,12.720354,6.7196736,1.8412627,0.27401075,10.535874,7.254572,8.11491,8.587777,9.003765,9.79621,-0.6517897248268127,6.7196736,0.72902685,5.794432,6.820156,1.7628231,0.25847253,11.498388,6.6971655,8.028547,9.237166,9.946128,10.8973255,0.25478366017341614,6.820156,0.6112521,7.2125244,0.015119287,0.0074212505,1.1013898,1.0528377,1.0528377,14.581497,13.539829,1.0769336
kps0dxme,10.506088,11.969765,14.786931,19.429441,22.813868,28.411419,32.372593,2.9553232,13.455103,5.068443,0.37669298,32.372593,11.513015,14.579872,21.42466,25.838736,30.794956,1.784794569015503,13.455103,1.5188527,23.573143,10.612764,5.1638927,0.48657376,30.744356,9.109354,11.13948,18.528296,22.432344,28.436434,1.7816399335861206,10.612764,1.7242693,21.848534,10.6804695,1.4664855,0.13730533,15.232739,10.616681,11.643632,12.642023,13.104623,14.080631,0.11954928934574127,10.6804695,0.645135,5.5992327,9.700729,2.169584,0.22365165,15.763042,9.853443,11.393244,12.360215,13.045777,13.898735,-0.10865114629268646,9.700729,0.7249606,7.583291,0.11809682,0.04807078,1.2597858,1.0940171,1.0940171,24.067867,20.381199,1.1808858
4po1i3ms,7.808093,10.425333,12.650002,13.7440815,14.290507,14.833502,15.538595,4.1920834,8.006241,2.3821127,0.297532,14.571907,7.436531,9.081123,11.917821,13.022369,14.061158,0.7159755825996399,8.006241,0.98873186,10.722055,8.628218,2.4019685,0.27838525,14.952228,8.335761,9.806118,12.165526,13.774938,14.689339,0.6456469893455505,8.628218,0.9902264,11.240212,8.877906,3.0534668,0.34394,15.111001,8.8206415,11.3801565,13.009952,13.770338,14.733042,-0.017870672047138214,8.877906,0.9907402,11.663738,8.236301,3.2142825,0.39025798,15.538595,7.2813654,10.873207,13.25726,14.31232,15.213783,0.5551855564117432,8.236301,1.2522132,11.036572,0.03739087,0.037489578,0.90181637,1.047584,0.90181637,16.634459,17.114208,0.97196776
dn1mxf1p,9.424776,11.608969,18.015427,23.602589,26.339361,29.855213,35.028347,3.025382,10.542907,3.1923141,0.3027926,28.33952,9.726753,11.524438,13.129552,16.663965,24.574427,2.5112695693969727,10.542907,0.9446822,20.67092,9.6745205,2.962393,0.30620566,28.763344,8.861619,9.562717,12.715199,15.90146,22.753784,3.1799538135528564,9.6745205,0.9778467,21.036983,11.219813,4.3067675,0.38385376,27.632536,9.459461,12.042439,17.838476,21.52558,26.0208,1.8624179363250732,11.219813,1.0195718,17.69369,13.030046,6.688159,0.5132874,35.028347,9.647697,14.632594,25.126574,28.68741,32.786026,1.5766160488128662,13.030046,2.141248,25.416187,0.042952366,0.07464922,0.93966866,0.74247783,0.74247783,20.217426,24.249859,0.8337132
i2ooq42n,8.480999,9.604778,10.769215,11.3373375,11.63758,12.187736,13.435663,2.194201,8.483931,1.3942735,0.16434287,12.731369,8.290228,9.297834,10.501598,11.166591,12.158769,0.6615842580795288,8.483931,0.50518847,5.29611,8.308322,1.6559086,0.19930722,12.517803,8.0971,9.303658,10.771579,11.448731,12.214965,0.43829473853111267,8.308322,0.660768,5.0495925,9.184589,1.4163493,0.15420932,12.441568,9.204912,10.222349,11.015839,11.463927,12.146599,-0.07259296625852585,9.184589,0.53067595,4.7243166,8.368526,1.5285103,0.18264988,13.435663,8.27483,9.283157,10.54969,11.191446,12.13689,0.42244085669517517,8.368526,0.57862604,7.411647,0.010457718,0.046491057,0.9237136,0.99280584,0.9237136,16.792252,17.553116,0.9566536
bfa37dl9,7.246253,8.578789,9.579363,10.50591,11.147631,13.411651,18.358244,2.7256742,6.7956195,1.4758278,0.2171734,11.92753,6.74917,7.963732,8.736479,9.20952,9.692525,0.18931861221790314,6.7956195,0.54699814,5.476135,7.3132014,1.4581454,0.19938537,10.733925,7.480804,8.566795,9.041768,9.426039,9.964835,-0.18906816840171814,7.3132014,0.6385754,5.1686363,8.101054,2.3831553,0.29417843,18.358244,8.062762,9.392321,10.877075,11.961204,15.880595,0.8443428874015808,8.101054,0.9686284,10.713072,7.221,2.0766907,0.28759044,17.581436,7.1340714,8.462905,9.811768,10.6279125,12.487983,0.4953842759132385,7.221,0.78706324,10.350987,0.03668499,0.057437077,0.8388562,1.0127685,0.8388562,14.108821,15.322054,0.92081785
fc1xx6cw,6.5139694,8.11924,10.681302,12.032253,12.85367,14.404391,16.645597,2.973412,7.353235,1.9079747,0.2594742,12.829454,7.074026,8.383567,10.347939,11.009924,12.055238,0.6023761630058289,7.353235,0.54639065,3.8704686,5.6213865,1.7109045,0.3043563,10.74988,5.434777,6.644402,7.8514705,8.611989,10.201328,0.319033145904541,5.6213865,0.64073664,5.220464,8.328309,2.5257003,0.30326688,14.900069,7.807723,10.145185,12.242425,13.090107,14.292196,0.5614371299743652,8.328309,0.8228736,8.080383,6.252889,3.0116775,0.48164576,16.645597,5.552829,7.1454277,10.916023,13.027334,15.734154,1.308374047279358,6.252889,1.075803,10.635842,0.13347968,0.14233536,0.8829205,0.89900625,0.8829205,12.974621,14.581198,0.8898186
zxskoytk,6.6077533,7.7059116,8.543856,9.027256,9.304782,9.788179,10.705726,2.1643906,6.1792893,1.4583846,0.23601171,10.705726,5.93567,7.1193914,8.405607,8.979762,9.91979,0.6613069176673889,6.1792893,0.46242985,5.3483453,7.6856303,1.0108093,0.13151938,10.34251,7.7322507,8.3325815,8.896261,9.291585,9.86806,-0.36934107542037964,7.6856303,0.50035137,5.017616,5.918599,1.0916101,0.18443723,9.253957,5.939826,6.637171,7.2694077,7.838435,8.572512,0.23862597346305847,5.918599,0.34762716,2.99963,6.9750557,1.3995445,0.20064993,10.158663,7.073928,7.95044,8.808981,9.206362,9.826152,-0.11867236346006393,6.9750557,0.6204433,5.3621078,0.108644046,0.08193616,1.0440459,1.1018736,1.0440459,13.86492,12.893655,1.075329
06akt7zq,9.109068,10.23431,11.631203,14.592276,16.361013,18.849737,21.746216,2.109377,9.49002,1.0849042,0.11432054,14.0689535,9.3839245,10.233083,10.944829,11.27233,12.36433,0.4164784550666809,9.49002,0.4897951,6.2585034,7.683712,1.1036991,0.1436414,13.965806,7.468816,8.358772,8.962602,9.322575,11.738149,1.401085376739502,7.683712,0.34063724,4.8601885,10.392148,2.84184,0.2734603,21.368917,9.735006,10.790936,14.707021,17.001862,20.045494,1.6261134147644043,10.392148,0.982561,14.062576,9.980635,2.7173178,0.27225903,21.746216,9.257183,10.505643,13.783342,16.403826,19.686205,1.8745176792144775,9.980635,1.0388101,14.0132065,0.10517852,0.02019917,0.9131914,0.76986206,0.76986206,17.173733,20.372784,0.8429743
ht2xz52o,8.376155,9.877635,11.292834,13.481362,15.353242,19.84666,28.738714,3.146903,8.06441,2.3237133,0.28814423,21.378452,8.164794,9.412077,10.537752,11.050676,15.571853,0.6969546675682068,8.06441,0.9887634,19.16245,7.396979,1.8493893,0.25001955,17.420965,7.2621183,8.68485,9.674586,10.076925,11.074202,0.28184813261032104,7.396979,0.7095343,15.372225,10.077732,3.836356,0.3806765,28.738714,10.0023775,11.391003,14.565081,17.286522,24.060474,1.268554449081421,10.077732,1.34745,25.932476,8.579707,2.8141346,0.3279989,27.81697,8.583799,9.596249,10.7794285,12.648588,18.985878,2.1065642833709717,8.579707,0.99560046,25.157608,0.043167617,0.080291025,0.8002207,0.86214817,0.8002207,15.46139,18.65744,0.82869834
hkbm00e9,7.7545605,9.660685,11.151589,12.005075,12.774792,16.250807,21.833487,3.4736748,6.8860416,2.6296887,0.38188684,21.833487,6.19228,8.135397,10.045324,11.6975765,16.60893,1.7619476318359375,6.8860416,1.0033704,17.493958,8.548731,2.5391908,0.29702547,21.535616,8.190265,9.9447565,11.631047,12.548192,17.17499,1.2723443508148193,8.548731,1.1690768,17.38486,8.320913,2.143055,0.25755045,18.131596,7.7019715,9.854506,11.302139,11.992553,13.631614,0.7678453326225281,8.320913,0.68945396,9.390389,8.58777,2.2559607,0.26269457,20.960478,8.526733,10.041157,11.235974,11.924162,15.500974,1.0386476516723633,8.58777,0.97064555,14.636761,0.10772359,0.015782254,0.8275584,0.9954541,0.8275584,15.4347725,16.908684,0.9128311
kdts1fb2,5.3664823,6.4134727,7.832444,9.703818,11.193304,13.785351,17.600058,2.2106285,5.687819,0.81460166,0.14321864,7.6031604,5.742409,6.2685194,6.6824193,6.934994,7.404649,-0.2755960524082184,5.687819,0.37546095,3.1784678,4.0960603,1.0387005,0.25358525,6.522962,4.1979947,4.860579,5.3354397,5.7386007,6.2948585,-0.17313402891159058,4.0960603,0.49883246,3.9097886,7.2697344,2.555149,0.35147765,17.600058,6.6976976,7.9723306,10.856538,12.760723,15.993159,1.492956519126892,7.2697344,1.0191798,11.73168,4.9122972,2.429825,0.4946413,15.705569,4.520732,5.992178,8.106356,9.8141365,13.09798,1.3452279567718506,4.9122972,0.81677306,10.068188,0.16269198,0.19351757,0.7823971,0.83383805,0.7823971,9.783879,12.182032,0.8031402
vi109dcn,8.472948,9.657274,11.347049,12.393058,13.05975,14.258828,18.984676,2.1378312,8.422456,1.5453223,0.18347645,15.391306,8.493927,9.177373,10.161113,10.783398,12.488903,-0.06495967507362366,8.422456,0.6779675,9.917202,8.76399,1.874069,0.2138374,17.259254,8.27359,9.492009,11.589752,12.699566,14.215265,1.2816160917282104,8.76399,0.8143101,10.784693,9.021635,2.2278125,0.2469411,15.224292,8.974,10.373337,12.034234,12.785832,13.9297695,-0.11605912446975708,9.021635,0.9190154,9.863478,8.638362,2.176727,0.25198376,18.984676,8.203768,9.7827015,11.584155,12.691555,15.786066,1.167304277420044,8.638362,0.6789683,12.7335615,0.019872323,0.0217029,0.93358415,1.014543,0.93358415,17.186447,17.659996,0.97318524
wmbxek0q,7.9428167,8.93958,10.646258,12.53288,13.845102,15.90325,19.067879,1.7083602,7.7494793,0.9459812,0.12207029,10.979159,7.734165,8.32346,8.922822,9.3500395,10.261733,0.3209354877471924,7.7494793,0.33850968,2.3170466,8.677732,1.4745514,0.16992359,14.095988,8.334704,9.522413,10.768688,11.567442,13.188691,0.9997862577438354,8.677732,0.5159994,4.327837,8.022373,1.1589193,0.14446092,11.753301,7.9237614,8.699665,9.542991,10.205668,11.41182,0.669104814529419,8.022373,0.45350578,3.5824394,9.19362,2.7961535,0.30414066,19.067879,8.08636,10.334651,13.780858,15.251852,17.49509,1.337270975112915,9.19362,1.0390251,12.334204,0.056507044,0.06803247,0.9659834,0.9438864,0.9438864,16.427212,17.215992,0.9541833
929u6wtv,7.2985306,8.2889595,9.281639,9.979027,10.556557,12.506761,16.985048,2.012272,7.7705626,1.2900561,0.16601837,11.125722,7.9305916,8.668495,9.318627,9.779357,10.51365,-0.17092521488666534,7.7705626,0.5395842,5.25005,6.817932,0.9878221,0.14488588,9.695382,6.7897778,7.4827757,8.056961,8.581821,9.3259115,0.1927851289510727,6.817932,0.5169846,5.261725,7.9929237,2.0107703,0.25156882,16.985048,7.826559,9.122798,10.283068,11.170858,14.304844,0.6292341351509094,7.9929237,0.89167494,13.56126,6.8814545,1.5750638,0.22888531,15.369612,6.7840004,7.643428,8.490822,9.469389,12.635542,1.1152747869491577,6.8814545,0.70934397,11.721153,0.06530012,0.07472375,0.97218025,0.990769,0.97218025,14.588495,14.874378,0.9807802
mk2zyzsi,5.843445,6.8948774,8.622912,9.458486,9.910067,10.500475,11.195307,1.7712431,5.6580486,0.8546564,0.15105145,8.372456,5.571476,6.1662474,6.8371525,7.281946,7.8778095,0.37607747316360474,5.6580486,0.44777462,4.457636,5.315155,0.78603023,0.14788473,7.117801,5.366142,5.871258,6.349916,6.5526705,6.9084105,-0.1864621937274933,5.315155,0.38868597,2.5925868,7.1721196,1.588782,0.22152196,10.791534,7.1660824,8.42763,9.159726,9.7212515,10.349704,-0.12552432715892792,7.1721196,0.6975069,7.167145,6.323979,2.0043852,0.31695002,11.195307,6.1486073,7.4387865,9.548515,10.175574,10.777338,0.4799456298351288,6.323979,0.6909499,7.0129023,0.031248268,0.0628434,0.7888949,0.8404764,0.7888949,10.973204,13.4960985,0.8130649
lu3ndz3c,5.2280197,7.761314,13.468415,16.499441,17.788431,19.700314,21.78144,3.921405,5.9019637,3.0228631,0.5121792,16.639713,5.2586813,7.42455,10.472969,12.236437,14.581273,0.9916801452636719,5.9019637,0.8591973,11.124165,3.7831314,1.2107089,0.32002825,8.557675,3.6017823,4.5760083,5.46073,5.926923,6.7857394,0.4643174409866333,3.7831314,0.44162562,3.3833137,11.034707,5.3950553,0.48891693,21.78144,11.160982,15.554664,18.442505,19.516743,20.904436,0.1442502737045288,11.034707,1.79328,14.852276,5.5736146,2.09147,0.37524483,13.474731,5.1758747,6.368416,8.602157,10.135671,12.213707,1.2547498941421509,5.5736146,0.6145226,7.8838077,0.2187725,0.32881662,0.5348546,0.67875725,0.5348546,9.685095,16.608322,0.5831471
c5rqnsvs,6.6289444,7.7611575,10.570141,14.894379,17.971596,22.65688,29.386044,2.09161,7.264973,2.8396673,0.390871,23.885221,6.547182,7.666604,10.186966,13.228032,19.661276,2.6993227005004883,7.264973,0.8351296,19.02937,7.773517,3.806979,0.489737,27.07526,6.7306705,7.673008,12.048662,16.494621,23.78812,2.6285688877105713,7.773517,1.3484188,22.498577,7.2268085,3.0906947,0.42767075,24.478798,6.344563,7.54103,10.53821,14.0046625,20.20726,2.583989143371582,7.2268085,0.7357658,19.431482,7.5878,3.7454243,0.49361137,29.386044,6.8113136,7.9054956,9.906349,15.842788,24.764372,3.0843186378479004,7.5878,1.1978406,25.497572,0.03381616,0.024367264,1.005281,1.0244757,1.005281,15.03849,14.814609,1.0151123
ojrpp7r9,6.374792,8.571084,12.181924,16.256159,18.469673,21.586958,24.509937,4.217455,7.7936,2.4551718,0.3150241,15.829855,7.5104465,8.905876,10.964747,12.95996,15.3251505,0.9270966053009033,7.7936,0.7265586,6.677397,5.40637,1.9159855,0.35439405,12.899013,4.7743,6.487449,8.1717415,9.3014965,11.251496,1.1984708309173584,5.40637,0.655217,4.5727587,9.589607,5.328919,0.5556973,24.509937,7.7857,12.117165,18.619776,20.786882,23.235785,1.027197241783142,9.589607,1.4739622,13.660119,5.925057,3.816677,0.6441587,23.91272,4.7013187,7.4377117,10.3156185,14.170775,19.829748,1.8442835807800293,5.925057,1.1663901,13.398611,0.18085116,0.23619914,0.81271315,0.9124588,0.81271315,13.19997,15.514664,0.85080606
3fezez5e,9.420853,11.167384,17.203426,21.597055,24.06541,27.828236,32.351875,2.7099867,8.653928,1.4493587,0.16747987,15.497428,8.765417,9.488186,10.262987,10.8930025,12.914407,0.6751117706298828,8.653928,0.5265145,6.8996167,9.605116,2.2135563,0.23045596,19.699802,9.354411,10.467247,11.736275,13.910909,17.87395,1.5158822536468506,9.605116,0.65760946,11.692182,10.779924,3.3609405,0.31177774,24.062275,9.386452,11.434844,15.763367,18.363882,22.676783,1.8537095785140991,10.779924,0.77291715,14.966949,13.754485,6.174494,0.44890767,32.351875,11.142963,17.529795,24.054884,26.74769,30.528599,1.078354001045227,13.754485,2.0957494,23.428856,0.052094076,0.12124037,0.8027819,0.6983261,0.6983261,18.259045,24.534409,0.7442219
hr07n8vo,8.572642,11.865568,16.772936,19.520903,21.036026,23.91047,28.54459,4.777622,9.599569,3.9059916,0.4068924,21.78402,8.238026,11.501063,15.87019,18.159899,20.88738,1.1884061098098755,9.599569,1.1267456,13.616938,12.867441,5.1999483,0.40411672,28.54459,11.480341,16.349586,20.80019,23.344229,25.942047,0.7829564213752747,12.867441,2.0244625,19.58141,8.238291,2.273622,0.27598226,19.136646,7.907216,8.963205,10.984169,12.864776,16.16742,1.6478781700134277,8.238291,0.5083032,3.6566615,10.287028,4.4641285,0.43395704,27.798203,8.858633,12.246841,16.946512,20.058184,24.641296,1.3977733850479126,10.287028,1.0889165,20.87181,0.14545201,0.11059122,1.165238,1.2508414,1.165238,22.46701,18.525318,1.2127732
eubfn9kr,9.846041,11.407964,18.271933,23.381393,26.29601,30.861197,36.607025,2.5769854,10.565824,2.770017,0.26216763,23.58223,9.886131,10.856878,13.821292,17.044197,21.643166,2.2071962356567383,10.565824,0.86031526,14.57655,14.183796,6.116881,0.43125838,34.419537,11.060991,17.23175,24.21914,27.348898,31.677603,1.3334510326385498,14.183796,2.534153,25.592274,9.123443,1.6197535,0.17753753,18.182796,8.766696,9.774586,10.982524,11.86454,15.583086,1.9879320859909058,9.123443,0.505556,2.484496,12.627859,6.148368,0.48688918,36.607025,9.904537,13.855487,22.474073,27.753834,33.542343,1.873785138130188,12.627859,1.919555,27.531796,0.14618295,0.16111296,1.1580961,1.1232146,1.1232146,24.749619,21.7513,1.1378454
2fvb66h3,5.6348457,7.397724,8.953873,10.160796,10.908734,12.856669,16.205984,3.2326193,5.716266,1.8118299,0.3169604,10.9677,5.6647644,7.031578,8.007211,8.6421795,10.034604,0.14404556155204773,5.716266,0.5121052,5.0760326,3.6202972,1.4872751,0.41081575,6.9132814,3.424659,4.938292,5.7452073,6.0598207,6.61396,0.2937772870063782,3.6202972,0.59856427,4.43874,8.367655,1.9081475,0.2280385,16.205984,7.9106474,9.185515,10.879455,12.345046,14.447232,1.1879503726959229,8.367655,0.6813987,10.040129,5.4035087,1.9326829,0.35767183,14.112366,5.013343,6.1752725,8.10709,9.318946,11.965657,1.330538272857666,5.4035087,0.4792452,9.702755,0.22449042,0.21524297,0.6831384,0.66999006,0.66999006,9.336563,13.771164,0.67797923
rem5puu6,10.133623,11.360524,12.683017,14.021066,15.056348,16.444147,18.075626,2.4689922,9.355196,1.3131042,0.14036095,12.373459,9.266197,10.417319,11.22462,11.54841,12.025687,0.11723672598600388,9.355196,0.60041064,3.087337,12.138631,2.1979222,0.18106838,18.075626,11.754746,13.328457,15.555178,16.385717,17.542702,0.5278138518333435,12.138631,1.0081834,3.967205,9.534748,1.3523782,0.1418368,13.055229,9.458201,10.480075,11.302557,12.037483,12.684919,0.3235691487789154,9.534748,0.44715697,4.0846243,10.665934,1.7330078,0.16248065,16.845182,10.601503,11.682007,12.749606,13.64453,15.607576,0.5693658590316772,10.665934,0.7632462,5.0456996,0.12949926,0.055997394,0.9811687,1.1380749,0.9811687,21.493828,20.200682,1.064015
2rzv1sqq,6.969321,8.05946,8.978564,9.54978,9.93919,10.885654,12.405657,2.0161033,6.454249,0.8808319,0.13647318,9.377503,6.313114,6.9765697,7.674615,8.097883,8.965152,0.6514430642127991,6.454249,0.40353757,3.3032823,6.225591,1.2215843,0.19621982,9.022568,6.2188454,7.210067,7.8984966,8.249207,8.840265,0.10319919139146805,6.225591,0.5375278,4.3801866,7.243502,1.2461894,0.17204238,10.250002,7.225194,8.221422,8.835971,9.0981655,9.751972,-0.21183429658412933,7.243502,0.39829242,4.4568214,8.061542,1.4721984,0.18261996,12.405657,8.081345,9.027085,9.887859,10.5615425,11.455257,0.002198824193328619,8.061542,0.49456084,3.8512774,0.018033171,0.05344901,0.89103985,0.77225816,0.77225816,12.67984,15.305044,0.8284746
q5l2xoio,9.710564,11.17227,12.638019,14.875027,16.43425,20.083956,25.038471,2.6802683,9.249401,1.2153352,0.1313961,12.416325,9.254067,10.077284,10.760557,11.392358,12.0345125,0.07118523120880127,9.249401,0.42359737,3.3688025,8.252826,1.2569995,0.1523114,10.892507,8.3109665,9.246647,9.926334,10.181183,10.503363,-0.07703541964292526,8.252826,0.5674851,4.1051674,10.903316,1.4617696,0.13406652,15.717838,10.923409,11.772336,12.547911,13.205909,15.182421,0.34848421812057495,10.903316,0.5998923,6.9812746,11.3420315,3.6202126,0.31918555,25.038471,10.593143,12.794167,16.410517,18.708643,22.561274,1.151073932647705,11.3420315,1.1596327,15.8091345,0.056939915,0.019721694,0.8483109,0.72763205,0.72763205,17.502228,22.245346,0.78678155
t860x5zu,7.019705,9.471911,15.794812,20.185972,22.468468,25.392157,29.215515,4.0076284,8.386937,3.2367544,0.38592806,22.862806,7.3654175,8.950095,12.368125,15.918949,20.726225,2.149467706680298,8.386937,0.82851344,15.467491,6.2282968,3.2510285,0.5219771,21.852642,5.471654,7.458908,10.348996,12.748762,18.026194,1.6800346374511719,6.2282968,1.0711666,14.770737,10.601149,5.3659153,0.5061636,25.96473,8.282178,13.446853,19.505196,22.608953,25.203648,1.1684356927871704,10.601149,1.3372797,17.8233,8.195977,5.9263678,0.7230825,29.215515,5.9784794,8.772034,18.089344,23.02388,27.07777,1.7529163360595703,8.195977,1.7382258,21.2623,0.14769797,0.1279542,0.7911348,0.7599212,0.7599212,14.615234,18.797127,0.7775249
2zueugwu,9.062895,15.085849,26.113989,31.690205,34.25731,39.25233,43.843906,7.2393436,12.294636,6.694245,0.54448503,34.40084,9.165015,13.43446,23.65368,28.714499,32.926624,1.6935566663742065,12.294636,1.6614616,26.26321,10.434861,4.6409044,0.44474998,28.747646,8.795826,10.909151,17.598703,21.273636,26.101173,1.851356029510498,10.434861,1.2137032,18.337593,14.8276005,8.5816555,0.57876223,40.471516,10.5025,19.965696,29.223692,33.088493,37.37826,1.1652861833572388,14.8276005,2.1418135,25.994356,13.316657,9.6719475,0.7263045,43.843906,8.405589,16.209625,29.92515,35.2257,40.972794,1.5389474630355835,13.316657,2.5306008,32.706882,0.081822075,0.053685676,0.8291723,0.78359467,0.78359467,22.729496,28.144257,0.80760694
bugr6e7g,7.9835653,9.3008795,11.00916,14.175191,16.782103,20.590454,25.316648,2.383762,9.233691,3.4418583,0.37274998,24.734184,8.1853895,9.488003,13.744632,17.40811,21.813581,2.107783079147339,9.233691,1.1379493,18.544477,8.226927,3.1099164,0.3780168,25.316648,7.730148,8.933938,10.097223,14.490356,21.742517,2.568127155303955,8.226927,1.2876819,18.701643,9.498468,2.0441978,0.21521342,21.377224,9.211309,10.270934,11.198964,13.311689,17.598745,1.9697954654693604,9.498468,0.7068126,11.623526,7.285577,1.7736701,0.24344951,21.70862,7.055175,7.773398,8.938591,9.856522,15.305379,3.158780813217163,7.285577,0.49596986,13.950847,0.057659153,0.13184494,0.9721242,1.1292074,0.9721242,17.460617,16.784046,1.0403104
a2iz5p3v,11.041802,12.779388,15.093313,16.964458,18.213194,20.697947,27.127205,3.271471,10.64661,2.7101457,0.2545548,27.127205,10.293144,11.496749,13.223478,14.480883,22.016922,2.4773268699645996,10.64661,1.1114663,19.068935,14.02482,2.8312123,0.20187156,26.022484,13.702889,15.694201,17.957153,19.27784,21.246216,0.7881155014038086,14.02482,1.2889248,17.094059,10.2985935,2.5717778,0.24972127,23.82913,10.058678,11.827705,13.153643,13.888315,19.411385,1.2152159214019775,10.2985935,1.1971205,16.875479,11.44982,2.1746275,0.1899268,22.91068,11.165108,12.520765,14.0877075,15.456087,18.239408,1.0632941722869873,11.44982,0.88739556,15.519112,0.13692802,0.052933794,1.0337926,1.2248944,1.0337926,24.67143,21.748413,1.1344014
ob5apo4l,6.628401,7.2056456,7.7755737,8.121343,8.29197,8.546812,8.934705,1.1875343,6.9088326,0.8487778,0.12285401,8.880578,6.9525194,7.531698,8.01352,8.234863,8.566825,-0.3791111707687378,6.9088326,0.34431162,4.2717113,6.464094,0.8631024,0.13352256,8.626708,6.609747,6.996941,7.4012566,7.63459,8.142922,-0.7846695184707642,6.464094,0.35007462,4.640607,6.759636,0.8697972,0.12867516,8.91194,6.6718802,7.385729,8.024696,8.344077,8.666776,0.3046642541885376,6.759636,0.34221536,2.004188,6.2332788,0.9773967,0.15680298,8.934705,6.29839,6.8701653,7.4345145,7.7248044,8.426279,-0.21379025280475616,6.2332788,0.41545898,3.4939988,0.033256624,0.040511094,1.0220717,1.0370295,1.0220717,13.372927,12.992914,1.0292476
jedgfjdl,7.3798246,9.19611,12.950114,16.152142,18.172312,21.671303,24.882256,2.681922,7.355054,1.1254016,0.15301065,11.434726,7.332306,7.8883047,8.651503,9.5431385,10.799488,0.6492382884025574,7.355054,0.3990683,5.692599,7.6054564,1.9318435,0.25400758,12.468831,7.408454,9.064986,10.412082,10.980253,11.645717,0.2983454763889313,7.6054564,0.67370266,5.8630376,7.5292025,1.9287239,0.25616577,15.364734,6.8706007,8.179054,10.218332,11.705313,14.416313,1.6259013414382935,7.5292025,0.4781319,7.306793,10.826842,4.8786006,0.45060235,24.882256,9.182819,14.144636,18.138573,20.616953,23.500538,0.8426914811134338,10.826842,1.5633489,17.806648,0.016737562,0.17964871,0.97687024,0.70246303,0.70246303,14.96051,18.356045,0.8150182
ogwlacol,9.6869135,10.421808,11.09845,11.584868,11.946276,12.912359,15.806398,1.6453123,9.545064,0.9185703,0.09623511,11.927182,9.652664,10.242261,10.64792,10.842053,11.234747,-0.47148269414901733,9.545064,0.48472628,4.564908,9.732977,1.2185208,0.12519507,12.33524,9.889861,10.5262375,11.096868,11.461505,11.90412,-0.9647340178489685,9.732977,0.61490935,6.498946,10.1242485,1.3131174,0.12970023,15.806398,10.024498,10.830121,11.5952015,12.417859,14.175679,0.7196576595306396,10.1242485,0.5498762,5.6725225,8.961853,1.7717596,0.19770014,15.423496,9.034443,10.196078,11.144718,11.635289,12.694043,-0.15300028026103973,8.961853,0.7407727,7.3523946,0.009747512,0.06090272,0.94279236,1.0860451,0.94279236,19.278042,19.086102,1.0100565
oln3eh1v,5.784404,7.9256372,11.061875,14.231256,16.336208,19.194681,22.63475,3.593257,5.361912,1.2711468,0.2370697,8.789316,5.3362217,6.3111987,7.1105504,7.481936,8.199286,0.21208049356937408,5.361912,0.37552714,3.4300456,3.8949337,0.9231991,0.23702563,7.5699058,3.77577,4.425663,5.1341705,5.661426,6.6597567,0.8547659516334534,3.8949337,0.46485478,3.7835786,8.786342,3.3447998,0.38068172,22.414265,7.962235,9.63109,13.500931,16.416725,20.07164,1.5518213510513306,8.786342,0.8103643,12.775774,7.9519014,4.17129,0.5245651,22.63475,6.856965,9.859395,14.079313,17.050568,20.77016,1.1645935773849487,7.9519014,0.99060494,15.415194,0.15847495,0.04985232,0.6102553,0.48981163,0.48981163,9.256845,16.738243,0.5530357
r1necqor,7.409431,8.58321,9.419176,9.98487,10.402461,11.209544,12.344484,2.261014,7.3557568,1.3333952,0.18127234,10.381401,7.253133,8.363575,9.176869,9.659982,10.16481,0.052115995436906815,7.3557568,0.59677666,5.16518,8.116852,1.0463609,0.12891215,11.812525,8.212041,8.84305,9.319827,9.507494,10.754957,0.030998071655631065,8.116852,0.46543285,5.3570495,7.3861613,1.649704,0.22335066,11.562274,7.174767,8.443632,9.832812,10.455605,11.226834,0.45246681571006775,7.3861613,0.6510408,5.5058026,7.1387205,1.8314171,0.25654697,12.344484,7.0161915,8.510756,9.553261,10.194334,11.638389,0.28754860162734985,7.1387205,0.7365425,7.577724,0.049189836,0.017035652,0.9958836,1.1370177,0.9958836,15.472609,14.524881,1.0652485
oi5j8yit,9.931857,11.15766,12.158662,13.191267,14.520834,16.800148,20.813087,2.7421741,10.181163,1.8282412,0.17957096,14.520929,10.583256,11.595769,12.137713,12.336909,12.962066,-0.8638288378715515,10.181163,0.77252334,9.512268,10.539986,2.461133,0.2335044,19.9941,10.1713295,11.279755,14.038148,15.806929,18.376463,1.1530537605285645,10.539986,1.1029955,11.5869,9.533796,2.0863364,0.21883585,14.9900055,10.053196,10.981911,11.712765,12.031674,12.902912,-0.9088806509971619,9.533796,0.8245276,10.416069,9.236328,2.6075041,0.2823096,20.813087,9.132311,10.406036,12.245687,14.282518,17.748455,0.8610261678695679,9.236328,1.0460818,15.624212,0.017316744,0.01584796,1.0679023,1.1411445,1.0679023,20.72115,18.770124,1.1039431
2kodwh8n,9.204187,10.233492,11.697666,14.087328,15.70705,19.265362,25.194868,2.642807,7.8752203,2.084152,0.26464683,16.590788,7.465316,9.034392,10.765515,11.7772255,14.192282,0.9534844756126404,7.8752203,0.8131908,11.214003,9.309776,1.7878356,0.1920385,18.563763,9.26684,9.829735,10.665598,12.345954,16.143547,1.3940582275390625,9.309776,0.8112361,12.885248,9.767739,2.6983345,0.27624965,23.638048,9.657471,10.7637825,12.424607,14.990315,19.33177,1.4711878299713135,9.767739,0.99860513,18.151764,10.075919,2.927825,0.29057646,25.194868,9.718187,10.560982,12.576489,17.131262,21.585167,1.9038009643554688,10.075919,1.2669972,19.967972,0.08347723,0.015530395,0.806248,0.923963,0.806248,17.184998,19.843658,0.8660196
92tp6qaq,7.114901,8.147809,9.186967,9.959314,10.636221,12.527711,15.146719,2.365055,6.863114,1.1802541,0.17197064,9.45504,6.9615507,7.677943,8.448545,8.705262,9.175746,-0.1278163343667984,6.863114,0.3992665,2.5526423,6.0068507,1.7230555,0.2868484,10.005376,5.8843865,7.3425922,8.498956,8.92734,9.71045,0.2741459310054779,6.0068507,0.73962826,4.7361126,8.00772,0.92114717,0.11503239,10.629419,7.960811,8.638712,9.233848,9.5376835,10.285569,0.14859381318092346,8.00772,0.35596815,2.6466203,7.099397,2.450756,0.34520623,15.146719,6.597232,8.423855,10.545492,11.909073,13.724836,0.8081269860267639,7.099397,0.8278732,8.202681,0.0665319,0.060125493,0.85706216,0.8461071,0.8461071,12.869965,15.107117,0.85191405
3k8a7rv4,10.093792,11.167667,12.510554,13.609881,14.940503,17.68888,21.937265,2.0499258,9.951039,1.3410499,0.1347648,13.712364,9.955973,10.71241,11.698829,12.194979,13.115405,-0.07670809328556061,9.951039,0.54031503,4.174962,8.523433,1.0986326,0.12889555,11.956314,8.423574,9.076109,9.955044,10.653065,11.309091,0.2782127261161804,8.523433,0.43890244,6.213341,10.640698,1.136336,0.10679148,15.352685,10.404359,11.261152,12.271592,12.901323,13.933212,0.9696091413497925,10.640698,0.48369735,5.039604,11.51621,2.4749951,0.21491404,21.937265,10.921366,12.422458,14.866497,16.871195,20.119293,1.517879605293274,11.51621,0.8905515,10.597335,0.07727455,0.03951414,0.9351867,0.7401248,0.7401248,18.474472,22.156908,0.8338019
nmwvsb0u,6.1449585,7.53375,9.733768,11.577406,12.903095,14.8172455,17.497995,2.3656535,5.221831,1.1719998,0.22444232,8.921554,5.165966,5.933486,6.834751,7.2626057,8.174818,0.3013201057910919,5.221831,0.49375877,4.4858627,6.2702127,1.4415612,0.22990628,10.418363,6.1304216,6.9689174,8.254623,9.280881,10.01131,0.6055099368095398,6.2702127,0.52217597,5.3222823,6.6372547,1.4294991,0.21537507,10.108111,6.6131086,7.6313944,8.5797,9.137715,9.749748,0.22971774637699127,6.6372547,0.57972014,5.6279836,8.324069,3.0210347,0.36292765,17.497995,7.3409777,10.548865,12.892767,14.029617,16.341766,0.8269511461257935,8.324069,1.19087,11.481438,0.09122675,0.112744994,0.7867456,0.75326294,0.75326294,11.4920435,14.961324,0.7681168
koefukpv,7.3091245,8.109604,9.26939,10.758085,12.145793,15.232271,20.232857,1.4960318,6.9943814,1.1403214,0.16303392,9.420681,7.1351585,7.8236628,8.454122,8.701446,9.197759,-0.25298309326171875,6.9943814,0.44302565,4.595568,7.216529,1.086401,0.15054342,10.17663,6.9641314,7.8512278,8.885475,9.385764,9.920606,0.679203450679779,7.216529,0.38852987,3.7557168,7.3644543,1.1097507,0.15069015,12.354863,7.1525145,7.8510013,8.717132,9.307816,11.459231,1.4155402183532715,7.3644543,0.3764507,5.996447,8.593533,2.4613092,0.28641415,20.232857,7.755138,9.14837,12.010507,14.293649,17.51761,1.911864995956421,8.593533,1.0379292,13.146881,0.015632177,0.07701963,0.94974875,0.8397628,0.8397628,14.210911,15.957987,0.8905203
8lymj1qi,8.464972,9.976372,12.392918,14.891516,16.249239,18.83234,25.719273,2.5196066,7.9645443,0.96931106,0.12170327,10.844066,7.8903966,8.590857,9.203775,9.687918,10.3545685,0.023899292573332787,7.9645443,0.40324485,3.2351413,7.7307725,1.0134897,0.13109812,10.369737,7.6430726,8.469976,9.168545,9.497633,9.938802,0.1775524765253067,7.7307725,0.5001528,4.218949,10.757718,2.6264899,0.24414936,25.719273,10.139795,11.455101,13.497085,16.144617,21.256569,2.151638984680176,10.757718,0.96815395,16.122753,9.838919,3.3185675,0.33728987,20.920715,8.738005,11.663322,15.102258,16.669613,19.095467,1.0605816841125488,9.838919,1.2143892,14.117586,0.014894367,0.044609193,0.74035627,0.78573394,0.74035627,15.695316,20.596638,0.7620329
9mqvayxa,8.567428,9.909404,13.49391,17.699894,20.953556,26.228165,33.680378,2.2823892,8.366515,1.2266015,0.14660841,13.415215,8.257471,9.069225,9.873242,10.416874,12.336485,0.7085760235786438,8.366515,0.44529894,5.506456,11.650413,5.210487,0.44723627,33.680378,9.618432,13.875853,19.239784,22.72633,28.928043,1.5542956590652466,11.650413,2.0582979,23.860214,7.621923,1.3085835,0.1716868,10.525167,7.6425414,8.438986,9.433755,9.887808,10.24788,-0.057174891233444214,7.621923,0.36309078,2.0455427,10.972322,4.4397697,0.40463355,33.636745,9.4330845,11.259077,17.012383,21.173655,28.72739,2.3852040767669678,10.972322,1.334951,24.402454,0.16405602,0.18018475,1.0976908,1.0618,1.0618,20.016928,18.594246,1.076512
r6yo6z1t,8.040401,9.354809,10.592603,11.363145,12.082073,14.231093,16.359934,2.4712133,8.140316,1.5372595,0.18884519,12.297312,8.084442,9.1673565,10.301317,10.961158,11.773819,0.3028295338153839,8.140316,0.6521719,6.7404914,7.640068,1.5333239,0.20069505,12.26165,7.4407177,8.641634,9.755919,10.340777,11.036683,0.3298446238040924,7.640068,0.6635816,7.1932135,8.32457,1.5276295,0.18350853,15.317431,8.166438,9.16315,10.33421,11.188362,12.626535,0.904159426689148,8.32457,0.6071032,9.090538,8.634914,2.326697,0.26945224,16.359934,8.370518,10.089007,11.476397,13.117799,15.656533,0.8003044724464417,8.634914,0.9862641,10.772921,0.03170062,0.018299183,0.9778663,0.8847879,0.8847879,15.780384,16.959484,0.9304755
2xcb3yym,7.3414564,8.353993,9.795955,11.5126505,12.787003,14.765399,17.917269,2.0864491,7.175427,1.0974215,0.15294163,10.157286,7.2957106,7.996178,8.451401,8.751987,9.490108,-0.2536250352859497,7.175427,0.39124486,2.4211683,7.4077673,1.285825,0.17357795,12.97681,7.258189,8.159954,8.816102,9.882291,11.545194,1.0344432592391968,7.4077673,0.44756675,4.6997385,6.38632,1.1417899,0.17878683,10.092816,6.1925526,6.9501777,8.08234,8.784112,9.658486,0.9685460925102234,6.38632,0.3287406,3.3687863,9.072533,2.4473968,0.26975894,17.917269,8.4737015,10.243818,12.700258,14.145031,16.583183,1.1378840208053589,9.072533,0.935564,10.014333,0.01593206,0.17376532,1.1235621,0.8165049,0.8165049,14.583195,15.458853,0.94335556
33mg1zaq,6.892401,8.360271,10.05317,10.9116955,11.485311,12.350449,13.374951,2.6508164,7.0027757,1.6432366,0.23465504,11.821725,6.851081,8.090939,9.169409,10.166974,11.296103,0.5171147584915161,7.0027757,0.4514887,2.9043002,5.4092855,1.052351,0.19454528,8.989732,5.293628,6.0114155,6.870142,7.470493,8.16545,0.6966835260391235,5.4092855,0.460781,2.7563105,7.888316,1.3838294,0.17542772,11.95459,7.659958,8.747071,9.945305,10.506907,11.501294,0.6028373837471008,7.888316,0.5182353,4.0797267,7.9211583,2.229824,0.28150228,13.374951,7.4280367,9.578073,11.197833,12.006044,12.97877,0.4680614769458771,7.9211583,0.45265776,8.027775,0.12838238,0.0020773718,0.88774025,0.6828907,0.6828907,12.412062,15.809475,0.7851027
7qhak7md,12.08816,14.232577,16.146296,17.091743,17.63319,18.662006,20.06805,4.284631,12.913863,3.0238154,0.23415266,20.06805,12.922956,15.222886,16.900751,17.891182,19.266047,0.07010551542043686,12.913863,0.9433008,6.556032,12.3609705,3.2965343,0.26668894,19.08561,12.39962,15.316958,16.616417,17.179533,18.210869,-0.051802001893520355,12.3609705,1.220739,9.38439,11.941415,2.013335,0.16860104,17.590057,12.166712,13.3374,14.345172,14.826204,15.701195,-0.4959658980369568,11.941415,0.6555752,4.239623,11.38167,3.1063159,0.27292266,19.320719,11.243113,13.543167,15.742732,16.908108,18.44695,0.29799309372901917,11.38167,1.1053473,9.412955,0.021875225,0.023999605,1.081435,1.0860419,1.081435,25.274834,23.323086,1.0836831
wkzirnk6,8.239849,11.096914,17.031384,21.87646,24.64668,27.819199,29.746956,4.3774133,7.115537,1.6308502,0.22919565,14.791165,6.82263,7.697586,9.2399025,10.352895,12.793949,1.4122034311294556,7.115537,0.5617196,6.457212,7.303741,1.8277469,0.25024804,15.41575,7.1117573,8.318682,9.504798,10.398499,13.453971,1.0466068983078003,7.303741,0.8094099,10.05197,11.687411,4.406654,0.37704277,27.479856,10.571863,13.3775835,18.225615,21.310415,25.565786,1.3756444454193115,11.687411,1.3991053,16.995768,12.708409,6.4624224,0.5085154,29.746956,10.33771,16.356411,23.562187,26.933195,29.10037,1.0483951568603516,12.708409,2.0691473,22.823431,0.013052235,0.04185135,0.6088206,0.57471716,0.57471716,14.419278,24.39582,0.5910553
zhh3o5ur,6.90483,7.9344454,9.012155,10.078961,11.210715,13.270274,15.5252075,1.8680782,6.546493,1.0518941,0.16068055,9.614817,6.607663,7.299923,7.887255,8.137925,8.359827,-0.41461703181266785,6.546493,0.43468773,3.900868,6.7981157,1.5045211,0.22131443,10.097529,7.157066,7.9828315,8.424981,8.67412,9.041311,-0.6418993473052979,6.7981157,0.63287973,5.033037,7.232095,1.7221196,0.23812182,14.247845,6.762423,7.549019,9.625185,11.372654,13.30259,1.6880890130996704,7.232095,0.5450527,7.1103144,7.641864,2.1713173,0.28413454,15.5252075,7.580571,8.760801,10.054214,11.816094,14.550122,0.7608053088188171,7.641864,0.79644185,7.896665,0.018855756,0.027549429,0.9052001,0.8895887,0.8895887,13.344608,14.873959,0.89717937
txuyucec,8.49637,9.479176,10.30854,10.774958,11.12392,11.836737,12.6603985,1.9962935,8.781166,1.1423895,0.13009542,12.470289,8.863499,9.549427,10.151403,10.503497,11.675128,0.009806595742702484,8.781166,0.5030157,3.522326,7.711523,1.3211803,0.17132547,11.004878,7.596278,8.762696,9.549107,9.839461,10.444966,0.1476796716451645,7.711523,0.58407384,3.4240665,8.561011,1.4684805,0.17153119,12.551987,8.524208,9.619067,10.560936,11.082886,11.977927,0.27762553095817566,8.561011,0.54989433,3.437045,8.73523,1.3367449,0.15302916,12.6603985,8.576466,9.68113,10.598635,11.066992,11.908899,0.361517071723938,8.73523,0.5456087,4.234118,0.06485558,0.010072658,1.025716,0.8828071,0.8828071,16.49269,17.296242,0.95354176
juis2gy9,8.315504,9.955501,11.41196,12.235106,12.603577,13.309639,14.381737,2.9633698,8.123363,2.075732,0.2555262,13.308516,7.8007784,9.501042,11.151742,11.9502735,12.945968,0.3622779846191406,8.123363,0.7101749,4.505899,9.7108,2.5511203,0.2627096,14.381737,10.085733,11.719317,12.620985,13.096856,13.96548,-0.5705407857894897,9.7108,1.1020231,5.897075,8.476897,1.3996003,0.16510761,11.493122,8.416599,9.656346,10.3794565,10.669194,11.253606,0.04347729682922363,8.476897,0.5181674,5.29208,7.847455,2.3072696,0.29401502,13.759681,7.874935,9.43296,10.891308,11.593111,13.10989,0.013513235375285149,7.847455,0.94364274,10.068969,0.08901105,0.03855848,0.95829433,1.2374458,0.95829433,17.834164,16.324352,1.0924883
ytjuq7x7,7.0637674,8.079534,9.579189,12.229596,14.27381,18.01085,22.523493,1.8708282,6.7988076,1.239807,0.18235654,10.599414,6.9661293,7.546938,8.211834,8.491205,8.974461,-0.9300534725189209,6.7988076,0.50360394,6.9883385,5.947322,1.1360663,0.1910215,10.550732,6.0299497,6.663114,7.2911134,7.703166,8.612863,0.1539137363433838,5.947322,0.5844844,6.4677696,7.9108086,2.7031794,0.34170708,22.128836,7.38764,8.275438,10.577551,13.750732,18.851673,2.2143750190734863,7.9108086,1.066635,18.278078,8.609878,2.9877234,0.34701112,22.523493,7.928958,9.305737,12.529914,15.070935,19.356953,1.7649058103561401,8.609878,1.1435461,18.070715,0.06680347,0.042314768,0.8594327,0.69075567,0.69075567,12.74613,16.520687,0.77152544
b7p9jyqn,6.766487,8.100329,11.299546,14.871963,17.311161,21.969059,27.644964,2.2736583,7.0990977,1.4776485,0.20814596,14.067549,6.8371716,8.002354,8.832658,9.682954,11.941122,1.0592948198318481,7.0990977,0.5382094,9.94793,7.089466,2.0876994,0.29447907,16.122774,6.6349397,7.623529,9.922737,11.804093,14.216783,1.6103419065475464,7.089466,0.89186436,10.790467,7.888301,3.3540406,0.42519176,21.187874,6.757816,8.96106,12.968927,15.691612,19.301899,1.665464162826538,7.888301,0.99024427,15.516993,8.448929,4.6585817,0.55138135,27.644964,6.7911344,8.563542,16.049147,20.079103,25.007093,2.053152561187744,8.448929,1.5596504,20.640135,0.0006788307,0.03431597,0.8999527,0.8390964,0.8390964,14.188564,16.33723,0.8684804
15ikpqah,10.367334,14.739155,21.830969,26.088408,28.426544,31.915178,34.979855,6.226491,10.18839,3.5380106,0.34725904,25.0089,9.207035,11.236417,15.191199,18.305767,22.623985,1.7288447618484497,10.18839,0.7719783,11.180339,10.395987,2.9445922,0.28324318,24.184597,9.666958,10.91331,13.89224,16.947424,21.68563,2.1197509765625,10.395987,0.8289801,13.098975,14.354429,6.3106027,0.43962756,31.439636,12.0414505,18.308065,24.530457,27.081472,30.462078,0.889701247215271,14.354429,1.7102517,19.981873,14.774432,7.327958,0.49598914,34.979855,12.6214905,18.65744,26.846289,30.754515,33.760834,0.9945670962333679,14.774432,2.352553,28.72562,0.010085162,0.01441879,0.70977324,0.70364714,0.70364714,20.584377,29.12886,0.70666605
cua09pci,6.892073,7.708288,8.576583,9.10168,9.365358,9.894962,10.558175,1.657701,6.8780007,1.022541,0.14866835,10.536417,6.8262014,7.3886805,8.083607,8.81949,10.072955,0.7280413508415222,6.8780007,0.42109266,2.91264,6.511326,1.5096786,0.23185426,10.558175,6.4308224,7.6863666,8.403596,9.130653,10.011908,0.2736586332321167,6.511326,0.6304043,5.769769,7.8095016,0.9514524,0.12183266,10.268051,7.7811346,8.52437,9.103916,9.400332,9.835006,0.024460483342409134,7.8095016,0.4273728,2.5993247,6.4609346,1.1062014,0.17121384,10.1921015,6.416567,7.111597,7.8876534,8.43888,9.332134,0.37667611241340637,6.4609346,0.4392828,4.441432,0.027385613,0.09450076,0.8807221,1.0077994,0.8807221,13.389326,14.270436,0.93825626
flwdr3vw,7.6203384,9.175306,13.903891,16.796541,18.553879,20.440023,22.523401,2.6153016,7.588555,2.391608,0.3151599,18.749369,6.8864155,8.129845,10.230475,13.103403,17.13916,2.161673069000244,7.588555,0.59808373,9.050663,7.297784,2.0691555,0.28353202,16.775566,6.967136,8.107522,9.646011,11.471667,14.631027,1.5192887783050537,7.297784,0.4998301,8.820631,10.055558,3.9967227,0.39746404,21.515898,8.282042,11.680023,17.074795,19.152283,20.92499,1.3751300573349,10.055558,1.1314434,12.906958,9.319359,3.8520474,0.41333824,22.523401,8.338228,10.440024,15.228586,17.958447,21.0022,1.274860143661499,9.319359,1.1785461,15.136953,0.01953274,0.03799755,0.7546627,0.7830779,0.7546627,14.886339,19.374916,0.7683305
mjdimbm2,6.11946,7.1020513,8.527372,9.940765,10.858943,12.796893,15.950326,1.8779283,5.3026195,0.6845365,0.12909403,7.0335383,5.254922,5.809008,6.2842875,6.4847693,6.807955,0.2023136466741562,5.3026195,0.28205782,2.379744,5.5463724,0.9321349,0.16806209,7.9141273,5.5276265,6.242039,6.7651176,7.0757093,7.6355157,0.15691864490509033,5.5463724,0.26007333,2.7392445,6.38804,0.80395925,0.12585382,8.285684,6.4342265,6.9473352,7.4730034,7.770721,8.044541,-0.09244851022958755,6.38804,0.32876104,3.2573318,8.03897,2.1104145,0.262523,15.950326,7.777227,9.0804,10.848196,12.182897,14.338089,0.8264399170875549,8.03897,0.7206928,7.4710784,0.0224678,0.11443327,0.8300855,0.6899357,0.6899357,10.848991,14.42701,0.7519917
71w1wudc,16.818401,18.409063,20.04532,20.994968,21.685028,22.561552,27.988369,3.1640787,16.468033,1.7231065,0.10463341,21.434244,16.578,17.760056,18.406116,18.92699,20.441425,-0.3072938621044159,16.468033,0.83481985,7.7440157,15.815373,1.7910366,0.11324656,21.766743,15.788033,16.947596,18.204346,19.01191,19.964783,0.2139328122138977,15.815373,0.7409988,6.8746157,17.206203,2.4491282,0.14233984,27.988369,17.202059,18.824692,20.2078,21.033096,24.079285,0.18685926496982574,17.206203,1.2427856,14.906464,17.78351,2.6510746,0.14907488,24.769089,17.889492,19.7686,21.284487,21.884789,23.388943,-0.10371062904596329,17.78351,1.1161131,12.499682,0.02021656,0.016499327,0.9570986,0.889328,0.889328,32.283405,34.989716,0.9226541
bl4ce7pk,8.658112,10.006802,11.222996,11.931657,12.3307705,12.879477,13.50256,2.6269245,7.8195896,1.2817018,0.16390909,11.253652,7.664092,8.6633625,9.533691,10.146822,10.869971,0.19162248075008392,7.8195896,0.3960089,3.3290877,9.477955,1.0772961,0.11366335,11.531259,9.531592,10.341389,10.870562,11.20578,11.43404,-0.12864354252815247,9.477955,0.4006259,2.1515875,7.9537053,2.0284264,0.2550291,13.318086,7.536374,9.130838,11.217912,12.011579,12.9293585,0.7644328474998474,7.9537053,0.62635374,5.787454,9.712534,1.6973325,0.17475691,13.50256,9.647677,11.043433,12.027905,12.506345,13.233075,0.03905658796429634,9.712534,0.6437128,5.482574,0.09587287,0.09955875,0.98313797,0.9758478,0.9758478,17.297544,17.666239,0.97913
wcyuknd1,5.690952,6.3793774,7.3704543,8.574074,9.686007,11.74362,14.158773,1.5091505,4.9610343,0.99689376,0.20094474,8.33637,4.9108934,5.629173,6.246504,6.7180157,7.56365,0.3200687766075134,4.9610343,0.3636828,4.9604917,5.2318745,0.9630149,0.18406689,7.579672,5.231454,5.9847074,6.526146,6.830496,7.272625,0.10680186003446579,5.2318745,0.3284998,2.6858208,6.8684673,1.7629128,0.25666755,14.158773,6.517267,7.3920383,9.170117,10.57121,12.863872,1.3970402479171753,6.8684673,0.58234733,7.039502,6.1049757,1.3700404,0.22441374,13.721833,5.87615,6.315715,7.5042725,8.884448,11.772763,2.1763358116149902,6.1049757,0.46946412,7.137327,0.02657143,0.058850348,0.7222913,0.85698533,0.7222913,10.192909,12.973443,0.7856749
ivxan25w,7.618762,9.431139,11.475434,12.940584,13.908814,16.481384,20.344332,3.2391138,8.15655,2.3628058,0.289682,13.908811,8.018633,10.088699,11.34757,12.023916,13.133154,0.14580698311328888,8.15655,0.90579444,7.257559,7.1298323,1.4385519,0.20176518,10.809432,7.101087,8.203224,8.963481,9.445262,10.1037245,-0.10574571788311005,7.1298323,0.5765358,5.5895386,9.368656,2.996985,0.31989485,20.344332,8.466091,11.217536,13.691164,15.364935,18.308022,1.0537824630737305,9.368656,1.0768256,13.049017,7.34552,2.7850885,0.3791547,19.731604,6.9908,8.755104,10.521767,12.701441,17.050276,1.2010091543197632,7.34552,0.91395485,11.321861,0.06716554,0.12104312,0.87062114,0.97063684,0.87062114,15.286383,16.714176,0.9145759
m72qlgdv,8.136072,9.176574,10.66511,11.703737,12.189511,13.115909,15.348465,2.205402,8.437886,2.250657,0.26673234,12.565421,8.708142,9.979913,11.375461,11.923459,12.430938,-0.4946882426738739,8.437886,0.98154885,8.144367,8.399176,2.0867133,0.24844263,13.334254,8.574301,9.6009865,10.872775,11.847435,12.634752,-0.5215066075325012,8.399176,1.0176866,10.185849,7.6932597,1.9971591,0.25959855,15.222329,8.204701,8.920184,9.490356,9.931229,12.215549,-0.5486276149749756,7.6932597,0.8381737,12.147729,7.589599,2.201525,0.2900713,15.348465,7.6125317,8.346461,10.181124,11.998891,13.873088,0.413720965385437,7.589599,0.96506953,12.4361515,0.00229913,0.0067828004,1.0967895,1.1066692,1.0967895,16.837063,15.282859,1.1016959
c2guwjp0,5.8873243,7.1074114,8.443406,9.358323,10.293016,11.917445,14.872231,2.3179917,6.0552726,1.5952326,0.26344523,11.091245,5.881607,7.096309,8.2701,9.038984,10.4641285,0.600006639957428,6.0552726,0.49962112,7.644641,6.218306,1.7948835,0.2886451,12.515017,5.8830233,7.2086267,8.865492,9.3735895,10.958263,0.603904128074646,6.218306,0.75262415,9.851425,5.824071,1.5531274,0.26667386,9.400584,5.8893423,7.1194153,7.7292333,8.064205,9.206064,-0.045517854392528534,5.824071,0.4818884,5.321191,6.1567917,2.3300543,0.3784527,14.872231,5.917776,7.0674047,9.335809,10.956417,13.421698,0.9599658846855164,6.1567917,0.8737777,11.7449,0.013283288,0.027771018,1.0396976,1.0099913,1.0099913,12.273579,11.980863,1.024432
qi2clp81,9.339924,10.683664,14.200391,17.822624,20.71179,25.12226,30.815083,2.5066442,9.406168,1.6548623,0.17593373,18.763481,9.316788,10.116018,11.1770935,12.522,14.1543255,0.8615495562553406,9.406168,0.7506547,12.552303,8.821421,1.664552,0.18869431,14.081507,8.682057,9.717678,11.000934,11.771934,13.258253,0.29413554072380066,8.821421,0.75011,7.225085,12.477352,5.183501,0.41543275,30.815083,10.505853,14.822006,20.660442,24.192976,28.39924,1.414026141166687,12.477352,1.8162336,24.021704,9.849287,3.386344,0.34381616,25.943771,8.950041,10.718279,14.469734,17.09162,22.428995,1.89200758934021,9.849287,0.9183923,18.155226,0.032080345,0.11770984,0.7538593,0.89564055,0.7538593,18.227589,22.32664,0.8164054
l51flmna,7.39456,8.209021,9.034391,9.543963,10.117829,11.698998,15.229836,1.5779228,7.5809946,1.1207927,0.14784244,11.015312,7.5581136,8.300124,9.091487,9.51093,10.517665,0.3427250385284424,7.5809946,0.39928502,3.9049773,7.512777,0.7898966,0.10514043,9.579828,7.4515657,8.030228,8.665914,8.955646,9.299947,0.31761303544044495,7.512777,0.34029448,2.4758482,7.582208,1.6587183,0.21876454,15.229836,7.146811,8.123917,9.589761,11.000617,13.73387,1.8532931804656982,7.582208,0.7187046,8.9166155,7.415142,1.2472,0.16819638,13.558209,7.3890047,8.224707,8.926022,9.463379,10.741584,0.535504937171936,7.415142,0.5034091,5.9961643,0.0045195967,0.011139708,0.99983996,1.0131669,0.99983996,15.093771,14.997351,1.0064292
vycs44ph,8.0322485,8.845294,9.634883,10.12614,10.448487,10.856942,11.472632,1.63378,8.751475,0.90487236,0.10339655,11.138473,8.700544,9.385633,9.984244,10.316284,10.850499,0.20611287653446198,8.751475,0.45862502,4.118974,7.687668,1.2971809,0.1687353,11.462546,7.4919066,8.390111,9.476985,10.485448,11.217841,0.7507532238960266,7.687668,0.37008247,4.239805,8.27811,0.9261048,0.11187395,11.111987,8.169007,8.799318,9.562563,10.150644,10.637222,0.5810031294822693,8.27811,0.4511772,2.8528395,7.4969172,1.1248847,0.1500463,11.472632,7.331127,8.26376,8.984859,9.472714,10.719136,0.5720396637916565,7.4969172,0.4341846,3.253809,0.064711854,0.049520824,1.0571828,1.0254439,1.0254439,16.439144,15.775026,1.0420994
h62myz9v,7.0338326,9.330808,16.068308,20.174784,22.50644,26.207418,31.471123,3.4570718,7.174983,2.8916585,0.40301958,22.651785,6.432888,7.449816,10.234358,13.209997,19.692188,2.6638083457946777,7.174983,0.9249317,16.475231,6.6433053,1.6661898,0.25080734,18.531973,6.4278665,7.2371473,8.557541,9.419703,13.191502,2.1337854862213135,6.6433053,0.6465925,13.465445,10.120057,4.965528,0.49066207,27.131947,8.101522,12.113694,18.703455,21.551487,24.14042,1.40488600730896,10.120057,1.4401815,21.072971,10.561781,6.193153,0.5863739,31.471123,7.986987,13.387328,20.176533,24.341627,29.38332,1.3769463300704956,10.561781,2.005147,25.581772,0.038476378,0.021358054,0.7089864,0.6289948,0.6289948,13.818289,20.681839,0.66813636
lu8wpfq2,8.687333,10.2946415,11.818586,14.325535,16.342613,19.760036,25.428123,2.6066008,8.173524,1.1050955,0.13520429,14.5838995,8.248851,8.839947,9.376446,9.829963,10.721974,0.4086284637451172,8.173524,0.49766043,6.3901157,8.014999,1.0865016,0.13555853,14.44988,7.9301786,8.578233,9.420105,9.983754,10.575399,0.8431130647659302,8.014999,0.5645431,5.944868,10.787793,2.6497953,0.24562904,22.828926,10.713273,11.488153,13.436521,16.350876,20.749222,1.5091805458068848,10.787793,0.9076639,14.769043,9.889186,3.3052902,0.3342328,25.428123,9.165369,10.770765,14.209606,17.22036,21.952377,1.722425103187561,9.889186,1.2548288,17.604856,0.009792401,0.04345931,0.75766414,0.8104812,0.75766414,16.188522,20.67698,0.78292495
bhaiiwi0,7.0112534,7.963823,8.699454,9.056249,9.279002,9.630335,10.127443,2.0654912,7.6629705,0.85956573,0.112171344,9.560074,7.7090025,8.294796,8.785854,9.023158,9.36606,-0.1756175011396408,7.6629705,0.37882933,3.629529,6.359055,1.6813841,0.26440784,10.078569,6.2336617,7.668282,8.798018,9.279624,9.683716,0.2324717938899994,6.359055,0.64303225,6.074669,7.5627694,1.0997447,0.1454156,10.127443,7.5607452,8.426752,8.963891,9.422537,9.856614,0.043120741844177246,7.5627694,0.5107982,1.7063136,5.9863863,1.2768584,0.2132937,9.675775,5.953683,6.865164,7.64598,8.140787,9.069386,0.0019563063979148865,5.9863863,0.45614678,2.9846275,0.09299052,0.11634548,1.0132493,1.0622528,1.0132493,14.022026,13.549156,1.0349003
8l0hg9nc,6.668025,9.632408,14.198336,17.310932,19.312225,21.682995,26.593166,3.794783,6.2244253,1.2511566,0.20100756,12.289571,6.0841565,6.552643,7.2496552,8.446315,11.57257,1.8496845960617065,6.2244253,0.410937,4.985862,5.920051,1.4790606,0.24983917,11.45975,5.7182407,6.4518623,7.912735,8.794398,10.69013,1.14913010597229,5.920051,0.46244904,5.35363,10.553122,4.6967726,0.44506,25.742058,8.636252,13.511225,18.158934,20.025318,22.33834,0.9487243890762329,10.553122,1.4102112,17.241783,9.871695,4.2533684,0.43086508,26.593166,8.819454,12.067907,16.01451,18.29613,23.169546,1.1461174488067627,9.871695,1.317386,18.118599,0.025062772,0.033362698,0.5898184,0.59969956,0.5898184,12.144476,20.424816,0.5945941
bekgv1bb,7.383363,8.312456,9.476783,10.534695,11.634377,14.297585,17.656006,1.767993,7.724053,1.2616037,0.16333441,10.691767,7.7189426,8.532225,9.465988,9.91419,10.44222,0.04992656782269478,7.724053,0.43710804,2.899613,7.717581,1.2895486,0.16709234,13.544988,7.423288,8.37571,9.404864,10.229852,12.062466,1.3517262935638428,7.717581,0.5619397,6.937824,7.2284656,0.9053646,0.12524989,9.390171,7.2387123,7.847726,8.387009,8.698347,9.127885,-0.13430504500865936,7.2284656,0.45752755,3.5103874,7.845564,2.5239973,0.3217101,17.656006,7.0858803,8.680696,11.470286,13.837447,16.2853,1.5803109407424927,7.845564,0.93409276,12.233927,0.0004191338,0.04093785,1.0685605,0.9836872,0.9836872,15.441633,15.07403,1.0243865
hg5zmtga,8.057957,9.075195,10.170818,10.87251,11.346469,12.365031,14.35625,1.813273,8.236763,1.3732355,0.16672029,13.168487,8.054081,9.011257,10.029109,10.680617,12.097612,0.5041369199752808,8.236763,0.55271226,4.567434,7.539326,1.3546733,0.17968094,12.367784,7.1781945,8.173089,9.580693,10.338178,11.536644,1.14325749874115,7.539326,0.59725857,3.8831382,8.357393,1.2744281,0.15249111,13.320086,8.193816,9.017209,9.9566145,10.60748,12.252147,0.5625367760658264,8.357393,0.4137386,3.1712046,8.59861,1.478603,0.17195837,14.35625,8.345713,9.539934,10.580909,11.225165,12.970998,0.8216026425361633,8.59861,0.6642834,5.2123127,0.044208474,0.014226033,0.985566,0.8768076,0.8768076,15.776089,16.956003,0.9304132
46ayn2d7,6.747139,7.919971,11.056954,14.598909,17.147028,21.438015,27.284164,2.1108155,6.515799,1.3321545,0.2044499,14.524349,6.515333,7.073986,7.828173,8.480726,11.267619,1.143560767173767,6.515799,0.52350694,9.392397,6.487601,1.6283835,0.25099933,13.946402,6.1169677,7.230429,8.665308,9.6746235,11.845717,1.3386350870132446,6.487601,0.5066153,8.282536,8.164381,3.832061,0.46936333,25.410698,6.9090753,8.484552,13.807719,17.313013,21.884407,2.026414632797241,8.164381,1.0745918,18.732325,8.705761,4.054511,0.46572736,27.284164,7.4435186,9.45282,14.411151,18.026608,23.39967,1.9764286279678345,8.705761,1.3663572,20.32651,0.0021685285,0.03209101,0.79807633,0.7452078,0.7452078,13.0034,16.870142,0.77079374
ki3x7995,7.603962,9.022345,12.154059,15.22861,16.92287,20.551702,27.031797,2.2375937,7.0752106,1.040769,0.14710078,10.594399,7.0374937,7.7169895,8.398009,8.9429245,9.955719,0.49037864804267883,7.0752106,0.43137798,4.124274,7.349674,1.3583801,0.18482181,10.36728,7.364725,8.399441,9.231272,9.610078,10.162325,0.14214807748794556,7.349674,0.51181114,3.23313,9.878046,3.9873192,0.40365466,27.031797,8.083916,11.153541,15.587825,18.715302,24.010798,1.762148380279541,9.878046,1.1962124,20.439405,9.339242,3.1883168,0.34138924,22.83571,8.323057,10.285147,14.305162,16.240713,19.48774,1.5382746458053589,9.339242,0.94100595,14.73162,0.019027095,0.028037464,0.7162561,0.7869669,0.7162561,14.424885,19.217289,0.7506202
5cf72gnn,23.078548,26.219744,31.065796,37.54526,43.012074,52.466763,66.27137,5.922985,22.183378,4.7504935,0.21414654,39.39545,22.908113,25.773285,27.38213,28.0656,32.720142,-0.3167754113674164,22.183378,1.7672613,28.454218,21.034233,3.1481948,0.14967005,37.36667,20.804537,22.793476,24.839201,26.351667,29.740168,0.6784179210662842,21.034233,1.292601,25.413887,24.669725,8.09812,0.32826144,66.12411,22.830578,26.555443,34.08321,42.74862,55.70746,1.8960118293762207,24.669725,3.0303538,55.31429,27.088102,8.32193,0.30721715,66.27137,25.008278,28.986826,38.10239,44.338486,58.033215,1.6347755193710327,27.088102,3.9135811,53.68241,0.02658974,0.046724852,0.8992146,0.77651185,0.77651185,43.217613,51.757828,0.83499664
v9ibwgt2,9.252537,10.179887,11.398736,12.239662,13.011423,15.123035,19.063652,1.677249,9.225864,0.89492464,0.09700171,12.710863,9.15705,9.888383,10.395899,10.76741,11.343509,0.39348307251930237,9.225864,0.41413108,5.639608,9.449664,1.0759085,0.1138568,12.124495,9.35813,10.196466,11.118781,11.428325,11.872094,0.39567697048187256,9.449664,0.4031285,3.8973408,9.858332,1.4114823,0.14317659,16.007938,9.514573,10.807566,11.908882,12.344365,14.172874,0.9200522899627686,9.858332,0.63023955,8.679304,9.612596,2.0972078,0.2181729,19.063652,8.983803,10.206534,12.357735,14.29523,17.003853,1.6742300987243652,9.612596,0.90296674,10.118881,0.01198358,0.012620668,0.93584436,0.9830502,0.93584436,18.67553,19.470928,0.9591494
lb25485h,16.267395,18.336336,20.447157,22.296118,26.01477,35.386528,49.473896,4.1248884,16.17457,3.0104208,0.1861206,22.16832,16.561913,18.19762,19.76096,20.387224,21.5124,-0.7990695834159851,16.17457,1.4304918,13.448197,17.275919,2.883561,0.16691215,22.710102,17.875332,19.394741,20.615248,21.226164,22.203432,-0.5728985071182251,17.275919,1.1338191,6.8629923,17.27464,5.486366,0.31759655,42.218433,16.267448,18.824594,23.497263,28.28738,38.25346,1.843406081199646,17.27464,2.070219,32.472458,16.291069,4.843655,0.29731965,49.473896,15.460583,16.989351,19.273943,24.59373,39.626118,3.2804298400878906,16.291069,1.7573764,38.74411,0.032924745,0.029302826,0.9363188,1.0604534,0.9363188,33.45049,33.56571,0.99656737
cqxcs1xs,8.554253,11.350433,17.073345,20.841219,22.938736,26.209347,29.808424,4.3777957,8.951691,2.2496104,0.25130564,19.602634,8.502356,9.634338,11.75989,13.529479,17.005547,1.6991028785705566,8.951691,0.606328,10.688722,9.055946,3.747948,0.41386595,20.891539,7.863057,11.2738285,14.580621,16.496181,19.688187,1.0134143829345703,9.055946,1.3109406,13.351775,10.114104,3.6276076,0.3586682,22.080961,8.918359,11.797761,15.865663,17.842072,21.334469,1.3689724206924438,10.114104,0.83131075,10.811897,11.372391,7.008174,0.61624455,29.808424,8.697047,16.506453,22.920826,25.088192,27.943712,0.8607277274131775,11.372391,2.2158353,20.627924,0.005789526,0.058561735,0.88507,0.7963098,0.7963098,18.007637,21.486496,0.8380909
rqlnzzrj,8.886615,10.603039,15.257052,19.955687,23.16543,27.886934,32.36238,2.6790042,8.66415,2.360654,0.27246228,25.990107,8.273776,9.098679,10.450111,12.686208,19.301983,2.9632670879364014,8.66415,0.66675997,20.351547,10.094096,3.2358515,0.3205687,28.940273,9.1967945,10.857204,13.583541,16.88832,23.087736,2.445650815963745,10.094096,1.1166884,22.918022,9.61491,3.46877,0.3607699,26.440334,8.785437,10.419052,13.699494,17.055103,22.651743,1.9313827753067017,9.61491,0.8792011,15.915095,12.124631,5.829005,0.4807573,32.36238,9.706004,13.423499,21.687618,26.33667,30.865854,1.6876916885375977,12.124631,2.0514014,25.50824,0.07623025,0.11544498,0.9011161,0.8325281,0.8325281,18.758247,21.73954,0.8628631
o7vbhh5o,8.722708,10.705442,14.633728,17.366716,18.796915,20.522379,22.803617,3.0886517,9.645494,3.0544443,0.31667057,22.803617,8.983857,10.244308,13.555384,17.090279,21.135187,1.943963885307312,9.645494,0.94739896,16.912899,9.246157,3.464668,0.3747144,21.665127,7.8241982,11.008481,14.364597,16.74565,20.387003,1.410998821258545,9.246157,1.1833942,15.680692,9.290341,2.1136322,0.22750856,18.04969,8.658583,10.144236,12.2718,13.889985,16.162231,1.5370204448699951,9.290341,0.56327844,4.0660434,10.526776,3.9138663,0.37180102,21.920956,8.865197,12.528074,17.177116,19.09064,20.923248,1.1377851963043213,10.526776,0.96185243,13.091482,0.02113832,0.06239227,1.0382282,0.87834644,0.87834644,18.891651,19.817118,0.95329964
l5u7nted,8.613447,10.117672,11.455959,12.638592,13.378746,14.721413,16.31821,3.7154331,8.932025,1.8734322,0.20974328,14.122481,9.068641,10.149038,11.23774,12.053282,13.272311,-0.07278063148260117,8.932025,0.7492367,8.947557,8.283529,2.0787978,0.25095558,15.036735,8.2416525,9.6057415,10.823509,11.936455,13.806359,0.3986032009124756,8.283529,0.89343977,10.757002,8.204789,2.1957526,0.26761842,12.169483,8.787932,10.113083,10.7363205,11.077752,11.709391,-0.28348079323768616,8.204789,0.7739942,6.0756574,8.336684,3.1500201,0.37785047,16.31821,7.5977526,10.725487,12.987832,14.063395,15.638043,0.5582379102706909,8.336684,1.2661252,11.68933,0.037669174,0.007973598,1.0886356,0.993624,0.993624,17.215553,16.541473,1.0407509
qmvqwpqo,9.307508,10.862757,12.012562,12.937687,14.196157,17.906162,25.374842,3.163076,9.126974,2.030645,0.2224883,21.157995,9.212018,10.237499,11.105851,11.804565,15.931376,1.121171474456787,9.126974,0.9571402,16.11654,9.931206,1.6510781,0.16625153,20.512651,9.8657465,11.026517,11.801219,12.105495,14.732604,0.8029615879058838,9.931206,0.80228233,14.86594,8.8043585,3.3606434,0.38170224,23.527355,7.9926386,11.287664,12.838459,13.901972,19.208582,0.9162107110023499,8.8043585,1.1494586,18.109446,9.674385,2.5688457,0.26553065,25.374842,9.406591,11.163982,12.255852,12.973544,19.99798,1.753134846687317,9.674385,0.915539,19.756659,0.042198766,0.04708256,1.0366427,1.0265465,1.0265465,19.05818,18.478745,1.0313568
2lngixmc,9.504524,11.016306,12.419791,13.562043,14.463829,15.678849,17.093975,3.0585942,9.703136,1.738153,0.1791331,13.504791,10.119832,11.009485,11.648667,12.09137,12.829839,-0.4993053078651428,9.703136,0.6236823,5.6357903,7.678617,2.4028232,0.31292397,14.034378,7.3818884,9.502088,11.118797,11.916431,13.007548,0.3789592981338501,7.678617,0.9828328,8.906359,10.893585,2.3847349,0.21891184,16.97586,10.45771,12.572991,14.407156,15.3445215,16.203089,0.328155517578125,10.893585,0.94603425,10.986822,9.354299,2.101616,0.22466846,17.093975,9.028976,10.482891,12.16407,13.337332,15.343566,0.6518879532814026,9.354299,0.8046838,10.619652,0.11647383,0.0760221,0.8907202,0.8208651,0.8208651,17.381754,20.247883,0.85844797
4sx27dcb,7.5950212,8.796706,11.513225,13.171034,14.095986,16.162043,18.30462,2.2593522,7.054957,1.1386724,0.16140033,11.947432,7.03651,7.654767,8.427337,8.973635,10.393677,0.7269658446311951,7.054957,0.39955565,3.583613,6.4458094,1.5268309,0.23687187,12.966291,6.466392,7.1352944,7.724852,8.94367,11.876213,0.8970790505409241,6.4458094,0.40691778,6.0316534,8.531793,1.4012227,0.16423544,12.975154,8.39039,9.0294485,10.602778,11.359209,12.547093,0.7415650486946106,8.531793,0.40941414,4.703753,9.559327,3.163057,0.330887,18.30462,8.576357,12.084529,14.055635,15.492663,17.28868,0.549994170665741,9.559327,1.0079165,11.6946125,0.04511948,0.056797728,0.82690203,0.6742953,0.6742953,13.500767,18.09112,0.7462649
om2zkf5b,1.0509425,1.5930912,2.2642467,2.7486763,2.9890978,3.2098832,4.0515914,1.0829985,0.889878,0.60014814,0.67441624,2.864421,0.91549754,1.1160127,1.8421787,2.117025,2.4283493,0.6098558306694031,0.889878,0.20025276,1.0167178,1.2865524,0.671625,0.5220347,3.18163,1.186646,1.8066218,2.1635387,2.3854501,2.9184675,0.3051975667476654,1.2865524,0.22505088,1.0236657,0.79547405,0.56175256,0.7061859,2.8681757,0.863247,1.1066027,1.3918633,1.88241,2.397833,0.6021785140037537,0.79547405,0.16600984,1.0533013,1.5058167,1.0026277,0.6658365,4.0515914,1.4116244,2.2766597,2.9621038,3.1677763,3.5516496,0.236917644739151,1.5058167,0.3011408,1.7565289,0.18225919,0.3086714,1.1186763,0.8543885,0.8543885,2.1764305,2.3012908,0.9457434
1sa3y5t3,2.143362,3.4350743,5.035888,5.8068438,6.326313,7.067563,7.9009857,2.0294805,1.7674853,0.91155124,0.5157334,5.300368,1.5618764,2.2250931,3.0784745,3.7871575,4.7125797,1.3925977945327759,1.7674853,0.21556759,0.9875288,2.7551935,1.0942245,0.39714977,5.7863765,2.469943,3.3886766,4.4988,5.0484366,5.5382915,0.8701477646827698,2.7551935,0.34360626,1.4850916,1.7452132,1.1638685,0.66689193,5.983406,1.5405939,2.193892,3.3319762,4.275506,5.4792814,1.2635365724563599,1.7452132,0.31868708,1.2889435,3.814241,1.756147,0.4604185,7.9009857,3.6273427,5.182354,6.3218713,6.846955,7.523795,0.2507995069026947,3.814241,0.5757319,3.2211692,0.21839008,0.37216386,1.0127618,0.72234386,0.72234386,4.522679,5.559454,0.8135113
7szpf9s9,2.5638824,4.1147985,5.568523,6.31064,6.8155107,7.755803,8.670457,2.515693,2.453087,1.234679,0.5033164,6.2545214,2.1025944,3.2069952,4.3704276,5.0771,5.7961345,0.9373274445533752,2.453087,0.36543852,1.7496895,3.6100447,1.4324958,0.39680833,6.6806335,3.532329,4.6534896,5.62817,6.019835,6.3842163,0.01981395110487938,3.6100447,0.5034776,2.198318,2.076203,1.1449057,0.551442,5.908773,1.8441758,2.6108584,3.7798953,4.533711,5.4935403,1.0666131973266602,2.076203,0.30537936,1.1414809,3.8062341,2.1074426,0.5536818,8.670457,3.6322408,5.516267,6.8112316,7.38098,8.196543,0.31141898036003113,3.8062341,0.5697671,2.841556,0.19081849,0.29410106,1.1815256,0.94845575,0.94845575,6.063132,5.882437,1.0307176
ehwhg0u4,1.1100557,1.9103675,2.734572,3.296743,3.737549,4.366963,5.208266,0.9485711,1.0416371,0.3700335,0.35524225,1.9426945,0.9617964,1.1297874,1.5773206,1.8522117,1.9367801,0.21264779567718506,1.0416371,0.15672955,1.7073153,1.3194795,0.44424853,0.33668467,1.9426945,1.1771656,1.8041744,1.9405295,1.9426945,1.9426945,0.07307921350002289,1.3194795,0.16505878,0.9930785,1.2163445,0.6708563,0.5515348,3.3575163,0.9757887,1.54,2.1749172,2.3471994,3.342722,0.8272419571876526,1.2163445,0.21493185,1.3301951,2.115855,1.1129577,0.5260085,5.208266,1.9426945,2.9162755,3.7286677,4.1188626,4.8146443,0.4039877951145172,2.115855,0.38655704,2.9401512,0.117674164,0.26994497,0.8563668,0.62361526,0.62361526,2.3611164,3.3321996,0.7085759
3qlx3f2x,0.98913985,1.3325444,1.9125252,2.001199,2.020557,2.473938,2.9893353,0.96162593,1.1180608,0.4727267,0.42280948,2.0051134,1.0194008,1.3852044,1.859453,1.9789128,2.0045373,0.008198464289307594,1.1180608,0.19020867,1.8712633,1.3270243,0.50089234,0.37745526,2.2631757,1.2904524,1.7842039,1.9928564,2.0051134,2.1221466,-0.2704129219055176,1.3270243,0.19973192,1.8327509,0.57986784,0.48365235,0.8340734,2.0064347,0.5599438,0.9830732,1.0903207,1.2832603,1.916961,0.4046993851661682,0.57986784,0.18648863,1.0017045,0.80391175,0.811776,1.0097824,2.9893353,0.67823887,1.3847517,2.0007122,2.1844392,2.8358812,0.5902099013328552,0.80391175,0.27174503,2.0033221,0.085462674,0.16190723,1.9281304,1.650709,1.650709,2.445085,1.3837795,1.7669615
hdcv4bkt,0.9018592,1.4578499,1.932495,2.5088234,2.5955837,2.6283548,2.8058293,0.6510079,0.99809855,0.31768307,0.31828827,1.7212659,0.8317807,1.1811548,1.5607917,1.6668568,1.7134278,0.8182941675186157,0.99809855,0.12186489,0.88242817,1.0492374,0.38951814,0.3712393,2.1005886,0.93703955,1.3294604,1.6587791,1.7046212,2.0405483,0.317503422498703,1.0492374,0.17814887,1.4425315,0.78393316,0.5052622,0.644522,1.8887603,0.8141773,1.09591,1.5467274,1.6435131,1.7212659,-0.027151204645633698,0.78393316,0.17380457,1.4982227,1.4173204,0.8415414,0.59375525,2.8058293,1.4097798,2.1039383,2.5944946,2.6278405,2.6375093,-0.08328830450773239,1.4173204,0.3264053,2.6847365,0.024978226,0.28773934,1.2731935,0.74029654,0.74029654,2.0473359,2.2012534,0.9300773
cv1ltwbj,1.4131801,2.8142238,3.9965796,4.581654,4.933435,5.50303,5.981518,1.8895321,1.5867562,0.88336027,0.5567082,4.1667695,1.250837,2.1617186,3.0169482,3.4305108,3.8822892,0.9433097243309021,1.5867562,0.23386876,2.2902014,3.0317373,1.2573758,0.41473773,5.6113906,3.1965446,4.02666,4.542209,4.9889812,5.438148,-0.15204964578151703,3.0317373,0.48219496,3.4803429,1.0747097,0.6190287,0.5759962,3.5861883,0.92763454,1.353739,1.9685562,2.3755279,3.0689123,1.3209785223007202,1.0747097,0.18922022,1.2199223,2.213342,1.5312234,0.69181514,5.981518,1.6973937,3.3646646,4.6351705,5.1148686,5.712695,0.670310914516449,2.213342,0.3948204,3.4815295,0.31286848,0.34629393,1.476451,1.3697555,1.3697555,4.6184936,3.2880516,1.4046292
9uu2bl7a,1.7459283,2.927874,4.266175,5.0204277,5.596838,6.265575,6.7909517,1.9565367,1.8576454,1.0511993,0.56587726,5.082032,1.64288,2.472103,3.431993,4.036342,4.7702217,0.834947943687439,1.8576454,0.26660794,1.4007537,2.957164,1.1925049,0.40325963,6.1928234,2.7434556,3.728361,4.7270303,5.208322,6.024331,0.5956235527992249,2.957164,0.406906,1.9945605,1.0826545,0.7406744,0.6841281,4.7174463,0.9156617,1.3050389,2.0360842,2.756444,3.9934716,2.040466785430908,1.0826545,0.15262078,0.75669575,2.6118343,1.714658,0.6564957,6.7909517,2.0349607,3.8100643,5.32178,5.889752,6.6783805,0.6929276585578918,2.6118343,0.45285103,1.9895463,0.22836183,0.41390836,1.7158248,1.1322173,1.1322173,4.8148093,3.6944888,1.303241
mkoh109z,1.6982713,3.2618127,5.441397,6.3242517,6.801811,7.3036585,7.808621,2.2504292,2.2468195,1.2138656,0.54025954,6.276655,1.8952973,2.8315375,4.0666404,4.815977,5.99232,1.2456599473953247,2.2468195,0.34273478,2.5678942,4.668481,1.8574611,0.3978727,7.808621,4.848415,6.277276,7.047848,7.302186,7.711723,-0.2501140236854553,4.668481,0.79778665,4.728202,1.0382179,0.49505782,0.4768342,3.142902,0.9834948,1.2600534,1.6710272,1.9053432,2.5511956,0.6544263362884521,1.0382179,0.15836814,0.9640657,2.127196,1.5742015,0.7400359,7.3655095,1.5104685,2.8479903,4.656008,5.5385294,6.6900215,1.2739136219024658,2.127196,0.4020803,4.1986976,0.35018888,0.34402394,2.1641116,2.194664,2.1641116,6.9153004,3.1654139,2.1846433
do0d3fvn,1.2912327,1.8224332,2.3539002,2.693952,2.9736154,3.5396566,4.057122,0.7120173,1.3319848,0.4005645,0.30072755,2.6107605,1.186132,1.5225153,1.8954558,2.1030006,2.5555391,0.8504787087440491,1.3319848,0.14241853,1.4164901,1.4164991,0.42817575,0.30227745,2.6182563,1.3600708,1.6942083,1.993177,2.1884565,2.532403,0.37697356939315796,1.4164991,0.18753177,1.0435421,1.1080102,0.42619684,0.38465065,2.3074625,1.1639651,1.3778439,1.6684254,1.8262781,1.9937983,-0.038951706141233444,1.1080102,0.17181352,1.8243649,1.8879054,0.8398488,0.44485748,4.057122,1.9011648,2.4776025,2.9640527,3.3613803,3.844635,0.1274818480014801,1.8879054,0.2665861,1.9889711,0.030749453,0.2603195,1.2021413,0.75030196,0.75030196,2.748484,2.9959154,0.9174104
v4kfq5dz,1.0642745,1.757689,2.319792,2.6780605,2.8850164,3.1810842,3.4447732,0.98765934,1.4003295,0.6768785,0.4833709,3.0439718,1.4120369,1.912991,2.2692444,2.559833,2.767564,-0.0645623579621315,1.4003295,0.20834613,1.5780386,2.0141506,0.7159416,0.35545585,3.4447732,2.0485623,2.5165594,2.9807816,3.1791105,3.3503923,-0.11630334705114365,2.0141506,0.3049893,1.6031642,0.6754108,0.40202639,0.59523237,2.177468,0.76428103,0.86454904,1.1918504,1.4093565,1.6470904,0.1812601387500763,0.6754108,0.13819882,0.7485848,1.0921931,0.5958322,0.5455374,3.2425926,0.9078424,1.3927853,2.0058975,2.296685,2.8572974,0.9961719512939453,1.0921931,0.18956068,1.0573076,0.17977001,0.23578943,2.0733004,1.8441341,1.8441341,3.4144802,1.7676039,1.9316999
53x1f8s0,1.4273717,1.941226,2.5205755,2.941148,3.0899706,3.4657817,3.939731,1.112632,1.1897614,0.45460027,0.38209364,2.6587305,1.1777053,1.4728876,1.7473843,2.0891366,2.303986,0.5631881356239319,1.1897614,0.12648846,1.5492992,1.5413512,0.44008633,0.28551984,3.0264494,1.4731438,1.7916607,2.1752887,2.2912788,2.684068,0.33495384454727173,1.5413512,0.18557848,2.4402394,0.9531267,0.45854494,0.48109546,2.608472,0.7543579,1.2223425,1.6476727,1.9210383,2.2852437,1.0330830812454224,0.9531267,0.14235924,1.1916864,2.123382,0.772657,0.36388034,3.939731,2.2002437,2.6973476,3.088284,3.357952,3.8164523,-0.05660700798034668,2.123382,0.31654784,2.8954074,0.128735,0.38038424,1.248272,0.7258944,0.7258944,2.7311125,3.0765088,0.8877311
x7m2mm4p,0.75020355,1.3780624,2.343763,2.8518376,3.1416466,3.5112927,3.8771822,0.9845817,0.8995506,0.6195402,0.6887219,2.9610395,0.85953975,1.1617565,1.8166844,2.1329825,2.5450356,0.7138378620147705,0.8995506,0.17274445,0.9850975,2.0215404,1.0802711,0.5343802,3.8771822,2.180592,2.8538911,3.295152,3.5322337,3.8220623,-0.5387964248657227,2.0215404,0.37756538,2.368748,0.48164162,0.24210039,0.5026567,1.5482874,0.39447138,0.5165788,0.85872436,1.030885,1.184876,1.090054988861084,0.48164162,0.094066456,0.9895989,0.8611662,0.68989277,0.80111456,3.2556076,0.7932507,1.1846967,1.8051423,2.1727002,2.818149,0.680422306060791,0.8611662,0.1994617,1.6988575,0.38409954,0.28263506,1.8676763,2.3474452,1.8676763,2.921091,1.3428078,2.1753607
61nhvcfw,0.7556648,1.6635801,3.6014996,4.737914,5.105856,5.7304144,6.4566226,0.9832126,1.5525237,1.0006809,0.64455116,4.912521,1.4010587,1.9611964,3.1335685,3.9005892,4.795729,1.185234546661377,1.5525237,0.2889999,2.6871662,3.3111784,1.6190073,0.488952,6.4566226,3.3945804,4.7391453,5.510476,5.744981,6.2076697,-0.05104770138859749,3.3111784,0.616332,4.1793737,0.63791144,0.3380426,0.5299209,1.5424867,0.6813968,0.6823082,0.8018962,1.4173787,1.5208261,0.06439491361379623,0.63791144,0.14640896,1.0666287,0.72037023,0.4996432,0.69359225,2.5727956,0.6814512,0.8649331,1.4771191,1.5714749,2.2544818,0.5648716688156128,0.72037023,0.19597629,1.6310868,0.36158764,0.060708173,2.4337606,4.596495,2.4337606,4.8637023,1.3582816,3.580776
r2f5t82d,1.8688581,3.2252169,4.5884476,5.399865,5.957576,6.6972933,7.4889364,1.9625399,1.8491639,1.1606587,0.6276668,4.82334,1.5838675,2.6042533,3.5883024,4.1480446,4.467066,0.5486223101615906,1.8491639,0.2860865,2.33348,3.5843873,1.3685157,0.38179907,6.9085617,3.5464318,4.5903645,5.3418207,5.8702717,6.648558,0.12268928438425064,3.5843873,0.51391697,3.562153,1.3976783,0.6557795,0.46919203,4.2315197,1.3676312,1.6786377,2.191289,2.702366,3.5379272,1.1501387357711792,1.3976783,0.21003428,1.5707195,2.7106962,1.7090114,0.63046956,7.4889364,2.1198735,3.7184386,5.5038834,6.3364434,6.995487,0.9614077210426331,2.7106962,0.50665015,5.9510813,0.31935346,0.3195955,1.3230255,1.3223125,1.3223125,5.4335513,4.1083746,1.322555
dl7fkndg,1.2535521,2.6965985,3.798391,4.289826,4.5748315,5.22421,6.04625,2.212291,1.4791502,1.085274,0.7337145,4.7598777,1.1782172,2.1793847,3.124965,3.6385243,4.248191,0.8678781986236572,1.4791502,0.23979542,2.0123763,2.9796824,1.083108,0.36349776,5.3285594,3.152092,3.7829323,4.282143,4.571808,5.2241817,-0.2588355243206024,2.9796824,0.40536964,1.4362166,0.7255612,0.5643843,0.777859,3.0041149,0.45905462,1.1250074,1.4064208,1.9018123,2.4271653,1.0357710123062134,0.7255612,0.15703563,0.95294815,1.9640458,1.4649695,0.7458938,6.04625,1.4774103,2.9346747,4.2097716,4.832898,5.655475,0.7518973350524902,1.9640458,0.3478007,1.6352303,0.3365303,0.4604705,2.038629,1.5171145,1.5171145,4.4588327,2.689607,1.6578009
1jrj5xfe,1.9383373,3.283558,5.149872,6.053378,6.7085233,7.507953,8.663055,2.3001833,1.7897925,0.8227928,0.45971408,4.6444097,1.7042389,2.1366222,2.9508429,3.4352798,4.2476573,1.0469626188278198,1.7897925,0.22098742,1.1419532,3.2115026,1.2836245,0.39969593,6.708853,3.021037,4.044544,5.0675693,5.6283484,6.366611,0.49449923634529114,3.2115026,0.45873266,3.0097437,1.2421242,0.90373296,0.72757053,4.6025887,0.9658871,1.7010496,2.4221742,3.096847,4.279688,1.302727460861206,1.2421242,0.26865637,2.2136905,3.3833816,2.3011124,0.680122,8.663055,3.080618,5.3773956,6.6871257,7.2119527,8.160543,0.33752286434173584,3.3833816,0.7089067,5.787949,0.28426838,0.4629239,1.4409127,0.949199,0.949199,5.001295,4.625506,1.0812428
ub4o47en,1.086932,2.2370574,3.3389957,3.8174179,3.9768596,4.4260073,4.9853387,1.611315,0.97090214,0.7130954,0.73446685,3.825381,0.8571421,1.3205786,1.9615475,2.5513978,3.2732728,1.3170350790023804,0.97090214,0.21111785,1.281042,1.9543546,0.93617636,0.4790207,4.287865,1.8222283,2.61897,3.3408852,3.666009,4.0724764,0.47659844160079956,1.9543546,0.28517693,1.0566409,0.8658665,0.5090152,0.58786803,2.693546,0.80812806,0.99494183,1.5373611,1.9563438,2.466664,1.2835181951522827,0.8658665,0.12948637,0.6343163,2.2567086,1.2855486,0.56965643,4.9853387,2.2997446,3.3631995,3.9339888,4.3050513,4.7932763,0.1092725396156311,2.2567086,0.35176796,2.5035806,0.33619356,0.44541514,1.121307,0.8660199,0.8660199,2.9252567,3.122575,0.9368091
48nysj5y,0.13518614,0.62032574,1.0298439,1.0986036,1.1009859,1.2155865,2.0768015,0.5698328,0.36695755,0.37405252,1.0193346,1.1009859,0.16886917,0.6852662,1.0300268,1.0861475,1.1009859,0.8423348665237427,0.36695755,0.14436744,0.98596257,0.22691485,0.2896713,1.2765639,1.1009859,0.059084754,0.27339232,0.7464992,0.9663304,1.0988472,1.7301322221755981,0.22691485,0.12129803,1.0504929,0.27298817,0.33596936,1.2307103,1.1009859,0.08495897,0.45295364,0.8705292,0.99957865,1.085252,1.0211623907089233,0.27298817,0.13618955,1.0504929,0.47258413,0.45247552,0.9574497,2.0768015,0.30517638,0.89077115,1.1009859,1.144416,1.637289,0.6644832491874695,0.47258413,0.20226368,2.0263085,0.23581275,0.2677084,1.344225,0.48015758,0.48015758,0.5938724,0.7455723,0.7965323
wx0i3a4k,1.1924276,1.6413052,2.3949788,2.8797114,3.2149322,3.7392874,4.097964,0.94139576,1.1424084,0.4861298,0.42553067,2.3661964,1.2136903,1.5346129,1.6381694,1.8249569,2.2399333,-0.250809907913208,1.1424084,0.1762381,0.8986701,1.8178189,0.68718386,0.37802657,3.3625054,1.9115152,2.377704,2.4105525,2.6414907,3.2187362,-0.6095141768455505,1.8178189,0.28527004,2.4899888,0.80900747,0.36451954,0.45057625,1.6477649,0.70149904,0.9695592,1.4242356,1.5223068,1.5495806,0.21011801064014435,0.80900747,0.12883362,1.2327937,1.5338839,0.9919796,0.646711,4.097964,1.3902293,2.126968,3.0897396,3.5558908,4.0435114,0.8181309103965759,1.5338839,0.3152995,3.4279773,0.22816171,0.30939397,1.412111,1.1851085,1.1851085,2.9602273,2.3428915,1.2634932
focnqdqx,1.496566,3.0070634,4.597208,5.504384,6.042261,6.899327,7.686668,2.2284155,1.3686757,0.6891782,0.5035365,3.7054622,1.2092297,1.7008802,2.400461,2.815904,3.3795614,1.0676124095916748,1.3686757,0.18898582,2.1723447,3.1699479,1.2355949,0.38978398,5.6958957,3.335985,4.1451063,4.6245213,5.006146,5.334397,-0.3445303440093994,3.1699479,0.46889085,2.4832864,0.96623576,0.5173979,0.5354779,3.2268229,0.76030266,1.078876,1.6281937,1.9765412,2.9366922,1.7628865242004395,0.96623576,0.13875099,0.88720787,2.9381833,2.0815601,0.7084514,7.686668,2.4083724,4.6592464,6.040187,6.5715346,7.2596006,0.47355902194976807,2.9381833,0.44293547,1.9802616,0.39687628,0.5050553,1.4165028,1.0788802,1.0788802,4.538624,3.904419,1.1624326
6qd0771h,1.5338001,2.0319629,2.6176248,2.9001484,3.1506338,3.3588097,3.8327572,0.7892195,1.3941656,0.49668565,0.35626015,2.6349854,1.4213033,1.7860557,2.029711,2.0629978,2.5620716,0.04490296542644501,1.3941656,0.16643669,1.6100962,1.8967993,0.43557125,0.22963487,3.0589054,1.973733,2.0918512,2.4400802,2.618052,2.8907764,-0.17145176231861115,1.8967993,0.1869535,1.3062148,1.2883705,0.47560635,0.3691534,2.6357322,1.3750651,1.464539,2.0044749,2.1006765,2.612705,0.38382819294929504,1.2883705,0.16256101,1.2097292,2.0669165,0.7737901,0.37436932,3.8327572,2.0487666,2.6608336,3.1455708,3.2825894,3.6470814,-0.02513740211725235,2.0669165,0.22369494,1.3810496,0.15273139,0.23203558,1.0821154,0.9176952,0.9176952,3.290965,3.355287,0.98082966
ll9rzrkb,1.2988737,1.7028371,2.2895312,2.9562516,3.3538432,3.6770272,4.181111,0.6692735,1.2755351,0.36700237,0.28772423,2.3123915,1.2949729,1.5928621,1.7070094,1.7114183,1.9000511,-0.4437083601951599,1.2755351,0.16418864,1.309141,1.6315215,0.4669213,0.28618765,3.3920367,1.6672966,1.8063524,2.264812,2.435138,2.9607136,0.4817022979259491,1.6315215,0.1929768,1.4702951,1.0079445,0.38521668,0.38218045,1.7301548,1.0265497,1.2602663,1.6149688,1.7025276,1.7191311,0.15937240421772003,1.0079445,0.17759463,1.5013052,1.7707961,0.9501962,0.53659266,4.181111,1.4598813,2.420373,3.3502386,3.579969,3.8682132,0.6843077540397644,1.7707961,0.26383898,2.5177772,0.12245595,0.27453142,1.2654816,0.92134917,0.92134917,2.9070566,2.7787404,1.0461779
fqxlbvn7,2.01948,2.9212568,3.6866148,4.120659,4.304473,4.575384,5.200743,1.6014744,2.064111,0.94317114,0.45693818,4.330458,1.9325194,2.7404737,3.4238105,3.7255135,4.263056,0.3471347391605377,2.064111,0.325824,2.2589762,2.736316,0.828397,0.3027417,4.460827,2.7396457,3.359633,3.9067724,4.1389,4.3417683,0.036089371889829636,2.736316,0.3462496,2.3384397,1.4312104,0.6599921,0.4611426,4.017993,1.3209634,1.6696001,2.3249152,2.7866545,3.5671272,1.2350635528564453,1.4312104,0.18772486,0.8913423,2.5360148,1.1468209,0.4522138,5.200743,2.4802048,3.4250014,4.164238,4.482195,5.0149612,0.20561598241329193,2.5360148,0.3365567,1.6850777,0.14003025,0.2784829,1.4422135,1.0789826,1.0789826,4.800427,3.967225,1.2100214
nprb58yj,1.9387604,3.3006935,4.4198766,5.0503798,5.2782626,5.7016864,6.1796966,2.2125788,2.6652572,1.3878409,0.52071553,6.1796966,2.5160422,3.707082,4.5079546,5.100031,5.8713055,0.3188265264034271,2.6652572,0.39232436,2.5689616,2.5918424,1.2621632,0.48697528,6.1143684,2.4012756,3.4546883,4.457678,5.137082,5.6964316,0.6179029941558838,2.5918424,0.38760704,2.6160948,1.6876812,1.1037592,0.6540093,5.7292457,1.432465,2.083109,3.3704758,4.1289763,5.1016874,1.2750998735427856,1.6876812,0.27030244,1.0497086,2.238087,1.5730318,0.7028466,6.0830903,1.7713425,3.4081373,4.7422976,5.2309914,5.718829,0.6375038027763367,2.238087,0.47180188,3.933109,0.013964887,0.14020333,1.5792421,1.1580615,1.1580615,5.2570996,3.9257681,1.3391263
wdcokz5s,1.2279469,1.9055996,2.7281466,3.1546698,3.324926,3.5616777,4.127557,1.0359623,1.2734513,0.7182333,0.5640053,3.5790462,1.1805212,1.6024699,2.360329,2.8136582,3.3295481,1.0581263303756714,1.2734513,0.20239589,1.3663027,2.2164693,0.79966325,0.36078247,4.0195065,2.1567888,2.845249,3.3208752,3.465637,3.6970623,0.08401016145944595,2.2164693,0.2758975,1.0827663,0.9595163,0.44630125,0.4651315,2.4543316,0.95100504,1.2086781,1.5343561,1.862694,2.113223,0.5587300658226013,0.9595163,0.12713163,1.1253186,1.518021,0.7778696,0.51242346,4.127557,1.3020804,1.9446306,2.6344798,3.0612166,3.7083764,0.7235867977142334,1.518021,0.25743508,1.8240638,0.27021188,0.22542737,1.3271805,1.4601045,1.3271805,3.4899206,2.4775372,1.4086249
yj3d6m1f,1.4711637,2.0978022,2.880461,3.2828696,3.512402,3.867018,4.300073,0.91496193,1.6348816,0.6138807,0.37548938,3.2777245,1.5189524,1.9786254,2.5492074,2.7497644,3.1401937,0.4035513997077942,1.6348816,0.18044205,1.1201909,2.1175618,0.72052854,0.34026328,4.027425,2.0196927,2.615226,3.1335845,3.363296,3.7767537,0.26438799500465393,2.1175618,0.29249176,2.0775154,1.1541746,0.49044874,0.42493463,2.660989,1.2502635,1.3918347,1.8833971,1.981028,2.338783,0.09979214519262314,1.1541746,0.13079931,0.98909706,1.929556,0.96057975,0.49782425,4.300073,1.6424341,2.621863,3.3856418,3.7348096,4.0866876,0.530271053314209,1.929556,0.24932092,1.9169644,0.1286309,0.25144267,1.4164943,1.0974348,1.0974348,3.7524433,3.0837307,1.2168518
mpryfzmy,1.4934758,2.5276065,3.4065099,3.8387923,4.026772,4.3532786,4.779217,1.6713738,1.7746265,0.87625843,0.49377063,4.082373,1.5274277,2.3703954,3.155296,3.448473,3.8482616,0.7016305923461914,1.7746265,0.2879811,2.1708658,2.6615431,1.0226512,0.38423243,4.779217,2.6282375,3.454579,4.1081295,4.345827,4.661055,0.08840406686067581,2.6615431,0.37220642,2.8742428,1.0134841,0.5746781,0.5670322,3.7383938,0.80163616,1.2375988,1.7395653,2.1841037,3.1444156,1.6565099954605103,1.0134841,0.13793996,1.1660128,1.8583422,1.0425481,0.56100976,4.4409013,1.628824,2.629648,3.46202,3.7967737,4.193063,0.5495994687080383,1.8583422,0.28200206,2.4331474,0.19992848,0.29418844,1.7510155,1.4322137,1.4322137,4.4361696,2.8718262,1.5447208
oa2vcywl,1.6918669,3.017168,4.246074,4.7782774,5.0239353,5.5508537,5.8372436,2.0655065,1.5056133,1.163432,0.77272964,5.1647077,1.061279,2.2139568,3.4130332,3.8408172,4.557829,0.9380452632904053,1.5056133,0.33751354,2.6065865,2.69095,1.2682779,0.47131234,5.8295927,2.5667074,3.4952989,4.5393643,4.9706573,5.643001,0.34156307578086853,2.69095,0.44114482,2.7283654,1.3270415,0.89042634,0.67098606,4.4957633,0.9727364,1.7668362,2.5374947,3.231129,4.3665442,1.1969057321548462,1.3270415,0.21396971,1.038143,2.7031481,1.5358784,0.5681814,5.8372436,2.5786934,3.9530506,4.8625555,5.2909946,5.772158,0.24062323570251465,2.7031481,0.49825427,2.9786072,0.28245413,0.34144962,1.1345638,0.9954874,0.9954874,4.1965632,4.0301895,1.0412818
9700lfqf,1.6873555,3.2874374,4.900471,5.761105,6.3003488,6.9286227,7.6027493,2.408195,1.8600763,1.2586995,0.6766924,5.7613587,1.554946,2.450244,3.7608085,4.497546,5.670808,1.0986905097961426,1.8600763,0.31348568,2.0520477,3.6595118,1.794194,0.49028233,7.473372,3.6880631,4.9957376,6.0860076,6.58613,7.108811,-0.06247759237885475,3.6595118,0.7093264,4.2260885,1.017445,0.86942667,0.8545196,4.9375935,0.9240719,1.5001819,1.9729538,2.6968827,3.8875391,1.222424864768982,1.017445,0.257522,1.7615012,2.3799758,1.9692616,0.8274293,7.6027493,1.9093412,3.7587824,5.4277396,6.1945763,7.257713,0.6891642808914185,2.3799758,0.4999588,3.6880476,0.32600904,0.40104857,1.8281837,1.5376257,1.5376257,5.519588,3.397421,1.6246406
5e8osaq3,1.6088703,2.6696372,4.075968,4.662121,4.903883,5.2820663,5.5714335,1.6022719,1.5907172,0.7087047,0.44552526,3.9408307,1.3898051,1.944969,2.6592345,3.0215535,3.7771728,1.1893168687820435,1.5907172,0.16628143,1.1095223,3.5560393,1.1419977,0.32114315,5.5714335,3.7355213,4.4620967,4.9328237,5.120287,5.4542613,-0.4440533220767975,3.5560393,0.43232107,2.1575732,1.2146497,0.40279397,0.3316133,2.3158092,1.2073957,1.6108445,1.6336336,1.6644424,1.9887652,-0.322800874710083,1.2146497,0.15011644,1.3100986,2.0996788,1.2317594,0.58664185,5.5527544,1.6712283,2.8295498,4.0761333,4.723716,5.324632,0.957323431968689,2.0996788,0.27759007,1.6400402,0.38185644,0.2670312,1.3096099,1.6936111,1.3096099,5.1467566,3.3143284,1.5528806
eq8dh9pt,0.7723932,1.252614,1.7327049,2.1363442,2.3606367,2.703634,3.022463,0.7208531,0.89650047,0.33981678,0.37904808,1.9808275,0.82467806,1.1356688,1.3166687,1.4895697,1.7538083,0.19982299208641052,0.89650047,0.123210125,0.986823,1.5926148,0.7044701,0.44233552,3.022463,1.6316898,2.1253862,2.512121,2.7076406,2.9180667,-0.15859666466712952,1.5926148,0.28636643,1.4870074,0.52427,0.3367228,0.6422698,1.8329546,0.5345348,0.72455823,0.9498573,1.132388,1.4033539,0.41478028893470764,0.52427,0.112462774,1.2721043,0.80739117,0.50383484,0.6240282,2.2924464,0.7582413,1.1493844,1.4263912,1.6879274,2.1539729,0.4095351994037628,0.80739117,0.18170123,1.3957675,0.27966335,0.2126075,1.7099977,1.9725442,1.7099977,2.4891152,1.3316612,1.8691806
fnm88ua3,1.6588416,3.076165,4.500462,5.2860875,5.835117,6.586188,7.473534,1.9835625,1.8631638,0.9824635,0.52730924,4.7436976,1.607436,2.4744968,3.4048615,3.8842843,4.5100136,0.9007432460784912,1.8631638,0.25057697,1.066946,3.764262,1.4044826,0.3731097,7.3022637,3.7287405,4.7528753,5.623131,6.168158,6.8097215,0.15408559143543243,3.764262,0.52276516,3.4049993,1.2227894,0.5343965,0.4370307,3.4239562,1.1358583,1.5682464,1.8599414,2.1060932,3.0592437,0.9895258545875549,1.2227894,0.16889982,1.0451186,2.3409426,1.6547457,0.7068715,7.473534,1.759187,3.4254024,4.939542,5.780958,6.8600907,0.9770220518112183,2.3409426,0.39107972,1.9926593,0.33782732,0.31375906,1.5236996,1.6080112,1.5236996,5.6274257,3.5637321,1.5790821
a6s5zxqo,1.8624146,3.5680165,5.113072,5.9036045,6.3166738,6.8530445,7.593505,2.2795904,2.4045408,1.3495064,0.5612325,6.461763,1.9369979,3.2118719,4.4842,5.1932697,5.8863735,0.9078159332275391,2.4045408,0.361169,2.0060544,3.823522,1.6322268,0.4268909,7.0435953,3.838758,5.0669518,6.086694,6.4240794,6.875426,-0.09815216064453125,3.823522,0.5870745,3.085515,1.3424505,0.8111214,0.60420954,5.2263317,1.3225217,1.5284632,2.2982936,2.9034398,4.4252963,1.687562346458435,1.3424505,0.1878822,1.2283864,2.5941005,1.8502058,0.713236,7.593505,1.9871136,3.7038076,5.529153,6.3922634,7.302697,0.8366629481315613,2.5941005,0.51468515,1.7291744,0.22783671,0.31795597,1.7911578,1.4739299,1.4739299,6.2280626,3.936551,1.5821115
mts1egpg,1.8813097,2.9051864,3.9865148,4.5387554,4.9063387,5.516976,6.1756196,1.6367552,2.1429653,1.0527697,0.4912677,5.3905454,1.9626822,2.7948136,3.755064,4.229697,4.757234,0.7710930705070496,2.1429653,0.26940995,1.1888363,2.8850458,1.0378051,0.35971877,5.995073,2.7505574,3.5281565,4.3547096,4.926081,5.6449685,0.5852609872817993,2.8850458,0.36341974,1.446383,1.4362664,0.88258946,0.6145026,5.133658,1.3779047,1.7654448,2.5295942,3.2104757,4.3972363,1.094693899154663,1.4362664,0.21475202,2.178295,2.2179558,1.4989712,0.6758346,6.1756196,1.8763912,3.3290894,4.4012213,5.008674,5.8433533,0.6002808213233948,2.2179558,0.38481444,2.683958,0.14758925,0.21391402,1.4920388,1.3007679,1.3007679,5.0280113,3.6542222,1.3759457
vtn4ypkw,1.0865963,2.152272,3.6733952,4.3188205,4.8104053,5.4749064,6.1316476,1.4508197,1.5875121,1.0027295,0.63163584,4.2546926,1.2725663,2.2424493,3.1863282,3.5905411,4.13506,0.8672409653663635,1.5875121,0.25495577,2.03447,3.153995,1.5030693,0.47656044,6.1316476,3.289004,4.302026,5.1076527,5.4988837,6.046592,-0.05746302008628845,3.153995,0.6311418,4.132893,0.7553259,0.47284532,0.62601495,2.7996142,0.7052361,0.9991753,1.4256275,1.4968922,2.0460389,0.5905897617340088,0.7553259,0.15291297,1.4605272,1.296641,0.93382293,0.7201862,4.8998284,1.0429854,1.5445184,2.6965182,3.3853438,4.424067,1.4547427892684937,1.296641,0.27184147,1.9446034,0.3303766,0.26380304,2.1017578,2.432435,2.1017578,4.741507,2.051967,2.3107133
7493dxwo,1.4659986,2.2464268,3.4067254,4.221448,4.6825094,5.2723618,5.8359094,1.0719377,1.3808644,0.42425677,0.30724,2.6870677,1.3246624,1.6135405,1.968788,2.1806245,2.4752576,0.593949019908905,1.3808644,0.13936564,1.1023719,2.473855,0.8225498,0.33249718,4.9269004,2.3504019,2.9568675,3.6836336,4.177518,4.6526675,0.7440179586410522,2.473855,0.3020025,3.14472,1.2711027,0.56571776,0.44506064,3.1325903,1.2787869,1.5714337,1.9595263,2.3298244,2.9383068,0.47963738441467285,1.2711027,0.17260258,1.5794016,2.298466,1.4223825,0.6188399,5.8359094,1.8158934,3.3129187,4.5874977,5.089511,5.6427355,0.7427513003349304,2.298466,0.32528836,1.6402695,0.2835461,0.2878116,1.0863515,1.076307,1.076307,3.8547194,3.5695686,1.0798838
r17dpubk,0.99245155,1.3922415,2.0276594,2.6383088,2.985355,3.4816477,4.1314406,0.7539304,0.8047336,0.3703225,0.46018025,1.6661927,0.7679801,1.0916291,1.3107044,1.4449202,1.6401968,0.1908528059720993,0.8047336,0.13078265,1.0278275,1.3953656,0.5193297,0.37218183,3.7530978,1.3493012,1.6459984,1.9758782,2.385788,3.1104085,1.2144105434417725,1.3953656,0.21098545,2.9029713,0.6769108,0.34942624,0.5162072,1.5218933,0.701083,0.9597409,1.1178535,1.1329541,1.3232627,-0.34963420033454895,0.6769108,0.12105147,1.264064,1.5712128,0.8851663,0.563365,4.1314406,1.3398317,2.1052833,2.919512,3.348718,3.8225925,0.7376543879508972,1.5712128,0.3057981,3.9579885,0.268457,0.39779928,1.1888325,0.8880819,0.8880819,2.2000992,2.2481236,0.978638
piqnhqe8,1.2585747,2.2153423,3.2622247,3.748534,4.0394855,4.554276,5.0590615,1.4379662,1.5339671,0.72149575,0.4703463,3.7501695,1.3541946,1.9246389,2.6436503,3.0508623,3.4968016,0.9909566044807434,1.5339671,0.1968873,1.9985919,2.749935,1.0365567,0.37693864,5.0590615,2.8046033,3.5366962,4.0374675,4.3838716,4.810191,-0.2727322280406952,2.749935,0.41119516,3.0533109,0.8310097,0.38143072,0.4589967,2.5098848,0.7789073,1.0437863,1.352598,1.4086326,1.9853276,0.6701254844665527,0.8310097,0.15248975,1.5897045,1.5306482,1.0894514,0.7117582,5.006104,1.1493218,2.1281936,3.2468424,3.8706198,4.6222463,1.1400140523910522,1.5306482,0.27795526,1.7186503,0.28384584,0.2962489,1.8459077,1.7965819,1.7965819,4.283902,2.3616579,1.8139385
6o3z0ani,1.4683714,2.233666,2.9345665,3.281279,3.5635977,3.9647923,4.669525,1.4212651,1.7650061,0.6783059,0.38430798,3.588908,1.5968119,2.2624629,2.7100847,3.0840483,3.3018713,0.34329313039779663,1.7650061,0.2299668,1.551055,2.3490105,0.8351528,0.35553387,4.3556337,2.3104384,2.9656427,3.4446528,3.811685,4.1756344,0.023886868730187416,2.3490105,0.32623357,1.7643672,0.8833818,0.5150694,0.5830655,3.05152,0.7362205,1.1821492,1.4759028,1.8867455,2.6479828,1.0233898162841797,0.8833818,0.172965,1.4415493,1.5028956,0.9870016,0.65673333,4.669525,1.4545554,1.9837605,2.9130867,3.5065882,4.2466803,0.7377221584320068,1.5028956,0.28775194,1.5282404,0.1419548,0.25961515,1.9980105,1.5629898,1.5629898,4.1140165,2.3862774,1.7240311
k5j42oi6,1.6552031,2.3961167,3.5148904,4.3343177,4.7709928,5.4847727,6.068868,1.1698818,1.3634626,0.5205686,0.38179898,3.1692507,1.2953863,1.6326884,2.13342,2.431914,2.7857213,0.8260653614997864,1.3634626,0.17253365,0.7864063,1.6445134,0.42577904,0.25890884,2.658082,1.6599928,1.9332832,2.2224238,2.372778,2.518928,-0.049829959869384766,1.6445134,0.16325377,1.0605705,1.6696477,0.8316631,0.49810693,4.335651,1.4410053,2.0704682,3.0085325,3.3887336,4.047196,0.965601921081543,1.6696477,0.24155945,1.0380747,2.8657277,1.3175769,0.45977044,6.068868,2.7199388,3.8069592,4.7696633,5.248266,5.7983704,0.28091076016426086,2.8657277,0.46612063,3.094155,0.09343518,0.26372236,0.81661695,0.5738554,0.5738554,3.007976,4.5353756,0.66322535
oafn33vm,1.4337964,1.8897355,2.4210184,2.650935,2.8702748,3.1354294,3.623316,0.78529286,1.3049715,0.412794,0.31632414,2.4599407,1.3111737,1.6467807,1.8723538,1.8902006,2.2040753,-0.038988977670669556,1.3049715,0.14329195,1.3014302,1.5918256,0.38032296,0.2389225,2.401242,1.7088803,1.8803214,1.9320083,2.0754867,2.2962606,-0.5942498445510864,1.5918256,0.17323798,1.2034944,1.249113,0.54381114,0.43535787,2.717176,1.1799614,1.5191042,2.1132126,2.4212623,2.4980676,0.7689242959022522,1.249113,0.19488457,0.93869,1.9479115,0.6992023,0.35894972,3.623316,1.9612978,2.465284,2.868948,3.031221,3.4339788,0.02588360756635666,1.9479115,0.28269047,2.5746362,0.09902459,0.2185778,1.0447185,0.8171961,0.8171961,2.8967972,3.1970243,0.9060917
89i9gx32,1.2829993,2.8397064,4.4669433,5.2466307,5.6513147,6.1799126,6.7495117,2.094607,1.4505038,0.97945094,0.6752488,4.57236,1.2277023,1.8710413,2.94576,3.437649,4.2993703,0.9753771424293518,1.4505038,0.2554221,2.013541,3.7155828,1.4303975,0.38497257,6.5682383,3.799151,4.8257155,5.5664353,5.8852606,6.4041367,-0.18936340510845184,3.7155828,0.499719,2.1161203,0.773142,0.48786798,0.6310199,2.8753126,0.7370615,1.0493388,1.3291048,1.5437595,2.2801738,0.687014102935791,0.773142,0.15214404,1.4498286,2.0731742,1.6234081,0.78305435,6.7495117,1.352046,2.9735792,4.8099265,5.5679436,6.374367,1.0989357233047485,2.0731742,0.31319624,3.8533435,0.43845162,0.45674202,1.8761157,1.7922193,1.7922193,5.1660867,2.8463163,1.8150079
uew9g6sp,0.96649885,1.407758,2.1012228,2.702295,3.0916708,3.5537753,3.9984546,0.608144,0.95735025,0.3795394,0.3964478,1.999161,0.8497952,1.1955868,1.4092809,1.6668622,1.9641628,0.4354393184185028,0.95735025,0.112056956,0.851807,1.1757138,0.38070822,0.32381028,2.251089,1.052766,1.4694324,1.7386533,1.9115281,2.1018322,0.7283900380134583,1.1757138,0.11798545,1.1839836,0.7810322,0.27960685,0.35799658,1.4161887,0.799614,0.91895336,1.1331983,1.2814419,1.3813983,-0.20618335902690887,0.7810322,0.10501743,0.95478725,1.7519175,0.8849697,0.50514346,3.9984546,1.593499,2.4044595,3.0794992,3.399953,3.7807553,0.5339558720588684,1.7519175,0.18974878,1.6752491,0.10237082,0.38330224,1.2257501,0.6711011,0.6711011,2.133064,2.5329497,0.8421265
d2sw24wj,1.2883933,1.7836673,2.479907,2.8556619,3.0524487,3.4611695,4.1232915,1.0219792,1.1167942,0.49507415,0.44329935,2.859802,1.1696162,1.3287195,1.7390352,2.0731845,2.572898,0.49494925141334534,1.1167942,0.14727588,0.8497227,1.5105801,0.60842466,0.40277553,2.8811991,1.3460679,1.9348218,2.4321127,2.7248027,2.87739,0.5032214522361755,1.5105801,0.20253132,1.3891766,0.95562863,0.47857523,0.50079626,2.3694246,0.84488934,1.3191752,1.5346422,1.893052,2.1728575,0.50559401512146,0.95562863,0.15365149,0.8123855,1.8211563,0.88544345,0.4861985,4.1232915,1.7686079,2.510846,3.048975,3.4183187,3.7518544,0.3318610191345215,1.8211563,0.29092988,2.869451,0.1498781,0.31170136,1.1686487,0.82946205,0.82946205,2.6273742,2.776785,0.9461929
t8hdpwvb,1.2883284,2.3957376,3.6486316,4.3053894,4.7265053,5.256646,5.627838,1.7158545,1.366052,0.91636664,0.67081386,4.361283,1.0882404,1.7827344,2.7729704,3.4306414,3.938194,1.14839506149292,1.366052,0.23911174,1.0954329,2.1453924,0.9979505,0.4651599,4.9186664,1.9618316,2.8205411,3.6776767,4.0493517,4.6407332,0.6655555367469788,2.1453924,0.29950127,1.402533,1.045057,0.7749797,0.7415669,4.436119,0.76431924,1.2634122,2.0446541,2.6748838,3.7354155,1.6343544721603394,1.045057,0.19413786,1.0292902,2.208376,1.5991929,0.7241488,5.627838,1.8586516,3.5413942,4.654443,5.0762267,5.525657,0.47903668880462646,2.208376,0.463594,3.1397827,0.22194296,0.35756657,1.3071555,0.9714797,0.9714797,3.5114446,3.253433,1.0793045
z7cn0eqw,0.7912033,1.0789251,1.6989866,1.9843599,2.2262013,2.6812146,3.1285384,0.6895772,0.7396233,0.310471,0.41976908,1.7200322,0.78542566,0.85356414,1.2264947,1.2726232,1.4854912,0.39269542694091797,0.7396233,0.1127176,0.92419505,1.2773643,0.5454722,0.4270295,2.8778462,1.2615405,1.6987916,2.0138419,2.215993,2.6767523,0.3799360990524292,1.2773643,0.19199893,1.3565797,0.40353683,0.24988729,0.61924285,1.2915823,0.3680359,0.5164088,0.801468,0.82284087,0.99537957,0.10996075719594955,0.40353683,0.08836132,0.5468043,1.0213702,0.64894414,0.63536626,3.1285384,0.83281076,1.3402966,1.9863139,2.3612227,2.8338513,1.1039506196975708,1.0213702,0.14284942,2.0730915,0.26660597,0.4335956,1.8328521,1.2506379,1.2506379,2.0169876,1.424907,1.4155223
mi6kti22,1.3577853,1.8354297,2.5713816,3.0749245,3.3980248,3.7903023,4.330094,0.92900604,1.1714638,0.48627332,0.41509888,2.6802351,1.1084385,1.4506965,1.9666551,2.0659318,2.3005817,0.43848055601119995,1.1714638,0.1945546,1.8240417,1.4522827,0.32866198,0.22630717,2.6827023,1.4490077,1.5854081,1.9205217,2.0588326,2.4029136,0.6089219450950623,1.4522827,0.12267234,0.8146978,1.2607775,0.5858238,0.4646528,3.2833674,1.0762014,1.533442,2.1443071,2.5270371,3.0237906,1.151613712310791,1.2607775,0.15506497,0.636009,1.9793633,0.9867942,0.4985412,4.330094,1.8951285,2.7356844,3.3926325,3.7056003,4.0627856,0.2934609651565552,1.9793633,0.36488286,2.549187,0.10702971,0.22177611,0.9291599,0.733712,0.733712,2.6237464,3.240141,0.8097631
1xj7wwud,0.8371605,1.9772311,3.2893407,3.8707178,4.1706157,4.5673275,5.041468,1.5827112,1.1736687,0.9264566,0.78936803,4.055295,0.8487071,1.6540976,2.6167889,3.1508887,3.8012683,1.0863369703292847,1.1736687,0.21418466,1.380519,2.6679683,1.205209,0.4517329,5.041468,2.7027185,3.6628482,4.269566,4.529665,4.8810754,-0.11543432623147964,2.6679683,0.5127708,3.041802,0.58634466,0.43606722,0.7437046,2.7486606,0.45804766,0.7618542,1.1077824,1.4880477,2.2312102,1.681155800819397,0.58634466,0.116877206,0.8084341,1.1903182,1.1570729,0.9720702,4.944708,0.7878004,1.7163892,3.103872,3.7775364,4.5253563,1.2319079637527466,1.1903182,0.31310165,3.1074462,0.38897467,0.33994833,2.0016704,2.2413907,2.0016704,3.8416371,1.7766628,2.162277
qvdk6drn,0.86098015,1.2307454,1.820238,2.3202157,2.581331,3.0764546,3.6402159,0.5739981,0.62747586,0.41724792,0.66496253,1.7786947,0.7410308,0.86098015,1.0886455,1.3153094,1.6826386,0.014528273604810238,0.62747586,0.17067465,1.2564244,1.3044683,0.5124092,0.3928108,2.5798275,1.256241,1.7330606,1.8884374,2.1110094,2.526005,0.06617823243141174,1.3044683,0.18186149,0.92206234,0.7136056,0.31820178,0.4459071,1.6557369,0.8526894,0.86098015,0.9393187,1.036099,1.3352165,-1.0584313869476318,0.7136056,0.121627994,1.1150308,1.3051684,0.8414822,0.64473075,3.6402159,1.0822772,1.8093295,2.5796971,2.8703122,3.474999,0.586804986000061,1.3051684,0.21492958,1.4926369,0.3504203,0.2930307,0.87930346,0.99946356,0.87930346,1.9319441,2.018774,0.9569888
4orac8cy,1.0826333,2.4423094,3.9006808,4.5514936,4.904868,5.392837,5.923901,2.0030293,1.67264,1.2172551,0.7277448,5.129338,1.3418822,2.3701348,3.515896,4.168349,4.8489404,0.8224560022354126,1.67264,0.3199883,2.2660847,3.203378,1.3767103,0.4297683,5.923901,3.313581,4.284993,5.0251513,5.3914266,5.771082,-0.08293507993221283,3.203378,0.57094234,2.7964683,0.6045995,0.6948664,1.1493005,3.6277885,0.530259,0.9918652,1.5208238,1.8369702,2.444664,0.5382775068283081,0.6045995,0.24643813,1.894022,1.2128193,1.3164757,1.0854673,5.512563,0.8987341,1.8288417,3.3695784,4.046946,4.9676714,1.1100022792816162,1.2128193,0.33972278,1.7593294,0.31393197,0.33466136,2.7665257,2.6412656,2.6412656,4.876018,1.8174188,2.6829357
nl63gagu,1.1146255,1.5908597,2.0758057,2.4430356,2.536858,2.613869,2.912959,0.9172919,1.0671695,0.3682684,0.34508893,2.0853517,1.099446,1.216763,1.5978591,1.8037447,2.0265229,0.3700466454029083,1.0671695,0.12929374,0.7290057,1.6594211,0.6314048,0.38049704,2.912959,1.6841125,2.189932,2.519764,2.5918505,2.7960327,-0.09406105428934097,1.6594211,0.22173913,2.0880988,0.73772347,0.4257906,0.5771683,2.0734062,0.66053796,1.079917,1.2514387,1.4344335,1.9090176,0.36340951919555664,0.73772347,0.12961751,1.1227146,1.2755973,0.7548039,0.5917258,2.7337925,1.2830759,1.828837,2.3450992,2.5198855,2.57822,-0.20583823323249817,1.2755973,0.24201865,1.7409801,0.21721323,0.26715752,1.4465712,1.3008972,1.3008972,2.7265906,2.013321,1.3542752
vb99rwtf,1.5000517,2.8449802,4.0275474,4.507165,4.7439866,5.1963525,5.732599,2.0345,1.8285904,1.1711634,0.64047337,5.0739717,1.4515909,2.6597428,3.650276,4.190081,4.6675816,0.7451590299606323,1.8285904,0.3170996,2.0234537,3.3014944,1.0625132,0.32182798,5.7135644,3.2566948,4.13861,4.6872406,5.0785108,5.3919806,0.041132207959890366,3.3014944,0.40592527,2.5095036,1.2078116,0.8984676,0.74388057,4.943757,1.0985138,1.4742668,2.3920188,3.0849302,4.2011933,1.1884437799453735,1.2078116,0.2362232,1.6272489,1.7253132,1.3624302,0.78967124,5.732599,1.3263633,2.586213,3.8684173,4.4730883,5.2960606,0.8860664963722229,1.7253132,0.38659915,3.1704998,0.287111,0.17643355,1.5139699,1.9135623,1.5139699,5.130085,2.9331248,1.749017
07gbasf5,1.1070509,2.1727357,3.2283485,3.792697,3.9944634,4.2334666,4.980733,1.1668993,1.4472234,0.7341525,0.50728345,3.7225897,1.1351194,1.9867041,2.5943477,2.9670846,3.1043026,0.60568767786026,1.4472234,0.212954,2.8443968,2.430608,1.0760312,0.44270042,4.4211535,2.5734031,3.3120024,3.9032934,4.0031605,4.1974463,-0.13383042812347412,2.430608,0.4309482,3.5401254,1.0435344,0.5427141,0.52007306,3.099838,1.0058364,1.0556824,1.7118984,2.10669,3.014104,1.131300687789917,1.0435344,0.13600445,1.1321982,1.7429574,1.1251574,0.64554495,4.980733,1.1780282,2.3721824,3.6845229,4.063436,4.742133,1.0553268194198608,1.7429574,0.3278423,3.9961243,0.2535914,0.25100484,1.3868479,1.394531,1.3868479,3.8778315,2.7864919,1.3916537
ehlh07jr,1.9450831,4.0455275,6.225458,7.15696,7.669642,8.163255,8.867089,2.7400327,2.0065162,1.1643453,0.58028203,5.929323,1.6284909,2.490784,3.714872,4.507697,5.527754,1.2693920135498047,2.0065162,0.3012089,2.881214,4.880266,1.961539,0.4019328,8.373681,5.1764975,6.410325,7.2958107,7.6719074,8.1132965,-0.4450685381889343,4.880266,0.745965,4.384992,1.637537,0.56315273,0.3439023,4.7492576,1.4204199,1.9452827,2.0850723,2.6666315,3.8987863,2.019404411315918,1.637537,0.16210638,1.4802456,3.1822617,2.3840098,0.7491558,8.867089,2.32451,4.874346,7.0648074,7.847034,8.599624,0.7660086750984192,3.1822617,0.56945413,5.54327,0.41728485,0.3204957,1.2253257,1.5335841,1.2253257,6.8867826,4.8197985,1.4288528
8mtk0rso,0.9577091,1.9442049,2.9016483,3.3751864,3.6499565,4.0508204,4.5336475,1.4307618,1.1522543,0.83676916,0.7262018,3.8045688,0.84690106,1.59095,2.3973331,2.9150872,3.5481896,1.05753755569458,1.1522543,0.20681277,1.0833697,1.82404,0.96719265,0.5302475,4.1485977,1.7440342,2.445112,3.2526436,3.608398,4.036324,0.2926558554172516,1.82404,0.33297065,2.2272773,0.83233833,0.6591286,0.79189986,3.4327605,0.68512625,1.0320504,1.7367214,2.3341901,3.184001,1.654171109199524,0.83233833,0.15552454,0.8061311,1.4759651,1.2467102,0.8446745,4.5336475,1.1206363,2.4420016,3.3757253,3.856276,4.2702622,0.6074743270874023,1.4759651,0.3891971,3.4192364,0.2257121,0.27883112,1.3843582,1.2358286,1.2358286,2.9762945,2.3083034,1.2893862
ggy5kov1,0.58205307,0.70122963,1.068133,1.4136318,1.7347108,2.2948883,2.8994367,0.4666816,0.42614457,0.24929644,0.5850044,1.201831,0.40623504,0.63902843,0.7165941,0.81795555,1.081683,0.4725933074951172,0.42614457,0.09750588,0.93057096,0.8329522,0.6282616,0.75425893,2.8994367,0.6995487,1.1227051,1.753327,2.182634,2.6139925,1.071370005607605,0.8329522,0.26881278,2.675819,0.54252946,0.2337298,0.43081492,1.2230368,0.6465525,0.67191535,0.7287632,0.809691,1.030437,-0.8165684342384338,0.54252946,0.08177425,1.0100032,0.6069752,0.48367685,0.7968643,2.8976846,0.5859715,0.80358464,1.2141055,1.5348997,2.243979,1.2813395261764526,0.6069752,0.17380105,2.8072174,0.32309482,0.056063917,0.7854773,1.3723003,0.7854773,1.2590967,1.1495047,1.0953386
l28r5p03,1.7622831,3.4358168,4.8114786,5.410279,5.758109,6.3044224,7.0936537,2.5910707,2.0585895,1.3819822,0.67132485,5.778957,1.7415888,2.9454587,4.1647243,4.7606425,5.4130597,0.6572445631027222,2.0585895,0.37393796,2.752388,3.7725182,1.2615166,0.33439642,6.557489,3.6864913,4.808039,5.4819565,5.7593994,6.2360077,-0.041885748505592346,3.7725182,0.5021498,1.7048169,1.0198548,0.63257337,0.6202583,3.950829,0.8074674,1.2638249,1.8303021,2.332875,3.2833297,1.719373345375061,1.0198548,0.12798467,1.1349967,2.4596043,1.7812078,0.7241847,7.0936537,1.9948132,3.7237551,5.1983895,5.9233727,6.6875916,0.7131692171096802,2.4596043,0.37378892,2.2127013,0.2939285,0.41378543,2.0185122,1.5337907,1.5337907,5.8311076,3.479459,1.6758661
wvpunwcg,1.2341751,1.9383501,2.7197664,3.3635476,3.6279447,4.342315,5.0558233,1.1674987,0.9125337,0.4675465,0.5123608,2.457012,0.8564031,1.2327548,1.4882243,1.8981538,2.0040603,0.5073366761207581,0.9125337,0.14526786,1.4107807,2.1698182,0.6575437,0.30304092,4.1908817,1.993993,2.645412,3.1031022,3.4227674,4.0745945,0.6733299493789673,2.1698182,0.1882567,1.3507664,0.9551608,0.39210585,0.41051292,1.9768667,1.0593636,1.2319461,1.3657969,1.668598,1.9243976,0.35608378052711487,0.9551608,0.16668822,1.3539162,1.8934829,1.0271333,0.54245716,5.0558233,1.4487102,2.3489962,3.553759,4.167547,4.8618836,1.166891098022461,1.8934829,0.27896607,3.1067796,0.40789774,0.32939258,0.9553718,1.1459402,0.9553718,3.082352,2.8486438,1.0820419
bsvk3x8m,1.7502475,3.392903,5.1615534,5.963869,6.340688,6.850386,7.509881,2.3435733,1.8432553,1.1038088,0.5988366,6.537408,1.5321419,2.1538925,3.3300307,4.269269,5.7161474,1.6350175142288208,1.8432553,0.2837937,1.3995718,3.5642848,1.5711318,0.4407986,7.509881,3.3197556,4.6238456,6.0021157,6.496848,7.233761,0.5569729208946228,3.5642848,0.5044544,1.9173055,1.187152,0.59795296,0.5036869,4.7600837,1.037118,1.3688064,1.8406365,2.3561347,3.6153047,2.2671239376068115,1.187152,0.16214292,1.2790985,3.0952334,1.9498715,0.62995946,7.1057363,2.782446,4.8864617,5.9385457,6.366033,6.844669,0.3090183734893799,3.0952334,0.43743607,1.8355365,0.31826475,0.4455651,1.55267,1.1515399,1.1515399,5.4075403,4.2823853,1.2627403
bgl2mcxn,0.801332,1.1151838,1.703404,2.1864634,2.525396,3.0823884,3.764437,0.7982228,0.7959403,0.42277673,0.5311664,2.0329428,0.815393,0.9021302,1.4142114,1.6163139,1.9650813,0.4593040347099304,0.7959403,0.15568836,1.1218555,1.0997635,0.51652366,0.46966794,2.6099465,1.0003937,1.4065691,1.8659474,2.016305,2.4927852,0.5876390933990479,1.0997635,0.22513527,1.5417769,0.54148865,0.3256758,0.60144526,1.4846492,0.56333804,0.8113439,0.83113855,0.979065,1.4249221,0.2938181161880493,0.54148865,0.12307626,1.0988802,1.0075532,0.92174405,0.9148341,3.764437,0.76603174,1.5832069,2.5013323,2.8172958,3.3895316,0.8345639705657959,1.0075532,0.29922697,3.5036314,0.16026936,0.3008728,1.4699113,1.091519,1.091519,1.8957038,1.5490419,1.2237912
2elalq26,2.1375685,3.5575218,5.661783,6.7272835,7.3663726,8.446938,9.5835905,2.0505552,1.7457771,0.70636404,0.40461296,5.009671,1.5962424,1.9166043,2.6060247,3.3142462,4.5819902,2.025222063064575,1.7457771,0.15708236,0.8220001,2.984726,1.2741077,0.42687595,6.9728756,2.6819508,3.645827,4.939215,5.5937886,6.457675,0.9217171669006348,2.984726,0.39683104,2.179262,1.9028132,0.91949326,0.48322833,4.9212174,1.6973093,2.3123794,3.3040545,3.7393053,4.6221004,1.087943196296692,1.9028132,0.25500455,1.6059479,4.3039923,2.215169,0.5146777,9.5835905,4.1336927,6.041772,7.361729,8.102933,9.048938,0.27189481258392334,4.3039923,0.72544676,7.016221,0.26190636,0.3868623,0.91747165,0.69347847,0.69347847,4.730503,6.206805,0.76214784
unvsdkv5,1.6244454,3.2858596,4.8570056,5.500312,5.9323435,6.444723,7.0750055,2.5391681,1.6255717,1.2898115,0.793451,5.89699,1.3221292,2.14175,3.6313515,4.495434,5.4118385,1.167574167251587,1.6255717,0.3262614,1.805997,3.2382653,1.2754785,0.3938771,6.4643016,3.1283007,4.1274424,5.1016498,5.4631634,6.0429893,0.24245117604732513,3.2382653,0.47942963,2.0219703,0.90818083,0.7814794,0.8604888,5.0678797,0.72820306,1.0271623,1.6594714,2.5469255,4.198753,2.207498550415039,0.90818083,0.22199309,1.234751,3.0458121,1.8510064,0.6077218,7.0750055,2.62386,4.630626,5.7627397,6.2307997,6.780456,0.3916148543357849,3.0458121,0.46821308,1.7949162,0.33156815,0.54062605,1.7899208,1.0631862,1.0631862,4.8638372,3.9539928,1.2301078
4c6p1llh,1.3100305,2.3995783,4.0763855,4.867117,5.3861914,6.0677576,6.9068117,1.4397286,1.5668389,0.94839704,0.6052933,4.535253,1.2625751,2.1521773,3.093845,3.4565804,4.0416327,0.9300740361213684,1.5668389,0.28536832,2.4894,3.3036416,1.7282113,0.52312315,6.9068117,3.4617805,4.7235713,5.554276,6.033336,6.6452107,0.0480569489300251,3.3036416,0.7017433,5.3335285,0.9849076,0.45589405,0.46288002,2.3766494,1.0118778,1.1369305,1.6840893,1.7939448,2.1762526,0.4440418481826782,0.9849076,0.17929481,2.1075945,1.8731718,1.2539916,0.66944826,6.1616535,1.5646861,2.4455628,3.762481,4.4776273,5.6312504,1.1743344068527222,1.8731718,0.35877904,3.6046643,0.3565978,0.3107906,1.5908486,1.7636617,1.5908486,4.8704805,2.8580794,1.7041095
2r9pegln,1.3737406,2.251512,3.3468523,3.859364,4.1380744,4.5197883,4.858138,1.3561075,1.4633384,0.7800149,0.53303796,4.0540457,1.2110096,1.872117,2.668661,3.086294,3.7822638,1.0719536542892456,1.4633384,0.23546359,1.6542094,2.290458,0.9055853,0.39537302,4.662383,2.10585,2.8957577,3.6312366,4.0072064,4.36526,0.54944908618927,2.290458,0.31344503,1.7406299,0.84567857,0.5569724,0.65861005,3.3516622,0.7482367,1.1901042,1.5549194,1.9114275,2.5679133,0.9585261344909668,0.84567857,0.18031177,2.1764803,2.140011,1.1977152,0.55967706,4.858138,1.9303226,3.0180328,3.9893947,4.349958,4.746566,0.4523484408855438,2.140011,0.34589863,2.6697667,0.22034216,0.43351206,1.7303718,1.0703019,1.0703019,3.7537963,2.9856896,1.2572627
ukx496k4,1.2512567,2.2774458,3.8602426,4.665819,5.2354035,5.89073,6.8147073,1.4530435,1.2576107,0.70509636,0.56066346,3.7666564,0.94942063,1.4901116,2.3145022,2.745354,3.459616,1.397081732749939,1.2576107,0.18814658,1.2120811,2.662988,1.3589119,0.5102959,5.7932415,2.5556426,3.7913728,4.58208,5.0925016,5.6880245,0.3203260600566864,2.662988,0.4985625,4.0429893,0.94694984,0.5521701,0.58310384,3.3826692,0.8619147,1.3121686,1.5310735,2.0144846,2.7865577,1.3318121433258057,0.94694984,0.16917348,1.1009086,2.1142838,1.7224683,0.81468165,6.8147073,1.5655012,3.1741118,4.9648438,5.6779256,6.2801995,0.8805870413780212,2.1142838,0.4942042,4.275398,0.3584599,0.38132796,1.3280647,1.2595224,1.2595224,3.9205985,3.0612335,1.2807251
o67bxcd2,0.6249981,1.2117538,1.4025656,1.819862,1.9683383,2.4076214,2.721001,0.7352079,0.8077071,0.46197087,0.5719535,1.937545,0.81273085,1.227522,1.2533536,1.4438137,1.7697179,-0.19495612382888794,0.8077071,0.15297614,1.0079157,1.2209153,0.68331885,0.55967754,2.721001,1.209766,1.7776772,2.1180165,2.4280696,2.702058,0.2924526035785675,1.2209153,0.30011785,2.2326007,0.48504877,0.39115205,0.806418,1.8622102,0.4876476,0.60522354,1.1074984,1.2130435,1.4721643,0.3295508325099945,0.48504877,0.16807283,1.3127092,0.75139296,0.46752414,0.6222099,1.9323004,0.68894815,1.1984484,1.2328885,1.3103331,1.7738322,-0.27659669518470764,0.75139296,0.16911651,1.482388,0.20368908,0.21541184,1.665208,1.6248692,1.6248692,2.0286224,1.2364417,1.6406939
0j1oulwo,1.2206364,1.9322096,2.7726429,2.935494,3.236752,3.7606897,3.8848562,0.9842501,1.2068644,0.59684366,0.4945408,2.7535937,1.0331633,1.7284919,1.9304364,2.0916665,2.61957,0.0638684630393982,1.2068644,0.16841927,1.7768083,2.2299898,0.7002789,0.31402785,3.883744,2.196127,2.8374877,2.9288063,3.1902058,3.7797184,-0.20114769041538239,2.2299898,0.26863813,1.855372,1.0862448,0.63463473,0.5842465,2.9021025,0.9544241,1.3603637,1.9223248,2.3560736,2.8686967,0.7078092098236084,1.0862448,0.19668883,1.9204106,1.5444251,0.8809012,0.57037485,3.8848562,1.2212005,1.9666584,2.9636233,3.3767958,3.8671172,0.9587799310684204,1.5444251,0.25137106,1.7759368,0.29769242,0.17416868,1.1110427,1.4438963,1.1110427,3.4368541,2.63067,1.3064557
zq48enwb,1.2338566,1.8608787,2.5398927,3.0189247,3.16686,3.497755,3.943374,0.81686115,1.3464515,0.5193164,0.3856926,2.5760028,1.1858188,1.7687187,2.0599716,2.4327261,2.546405,0.48047494888305664,1.3464515,0.1732004,1.3531326,1.8622063,0.61716646,0.3314168,3.2536635,1.8350793,2.3076575,2.6996357,3.039227,3.1231256,0.13927048444747925,1.8622063,0.24398114,2.3110325,1.1402934,0.4780765,0.41925746,2.7386546,1.1254251,1.283514,1.8347127,1.9991447,2.5530326,0.657268762588501,1.1402934,0.16256975,0.9181802,1.6424801,0.9451316,0.57542956,3.943374,1.282264,2.427369,3.158284,3.354468,3.8005161,0.6026223301887512,1.6424801,0.315116,3.499342,0.1607385,0.18046269,1.180794,1.1337771,1.1337771,3.2086577,2.7827735,1.153043
badlypgg,2.0890074,3.2813,4.7039447,5.4541483,5.8866453,6.5102057,7.317584,1.9687421,1.8012195,0.9485573,0.5266195,5.596846,1.5423722,2.2168283,3.2363393,3.8809109,4.821298,1.379206895828247,1.8012195,0.253311,1.4974053,2.606821,0.9893989,0.37954232,5.76748,2.4211104,3.175844,4.0781703,4.59586,5.285247,0.8594319820404053,2.606821,0.3235008,1.3068343,1.9718196,1.2287867,0.623174,6.0022464,1.6487772,2.4777608,3.8366983,4.6009192,5.7823033,1.2009071111679077,1.9718196,0.33240044,1.3372653,3.4102237,1.6961153,0.49736187,7.317584,3.2154787,4.757285,5.877972,6.1182647,6.852289,0.21985112130641937,3.4102237,0.58829206,4.092576,0.1827573,0.26725984,0.9134808,0.7644135,0.7644135,4.4080405,5.3820434,0.8190273
6n6975j2,1.9188602,2.806733,4.0426807,4.655553,4.981025,5.458931,5.966724,1.3681552,2.1011202,0.7699762,0.36645985,4.392199,1.9389546,2.5556853,3.301218,3.6711977,4.1764555,0.793022632598877,2.1011202,0.20819308,1.7120932,3.4450467,1.2106086,0.35140556,5.91499,3.5245993,4.408985,4.9790964,5.3199134,5.753157,-0.219858780503273,3.4450467,0.4862686,3.2570572,1.6959141,0.3864961,0.22789839,3.2669513,1.7178409,1.939219,2.080334,2.2727954,2.7118433,0.3295729160308838,1.6959141,0.13385694,1.1441798,2.1339312,1.1768559,0.5514967,5.966724,1.7079601,2.6428232,4.057448,4.7795773,5.6397076,1.3303446769714355,2.1339312,0.3215083,3.827269,0.24231626,0.11436937,1.2389308,1.6144133,1.2389308,5.546167,3.8298454,1.4481438
d8clw3jg,1.5622693,2.172999,3.0218358,3.6693118,4.139764,4.8959904,6.077547,1.2755681,1.564202,0.6815157,0.43569547,3.6927416,1.5750091,1.8932103,2.5736654,2.819252,3.4999115,0.6715762615203857,1.564202,0.20215763,1.4943576,2.003918,0.88597184,0.44211984,4.423891,1.9147881,2.6566598,3.2948549,3.5383537,3.954524,0.2597396969795227,2.003918,0.3257692,3.202078,1.214317,0.784754,0.6462514,3.8281875,0.9860206,1.6751252,2.1318402,2.8018186,3.6774104,0.9457036852836609,1.214317,0.2093046,1.6981523,1.9771045,1.3187474,0.6670095,6.077547,1.6721041,2.640628,4.06641,4.6169066,5.440805,0.8836950063705444,1.9771045,0.38836384,4.69943,0.12323464,0.23901185,1.2881331,1.013562,1.013562,3.56812,3.1914215,1.1180347
eqe5158o,2.4275737,3.842474,5.5509195,6.307728,6.7787623,7.62417,8.587919,2.3234527,2.5396519,1.3238385,0.5212677,6.2568903,2.2540772,3.2967846,4.5094533,5.2225175,6.104462,0.843294084072113,2.5396519,0.35292277,1.602838,3.418925,1.3508329,0.3951046,6.496234,3.2641845,4.3935423,5.340001,5.920189,6.264163,0.3091617822647095,3.418925,0.4349942,2.7806735,1.7737235,0.9559246,0.5389366,5.6551833,1.6358609,2.1807046,3.0040643,3.6745102,4.730643,1.0626120567321777,1.7737235,0.27862737,1.6770985,3.7021613,2.1248524,0.57394916,8.587919,3.2266228,5.470786,6.777221,7.3870807,8.175912,0.36350494623184204,3.7021613,0.5922462,2.7645738,0.14756429,0.35216916,1.4318196,0.92349434,0.92349434,5.958577,5.475885,1.0881487
qesux9l0,2.384809,3.6910744,5.226924,6.0495934,6.44543,7.038681,7.447509,2.0016222,2.2553518,1.0954825,0.48572576,6.483066,1.892463,2.6330411,3.8240318,4.681561,5.7871485,1.461678147315979,2.2553518,0.3148852,1.3316824,2.6102836,1.0324441,0.39552948,6.6047177,2.401489,3.1239455,3.934573,4.6786838,5.914585,1.1256518363952637,2.6102836,0.33858222,1.7760994,2.3734791,1.2817136,0.5400147,6.7491264,2.0132508,2.9235692,4.33077,5.063281,6.1905694,1.1915757656097412,2.3734791,0.35628575,1.4237003,3.8994303,1.7142397,0.43961287,7.447509,3.7964487,5.258531,6.3877683,6.819203,7.216549,0.15151174366474152,3.8994303,0.62249166,3.3598592,0.07294665,0.24326052,0.9502303,0.6694013,0.6694013,4.8656354,6.272909,0.7756585
ijkcu5x0,1.7243357,2.748518,3.8451233,4.536767,4.8984303,5.5972486,6.2260823,1.6475731,2.0883589,1.064327,0.50964755,5.483169,1.8408108,2.7686772,3.6191592,4.1364584,5.026084,0.758821964263916,2.0883589,0.29101118,1.1640452,2.2143018,1.1176242,0.5047298,5.9792957,1.9790788,2.843538,3.750661,4.396896,5.527285,0.8761951327323914,2.2143018,0.3410208,1.9470303,1.6413738,1.0523648,0.6411488,5.6910486,1.2975637,2.0628989,3.1269634,3.8941622,5.089878,1.3168493509292603,1.6413738,0.26846772,1.1693501,2.0447304,1.5838056,0.77457917,6.2260823,1.6876276,3.1458566,4.4664545,5.159357,5.986046,0.6784661412239075,2.0447304,0.48646164,3.5947669,0.029270943,0.109426275,1.2723238,1.0829309,1.0829309,4.302661,3.6861043,1.167265
hc8cah3g,1.462809,2.4091978,4.420083,5.361336,5.7603836,6.4221606,7.0159774,1.5620153,1.8378588,1.0156033,0.5526014,5.809026,1.5462098,2.0954082,3.1092281,4.2157526,5.530437,1.6695516109466553,1.8378588,0.35670388,4.839879,2.7837126,1.6248496,0.58369875,6.9754796,2.113445,3.8367171,5.5239296,6.116454,6.6001053,0.8885737061500549,2.7837126,0.5841274,5.7259455,1.1436536,0.9764373,0.8537876,5.274812,0.90003824,1.4774622,2.323668,3.2066321,4.480791,1.4493154287338257,1.1436536,0.31790665,4.1589956,2.0341396,1.8482788,0.90862924,7.0159774,1.3304844,3.247318,5.1394844,5.728738,6.5324593,0.8997606635093689,2.0341396,0.575649,5.8174663,0.20466065,0.2802215,1.6070064,1.3684963,1.3684963,4.6215715,3.1777933,1.4543337
dhvs41lq,1.1472831,1.8375545,2.7562976,3.2583935,3.5267806,3.8984551,4.216068,1.077487,1.1087165,0.54413354,0.4907779,2.9876668,1.0157566,1.3694448,1.8918375,2.307664,2.7749677,1.1523869037628174,1.1087165,0.15821244,0.6603676,1.5136193,0.61505836,0.40634945,3.417593,1.4110237,1.8106505,2.4562306,2.7284095,3.260473,0.7932778000831604,1.5136193,0.18747814,1.1266096,0.89474905,0.49483186,0.55303985,2.9514449,0.8110932,1.09105,1.4750957,1.9102817,2.6751182,1.3795026540756226,0.89474905,0.13550662,1.0129765,2.0231588,1.054944,0.5214341,4.216068,1.9155878,2.9001365,3.525077,3.781008,4.118057,0.1948188841342926,2.0231588,0.32411155,1.9437482,0.1544054,0.38671878,1.2391368,0.7481466,0.7481466,2.622336,2.9179077,0.8987042
fs6hn95s,1.8024125,2.7390056,3.7314541,4.1621356,4.4378357,4.8732595,5.3354836,1.6732349,1.6775904,1.0535431,0.62800974,4.881063,1.4319685,2.261963,3.319278,3.8579326,4.5597816,0.9415555000305176,1.6775904,0.29911,1.7070922,1.8643912,0.77503216,0.41570255,4.243077,1.7586806,2.372646,2.859893,3.2803843,4.042701,0.5489785671234131,1.8643912,0.28940496,1.1465508,1.5874673,0.8820745,0.5556489,4.2758565,1.4496253,2.0937567,2.9274452,3.3502636,4.087062,0.9248414635658264,1.5874673,0.25102437,1.2546605,2.7669935,1.1627944,0.42023748,5.3354836,2.737215,3.668694,4.3334455,4.7193694,5.0513062,0.05429447069764137,2.7669935,0.43296126,3.0955017,0.052739076,0.2708777,1.0567716,0.6737967,0.6737967,3.5419817,4.3544607,0.8134146
2gkfl5xf,1.0951113,2.4377398,3.7046993,4.173531,4.4288125,4.7965527,5.2875504,1.632868,1.8365093,1.08547,0.5910506,4.797689,1.488592,2.5473714,3.62845,4.026575,4.432103,0.8306388854980469,1.8365093,0.2707508,2.6807837,3.1274786,1.193035,0.38146865,5.2875504,3.300125,4.060077,4.5877485,4.800728,5.0129695,-0.44993531703948975,3.1274786,0.48898098,3.1659427,0.72982407,0.48832908,0.66910523,2.8077798,0.77378136,0.9805102,1.2664216,1.5349029,2.0836847,0.3879142701625824,0.72982407,0.1642938,1.2500138,1.2263894,0.8680821,0.7078356,4.045685,0.9870089,1.5349733,2.5812101,3.1207244,3.8008282,1.1474183797836304,1.2263894,0.21658075,1.7764462,0.26006696,0.25384006,2.5163727,2.5501513,2.5163727,4.963988,1.9562135,2.5375493
50i6gbxq,1.3154557,2.4585254,4.755846,5.650988,6.125113,6.78009,7.4041386,1.5965022,2.067721,1.4865105,0.71891254,6.736154,1.641115,2.9878447,4.387648,5.080113,6.024429,0.9750121235847473,2.067721,0.39334047,3.7284505,4.077116,1.9209354,0.47115055,7.4041386,4.379522,5.4880033,6.388614,6.8142715,7.3007655,-0.47339680790901184,4.077116,0.7809338,4.539675,0.71923316,0.5586605,0.77674466,2.4995153,0.8568866,0.95061743,1.4636097,1.7786416,2.08497,0.37802863121032715,0.71923316,0.18299603,1.1762856,1.313199,0.6998455,0.53293175,3.304456,1.3089842,1.8061781,2.0533996,2.436036,3.063062,0.12190219014883041,1.313199,0.2408608,1.8623754,0.32700545,0.2922439,2.8748965,3.1047206,2.8748965,6.144837,2.032432,3.023391
j7dpfssb,1.0591333,1.3933941,1.9511937,2.1603317,2.1911924,2.4243402,2.8262098,0.7582408,1.161681,0.46777114,0.40266743,2.6953108,1.2082617,1.3933941,1.8211654,2.130567,2.2828836,0.48877382278442383,1.161681,0.19312753,1.4759264,1.4723665,0.6037121,0.41002843,2.8262098,1.4070501,2.077675,2.1911924,2.3568275,2.6568966,0.06320413947105408,1.4723665,0.2792156,1.5955963,0.86501473,0.38011867,0.43943605,2.2190197,0.67306536,1.0863519,1.3655334,1.5548502,2.1234689,1.1364471912384033,0.86501473,0.16128893,1.6757361,1.0615993,0.46102577,0.43427476,2.2484832,1.0075902,1.3790269,1.6692344,1.978567,2.1911924,0.4432833194732666,1.0615993,0.19148713,1.5281184,0.117949806,0.102036275,1.342961,1.3869325,1.342961,2.6340475,1.926614,1.36719
jdx0pkov,1.2222567,2.035258,3.0027938,3.648753,4.0860395,4.7020025,5.174739,1.1905179,1.1730016,0.5801377,0.49457538,3.574971,1.0505449,1.3840259,1.9655997,2.380131,3.063116,1.2575771808624268,1.1730016,0.15661775,0.94101083,2.0903282,0.90166867,0.43135267,4.642108,1.9705756,2.5902722,3.396568,3.862386,4.468196,0.571082353591919,2.0903282,0.30418068,1.1273361,0.9335144,0.50228214,0.53805506,3.3407326,0.8111946,1.0596441,1.575344,2.0388713,2.8789978,1.992480993270874,0.9335144,0.1347924,0.72787404,2.0481994,1.1562483,0.5645194,5.174739,1.6748109,2.7538614,3.856873,4.348197,4.990061,0.850676417350769,2.0481994,0.31739452,1.6202657,0.28110138,0.3738404,1.2565436,1.0205687,1.0205687,3.26333,2.9817138,1.0944477
trpyx8hb,0.73179376,1.3280295,1.7889519,2.177263,2.3862393,3.0445833,3.8341982,0.73021674,1.0036469,0.43781203,0.43622118,2.8279285,0.9306632,1.3561733,1.4949273,1.6938151,2.3107047,0.7777979969978333,1.0036469,0.13441323,2.149139,1.6149249,0.7978201,0.49402922,3.8341982,1.4799525,2.1443272,2.747464,3.112236,3.7070968,0.4715418517589569,1.6149249,0.3521766,3.7355855,0.6376394,0.39568514,0.6205469,1.9945303,0.5987245,0.79145914,1.2179277,1.37623,1.6745145,0.3271614611148834,0.6376394,0.15873441,1.3830802,0.7306923,0.5008379,0.6854293,2.193955,0.60298705,0.9995318,1.3945667,1.7419598,2.110609,0.6489514112472534,0.7306923,0.21185929,1.549391,0.23343949,0.06800465,1.5740038,2.2101297,1.5740038,2.6185718,1.3683317,1.9136966
bjcdiwzo,1.5119402,2.7724133,4.8337297,6.0206494,6.847302,7.915209,8.925265,1.8623878,1.6757938,1.1682712,0.697145,4.8497396,1.419061,2.3839116,3.3987968,4.0368013,4.529109,0.6545542478561401,1.6757938,0.2768078,2.288888,4.191106,2.2127297,0.52795845,8.925265,4.2090073,5.845078,7.282856,7.9462495,8.591179,0.12535573542118073,4.191106,0.8845196,6.810055,0.95386046,0.6244727,0.6546793,4.097289,0.91162366,1.124007,1.7858514,1.9391171,3.0176876,1.0682979822158813,0.95386046,0.18386367,1.4638891,2.0292323,1.4631072,0.72101516,7.4558682,1.7282753,2.5111127,4.2961917,5.317221,6.833912,1.4533811807632446,2.0292323,0.36960176,4.9580145,0.4287294,0.36048886,1.7568542,2.0653653,1.7568542,5.8668995,2.9830928,1.9667171
d05jh2mk,1.2218435,1.6802044,1.9408101,1.9706199,2.0830653,2.298337,2.6757042,0.568287,1.4923463,0.36825603,0.24676313,2.515556,1.396719,1.8523676,1.9524646,2.089691,2.2954369,0.26737284660339355,1.4923463,0.11864841,1.0288286,1.5314759,0.48713124,0.3180796,2.6757042,1.6030052,1.9411668,1.9954723,2.2005138,2.6082356,-0.27738696336746216,1.5314759,0.2173845,1.9445353,1.082021,0.36605966,0.33831105,1.9360281,1.1674337,1.2173387,1.577398,1.7670463,1.9151329,0.04307675361633301,1.082021,0.15223508,1.3091526,1.2181814,0.44929457,0.36882403,2.417409,1.2071831,1.4668832,1.8982052,1.9382435,1.9967557,-0.29916903376579285,1.2181814,0.16906357,1.3004984,0.012940448,0.059194952,1.3792212,1.2571821,1.2571821,3.0238223,2.3002024,1.3145897
v0dszrk6,1.0439525,2.2942743,3.531001,4.0392113,4.4675703,4.9151664,5.664764,1.5727813,1.4453692,1.0376414,0.7179075,4.8640156,1.0829492,1.9873964,2.9454198,3.5297554,4.4301286,0.8507559895515442,1.4453692,0.32208136,2.3268752,2.1027954,1.338325,0.6364504,5.3201895,2.005602,3.015326,4.0223184,4.616452,5.0164413,0.36097195744514465,2.1027954,0.4919616,3.6364808,1.0432272,0.88954014,0.8526811,4.3266897,0.96507215,1.4448164,2.4117432,2.8715944,3.537937,0.9593153595924377,1.0432272,0.28294885,3.0516028,1.7647521,1.4209605,0.80518985,5.664764,1.043354,2.8744168,3.9870272,4.566359,5.058377,0.7679084539413452,1.7647521,0.4319721,3.7256742,0.18528625,0.2569552,1.3854789,1.1915528,1.1915528,3.5481646,2.8079793,1.2636007
ilcg6far,1.9301566,3.5239017,4.946925,5.5106874,5.74602,6.063334,6.431421,2.4038754,2.1136246,1.268584,0.6001936,6.1283712,1.664592,2.7702394,4.119466,4.8449254,5.7485228,1.1498396396636963,2.1136246,0.30857047,1.4614766,3.5933106,1.2661177,0.35235408,6.401407,3.540537,4.6220584,5.282892,5.673652,6.0659347,0.023553067818284035,3.5933106,0.4404037,2.2279575,1.2683085,0.61888784,0.48796317,4.4982405,1.0606316,1.4754196,2.0099864,2.5849833,3.6710534,2.029933452606201,1.2683085,0.15720727,0.9554392,2.9296389,1.7024169,0.5811013,6.431421,2.592406,4.4205213,5.5310636,5.878341,6.2062407,0.37810540199279785,2.9296389,0.39470622,1.2813818,0.2592786,0.39574823,1.6664909,1.226537,1.226537,5.706935,4.1979475,1.3594583
mgjcy4v8,0.76352817,1.3093678,2.2749636,2.7964394,3.0573246,3.5497367,4.1515245,0.85871315,0.93128514,0.62839407,0.6747601,3.076609,0.76367444,1.2625911,1.8631126,2.2494097,2.7925577,1.0781171321868896,0.93128514,0.17456865,1.1394657,1.8294979,1.0389478,0.5678868,4.1515245,1.9200487,2.649683,3.1939447,3.516562,3.978147,0.06685222685337067,1.8294979,0.43959364,2.0025027,0.52813363,0.39565435,0.74915576,2.1327126,0.6066985,0.76352817,0.9914914,1.2122511,1.456208,0.06311801820993423,0.52813363,0.15681377,1.6899009,0.91014117,0.70025635,0.7693931,3.7357595,0.7637886,1.1564492,1.8954891,2.405156,3.2297506,1.305412769317627,0.91014117,0.21028143,1.6884125,0.3253471,0.26560122,1.7633513,2.0101254,1.7633513,2.7607832,1.4382749,1.9195101
urid3u94,1.5622442,2.0425622,3.1800723,3.8687434,4.1978507,4.6917167,5.083255,0.8690878,1.5404397,0.5473551,0.35532394,2.7994432,1.6276592,2.012137,2.042551,2.094543,2.6747367,-0.567439615726471,1.5404397,0.1478589,1.0764585,2.5269327,1.0462303,0.4140317,4.8408256,2.469634,3.3334699,4.0262012,4.3107295,4.728944,0.11916474252939224,2.5269327,0.33980379,2.8042655,1.1037663,0.47140312,0.42708597,2.657776,1.1785873,1.2974635,1.7224427,1.9794043,2.2103853,0.06440064311027527,1.1037663,0.16910729,1.2223427,1.9892874,1.0464948,0.5260652,5.083255,1.726666,2.503035,3.620185,4.2649527,4.898779,1.0390726327896118,1.9892874,0.29504263,2.1727107,0.24253815,0.28629345,1.3956213,1.2702703,1.2702703,4.0673723,3.0930538,1.3150021
sgfdk0q0,1.0353067,1.7728873,2.7741036,3.3466752,3.6493645,3.968936,4.1558814,1.1336479,1.0182996,0.43705186,0.42919773,2.6199005,0.97720325,1.1387413,1.6624383,1.9367094,2.3757606,1.0553693771362305,1.0182996,0.1334649,1.271269,1.994702,0.8315659,0.41688728,3.9599764,1.9244565,2.5677862,3.2927625,3.5377183,3.854075,0.4619954228401184,1.994702,0.27008808,2.6039615,0.6967403,0.34953266,0.50166845,2.3056066,0.60396415,0.9377601,1.081605,1.2775104,1.8679155,0.991718053817749,0.6967403,0.11266371,0.8436886,1.7168559,1.0965987,0.638725,4.1558814,1.4582734,2.5602055,3.4836228,3.8411121,4.0799766,0.6088309288024902,1.7168559,0.27268904,1.9732528,0.32406303,0.42265382,1.4615195,1.1618342,1.1618342,3.0130014,2.4135962,1.2483453
9jrnamz6,0.67291486,1.044095,1.3756331,1.625383,1.9244614,2.324583,2.6680143,0.49562705,0.69490296,0.23331419,0.33575076,1.3992827,0.6046023,0.89015126,1.050084,1.090575,1.2139786,0.4611320197582245,0.69490296,0.09439159,0.93621916,1.2046641,0.52439713,0.43530568,2.6680143,1.1207792,1.5390112,1.9727814,2.2286658,2.5681243,0.5351570844650269,1.2046641,0.20135991,0.98820376,0.6149297,0.18673718,0.3036724,1.2054433,0.5522668,0.6681608,0.9104759,1.0208262,1.0741702,0.5506519079208374,0.6149297,0.07363982,0.7605625,0.8805119,0.4121771,0.46811077,2.577443,0.8085549,1.0621178,1.4136648,1.7221236,2.2274957,1.281154990196228,0.8805119,0.13955854,0.9563425,0.26835647,0.17759451,1.1300527,1.3681407,1.1300527,1.8995671,1.4954416,1.2702383
146vey0a,1.1487691,1.9742777,3.1242259,3.542322,3.7073762,3.9833198,4.3489213,1.2445755,1.1301725,0.49550068,0.43842927,3.0036328,1.0431275,1.3699796,1.843244,2.1467237,2.5316334,0.9432064294815063,1.1301725,0.15401462,1.4070643,2.5987756,0.8650115,0.33285347,4.3489213,2.7360625,3.2890272,3.682585,3.900109,4.1535997,-0.18330428004264832,2.5987756,0.33559218,2.142971,0.73572034,0.29637903,0.40284196,1.6906787,0.72762567,0.9199493,1.1646583,1.2542417,1.3712128,0.11084919422864914,0.73572034,0.1246998,1.0976754,1.635505,1.0341139,0.6322903,4.1332593,1.3035009,2.290803,3.4007301,3.6793911,3.977812,0.7370122075080872,1.635505,0.24762261,1.2767313,0.39383844,0.37945977,1.5361441,1.5889745,1.5361441,3.728948,2.3712254,1.5725827
94xfri09,1.1278626,2.7062743,4.514824,5.5368614,6.127761,6.824963,7.4828076,2.185462,1.6371602,1.2103829,0.73931855,5.5989704,1.2131329,2.3985977,3.4600859,4.012894,5.108131,1.0277228355407715,1.6371602,0.33557633,2.9849627,2.9051669,1.8527727,0.63775086,7.3287783,2.7232523,4.3163657,5.602735,6.157256,6.91967,0.3954485356807709,2.9051669,0.67944735,4.8500447,0.795307,0.71029687,0.89311033,4.5336833,0.54185027,1.0012131,1.7320629,2.3784447,3.5338776,2.085289239883423,0.795307,0.1656538,1.6632171,2.191554,1.9989841,0.91213083,7.4828076,1.3153257,3.4645216,5.521701,6.319497,7.1195726,0.9727001190185547,2.191554,0.5807811,6.228188,0.27915356,0.46746305,2.058526,1.3256196,1.3256196,4.542327,2.986861,1.5207695
m0g8w85y,1.4441673,2.0880132,2.9547637,3.610992,3.9999082,4.5650263,5.162145,1.1475543,1.2897699,0.6979869,0.54117167,3.9485412,1.1799266,1.7331098,2.2043757,2.5469933,3.2306843,0.6581820845603943,1.2897699,0.17066756,1.0455623,1.91795,0.7771518,0.4051992,4.4038463,1.8213948,2.2949038,2.9491615,3.4484775,4.063764,0.6741253137588501,1.91795,0.2419871,1.6554323,1.1789286,0.65301883,0.5539087,3.9663298,1.1828735,1.3475455,1.8774351,2.35715,3.488076,1.2595250606536865,1.1789286,0.18298419,1.3017459,2.1242774,1.1596215,0.54588985,5.162145,1.8796211,2.9210358,3.845853,4.339671,4.810195,0.518659770488739,2.1242774,0.3763446,1.4423679,0.19583386,0.28619128,1.0940187,0.9028718,0.9028718,3.2077198,3.303206,0.9710929
6q8sjy5o,2.0231192,3.4909306,4.68244,5.1946282,5.525905,5.8426228,6.603086,2.307342,2.4477873,1.3819499,0.5645711,6.3501954,2.1397178,3.405902,4.4985976,5.0986342,5.711796,0.6302685737609863,2.4477873,0.33361927,3.4848223,3.745721,1.2144765,0.32423034,6.603086,3.7231786,4.638506,5.431857,5.6825614,6.404769,0.14620448648929596,3.745721,0.4716394,2.738226,1.4076003,0.85946125,0.61058617,5.38677,1.2907265,1.8554308,2.4474826,2.930707,4.3366747,1.1465309858322144,1.4076003,0.24975772,1.8465344,2.433991,1.4120817,0.5801508,5.868918,2.055485,3.4689112,4.681755,4.991968,5.6664495,0.5725653171539307,2.433991,0.39372984,2.5061343,0.2095636,0.2671785,1.738979,1.5389216,1.5389216,6.193508,3.8415914,1.6122246
p9lbsmwp,1.0051886,1.4062757,3.1036997,4.6707163,5.564103,6.8298435,8.075373,0.70237535,1.3969172,0.96176946,0.68849427,6.256402,1.091734,1.690054,2.5815141,3.5806208,4.9584503,1.8687490224838257,1.3969172,0.33003318,5.3963146,2.4434414,2.1185102,0.86701906,8.075373,1.3337909,3.8194542,6.0975666,6.794558,7.468663,0.9819668531417847,2.4434414,0.8863488,7.601931,0.7835364,0.48111793,0.61403394,2.7866046,0.8449437,1.0051886,1.3347306,1.6445119,2.1620843,0.5708437561988831,0.7835364,0.21160367,2.026838,1.1520628,1.1584411,1.0055364,7.409568,0.9629164,1.0051886,2.489087,3.87559,5.9647684,2.6903200149536133,1.1520628,0.36615825,6.643245,0.27250686,0.19039397,1.7828364,2.1209273,1.7828364,3.8403587,1.9355991,1.9840672
q82k8ryq,1.1414969,2.2976336,3.7131617,4.5017,4.8081794,5.43546,5.89134,1.5736635,0.98239106,0.517886,0.52716887,3.032646,0.8405188,1.2273109,1.6543477,2.0254085,2.8138814,1.329214334487915,0.98239106,0.18750936,1.0758742,2.6241882,1.0496051,0.39997327,4.8876386,2.5677183,3.4499125,4.0688643,4.2854633,4.739876,-0.008565645664930344,2.6241882,0.36038396,1.5519073,0.8079144,0.4075564,0.504455,2.7652724,0.72395545,0.9217236,1.2995998,1.6298866,2.2560437,1.4849421977996826,0.8079144,0.14267312,0.95167834,2.2530298,1.5940396,0.7075093,5.89134,1.6888394,3.526302,4.793762,5.236096,5.7212143,0.6366330981254578,2.2530298,0.36521155,1.5967971,0.4552228,0.4721143,1.2159594,1.1647375,1.1647375,3.6065793,3.060944,1.1782572
f8wxkk2a,1.7466161,3.3411374,5.2886734,6.369425,6.949563,7.776543,8.616052,2.2204018,1.6940761,0.9582088,0.5656232,5.5887437,1.474054,2.0287924,2.9635186,3.8365433,5.026076,1.479933261871338,1.6940761,0.26361817,1.5406837,3.0873332,1.5140065,0.49039298,7.1272945,2.9172683,4.1601024,5.2844486,5.8834004,6.641277,0.44670915603637695,3.0873332,0.57390594,3.0054038,1.4786696,0.886097,0.5992529,5.500838,1.1398062,1.7688352,2.6328304,3.3425934,4.7789946,1.80658757686615,1.4786696,0.20744352,1.5928613,3.4204338,2.382328,0.6964988,8.616052,3.046535,5.457183,6.9113398,7.579997,8.343726,0.38125789165496826,3.4204338,0.7787108,5.8194704,0.29139048,0.39635092,1.1456758,0.90261453,0.90261453,4.7814093,4.899103,0.97597647
bkvblpxa,1.0220985,1.889318,3.2105038,3.912096,4.3465533,4.892195,5.1607256,1.4953169,1.1416793,1.1005478,0.9639728,4.46513,0.9519094,1.5758879,2.9639409,3.4062989,4.3570604,1.091004490852356,1.1416793,0.27569434,2.335331,2.3739557,1.4822048,0.62436074,5.1607256,2.3931286,3.4864142,4.534963,4.9235415,5.1357536,0.11411510407924652,2.3739557,0.55286574,3.823631,0.83156496,0.66436917,0.7989384,3.501374,0.88862956,1.0545855,1.7250447,2.1790168,3.0212889,1.000968098640442,0.83156496,0.21112697,0.95905,1.1880789,1.045138,0.87968737,4.844896,0.97871315,1.5274171,2.8552067,3.523474,4.4075727,1.287400484085083,1.1880789,0.306351,3.6516812,0.3505132,0.17652316,1.3729286,1.9981465,1.3729286,3.515635,2.0196438,1.7407204
jmk4x1fd,0.7326635,1.2224569,1.5790834,1.984505,2.28753,2.438778,2.6066093,0.54490346,0.7842774,0.39021477,0.49754688,1.5790834,0.7193889,0.97224015,1.4049084,1.5659394,1.5790834,0.03186759725213051,0.7842774,0.10434937,0.84415036,1.2922664,0.42780617,0.33105108,2.5346546,1.3486489,1.5735577,1.7277673,2.0415995,2.4381244,0.3854796588420868,1.2922664,0.20715019,2.1213562,0.5536763,0.3600576,0.6503034,1.5727532,0.69946337,0.72091436,0.88438916,1.0973439,1.3897483,-0.4128665626049042,0.5536763,0.12673122,0.60556424,1.0666468,0.6431868,0.60299885,2.6066093,0.78753024,1.5010893,2.1305625,2.3997343,2.4713602,0.7184022665023804,1.0666468,0.22876692,2.5868578,0.24463196,0.3165853,1.4164908,1.2115222,1.2115222,2.0765438,1.6203232,1.2815615
j9hvchrm,1.8878933,3.3157053,5.4099216,6.3695693,6.789191,7.6335144,8.5767355,2.3180861,1.7736124,1.0361059,0.5841783,5.6094823,1.6473147,2.106814,3.186104,3.875932,4.8865204,1.0148804187774658,1.7736124,0.24764605,1.5188236,4.870867,1.5975057,0.32797155,8.5767355,4.925667,6.0425034,6.8787675,7.570089,8.162469,-0.05907958000898361,4.870867,0.5808813,3.1454375,1.1579255,0.5237401,0.45230898,2.7916915,1.000063,1.5771925,1.9051298,1.9378747,2.259446,-0.019231576472520828,1.1579255,0.2188727,1.7081743,2.4414363,1.6951141,0.6943102,8.268366,1.9322581,3.2474144,5.0335946,6.116043,7.5325155,1.2027479410171509,2.4414363,0.40283066,4.137804,0.4661395,0.356594,1.5317155,1.9950825,1.5317155,6.6444793,3.599362,1.8460159
3wp8djkl,1.8157206,3.7694929,6.1113787,7.166079,7.5558567,8.086445,8.7713,2.4321327,2.4031057,1.1012326,0.45825392,6.701117,1.9492924,2.7812712,3.9820013,4.762781,6.1868544,1.5787274837493896,2.4031057,0.28300753,1.302979,4.696527,2.0301213,0.43226013,8.262231,4.8045025,6.345114,7.329914,7.779404,8.098945,-0.19047753512859344,4.696527,0.7596567,2.9263859,1.3450086,0.39567,0.29417655,2.7285814,1.3770814,1.7029538,1.7497917,1.9077779,2.3446898,0.3490101099014282,1.3450086,0.14973715,0.9152989,2.969484,2.2861013,0.7698648,8.7713,2.0478268,4.5315866,6.789544,7.5867596,8.294562,0.8909434676170349,2.969484,0.4633514,2.0277202,0.32303378,0.37651598,1.7866843,1.581597,1.581597,7.0996327,4.3144927,1.6455313
uyluyhet,1.3314981,2.6747565,4.1143928,4.9885907,5.5763764,6.132091,6.9798117,1.7635093,2.2002845,1.171282,0.5323321,5.9500637,1.9614882,2.9806404,4.018722,4.209771,5.137065,0.7223457098007202,2.2002845,0.34988543,3.4494348,3.5088181,1.7647007,0.5029331,6.9798117,3.6531267,4.8589845,5.859495,6.167368,6.774163,-0.09895040094852448,3.5088181,0.7653219,3.429473,0.945267,0.7109436,0.75210875,4.2393627,1.0031642,1.0730393,1.8288796,2.0495586,3.3730893,1.2455512285232544,0.945267,0.20318693,1.0926654,1.2213964,1.129486,0.9247497,5.9139676,1.0073512,1.7856239,2.7232404,3.680682,4.9800663,1.355188012123108,1.2213964,0.3560724,1.984876,0.22920129,0.12744454,2.3276856,2.8727922,2.3276856,5.7091026,2.1666634,2.6349745
kduwtn5p,1.9466622,3.7212074,5.0483217,5.782357,6.2077336,6.672871,7.3029876,2.4284086,2.677065,1.3875943,0.51832676,6.656703,2.2411497,3.7158842,4.766761,5.340918,6.234574,0.779719889163971,2.677065,0.3607995,2.4110193,3.942268,1.4321077,0.36327,6.9251323,3.9291418,4.9252634,5.9389377,6.2924247,6.789233,-0.08146807551383972,3.942268,0.54309076,3.4943738,1.5262306,0.82222986,0.5387324,5.607845,1.3179684,1.6574253,2.5500302,3.2877998,4.714007,2.06534743309021,1.5262306,0.19584942,1.2400882,2.5107224,1.6793696,0.66887903,7.3029876,1.76401,3.468658,5.352417,6.094492,6.898455,1.0841224193572998,2.5107224,0.4331819,4.1682076,0.19113754,0.24387002,1.754037,1.5701728,1.5701728,6.619333,4.036953,1.6396854
epl7zqpp,1.670382,2.2918289,3.440962,4.094851,4.48362,5.119144,5.970585,1.1880267,1.4817803,0.45135388,0.30460244,2.5685005,1.5706887,1.6763754,2.0781102,2.293361,2.5661561,0.16627806425094604,1.4817803,0.18324971,1.0189276,2.5769598,0.9526619,0.3696844,5.1167374,2.5580978,3.1658697,3.9277554,4.260597,4.7419105,0.19354479014873505,2.5769598,0.34512153,3.2634215,1.2181376,0.50355375,0.41338003,2.5074296,1.1976576,1.6763754,1.7204204,1.9756819,2.1779618,-0.14888598024845123,1.2181376,0.17828952,1.3805236,2.2545557,1.3214848,0.5861398,5.970585,1.8096595,3.0871806,4.326752,4.857068,5.576268,0.790336012840271,2.2545557,0.3923712,4.097167,0.2698324,0.2984479,1.2164309,1.1430012,1.1430012,4.05874,3.4726934,1.1687585
oau8p1wk,1.528676,2.4968908,4.2449627,5.2286043,5.8484,6.509888,7.262416,1.6279947,1.5411065,0.63002807,0.4088154,3.962386,1.5078288,1.7956028,2.3964386,2.7388377,3.4809597,1.0121990442276,1.5411065,0.17374092,1.1989052,3.452515,1.4819859,0.42924824,6.849246,3.3159168,4.615363,5.597497,6.0014524,6.5643916,0.2075585424900055,3.452515,0.5476732,2.6968572,0.9952824,0.47834045,0.48060775,2.570677,0.86956644,1.3523338,1.5922337,1.8479024,2.2768083,0.5304810404777527,0.9952824,0.17967187,1.3535883,2.1598728,1.7052565,0.7895171,7.262416,1.5973713,2.989133,4.956821,5.98823,6.8752537,1.1284782886505127,2.1598728,0.37742603,2.6673968,0.38277,0.36910716,1.5484113,1.5984807,1.5484113,4.9936213,3.1551552,1.5826864
isetuk1o,1.7460268,2.63967,3.5905879,4.1060476,4.4135013,4.6490912,4.916141,1.6221161,1.6039093,0.5539212,0.34535697,3.1350675,1.5802581,1.9000969,2.4336174,2.686614,2.795781,0.44538018107414246,1.6039093,0.22170994,1.3875523,2.4800088,0.9765135,0.39375404,4.916141,2.46532,3.0804348,3.8983614,4.2372856,4.7218237,0.2713110148906708,2.4800088,0.3604845,1.6769204,1.2265842,0.6504548,0.53029776,3.775277,0.99492866,1.6592755,1.928476,2.3887045,3.281602,0.9426100254058838,1.2265842,0.20603964,1.2036873,2.4502828,1.2930335,0.5277079,4.7038126,2.5072627,3.5452018,4.2437963,4.549087,4.674272,0.037098634988069534,2.4502828,0.3910125,2.3631833,0.21452428,0.33281013,1.3076227,1.0121317,1.0121317,4.083918,3.676867,1.110706
oa35qbb3,1.5086068,2.2359078,3.1657774,3.8367462,4.166076,4.641929,5.360486,1.2513945,0.9042972,0.51967144,0.5746689,2.0424519,0.9263488,1.3160585,1.5521417,1.6798611,1.9019563,-0.25571730732917786,0.9042972,0.2173917,1.4164362,1.5121145,0.6234501,0.4123035,3.026256,1.5041182,1.9867842,2.3429053,2.5231447,2.8263466,0.06193116679787636,1.5121145,0.28112975,2.3548312,1.9684792,0.67310315,0.3419407,4.166926,1.9036788,2.3771253,2.8948631,3.203966,3.8184843,0.5025504231452942,1.9684792,0.22521023,1.8287823,2.3414683,1.2495843,0.5336755,5.360486,2.1948838,3.3401275,4.161761,4.47927,5.023551,0.3803204596042633,2.3414683,0.442826,4.6677194,0.25153717,0.08654147,0.45938873,0.64579755,0.45938873,2.4164116,4.3099475,0.56065917
xmdkrlc0,1.4863442,2.990869,4.184323,4.7529607,5.1265936,5.537412,5.9979,1.9926379,1.9996448,1.1227688,0.5614841,5.4115186,1.5780056,2.7479894,3.6866517,4.210551,5.126586,0.8796127438545227,1.9996448,0.30221716,1.6627364,3.4290173,1.1887943,0.34668657,5.9979,3.4722583,4.328324,5.0099277,5.3366246,5.770645,-0.08161197602748871,3.4290173,0.47199896,1.8814702,0.9704914,0.60525364,0.62365687,4.310287,0.8423447,1.2318182,1.5391581,2.1242507,3.4252698,2.060720920562744,0.9704914,0.15654598,1.0549271,2.0442824,1.3464576,0.6586456,5.7835264,1.5304053,2.8430057,4.2887974,4.9456444,5.5995927,1.0354264974594116,2.0442824,0.35506558,2.982948,0.26330107,0.35617632,2.0604455,1.6773696,1.6773696,5.4286623,3.0147738,1.8006864
y0bhf0ri,1.5209241,2.647938,3.7540653,4.357291,4.670353,5.062092,5.66212,1.8166677,1.9015495,1.086429,0.57133883,4.8289146,1.6562246,2.618918,3.576605,4.0437527,4.637429,0.6856352090835571,1.9015495,0.31444305,1.9274112,2.441074,1.2130009,0.4969128,5.01886,2.441252,3.354015,4.1376233,4.413271,4.8294415,-0.011448428966104984,2.441074,0.4461964,3.4963925,0.9829424,0.81272733,0.8268311,4.117342,0.8408098,1.4462105,2.0606425,2.6694114,3.5599875,1.1481261253356934,0.9829424,0.2061696,1.6141485,1.9995091,1.4646088,0.73248416,5.66212,1.5283396,3.0133076,4.416895,4.878134,5.4107537,0.796176552772522,1.9995091,0.42233187,4.490936,0.124239296,0.3408494,1.9345483,1.2208366,1.2208366,4.342623,2.9824514,1.4560583
y4kl9ary,1.3466518,2.3573692,4.085385,4.911727,5.3096743,5.7359886,6.1813893,1.4926136,1.344102,0.51335853,0.3819342,3.3790588,1.2715273,1.5062857,2.0396817,2.342609,3.132566,1.3758423328399658,1.344102,0.17052032,1.0795528,2.8059175,1.2049944,0.42944756,5.729661,2.6870944,3.7227569,4.437802,4.9345007,5.3214216,0.2587447166442871,2.8059175,0.43619516,1.9210572,0.7984272,0.4117098,0.515651,2.834476,0.82969695,0.9285554,1.3452994,1.6031479,2.176517,1.0840163230895996,0.7984272,0.13207549,1.0671052,2.4012635,1.6967571,0.70661014,6.1813893,1.7672882,3.734909,5.204807,5.5228376,5.898276,0.6785885691642761,2.4012635,0.3359057,2.4414096,0.35224304,0.5009347,1.6834371,1.1685171,1.1685171,4.1500196,3.1996908,1.2970065
eavedhr3,1.9577208,3.4626842,5.2239857,6.0361247,6.4351473,7.0724363,7.9046474,2.235876,2.4562,1.2084999,0.4920202,6.153501,2.2313254,3.103565,4.2432494,4.9158607,5.8939238,0.8551538586616516,2.4562,0.32454994,2.0122492,4.348247,1.7016648,0.39134502,7.7859187,4.5494175,5.701426,6.4354405,6.9008155,7.374398,-0.3199796676635742,4.348247,0.67754877,4.119874,1.1897348,0.7034366,0.59125495,4.437519,0.9944013,1.5861511,2.1751552,2.2680132,3.4355526,1.059660792350769,1.1897348,0.20604226,2.0691223,2.3831434,1.6575673,0.69553816,7.9046474,1.6424811,3.1759882,5.0101557,6.050222,7.1863213,1.2634552717208862,2.3831434,0.45233583,4.8221483,0.27806038,0.33401883,2.0644937,1.8245847,1.8245847,6.804447,3.5728784,1.9044721
pceo934t,1.6433885,3.215877,5.238614,6.096443,6.4985814,6.920883,7.602019,2.0308228,1.6054512,0.7832199,0.4878503,4.7915893,1.4023658,1.9109102,2.6430266,3.2602868,4.301723,1.3311818838119507,1.6054512,0.2228972,1.2235265,3.7386706,1.7230288,0.4608667,7.3511457,3.8133614,5.12501,6.009594,6.516986,6.9454684,-0.005139105953276157,3.7386706,0.62691617,2.5417333,1.144944,0.5044047,0.4405497,3.105153,1.1842312,1.4023658,1.7420995,1.9929979,2.7195327,0.5853263735771179,1.144944,0.14709155,1.3119477,3.1304011,1.8916048,0.60426915,7.602019,2.661785,4.5393877,6.230979,6.7244353,7.11936,0.5911940932273865,3.1304011,0.44293627,2.1371555,0.39917114,0.46439695,1.4022094,1.1943104,1.1943104,5.344122,4.275345,1.2499862
3y4wpwg3,1.0741341,1.5233804,2.473427,3.1932054,3.5834222,4.1165314,4.611038,0.6869653,1.1592249,0.35125595,0.30300933,2.3439214,1.1280966,1.4156045,1.5718441,1.75419,2.0510807,0.2958246171474457,1.1592249,0.11778654,0.891379,1.3634992,0.7160905,0.5251859,3.2727551,1.2290868,1.7876475,2.5282726,2.738703,3.2488036,0.7968586087226868,1.3634992,0.18393555,2.3920982,0.9030628,0.38340607,0.42456192,2.3837156,0.8368442,1.0553153,1.4041346,1.6003954,2.2882817,1.170986294746399,0.9030628,0.13214241,0.6672336,1.8123373,1.0942473,0.6037769,4.611038,1.4464891,2.631009,3.580197,3.9101272,4.4012723,0.7812605500221252,1.8123373,0.3171821,3.6438444,0.08097369,0.33485836,1.2836592,0.75234294,0.75234294,2.5227242,2.7154002,0.92904323
xg0trky8,1.8317103,3.1219997,4.401207,5.047042,5.4390664,6.1443324,6.979412,2.163654,1.8219115,0.96956897,0.5321713,4.7137723,1.6926754,2.4298525,3.329737,3.8104281,4.406397,0.8118528127670288,1.8219115,0.28359023,1.446789,2.6298316,1.0341277,0.39322963,4.8447003,2.5152407,3.4632988,4.1612287,4.449914,4.7203317,0.2989753186702728,2.6298316,0.3716564,3.0088935,1.3019756,0.8899153,0.6835115,4.743997,0.92410314,1.5912325,2.642234,3.2656934,4.3516417,1.6713123321533203,1.3019756,0.24939282,1.3540199,3.0101576,1.7735806,0.5891986,6.979412,2.9470084,4.535592,5.433167,5.850947,6.5001473,0.19672048091888428,3.0101576,0.53621995,3.1404696,0.18148398,0.39613384,1.3993437,0.87365246,0.87365246,4.451743,4.3121333,1.032376
ryozdppb,1.4639996,2.4768524,3.9323463,4.723469,5.0041995,5.747855,6.636309,1.4851182,1.6094857,0.7446621,0.46267083,3.9468644,1.3827798,1.9753532,2.8381133,2.9965906,3.8786035,1.018202543258667,1.6094857,0.21848482,1.4741848,3.7403471,1.3278416,0.3550049,6.636309,3.9127893,4.6977987,5.5526404,5.7756734,6.3607545,-0.2588026523590088,3.7403471,0.49439716,3.176888,1.1647712,0.5055379,0.43402338,2.6681488,0.9958105,1.5414696,1.967059,1.987164,2.1355429,0.058719318360090256,1.1647712,0.17891861,1.2857039,1.5179992,1.0219477,0.6732202,4.8748507,1.0683662,1.987284,2.8746662,3.8011754,4.8342495,1.122827410697937,1.5179992,0.26377442,1.5643187,0.39830425,0.13166538,1.3818042,2.463998,1.3818042,5.349833,2.6827703,1.994145
quakx6wb,2.8186162,4.4163637,5.9538116,6.849697,7.4403524,8.219387,9.3173,2.6705627,2.9952853,1.4423535,0.48154128,7.0897536,2.6191201,4.018578,5.197446,5.8017206,6.625246,0.7151820659637451,2.9952853,0.4043697,3.6339064,4.2001076,1.3225082,0.31487486,7.726689,4.0546556,5.0088935,6.0079336,6.7384653,7.4457192,0.47069603204727173,4.2001076,0.41068465,2.7820063,2.0763884,0.83256495,0.40096784,5.974079,1.7559575,2.449039,3.161864,3.7340322,5.149897,1.7183005809783936,2.0763884,0.2175076,1.5700946,3.9419544,2.2200835,0.5631936,9.3173,3.449983,5.7590237,7.2687874,7.8945594,8.658776,0.45272523164749146,3.9419544,0.5631154,4.2850738,0.16744357,0.30998,1.4425458,1.0654886,1.0654886,7.1953926,6.018343,1.195577
68q0j9m4,1.638315,2.6164865,3.5863433,4.215723,4.4518957,4.935651,5.381652,1.7432699,1.5872004,0.67302513,0.42403287,3.5460806,1.5050552,1.9890318,2.571588,2.8308313,3.330682,0.7166733145713806,1.5872004,0.17701316,1.3274167,2.6863396,0.8565364,0.31884888,4.989782,2.6324916,3.3623195,3.7959979,4.1340227,4.544703,0.11164342612028122,2.6863396,0.3063136,2.9527736,1.1671371,0.5841551,0.5005025,3.3567698,0.873291,1.4505111,1.9630182,2.410999,3.3088539,1.6045067310333252,1.1671371,0.15518826,1.6354288,2.2952032,1.417297,0.61750394,5.381652,1.9946382,3.5232959,4.417689,4.7345257,5.242981,0.4167083203792572,2.2952032,0.395124,3.5381165,0.25719643,0.32581028,1.359909,1.1704147,1.1704147,4.27354,3.4623404,1.2342923
smzocxmz,1.5295988,2.4577906,3.3197038,3.8208292,4.0717688,4.5593433,5.170872,1.444449,1.6496301,0.78845763,0.47796026,3.899236,1.4804165,2.158825,2.8562422,3.089013,3.5814912,0.557823896408081,1.6496301,0.25607532,1.2395537,2.098482,0.87772,0.41826427,4.675532,2.0009367,2.6377394,3.3812578,3.8208401,4.262883,0.5389648079872131,2.098482,0.34096476,2.2492816,1.0308751,0.5999372,0.58196884,3.205037,0.898621,1.451709,1.752508,2.1898162,2.6127892,0.6148194670677185,1.0308751,0.20288962,1.0986959,2.3488538,1.1336974,0.48265982,5.170872,2.2043657,3.26435,3.9993377,4.3680425,4.730401,0.33194565773010254,2.3488538,0.36570784,1.4924974,0.11975411,0.38996583,1.6002231,0.89340675,0.89340675,3.748112,3.3797288,1.1089978
mz2k1ko6,0.92040074,1.6008122,2.3148186,2.8958259,3.4029136,3.830158,4.456165,0.7860546,0.72208714,0.4872431,0.6747705,1.8990244,0.8852143,0.9260304,1.3065549,1.4313647,1.825041,-0.43349045515060425,0.72208714,0.20236045,1.6310015,1.6817433,0.7353188,0.43723604,3.8812633,1.6285781,1.9577428,2.780012,3.2149541,3.5916266,0.7076412439346313,1.6817433,0.26845255,2.5141273,0.86088616,0.5329573,0.6190799,2.657885,0.9149533,1.0097224,1.5968536,1.8524572,2.1382732,-0.031050072982907295,0.86088616,0.19406253,1.57009,1.5679337,1.0014015,0.6386759,4.456165,1.1164821,2.0081744,3.2421577,3.7268536,4.2607255,0.9588950276374817,1.5679337,0.22085127,1.7201973,0.39921954,0.29110745,0.83877194,1.0725857,0.83877194,2.4038305,2.42882,0.9897113
xnqxu71s,1.3690765,2.4800415,4.5973396,5.6807055,6.459963,7.234769,8.071688,1.7473273,1.3663249,0.7509877,0.54964066,4.172989,1.3902931,1.5293775,2.4069793,2.901987,3.769919,1.0024865865707397,1.3663249,0.2170017,1.2769011,3.7260296,1.6224428,0.43543476,7.726448,3.6977005,4.7531185,6.014578,6.685551,7.260776,0.18678602576255798,3.7260296,0.56165457,3.536227,0.9113705,0.3559087,0.3905203,2.2641366,0.7398702,1.1543319,1.4414425,1.5470139,2.0461214,1.112427830696106,0.9113705,0.15280236,1.4911456,2.196762,1.9045585,0.8669844,8.071688,1.367908,3.0064876,5.498259,6.6206365,7.6569457,1.420041799545288,2.196762,0.4006518,3.2956004,0.46338183,0.4135575,1.4991981,1.6961461,1.4991981,5.092355,3.1081326,1.6383969
el8mwob4,0.79402554,1.3962505,1.9145119,2.3980618,2.5825794,3.0221736,3.2740211,0.97045875,0.91995645,0.57485527,0.62487227,2.6151648,0.75728333,1.1916488,1.8229729,1.9003416,2.5493197,0.8752061724662781,0.91995645,0.16555402,1.3437482,1.2836218,0.67374355,0.524877,3.0944984,1.2581482,1.7998842,2.0717847,2.4334464,2.8103626,0.023395802825689316,1.2836218,0.26802486,2.0277948,0.71169937,0.52885276,0.7430845,2.616906,0.52911127,1.0889583,1.3584572,1.8145561,2.2668703,0.7457206845283508,0.71169937,0.15518525,0.98678964,0.8986873,0.98789006,1.0992589,3.2740211,0.59978265,1.5824252,2.4147909,2.8363407,3.2296526,0.6747334599494934,0.8986873,0.31362265,2.7281387,0.16503401,0.11611369,1.2926195,1.4283297,1.2926195,2.2035782,1.6103866,1.3683536
fdd7r193,1.3756493,2.395091,3.6604064,4.294302,4.6451044,5.279621,6.0307074,1.5532403,1.4043698,0.72175974,0.5139385,4.2985206,1.2557698,1.5877725,2.3991838,3.0665715,3.8918,1.6528480052947998,1.4043698,0.18513481,1.2155287,2.4259992,0.94883907,0.3911127,4.7550335,2.3359764,3.1039302,3.8478956,4.15699,4.495457,0.3242010176181793,2.4259992,0.35815775,2.0261688,0.9092109,0.54414207,0.59847724,3.514709,0.78580636,1.1894504,1.6254985,1.9024388,2.826096,1.4069595336914062,0.9092109,0.17963776,1.1879587,2.4045534,1.4607284,0.6074843,6.0307074,2.0638986,3.544626,4.625724,5.152504,5.6835303,0.5614941120147705,2.4045534,0.4365873,3.3133082,0.26671827,0.45125192,1.5446029,1.0089188,1.0089188,3.830369,3.3137643,1.1558967
0i6g61pc,0.74051714,1.4451942,3.2431712,3.915003,4.2439675,4.9727354,5.91078,1.1222427,0.6225082,0.65970206,1.0597483,3.6078107,0.4148224,0.8448929,1.4423239,2.0422673,3.0110965,1.591719627380371,0.6225082,0.19911736,1.8115319,2.5749793,1.3727884,0.533126,5.729493,2.7626085,3.6856418,4.170747,4.5894337,5.2489,-0.09466659277677536,2.5749793,0.5287949,4.121163,0.51961666,0.33969295,0.6537376,1.6218865,0.3626746,0.72856826,0.9697468,1.146364,1.5876796,0.9100532531738281,0.51961666,0.15284649,1.2969997,1.274378,1.1751982,0.922174,5.91078,0.9470936,1.5347948,3.0874643,4.0174417,5.1816874,1.7036925554275513,1.274378,0.3209034,3.8364403,0.61062664,0.42071545,1.1980144,2.0205774,1.1980144,3.1974876,1.7939947,1.7823284
we4c1v47,0.783028,1.2190747,1.6044248,1.8045413,1.9428244,2.2239928,2.5741181,0.6482954,0.8481154,0.29637596,0.3494524,1.7500788,0.79541624,1.1007149,1.2349536,1.2410873,1.5125406,-0.007415598724037409,0.8481154,0.120007455,1.0756973,1.2313818,0.43358585,0.35211325,2.5214162,1.2278084,1.5235887,1.7881821,1.8523309,2.177102,-0.08068464696407318,1.2313818,0.19464901,1.0110759,0.43201935,0.3467494,0.8026247,1.370747,0.5070365,0.6772477,0.8264055,0.94199985,1.1557782,-0.29822805523872375,0.43201935,0.1313455,0.9523793,1.0370399,0.57553405,0.5549777,2.5741181,0.9470576,1.4677713,1.8437567,2.0577853,2.3484118,0.4350094497203827,1.0370399,0.20434405,1.1109029,0.18430725,0.41184217,1.9631422,1.1874006,1.1874006,2.079497,1.4690592,1.4155298
lzn9uhjp,1.0133426,1.4933729,2.8327835,3.7441647,4.1922603,4.8088923,5.363299,0.8355801,1.2150555,0.8026468,0.6605845,4.4329205,1.0133426,1.3503788,2.2227223,3.0437858,3.9018743,1.3691248893737793,1.2150555,0.22919665,3.0398407,2.0747406,1.5086472,0.7271498,5.363299,1.7210217,3.375109,4.537921,4.883677,5.0580883,0.5551645755767822,2.0747406,0.59202224,4.1805835,0.92598706,0.49378747,0.5332553,3.5957232,1.0132824,1.0133426,1.1819735,1.829228,2.7014341,0.9314217567443848,0.92598706,0.110328145,1.2733384,0.97798645,1.0464181,1.0699719,4.7587023,0.87300414,1.130318,2.6246443,3.3124363,4.2707143,1.4208874702453613,0.97798645,0.35341454,4.590098,0.26131868,0.027310982,1.3121732,2.1214411,1.3121732,3.289796,1.9039736,1.7278581
khf33guw,1.5227927,2.5321808,3.430745,3.8858232,4.1659594,4.4952297,4.591485,1.6683526,1.7892698,0.99673027,0.55705976,4.582264,1.700102,2.3755531,3.2229352,3.7558339,4.430482,0.697595477104187,1.7892698,0.312326,2.5416276,2.4668505,1.0119201,0.4102073,4.591485,2.5113566,3.1427298,3.8115625,4.2997727,4.566577,-0.0036009240429848433,2.4668505,0.3959049,2.5056016,1.0916336,0.8742234,0.8008396,4.470297,0.8652837,1.4693811,2.4007747,2.8783116,3.78844,1.149469256401062,1.0916336,0.25484985,1.2114978,1.7201391,1.1665423,0.6781674,4.591485,1.2386832,2.4479744,3.683809,4.141553,4.5540504,0.8458594083786011,1.7201391,0.33068362,2.977099,0.1592015,0.22352645,1.6390755,1.4340994,1.4340994,4.25612,2.8117728,1.5136786
yh36motc,1.3043609,2.7740605,4.1223087,4.6820025,4.99308,5.247937,5.5278287,2.0204077,1.687512,1.0660992,0.631758,5.158762,1.2994248,2.2710562,3.3729572,4.007416,4.677885,1.1363712549209595,1.687512,0.28136802,2.0025153,3.181551,1.2989069,0.40826216,5.5278287,3.2558124,4.3046813,4.937901,5.1810994,5.339548,-0.07958538830280304,3.181551,0.47790247,4.2785687,0.96919113,0.57706326,0.59540707,3.6678107,0.7657263,1.2345364,1.7594793,2.008651,3.0399292,1.4729418754577637,0.96919113,0.16825432,0.9256739,1.9587524,1.4424672,0.7364214,5.34273,1.3478018,2.9647157,4.337231,4.8570757,5.303168,0.7851077318191528,1.9587524,0.3461032,3.6416068,0.30684322,0.33797145,1.741155,1.6242743,1.6242743,4.869063,2.9279435,1.6629634
g06xr3ur,0.9843831,1.5752892,2.4051604,2.876408,3.1006367,3.3406644,3.8757648,0.91955125,1.448217,0.70918065,0.48969224,3.4087083,1.3813306,1.8752156,2.4491062,2.8762264,3.2389426,0.6579433083534241,1.448217,0.21446995,2.422974,1.6630257,1.0256943,0.6167639,3.8757648,1.5596709,2.5042598,3.156317,3.2974596,3.681974,0.11269750446081161,1.6630257,0.37886408,3.067689,0.68607146,0.47286883,0.68924135,2.5583546,0.6971777,0.86511624,1.3645837,1.5367033,2.0377526,0.5749171376228333,0.68607146,0.18907394,1.5272115,1.0031099,0.7499754,0.74765027,3.6020572,0.80356514,1.4829397,2.0560327,2.4957428,3.0840142,0.7309299111366272,1.0031099,0.2552917,2.574178,0.069042735,0.18768765,2.1108837,1.6578698,1.6578698,3.1112428,1.6891813,1.8418643
mwuecpnc,1.121841,1.9852488,3.3970726,4.2532187,4.727018,5.3876944,6.0860624,1.0212924,1.197632,0.7802823,0.65152097,3.5476036,0.9852335,1.5906087,2.3644707,2.8344662,3.2517538,0.8779035210609436,1.197632,0.22098023,2.0103643,3.0660288,1.4526033,0.47377354,6.0860624,3.0963905,4.184997,5.056697,5.4266005,5.9196863,-0.017459088936448097,3.0660288,0.5874115,4.1849794,1.0428668,0.45668486,0.4379129,2.218323,0.9852335,1.2064457,1.802935,1.9382721,1.980694,0.09832600504159927,1.0428668,0.17191176,1.3392844,1.5168536,0.9238008,0.6090244,5.3642206,1.142254,1.9122272,2.8305345,3.5444803,4.6632032,1.552878975868225,1.5168536,0.2838414,3.5794902,0.43821424,0.18517129,1.1484035,2.0213084,1.1484035,4.263661,2.5597205,1.6656744
c2keivli,0.731153,1.3548026,1.5818928,2.0393872,2.2740982,2.6128821,3.1811414,0.79035074,0.8334555,0.44794828,0.53745914,2.0203795,0.71485895,1.1834986,1.4821644,1.5271595,1.7855564,-0.011084090918302536,0.8334555,0.1733124,1.6638129,1.5522563,0.60622287,0.390543,3.1811414,1.5198101,1.8209777,2.3887048,2.6025832,3.050049,0.10041690617799759,1.5522563,0.21244001,1.325669,0.56150764,0.42420724,0.75547904,1.5283095,0.64486957,0.77364314,1.1447002,1.3182988,1.4731317,0.036801476031541824,0.56150764,0.1794797,1.6802962,0.8364355,0.5857674,0.70031387,2.7262475,0.6865998,1.2127762,1.620727,1.9383509,2.3759294,0.6075352430343628,0.8364355,0.19121988,1.7511493,0.30129406,0.19666597,1.4843173,1.8557992,1.4843173,2.385712,1.3979431,1.7065872
77jzc58c,0.8702925,0.94642246,1.390765,1.5550957,1.8411478,2.1627717,2.7478628,0.46290788,0.76948786,0.28947327,0.37618953,1.5344929,0.8639015,0.9044731,1.063695,1.2803011,1.5143789,0.0020211811643093824,0.76948786,0.12408262,0.74872756,1.1841936,0.4281558,0.36155897,2.7478628,1.0539736,1.451289,1.7479018,2.1137414,2.6046603,1.1250091791152954,1.1841936,0.18408233,1.1910682,0.61633,0.3015633,0.48928866,1.4690449,0.67482257,0.89473265,0.901883,0.9320394,1.2692347,-0.2196367383003235,0.61633,0.14130676,0.9910928,0.7914143,0.48482403,0.61260456,2.3537917,0.816479,0.9586965,1.5136559,1.8364096,2.141001,0.9096716046333313,0.7914143,0.1776614,1.7536255,0.21226887,0.124372214,1.2484998,1.4963005,1.2484998,1.9536815,1.4077444,1.3878098
u47soczd,1.071293,2.1349,3.3031664,3.8473172,4.0504904,4.167006,4.5045547,1.5084902,1.0676268,0.741032,0.6940927,3.4948409,1.0350347,1.3606398,2.1893775,2.4440854,3.4116597,0.9509000778198242,1.0676268,0.19463749,1.7825496,2.6126075,1.0030308,0.38391942,4.5045547,2.653076,3.4005964,4.0283885,4.133303,4.3252788,-0.13834163546562195,2.6126075,0.3989205,2.4176645,0.7888157,0.48594823,0.6160479,2.7358692,0.9605676,1.0713422,1.2624326,1.4554211,1.9838957,0.04305163770914078,0.7888157,0.17226654,1.7291424,1.5446856,1.2663685,0.81982285,4.290558,1.2115712,2.453153,3.620037,3.9944637,4.1734734,0.6013316512107849,1.5446856,0.34693646,2.2419388,0.41980496,0.32392094,1.3534554,1.6913522,1.3534554,3.6802344,2.3335013,1.5771297
q7jbmjm1,1.5178909,2.4573398,3.520104,4.12555,4.397999,4.7800083,5.3326354,1.6422669,1.358129,1.044949,0.7694034,4.476644,1.050385,1.8666247,2.8623424,3.5088727,4.3219714,0.8683179020881653,1.358129,0.2625994,1.7836491,2.5169716,1.048011,0.41637775,5.0269685,2.4481387,3.321736,4.080022,4.343302,4.6493187,0.20376841723918915,2.5169716,0.41664764,1.8681278,1.0334053,0.5858895,0.5669504,3.8246639,0.82626635,1.3515962,1.7226093,2.088996,2.9668636,1.0878289937973022,1.0334053,0.17540939,1.7453438,2.017958,1.3274997,0.6578431,5.3326354,1.7226093,2.8799915,4.0725813,4.520908,5.219191,0.5619408488273621,2.017958,0.39173126,2.0593998,0.2990484,0.3226599,1.3142269,1.2472864,1.2472864,3.8751006,3.0513632,1.2699572
ft07x5ic,0.98029655,1.1573243,1.8902382,2.1090271,2.1517456,2.6112344,3.1357546,0.8407144,0.72549343,0.45363674,0.62528026,2.0994167,0.8604571,1.0779041,1.1309401,1.3896004,1.8295522,-0.0362895242869854,0.72549343,0.16087641,1.1459888,1.295913,0.4836261,0.37319335,2.1232817,1.1385891,1.7246624,2.038414,2.1077824,2.1232817,0.10600180923938751,1.295913,0.1743587,0.93370897,0.46149948,0.41946185,0.90891075,1.2344085,0.32609832,0.9469545,1.072706,1.0821878,1.1173272,0.36493346095085144,0.46149948,0.123709746,1.0171235,1.1796082,0.7557441,0.6406738,3.1357546,1.093204,1.8030957,2.1511824,2.4353058,2.952132,0.2589889466762543,1.1796082,0.2495967,1.0472264,0.28218943,0.43757567,1.5720352,1.0985961,1.0985961,2.0214064,1.6411077,1.231733
86z1b98v,2.326056,3.4070828,4.853038,5.6397595,6.135357,6.951249,7.9364014,1.7286807,2.0561314,0.687541,0.33438575,4.19285,1.9226637,2.4626944,3.092067,3.3257325,3.9188795,0.6190718412399292,2.0561314,0.19737537,1.0731368,1.8450255,0.5372247,0.29117468,2.9817524,1.8528605,2.2972765,2.5268896,2.5975063,2.8286088,-0.2525709271430969,1.8450255,0.2134513,1.3249875,3.411302,1.8556532,0.5439721,7.9364014,3.3686366,4.7572465,6.054043,6.699799,7.572661,0.31380248069763184,3.411302,0.5984681,2.3961823,3.1736042,1.4299575,0.4505784,7.056815,2.9467978,4.1798987,5.2722836,5.7680345,6.528491,0.3816290497779846,3.1736042,0.48235887,3.249105,0.054113645,0.036097374,0.60274094,0.581366,0.581366,3.901157,6.5849066,0.59243923
wct8jbbs,1.2498528,2.439199,4.013686,4.931642,5.380487,6.2407336,7.070622,1.7190793,1.2437803,0.7826899,0.62928313,3.7936666,1.0591207,1.717005,2.4082744,2.771891,3.6036081,0.8676981925964355,1.2437803,0.21214707,1.2738396,2.960911,1.3030611,0.4400879,6.5983725,2.835595,3.898634,4.712952,5.2957373,6.0529876,0.27627113461494446,2.960911,0.4919393,3.1062202,0.8585773,0.60159606,0.70068944,3.845155,0.7235879,1.1328942,1.5698836,1.9124696,2.9603722,1.296404480934143,0.8585773,0.21243264,1.6796545,2.232944,1.76983,0.7925994,7.070622,1.4648906,3.5262063,5.071346,5.879806,6.6551366,0.9346994757652283,2.232944,0.4010482,2.5987597,0.4083845,0.44456002,1.4486526,1.3260123,1.3260123,4.2046914,3.0915213,1.360072
xpk48ab1,1.0905526,2.4720914,4.4783473,5.365506,5.8899426,6.4967995,7.353411,1.9785551,1.6620909,1.2199472,0.73398346,5.332848,1.2621956,2.409045,3.5163777,4.1579943,5.096844,0.9309380650520325,1.6620909,0.27659878,2.5638437,3.5753224,2.0262272,0.56672573,7.353411,3.9057703,5.26984,6.0402703,6.487403,7.0236173,-0.2151479870080948,3.5753224,0.8297753,5.582831,0.7937798,0.41260836,0.51980203,2.9692988,0.72205937,1.0968971,1.2256745,1.4829234,2.1416795,1.093794345855713,0.7937798,0.14003426,1.2552395,1.3580172,1.4084916,1.0371677,6.69667,0.83017606,1.6892815,3.5906308,4.5747066,5.992532,1.6304125785827637,1.3580172,0.3451136,3.763562,0.36530083,0.26221684,2.0938942,2.632752,2.0938942,5.2374134,2.151797,2.433972
3t4y0tb1,1.859935,2.7328832,3.5595558,4.038549,4.2984233,4.6414695,4.8689075,1.5184624,1.6258122,0.79317665,0.48786488,3.5770986,1.5892645,2.081234,2.7468202,3.1481214,3.454961,0.45343655347824097,1.6258122,0.15514682,1.5717509,2.6872962,0.7521954,0.2799079,4.725479,2.6388693,3.1763756,3.7233958,4.070446,4.4454756,0.31263846158981323,2.6872962,0.24220186,1.7748913,1.3993318,0.6357079,0.4542939,3.4728014,1.4650095,1.7045133,2.1965454,2.5043294,3.142302,0.24291284382343292,1.3993318,0.18944563,1.6457063,2.4125056,1.3158513,0.54542935,4.8689075,2.3560896,3.533217,4.198401,4.5286484,4.798153,0.012506416067481041,2.4125056,0.385864,2.5513918,0.24610649,0.2657967,1.1618489,1.1139026,1.1139026,4.3131084,3.8118374,1.1315038
zppep69n,1.0159523,1.8612463,3.409697,4.054498,4.291281,4.770652,5.44125,1.3391013,1.0956236,0.72234714,0.6593023,3.5977433,0.9915897,1.4237587,2.1835346,2.534127,3.2784436,1.0051114559173584,1.0956236,0.20173238,2.7280488,2.7666805,1.3696887,0.49506575,5.44125,3.0402615,3.9564893,4.3717093,4.7410784,5.1465044,-0.178264781832695,2.7666805,0.54545915,3.6977286,0.5433971,0.38647294,0.7112164,1.7595533,0.5149943,0.7849939,1.031633,1.2933842,1.530748,0.6240111589431763,0.5433971,0.13229844,1.0288652,1.4537016,1.0672299,0.7341464,5.128426,1.2213535,1.8881338,3.1049635,3.668914,4.6635942,1.097000002861023,1.4537016,0.31160116,2.7222717,0.43265802,0.45581347,2.0162485,1.9031969,1.9031969,3.8623042,1.9970987,1.9339576
gpcivi05,1.2978959,2.6388564,3.8676033,4.4780374,4.817087,5.3304358,5.8563337,1.9151659,1.4169916,0.9445962,0.66662085,4.315691,1.1544043,1.9848771,2.892075,3.3405685,4.0380163,0.968906581401825,1.4169916,0.25126788,1.5810838,2.767583,1.2209661,0.44116694,5.4002705,2.8798537,3.603086,4.3705697,4.738751,5.288745,-0.06175072118639946,2.767583,0.49593782,3.3473125,0.86628175,0.59489065,0.6867173,3.9285882,0.72369045,1.1523952,1.4653391,2.0039566,3.004915,1.8216743469238281,0.86628175,0.16200784,1.0718107,2.137848,1.5795587,0.7388546,5.8563337,1.782496,3.356341,4.542432,5.0829005,5.630411,0.5114977955818176,2.137848,0.4644395,3.3477457,0.32275474,0.42327273,1.6357168,1.294565,1.294565,4.1845746,3.0041296,1.3929408
2u9az3ce,0.99616206,1.7803907,2.8041031,3.1623135,3.4112635,3.5879018,4.192762,0.98658353,0.874408,0.5693437,0.651119,3.2250981,0.93632996,1.0115227,1.5936658,1.9096131,2.5823894,0.5710536241531372,0.874408,0.10859019,0.7697294,1.6176144,0.55067116,0.34042177,3.2291293,1.5936614,1.9237266,2.5024946,2.6304197,3.0348792,0.6283949613571167,1.6176144,0.18346299,1.5384526,0.87501574,0.6176582,0.7058824,3.5285366,0.8978545,0.9598086,1.6314795,2.2346447,3.0998077,1.6931936740875244,0.87501574,0.15611482,1.2847067,1.9125633,1.0637103,0.55617,4.192762,1.8302414,2.8950787,3.3887658,3.5438564,3.8821921,0.08829502761363983,1.9125633,0.36818358,2.912713,0.29823422,0.37220383,0.9993055,0.8457834,0.8457834,2.4920225,2.787579,0.89397377
gbmxikvr,1.8077481,3.1041508,4.609559,5.457083,5.9460406,6.6528053,7.5789366,1.9511936,2.007185,1.071522,0.53384316,5.1465545,1.8276833,2.6520646,3.5631824,4.0847054,4.9469104,0.7310428619384766,2.007185,0.28628427,2.5970607,2.7855194,1.1523062,0.41367733,5.755441,2.6177392,3.5297377,4.5086937,5.020943,5.5360527,0.6031540632247925,2.7855194,0.423526,3.1532488,1.6012136,1.048335,0.65471274,5.47655,1.4001578,1.8069619,3.1923137,3.9411054,5.16204,1.533206582069397,1.6012136,0.22456668,2.3469725,2.720272,2.0337799,0.7476384,7.5789366,2.039267,4.411105,5.943612,6.3808837,7.1386204,0.5812094211578369,2.720272,0.6431084,6.1349244,0.16239983,0.25895226,1.2535398,1.0239856,1.0239856,4.7927046,4.3214855,1.109041
ecjtr0m6,52.619858,82.88328,131.71228,164.3147,182.06467,210.85818,240.46786,44.651848,54.966885,30.54261,0.55565476,156.84425,47.101784,72.33241,102.76446,115.92272,139.80754,0.9884553551673889,54.966885,7.8589544,92.64398,55.368034,24.740408,0.44683558,147.84418,54.045925,70.39356,86.25227,98.42142,127.244606,0.7269828915596008,55.368034,8.531335,80.366135,64.13352,41.139996,0.6414741,220.86432,46.404995,72.00131,134.58855,161.67131,196.09732,1.7135809659957886,64.13352,9.880365,102.19606,88.45381,53.57307,0.6056615,240.46786,64.1922,123.600555,175.4215,200.37257,226.82162,0.9914444088935852,88.45381,18.154703,159.45966,0.0036357462,0.15938602,0.8570695,0.6259542,0.6259542,110.334915,152.58734,0.7230935
hz72kxsj,61.498894,95.74256,169.63611,215.21303,242.86174,276.8971,326.5682,46.842323,59.90349,19.499596,0.32551685,153.45334,54.96815,65.2262,85.29534,101.74656,131.13074,1.7619566917419434,59.90349,5.959836,26.914589,53.539806,11.148593,0.20822999,103.4633,52.231255,61.38149,66.669846,71.8333,86.39701,0.7891384363174438,53.539806,4.5201416,33.242645,131.22043,71.92091,0.54809237,306.2102,120.57585,187.14902,241.29936,263.0749,284.19778,0.47620314359664917,131.22043,19.215584,218.8737,88.34874,54.16201,0.6130479,326.5682,72.21808,107.63931,165.96722,208.06349,277.52902,1.6954070329666138,88.34874,11.6761875,271.29138,0.056095704,0.19525369,0.4565104,0.6060053,0.4565104,113.4433,219.56917,0.51666313
zsb6zwkh,109.322525,153.15686,218.09995,254.87497,280.9905,322.8627,384.06625,68.68223,147.70781,56.425785,0.38200948,321.9849,139.62805,184.05157,230.40446,254.3564,296.01697,0.6435653567314148,147.70781,17.571012,115.102036,101.1526,31.558722,0.31199118,251.29456,96.73137,115.98492,136.50029,155.96272,205.7292,1.2727936506271362,101.1526,9.454462,48.858513,154.27965,78.68648,0.510025,384.06625,126.64051,204.19125,276.01672,315.00317,357.51178,0.922752320766449,154.27965,20.311447,135.9379,105.80977,43.03324,0.40670386,318.0323,94.07248,118.74853,158.77614,197.63011,276.9263,2.0083329677581787,105.80977,9.737963,55.387672,0.18707357,0.18635853,0.95740306,0.9559855,0.9559855,248.86041,260.08942,0.9568264
e9i0hn3f,17.730606,24.553774,33.102642,38.137653,40.75144,44.45306,50.163082,11.152158,23.5912,10.476451,0.444083,50.163082,21.195158,30.87796,40.45344,43.372845,46.844707,0.5993294715881348,23.5912,3.6726694,27.540821,22.033014,6.698452,0.30401886,44.96508,21.62942,25.808414,30.920807,34.58475,41.10851,0.6729113459587097,22.033014,2.7852836,21.385477,20.953568,7.402188,0.35326624,41.847515,18.896397,25.81979,32.503063,35.286682,39.849655,0.8042737245559692,20.953568,2.2853081,19.565544,14.853302,5.9251013,0.39890802,44.30838,13.302947,16.356482,21.43862,26.909334,39.022,2.2532293796539307,14.853302,2.1481178,34.800323,0.0341526,0.17036578,1.1258799,1.4833748,1.1258799,45.624214,35.80687,1.2741749
9zxqerbk,20.154745,24.19868,28.502592,30.862324,33.041595,42.10256,71.72116,8.1872635,21.269085,5.181364,0.24361011,38.885796,20.887728,24.646528,28.9087,30.735846,33.708374,0.510769784450531,21.269085,2.4847052,22.943241,26.22274,7.8198705,0.29820952,71.72116,24.75163,28.324814,33.22559,42.266308,56.390823,2.109994411468506,26.22274,4.0453267,47.1016,18.706413,4.323567,0.23112752,30.984713,18.81656,21.625782,24.065289,25.824493,28.888676,0.005276373587548733,18.706413,1.6181082,10.06312,17.622005,6.623839,0.3758845,43.31587,17.21772,21.6333,27.005737,29.683556,33.842747,0.4612739384174347,17.622005,2.339489,24.458971,0.10430543,0.029850123,1.1369942,1.4880679,1.1369942,47.491825,36.32842,1.3072913
n3dkvr5n,83.68381,117.047516,153.18733,190.89928,218.05206,262.04388,307.3361,52.85324,94.19213,34.39172,0.36512306,169.61926,92.03314,125.820526,142.87073,147.58,160.89403,0.18596026301383972,94.19213,12.128044,99.733154,73.53968,26.75277,0.36378685,145.65149,66.41023,92.912704,114.154366,123.51707,131.87158,0.5554239749908447,73.53968,9.739277,117.19266,125.886925,63.68949,0.5059262,307.3361,95.81322,168.77187,224.32668,256.61856,291.58582,1.002699613571167,125.886925,20.127295,214.05978,89.95305,36.20611,0.40250006,244.07626,80.808105,106.222046,138.01245,166.75487,213.2044,1.3937534093856812,89.95305,11.634861,106.22954,0.12312781,0.16648388,0.7482281,0.817534,0.7482281,167.73181,215.83997,0.77711195
bhgpbktm,73.020035,111.861244,185.43648,219.47562,235.72952,258.46793,284.5067,59.97229,104.40623,46.220493,0.44269863,243.8823,88.693344,131.67209,178.62012,201.97614,230.56114,1.0543900728225708,104.40623,14.67519,145.76935,62.945297,23.071672,0.36653528,153.7412,59.548244,77.542206,91.92613,106.58358,131.9729,0.9602104425430298,62.945297,7.44518,73.18683,101.91244,64.20301,0.6299821,275.76056,72.04045,137.43118,215.71123,236.19682,261.71768,1.135165810585022,101.91244,18.837856,176.79355,91.10451,66.395485,0.7287837,284.5067,62.061134,124.96219,204.54057,235.82562,271.43768,1.1859618425369263,91.10451,20.89301,217.92578,0.24774754,0.055994723,1.02447,0.6909131,0.6909131,167.35153,193.01694,0.8670303
av6763v1,58.53611,76.435524,100.10881,124.58066,146.87811,185.6703,225.99246,32.977318,64.70996,17.846434,0.27579114,118.10153,61.712135,75.45318,91.35458,99.73533,112.60608,0.6302048563957214,64.70996,4.3244553,44.4675,55.84248,16.566975,0.29667333,102.22043,54.32109,65.956635,80.29651,87.72474,97.39135,0.5664322972297668,55.84248,4.793462,54.24624,84.894295,43.187786,0.5087243,225.99246,75.86907,104.30306,148.56647,176.88802,216.40524,1.0555702447891235,84.894295,12.745994,167.93332,54.64608,27.063868,0.49525726,185.4796,47.554916,62.00469,88.87491,111.90849,162.42513,1.9527519941329956,54.64608,6.508397,97.69583,0.07355704,0.21677034,0.7622416,1.0218936,0.7622416,120.552444,139.54037,0.86392516
m3pp00cd,106.67527,159.31602,257.94666,322.57327,359.50027,418.83966,486.30093,77.99327,166.99028,77.147736,0.46198937,442.86395,140.83022,196.41809,295.19205,338.58618,400.82724,1.38650381565094,166.99028,22.381683,240.17725,186.50923,104.62366,0.560957,486.30093,156.80644,248.0911,351.96246,400.96194,461.88913,0.9824061393737793,186.50923,34.279285,233.11046,99.94047,40.254173,0.40278152,339.65665,89.33558,108.33701,145.29857,183.90616,267.8214,2.4721508026123047,99.94047,8.7914,89.48923,102.744446,66.39296,0.6461951,423.48495,82.85779,113.83441,190.49924,251.45183,353.34973,2.1199164390563965,102.744446,16.407276,139.58105,0.055216346,0.013834173,1.6708975,1.8152732,1.6708975,353.4995,202.6849,1.744084
nzy47quu,83.35875,115.96727,197.96669,260.76514,293.4635,355.59042,409.5333,51.038574,77.91845,22.858025,0.2933583,179.62016,73.71179,84.69086,109.838165,125.34063,155.61963,1.3952466249465942,77.91845,7.0726,53.66558,75.10597,25.005623,0.33293787,133.62128,74.20423,94.28519,109.79153,118.66364,129.4781,0.23093466460704803,75.10597,10.602922,47.43468,163.81834,88.16317,0.5381764,409.5333,140.70358,221.35791,292.79874,341.34174,392.31494,0.8440671563148499,163.81834,24.979471,331.0031,103.08096,60.15093,0.5835309,384.40594,88.14991,118.19335,181.60342,234.27441,326.75723,1.907424807548523,103.08096,14.288716,227.10428,0.018379271,0.22756666,0.47563934,0.72861147,0.47563934,153.02441,266.8993,0.5733414
sfn07ea2,52.161514,83.01981,139.68915,176.13722,193.74625,232.2554,286.49384,43.801975,79.326546,44.548615,0.5615852,201.2207,59.910538,107.45709,153.30626,173.71638,192.46436,1.0322399139404297,79.326546,14.488994,152.15079,60.387123,22.721924,0.376271,147.41739,57.308548,74.53401,89.40937,102.9676,125.840515,0.9089480638504028,60.387123,7.9744215,42.40066,80.08194,65.49423,0.8178402,286.49384,48.038162,105.428345,195.4322,227.97383,264.2063,1.3923536539077759,80.08194,17.413929,198.09006,59.56673,36.614548,0.6146812,232.44708,47.23326,65.26959,112.856514,141.84969,195.91617,2.003946542739868,59.56673,8.827678,98.94632,0.13555884,0.14690587,0.9905672,1.0137726,0.9905672,139.71367,139.64867,1.0004655
8ditmown,31.827316,41.33737,60.2177,87.43973,114.25245,149.54643,184.10414,16.599758,50.13738,34.70214,0.6921411,184.10414,36.84999,49.510292,107.20878,139.31418,170.09122,2.100646734237671,50.13738,9.791357,139.89243,40.265663,18.030336,0.44778442,130.217,36.839005,42.740273,61.28502,78.313255,116.16854,2.1712961196899414,40.265663,4.7341104,44.723103,35.177143,19.62017,0.5577534,136.41048,29.613667,37.820618,55.78891,76.45743,120.26669,2.581134796142578,35.177143,5.359295,82.5172,28.932554,13.038284,0.45064408,101.804,25.454662,33.29425,47.103767,56.337315,73.6391,1.6895363330841064,28.932554,4.6577787,61.80007,0.109196715,0.09740475,1.4252828,1.3917079,1.3917079,90.403046,64.109695,1.4101306
x23veulj,75.99179,100.11419,151.53691,206.6869,248.2802,318.95508,451.07217,42.4433,97.08803,37.769115,0.38901928,270.18005,90.41855,113.509674,144.57933,172.89102,223.57263,1.4488720893859863,97.08803,5.7505097,57.88938,61.495487,17.827585,0.28990072,99.89776,58.145126,72.702705,91.37647,95.671135,99.07484,0.5931302309036255,61.495487,6.8504477,59.642757,136.36806,82.93444,0.60816616,451.07217,108.2692,177.97833,260.81198,311.11987,386.36826,1.2881946563720703,136.36806,19.013617,333.91925,68.11523,18.37807,0.26980856,136.48325,66.41312,79.6449,92.28285,100.565956,118.91401,0.7280157208442688,68.11523,7.152466,62.668056,0.22444037,0.33378196,0.7119558,0.9028156,0.7119558,158.58351,204.48328,0.7755329
gqpq8r4h,60.41722,75.192116,122.82426,178.56918,222.87038,315.47827,423.5969,29.854057,101.522766,73.62942,0.7252503,423.5969,67.68001,102.89371,211.64145,287.83588,370.704,2.2016496658325195,101.522766,23.03769,366.09033,79.08506,47.360954,0.598861,279.2793,63.594555,92.09545,141.12521,188.19826,255.84038,1.8838412761688232,79.08506,14.940751,231.00572,64.91438,29.585752,0.45576575,206.45155,58.086018,73.58414,100.524734,124.450745,185.14679,1.8869010210037231,64.91438,7.9825954,152.3487,49.231438,21.182487,0.43026343,173.1888,45.164246,55.372524,73.777504,88.08079,134.6583,2.1407699584960938,49.231438,5.797287,116.841576,0.12423441,0.13739395,1.5639488,1.6063935,1.5639488,180.60782,114.14582,1.5822552
c7jvlcg1,68.334564,89.771,147.47243,186.6208,209.73555,253.6163,288.6466,34.288555,70.21015,18.750698,0.26706535,148.33429,66.79437,75.5065,94.92526,109.6815,132.67862,1.4055495262145996,70.21015,4.7373266,42.33544,57.735428,14.356256,0.24865592,85.81177,58.40493,69.740036,76.215164,78.34312,82.41995,-0.19286556541919708,57.735428,6.5992336,52.89908,111.262146,56.36309,0.5065792,288.6466,91.81467,149.55466,195.31491,220.37582,268.93924,0.9540145397186279,111.262146,16.325882,219.86488,87.04645,52.19619,0.5996361,288.28864,68.67105,102.5301,162.69559,204.91232,264.09937,1.6999866962432861,87.04645,11.770933,188.26654,0.097500235,0.12211119,0.6310336,0.6632715,0.6310336,127.94558,198.3086,0.6451842
j5ewfwbe,53.4093,75.73439,146.40576,213.65547,246.05429,301.50613,367.94125,38.307785,98.11772,56.923847,0.58015865,323.8885,73.894554,107.79051,192.99911,236.93803,281.17975,1.776302456855774,98.11772,19.505527,263.3262,77.79852,59.17468,0.76061445,345.5549,55.40378,84.65138,157.08592,214.95341,311.4235,2.2734575271606445,77.79852,17.799648,292.68106,56.907528,38.121094,0.6698779,320.97186,48.033432,55.587307,74.57772,125.2645,246.69159,3.926692485809326,56.907528,8.93122,278.27667,57.222424,63.411304,1.1081548,367.94125,33.597153,48.60015,125.71497,209.8613,333.28513,2.8800048828125,57.222424,16.98807,337.0565,0.11550496,0.0027590971,1.7241607,1.3595811,1.3595811,175.91624,114.12995,1.5413679
by4ubzcz,40.6187,56.02833,99.631454,138.71889,161.75862,192.66779,225.8728,25.664867,63.163948,35.010452,0.554279,212.46996,51.413246,66.18695,114.17548,147.9958,187.42368,2.076421022415161,63.163948,11.041403,171.89844,47.67478,34.883606,0.73169935,217.39891,34.516926,49.107872,87.68462,127.01138,192.47372,2.5378122329711914,47.67478,10.422355,164.2632,54.026035,33.820232,0.6259988,217.15906,42.486412,56.720924,95.36155,135.82439,190.46548,2.4020230770111084,54.026035,7.675471,164.20435,43.615303,36.96048,0.84742,225.8728,29.564056,42.63242,87.007645,134.91249,201.1874,2.705378293991089,43.615303,8.9878645,178.29138,0.13974507,0.106622174,1.169139,1.0930747,1.0930747,110.83873,97.64134,1.1351619
jjy4mzvm,122.0409,184.46428,256.3104,291.6122,314.27957,343.93457,380.98447,95.55474,119.51303,51.260494,0.42891133,290.98013,102.1888,143.62094,199.24522,227.82793,268.28033,1.1986346244812012,119.51303,11.980038,58.244118,107.01827,32.56974,0.30433813,216.23643,99.94294,124.328,155.3365,169.65681,201.30833,0.9387844204902649,107.01827,9.603857,77.058495,166.93443,82.068825,0.4916231,380.98447,147.75458,221.81128,292.59094,324.91095,370.54837,0.6515629887580872,166.93443,26.592966,86.79845,173.31372,75.2618,0.43425184,363.7888,159.76079,228.00446,286.58224,313.95398,343.48502,0.5320299863815308,173.31372,21.323109,166.8764,0.05515687,0.018748926,0.71592796,0.61748296,0.61748296,226.53131,340.24817,0.66578263
cpsiln3o,63.192078,92.64207,165.88197,220.32738,254.42203,325.59256,413.24826,41.205696,91.32345,43.535915,0.4767222,256.3569,73.38741,105.333405,156.84898,195.14125,238.18791,1.7263622283935547,91.32345,11.352885,172.09683,56.688744,8.175788,0.14422242,95.303764,55.36902,61.31888,67.10153,70.080894,82.81234,1.1135399341583252,56.688744,2.6136992,22.970383,134.01463,86.83414,0.64794517,413.24826,103.745415,184.16211,266.35458,313.95993,377.67828,1.1176135540008545,134.01463,20.904697,261.6571,58.543964,33.11314,0.5656115,240.15231,48.69571,64.57741,95.07287,133.09952,205.29158,2.466783285140991,58.543964,7.098527,141.237,0.233999,0.39193615,0.68144387,0.96831065,0.68144387,148.01219,192.5586,0.76866055
x5fl2mox,70.68453,113.72025,206.01102,260.28903,290.28915,343.7541,401.9125,64.41318,99.45618,54.36745,0.5466473,293.204,80.49594,121.85368,182.3782,218.7511,265.14795,1.3651474714279175,99.45618,14.401312,143.9945,55.530148,21.600964,0.38899526,126.65886,54.340824,73.02409,83.08636,86.73904,103.71668,0.17592807114124298,55.530148,8.23096,64.65284,156.4814,96.6395,0.6175782,401.9125,129.53143,232.926,301.731,340.79926,383.57126,0.6365466117858887,156.4814,28.404593,184.61905,69.659134,45.448105,0.65243566,284.6674,54.04674,84.27835,131.08484,168.54616,238.2407,1.8311923742294312,69.659134,11.042746,57.448914,0.28341874,0.38393056,0.6355783,0.7971696,0.6355783,154.98633,226.14053,0.68535405
q9wfb76a,47.516808,77.79116,142.48941,194.12668,224.95126,267.87357,312.85535,41.775833,76.48764,52.359142,0.68454385,266.93674,54.37669,98.44052,161.07806,195.3164,245.02914,1.4994957447052002,76.48764,11.060353,207.68384,45.739258,16.238674,0.35502705,145.40651,40.772446,50.48917,64.14974,75.68867,111.20745,2.499760866165161,45.739258,3.8868306,103.37375,95.366455,76.3352,0.8004407,312.85535,65.051,137.32129,225.58932,261.20526,299.10718,1.0734107494354248,95.366455,19.119242,182.02286,54.502174,30.65918,0.5625313,223.28482,45.28176,67.197754,90.09823,116.19441,167.4981,1.9128786325454712,54.502174,7.517534,119.02506,0.25156805,0.27266735,0.80203927,0.839219,0.80203927,122.2269,149.86862,0.8155603
v3s2sumh,62.100304,99.98575,199.7278,275.76312,319.0907,363.68613,420.43524,48.719143,100.96741,72.81425,0.72116584,384.75443,64.02936,115.74688,216.70355,276.77032,349.28464,1.8839551210403442,100.96741,18.959202,296.48752,73.398964,47.63768,0.6490239,334.14017,56.10968,75.586006,129.96613,187.02536,265.2245,2.7512423992156982,73.398964,9.681596,200.55511,103.31613,87.31941,0.8451673,420.43524,65.39773,109.35666,251.04974,328.43387,394.46198,1.9601553678512573,103.31613,21.960726,315.85873,89.86307,75.45991,0.839721,406.09518,57.773438,99.27075,199.11887,269.58438,359.51736,2.0651111602783203,89.86307,17.692526,304.47778,0.15810643,0.06964033,0.9772666,0.81678677,0.81678677,174.36636,193.1792,0.9026146
3b0n9cc7,31.930824,40.767284,66.85941,98.512955,126.30076,173.50761,220.40016,15.7802105,47.13877,32.13043,0.6816136,213.20644,36.40348,45.549774,86.56739,123.45443,184.74568,2.774054765701294,47.13877,10.579058,176.73584,53.561024,43.01635,0.8031278,220.40016,33.5042,64.42725,120.387924,150.58301,199.19151,1.7630879878997803,53.561024,18.33012,189.10188,34.974358,10.206028,0.2918146,88.692696,33.471798,39.133446,43.99105,56.25556,71.17574,1.6262487173080444,34.974358,3.701371,45.046474,27.243658,15.492572,0.5686671,122.129555,23.74023,30.845737,42.778538,58.902576,92.37839,2.464383125305176,27.243658,5.4002066,101.69377,0.063776225,0.12425178,1.3478094,1.9659997,1.3478094,100.6998,62.218018,1.618499
isutp04s,70.14732,111.69553,181.78351,224.71329,240.07762,264.03986,287.099,55.86706,109.19898,58.13939,0.53241694,278.37012,88.0534,138.87784,205.98013,235.44638,264.21252,1.1186902523040771,109.19898,19.09844,153.84464,75.31208,29.0097,0.3851932,213.29733,65.37007,84.35344,112.19627,138.20995,179.83357,1.8258110284805298,75.31208,7.2940125,83.75108,103.441345,63.907616,0.617815,287.099,71.59929,136.6062,213.29834,244.54321,272.7644,1.2054661512374878,103.441345,18.23861,165.54231,80.53199,51.83777,0.64369166,279.8445,58.463882,93.497894,162.95221,204.24538,252.85495,1.7463781833648682,80.53199,11.770269,148.91713,0.18365784,0.12452541,1.0556608,0.93518215,0.93518215,184.51106,183.97333,1.0029229
brspj4ki,37.905373,49.83398,59.849045,79.12499,96.31486,131.82904,181.0759,19.04232,44.476093,11.144865,0.25058103,111.72726,42.42192,51.31429,57.14818,61.086514,80.538124,1.4074207544326782,44.476093,4.4950347,65.561844,42.655304,11.061676,0.25932708,83.53672,42.397373,51.83526,56.804653,58.729027,66.68693,0.26466795802116394,42.655304,4.126928,29.20389,48.235252,29.789356,0.61758476,181.0759,36.135113,51.380013,88.76786,119.306526,164.32208,2.247476100921631,48.235252,10.0904875,154.07314,36.241024,21.13041,0.5830522,150.2896,30.798,40.723568,62.518112,80.17239,119.30342,2.125941753387451,36.241024,5.6941385,124.995895,0.020897053,0.1419834,0.92206615,1.1769894,0.92206615,87.13139,84.47627,1.0314304
i1nq0ei0,30.635365,37.094368,44.334484,50.924313,58.651535,81.43702,118.51997,11.4351425,31.072353,8.615508,0.27727246,75.555214,28.249958,33.392117,43.988377,50.10628,60.33266,1.7858141660690308,31.072353,2.5044532,43.409897,43.05298,17.148096,0.3983022,118.51997,36.0161,46.584137,66.77295,82.50526,101.99418,1.9522403478622437,43.05298,8.261914,92.03417,30.009394,7.9148526,0.26374584,53.891323,29.767105,35.331917,41.472485,43.671543,48.856697,0.27885496616363525,30.009394,2.6558387,33.82364,30.11014,8.368328,0.2779239,54.308857,29.15142,36.830406,41.402184,43.500828,48.59137,0.18989072740077972,30.11014,3.3689463,33.900166,0.16162659,0.0016757641,1.0354209,1.4298499,1.0354209,74.125336,60.119534,1.232966
5nms6xvq,84.668144,120.02436,186.11508,228.34114,255.1617,287.36588,333.09845,49.210495,92.80414,26.840897,0.2892209,201.51407,85.37659,102.2572,131.08531,152.91481,183.1465,1.486128568649292,92.80414,7.010799,55.825104,122.55646,60.203423,0.4912301,276.8049,99.001175,165.98813,219.21684,241.8867,265.4174,0.7807864546775818,122.55646,22.693163,192.84984,80.8606,22.483107,0.2780477,182.69998,77.301094,88.393585,108.448814,125.86912,156.9516,1.3326274156570435,80.8606,5.8178005,65.936806,122.371445,72.26298,0.5905216,333.09845,90.99382,167.90077,242.93832,276.0333,307.4932,1.0171900987625122,122.371445,24.881517,279.15094,0.13815117,0.20425342,1.1477052,1.0015119,1.0015119,215.3606,203.23206,1.0596783
pu3et1ov,58.00585,83.22562,115.617905,136.26405,149.16756,170.98535,200.422,41.049877,73.64894,28.002235,0.38021234,158.28398,68.9721,91.20313,114.830154,131.15685,148.87373,0.7300364375114441,73.64894,8.568894,37.64436,45.67742,16.303661,0.35693043,118.26481,42.98655,52.117077,65.565254,77.19931,100.73232,1.3603618144989014,45.67742,5.1525345,36.61399,76.344246,35.005466,0.45852134,184.25124,70.15297,95.50125,130.7878,149.19637,167.09108,0.871917188167572,76.344246,9.719978,42.894077,66.268105,38.789345,0.5853396,200.422,53.33451,83.19258,126.41585,150.17874,182.92044,1.3018690347671509,66.268105,9.662132,49.644638,0.2344119,0.07065406,0.9646954,0.6892822,0.6892822,119.32636,142.61235,0.8367183
ejklcp9u,54.633247,80.9204,125.160995,148.14838,159.93884,175.9675,196.6619,40.978188,74.55683,26.95358,0.36151725,186.05002,68.16629,83.17905,114.95994,134.14659,166.68279,1.5479779243469238,74.55683,6.628233,74.01898,79.52468,43.57423,0.5479334,186.7196,66.146065,115.51616,146.63635,160.95137,173.19838,0.5763897895812988,79.52468,15.58187,102.72557,46.649963,17.981022,0.38544556,119.48316,43.178356,53.162872,71.15576,85.992386,109.029335,1.3666726350784302,46.649963,4.2175612,55.59802,66.758064,43.464214,0.6510706,196.6619,44.344627,91.06748,140.51453,161.99185,184.36375,1.2450693845748901,66.758064,12.702165,128.81323,0.0322417,0.17730756,1.5982184,1.1912371,1.1912371,154.08151,113.40803,1.3586473
w165aejt,28.219341,34.34883,46.535248,54.60647,59.26235,74.05022,118.60877,12.090378,36.739895,14.484904,0.39425546,118.60877,32.905605,41.76144,53.999985,61.8809,92.96749,2.1370561122894287,36.739895,5.688612,92.32527,30.70976,13.477858,0.43887863,92.8261,26.960571,35.980145,49.35209,57.075306,75.423775,1.4971474409103394,30.70976,5.6614385,74.74389,28.554173,7.5566974,0.26464424,61.013763,27.561695,32.07527,36.316914,43.23581,55.278435,1.2802079916000366,28.554173,2.3700922,38.72899,26.07985,10.405999,0.39900535,63.910297,23.039125,31.416475,39.775455,49.872852,59.1199,1.3727319240570068,26.07985,3.442512,46.97854,0.089402005,0.045289055,1.2866734,1.1775283,1.1775283,67.44965,54.63402,1.2345724
70ebpy9e,45.956547,61.621326,72.9152,82.432205,87.93039,97.55491,135.1502,26.548977,55.058315,11.871232,0.21561198,89.48359,56.346527,64.030136,68.8991,72.493256,83.71287,0.04770562797784805,55.058315,4.621823,52.259407,57.066414,16.836054,0.29502562,95.33637,54.60863,69.493324,82.33936,87.63136,93.21316,0.4378543496131897,57.066414,6.730369,59.359123,52.052773,18.799171,0.36115602,135.1502,47.401093,59.553425,78.677444,90.62111,114.60885,1.350291132926941,52.052773,7.4379787,114.013626,36.8416,17.096336,0.4640498,127.7015,31.297697,40.480576,60.92364,74.26821,97.76465,1.952832579612732,36.8416,6.797768,110.18881,0.017909508,0.17111516,1.0577403,1.5489669,1.0577403,112.124725,88.89437,1.2613254
576mouze,85.7845,96.11862,106.39361,115.97332,124.41444,143.1256,226.6468,21.597198,85.94375,13.20278,0.15362118,114.39232,87.50676,95.17613,102.539276,105.746765,110.052155,-0.4314204156398773,85.94375,4.391139,41.696983,88.93747,12.334404,0.13868625,122.48694,90.752045,96.899994,103.765656,108.649734,118.49363,-0.040550779551267624,88.93747,4.554293,51.058784,81.017166,12.999881,0.16045836,122.52649,80.109825,88.52078,97.948616,103.97208,116.96482,0.39860770106315613,81.017166,5.0175066,48.10009,90.93986,25.294277,0.27814293,226.6468,87.47063,103.78676,124.34967,135.77058,176.49327,1.200768232345581,90.93986,9.22667,101.53211,0.017118596,0.057704482,1.0608091,0.9779812,0.9779812,174.88123,171.95703,1.0170053
66vw9b0m,50.76767,75.48371,146.37694,197.79216,223.06793,255.42871,276.8682,36.535316,85.03374,55.57431,0.653556,274.86102,63.640717,98.48618,176.42677,218.38336,258.71463,1.615065336227417,85.03374,15.828424,224.26309,58.50581,31.450645,0.53756446,213.34474,47.94969,69.48634,94.67979,123.94606,175.68863,2.0885117053985596,58.50581,8.641825,117.8369,78.126114,60.27006,0.7714458,276.8682,50.463406,83.08426,183.61339,235.12785,267.42563,1.8377741575241089,78.126114,15.22908,229.68121,59.299793,45.17602,0.76182425,255.5928,41.42365,59.192978,121.31468,168.05669,227.774,2.2425103187561035,59.299793,10.269132,177.42206,0.18481266,0.13699251,1.0884163,0.9866107,0.9866107,143.53955,137.4259,1.0444869
qoq4kreg,134.88028,180.24332,260.52682,309.3677,332.75323,369.43173,406.7726,89.933136,155.30089,65.49795,0.4217487,351.53088,148.09691,184.84288,252.96184,289.60593,337.44772,0.7640972137451172,155.30089,18.302454,225.00465,133.99634,44.349133,0.33097273,273.79703,135.99545,155.93045,186.05919,216.89452,269.02267,0.3124072551727295,133.99634,14.777459,188.30537,163.27681,105.55026,0.6464498,406.7726,129.01836,245.70825,336.34778,363.3986,389.6712,0.698974609375,163.27681,25.455973,270.56174,135.90305,64.90413,0.4775767,365.91812,119.81801,172.61803,230.51224,269.87433,319.18475,0.9522039890289307,135.90305,18.253128,207.10597,0.073642425,0.091496006,0.9511509,0.9859701,0.9511509,289.29724,299.17987,0.9669676
167d6vnx,30.814922,39.61444,52.864845,67.627686,83.53685,131.69957,214.73271,16.082844,46.6238,31.919985,0.6846286,214.73271,36.233124,52.967056,83.083374,118.055695,176.3401,2.3856394290924072,46.6238,10.740681,190.16635,30.1975,11.826206,0.39162865,69.78074,26.989313,36.461937,47.234867,54.280117,65.03028,1.0095182657241821,30.1975,4.233899,54.62333,34.045574,13.824241,0.40605104,131.45055,32.470776,39.863018,46.864067,54.60326,88.21654,2.3058993816375732,34.045574,4.711984,106.279305,27.989107,10.590538,0.37838072,64.3038,28.69011,34.70855,40.856213,45.416817,55.500484,0.28331825137138367,27.989107,4.0163674,50.70063,0.2138248,0.09763034,1.3694526,1.0789019,1.0789019,76.8213,62.034683,1.2383604
npsv8dkm,82.25018,123.08119,210.29147,259.21918,280.65472,307.57898,343.68225,55.64267,94.02496,40.239067,0.42796153,271.4779,78.57048,103.28282,152.45872,180.849,233.01857,1.754486322402954,94.02496,10.218312,165.01767,79.72421,17.041142,0.21375114,140.22473,78.90311,91.57431,100.65495,105.24485,125.18676,0.3749535083770752,79.72421,6.1528745,61.828136,129.61093,74.649765,0.5759527,307.72574,89.138245,189.84717,255.75781,277.11163,298.22934,0.9122260808944702,129.61093,23.949945,201.9605,120.38181,78.24147,0.6499443,343.68225,89.64573,160.9324,253.48122,293.66928,330.65182,1.1387943029403687,120.38181,24.340267,304.16718,0.08230687,0.036917545,0.7254401,0.66226125,0.66226125,173.74918,249.99274,0.6950169
u6u4pllg,112.343994,168.29845,273.5693,335.8616,376.16632,428.9084,484.87546,82.30391,160.0851,68.15374,0.42573443,380.07333,138.2204,200.03616,268.8572,299.04584,350.4916,1.0372401475906372,160.0851,14.310588,200.4419,92.529465,18.025232,0.19480532,156.60292,93.291626,103.67037,113.76999,120.105965,134.25945,-0.08777652680873871,92.529465,6.6858616,42.380447,203.70708,123.02161,0.60391426,484.87546,178.70502,301.46823,388.3017,423.22934,461.9488,0.45863914489746094,203.70708,35.301895,283.4869,106.61392,48.967373,0.45929623,309.27316,100.021935,131.24431,170.48976,196.66093,263.4444,0.998721718788147,106.61392,16.586449,212.84492,0.26742572,0.31287977,0.7858593,0.86789286,0.7858593,252.61456,310.32098,0.8140428
f309hsuw,110.45151,180.34647,260.30542,307.91873,339.90918,382.53998,428.4426,100.051025,152.84924,76.68159,0.50168115,375.92313,130.72546,207.5415,264.42142,300.19162,347.70032,0.7339106798171997,152.84924,23.303183,175.21817,109.21074,46.325527,0.4241847,307.92154,96.53914,120.22734,176.79689,206.34402,273.49353,1.7270299196243286,109.21074,10.522445,140.09435,151.3305,95.12962,0.6286216,428.4426,116.04641,202.23257,305.01324,357.381,407.60602,1.1124240159988403,151.3305,21.7656,158.23111,135.89075,80.429344,0.5918677,410.45752,111.45963,167.58496,263.0033,312.88834,378.1617,1.319150447845459,135.89075,17.526812,164.70184,0.16652104,0.053755626,1.0100359,0.80366576,0.80366576,262.06,287.22125,0.9123977
dkejp5k7,92.19167,143.19238,209.20479,235.28732,245.89532,256.6097,280.9123,77.53871,141.81738,58.679184,0.41376582,262.35342,130.13464,192.36612,234.69254,245.41776,253.34323,0.4551210403442383,141.81738,17.315968,164.93561,100.4689,45.73606,0.45522603,257.2898,90.59646,121.73863,167.03366,201.39745,234.97379,1.144253134727478,100.4689,13.394152,165.38669,111.02721,56.22417,0.5063999,274.88602,91.2748,137.4542,204.76447,233.21126,260.89713,1.1081076860427856,111.02721,14.107492,156.32895,88.93979,56.314617,0.63317686,280.9123,65.46993,110.11608,179.2537,219.03096,266.0907,1.483107328414917,88.93979,13.876877,163.22021,0.1706596,0.11045532,1.277321,1.1296283,1.1296283,242.28629,199.967,1.2116314
917xfh41,115.9365,187.35004,266.306,312.02988,341.28577,384.6555,434.46033,102.70522,186.46384,81.95826,0.4395397,411.9501,179.39923,246.06628,303.2527,332.86984,371.7145,0.3877688944339752,186.46384,26.051447,158.02222,160.58928,76.84558,0.47852248,430.5444,137.2177,192.99777,276.67596,325.68033,399.1513,1.264758825302124,160.58928,21.876305,100.56068,118.60716,58.386494,0.49226785,399.67828,93.0669,133.47652,197.7953,247.5384,342.3326,2.091787815093994,118.60716,10.045095,74.167244,120.714554,73.34178,0.60756373,434.46033,94.65042,130.35832,226.74704,293.31384,397.6098,2.077535390853882,120.714554,15.342052,78.43805,0.07455504,0.008805684,1.5721128,1.3303224,1.3303224,347.0531,239.32172,1.450153
a68t2a3a,33.226746,40.71699,48.012093,54.069233,58.528008,75.17494,104.91091,14.777245,34.20719,12.304273,0.3596984,85.95209,33.067158,42.19001,50.979317,55.51089,67.71845,0.6943113803863525,34.20719,5.5697165,66.7812,41.639656,13.820739,0.3319129,104.91091,38.37226,45.291893,58.18674,71.44337,94.1464,1.9172989130020142,41.639656,6.507736,82.88878,34.07453,8.657514,0.2540758,61.33994,33.035995,39.458843,46.548985,49.64879,57.052814,0.5421984195709229,34.07453,3.58127,28.585388,29.902153,10.126097,0.33864105,83.20379,28.895184,36.606945,43.178307,46.12006,57.763218,0.7437127828598022,29.902153,3.0247085,48.326527,0.09799306,0.065217175,1.0038933,1.3925303,1.0038933,75.84685,63.976685,1.1855389
h7u0s3kd,52.05912,64.58905,87.436485,122.120735,145.0034,188.32652,221.4774,24.724682,51.748028,15.41541,0.29789367,109.90043,51.040817,59.43225,73.3519,81.7211,97.97584,0.8410186171531677,51.748028,4.5928903,87.162224,44.322807,11.889205,0.26824126,96.5244,42.476864,51.469494,59.30443,67.94526,77.40005,0.9580206274986267,44.322807,3.236035,36.229977,75.71907,36.847404,0.4866331,221.4774,62.75438,78.01774,129.02469,169.2393,211.55101,2.145211935043335,75.71907,11.4723425,156.2951,58.347794,34.687172,0.5944899,206.16437,47.968056,66.38959,108.743324,137.56763,181.84088,1.8171755075454712,58.347794,9.399687,142.96475,0.07728902,0.12957174,0.6834213,0.7596313,0.6834213,96.07083,134.06686,0.7165889
z4ppj590,101.04669,146.94847,231.62613,293.5254,335.78918,385.5832,433.43994,63.46923,121.54964,44.67912,0.36757922,329.0655,110.34897,139.87479,177.52649,218.60396,283.6472,1.6528058052062988,121.54964,10.737291,152.94727,116.21545,58.649452,0.50466144,341.89087,101.17649,134.79655,202.18607,248.35025,312.572,1.5187546014785767,116.21545,14.907324,227.87735,117.35881,63.841213,0.54398316,373.90976,91.16109,122.57252,216.371,280.3435,344.4771,1.998400092124939,117.35881,12.859396,205.70502,151.80269,96.44916,0.6353587,433.43994,106.67131,197.2175,318.61655,366.33682,411.3984,1.2593090534210205,151.80269,26.280485,359.2305,0.02243471,0.12796733,1.0357095,0.7655691,0.7655691,237.76508,269.1615,0.8833547
emc20lsj,116.51669,181.82706,279.46017,341.6525,379.08887,430.27936,468.4591,89.47888,175.00256,95.64701,0.54654634,468.4591,146.4367,227.59917,321.8288,378.91232,441.84946,1.038289189338684,175.00256,28.23703,345.07306,100.27028,26.799313,0.26727074,207.27284,100.798416,112.90475,135.69695,147.25761,177.55736,0.5764937400817871,100.27028,9.86761,61.885494,190.86392,103.31828,0.5413191,464.3309,155.96855,261.51733,354.3869,400.3595,443.623,0.8277974128723145,190.86392,29.470266,176.06534,127.17989,53.00712,0.41678852,352.4999,107.6516,154.42998,201.7576,237.55974,306.65396,1.4131852388381958,127.17989,12.838596,171.41861,0.27148443,0.20023665,0.91689706,0.788413,0.788413,275.27283,318.04382,0.86551857
ws1zl7p7,80.14981,118.63274,189.98642,236.28604,258.18607,297.78925,382.15118,53.506714,93.125824,44.06131,0.4731374,259.64218,80.79582,113.81186,158.14706,186.5429,233.91687,1.3244518041610718,93.125824,11.702467,133.6245,93.08516,37.119766,0.39877212,244.1501,83.00063,104.48603,145.73888,175.81836,215.54083,1.5144997835159302,93.08516,9.983108,159.09216,101.140495,53.75548,0.5314932,279.2214,76.18665,115.10208,196.45753,228.72902,263.2729,1.5866763591766357,101.140495,12.904725,176.09622,116.080215,77.74359,0.66974026,382.15118,78.8065,153.65135,248.6059,282.7765,333.58405,1.276538372039795,116.080215,26.368053,325.3305,0.00021837956,0.06877669,0.92075706,0.8019037,0.8019037,186.21098,217.2207,0.85724324
2l4x5bwa,44.505497,54.905235,85.1776,117.95955,139.71303,171.25807,213.00238,19.733376,58.43102,28.752426,0.4920747,199.77739,50.0101,60.666306,93.38995,126.823494,172.08429,2.298112154006958,58.43102,9.242598,154.91736,65.54858,41.723053,0.6365211,213.00238,46.36964,73.035835,137.49388,165.44565,196.93614,1.7131351232528687,65.54858,14.770258,166.1836,44.47625,12.684506,0.2851973,111.079346,44.11925,50.957718,57.229477,62.05422,91.46682,1.3795799016952515,44.47625,3.099709,56.482014,42.791836,24.52746,0.57318085,157.56715,34.48783,48.76571,74.74283,99.28385,133.80272,2.063288688659668,42.791836,6.6951194,126.3735,0.057409104,0.019301603,1.3137578,1.531801,1.3137578,123.9796,87.26808,1.4206752
en7yjf30,50.450348,66.01377,81.122795,112.48136,140.94,200.98463,325.48407,30.743057,81.12683,47.963783,0.5912197,325.48407,67.51587,87.22279,147.68056,191.09604,267.59805,2.173084020614624,81.12683,17.10109,287.97147,53.03557,23.666338,0.4462352,146.82535,47.429337,63.07569,84.43402,104.04559,133.04242,1.3609158992767334,53.03557,8.433901,102.1993,48.970673,18.244408,0.37255782,87.30946,48.61001,63.67608,74.96659,77.62535,82.1355,0.06581851094961166,48.970673,6.301786,58.860466,39.856583,15.294159,0.38372982,74.04508,39.62951,51.716633,60.60357,65.55045,71.55749,0.18628442287445068,39.856583,6.00152,52.381844,0.20938253,0.10260466,1.6566411,1.3306602,1.3306602,134.1624,88.827255,1.5103743
kh5840ac,37.67237,46.222095,59.640553,74.10798,85.82418,103.66305,117.07946,15.241819,54.37186,20.442402,0.37597394,117.07946,46.646515,64.35103,86.83858,97.97134,112.30604,1.168548822402954,54.37186,6.5619593,74.26917,38.892426,12.963274,0.33331102,84.43364,36.564175,45.010098,57.38662,65.48908,78.31186,0.9602461457252502,38.892426,4.3681407,34.177853,37.082054,10.174285,0.2743722,65.97757,35.412613,43.57428,52.34549,55.244183,60.72203,0.29118695855140686,37.082054,3.7723312,32.538166,32.689896,8.93381,0.27328965,60.83968,32.53997,39.4121,43.938744,46.79458,53.289658,0.0915222316980362,32.689896,3.5749097,26.224264,0.16597389,0.0629502,1.466258,1.1897384,1.1897384,93.26428,69.77195,1.3367016
uhgpjnvw,99.22218,168.95215,270.32776,347.4783,392.54327,471.73834,554.52527,94.64943,103.88809,38.849564,0.37395588,239.67227,95.98443,122.060074,162.70992,182.996,226.21085,1.1520090103149414,103.88809,7.30981,35.988617,228.68536,84.95396,0.3714884,509.32635,212.6397,275.07217,347.32852,390.98233,468.5543,0.8338239192962646,228.68536,30.045713,185.26747,71.38456,19.888319,0.27860814,161.03061,71.24246,84.718704,94.51531,99.60139,126.74425,0.5977317094802856,71.38456,4.8965006,45.064045,160.5239,116.37019,0.72494,554.52527,107.941666,200.97913,349.51953,435.05057,515.22266,1.5131453275680542,160.5239,24.328938,178.27936,0.37524724,0.38437295,1.45533,1.4246188,1.4246188,332.57346,231.90845,1.4340721
rxgkikr2,34.021065,44.43134,58.01882,77.40303,91.6095,117.330444,146.60747,18.423103,45.53018,19.217236,0.42207685,132.96352,39.92447,49.240486,72.53157,89.83368,114.54289,1.8725459575653076,45.53018,6.9743166,112.547485,39.88283,14.614086,0.36642548,116.77099,36.922596,48.76391,56.163704,63.868153,90.10988,1.3626962900161743,39.88283,4.8408175,66.854385,41.819237,19.98137,0.47780335,146.60747,36.113457,44.86068,56.59476,82.679886,135.76501,2.912214756011963,41.819237,6.050258,114.606804,27.388363,17.919733,0.65428275,139.89323,22.390528,29.432697,41.035873,59.84299,111.35103,3.266805648803711,27.388363,5.171621,108.215775,0.06611815,0.20851575,1.0887377,1.4561963,1.0887377,85.41301,69.207596,1.2341566
omrde51k,68.87692,99.40048,145.83736,174.11108,190.45663,215.48775,238.41507,50.35166,78.79414,34.154453,0.43346435,190.69537,72.40114,97.49577,128.94765,147.0063,173.21475,0.847916305065155,78.79414,9.836322,81.67642,44.59774,10.862686,0.24357033,71.3952,44.43844,52.373993,59.374016,62.652397,69.38112,0.17646172642707825,44.59774,4.8468957,39.93215,121.598206,52.911926,0.4351374,238.41507,117.62225,161.70694,196.03319,212.27577,228.54863,0.1544826477766037,121.598206,16.990973,109.37758,72.12855,26.069902,0.36143667,177.4535,68.570915,83.11715,106.46966,126.12822,158.46713,1.1769062280654907,72.12855,7.50876,55.96353,0.27713656,0.25535792,0.6479877,0.61830914,0.61830914,123.391884,193.72675,0.6369378
8lxeqlez,56.924545,79.83309,147.2372,189.9666,211.83928,239.65509,269.6155,34.999302,87.22086,50.00968,0.5733684,251.50041,64.95145,100.72891,172.62224,207.37524,241.9486,1.622754693031311,87.22086,16.316452,205.8193,54.901573,27.864178,0.5075297,212.80617,48.5919,62.337536,86.77773,114.04873,165.09465,2.12807297706604,54.901573,9.584636,129.96136,78.76862,48.79304,0.6194477,269.6155,60.902046,81.41766,153.45673,197.61572,252.03566,1.9771537780761719,78.76862,14.034758,207.80884,69.82118,49.46147,0.7084021,261.94003,47.40648,78.25869,150.32027,190.06699,233.10727,1.842092514038086,69.82118,14.107145,195.51532,0.22740456,0.06021571,1.1073047,0.7863169,0.7863169,142.12244,148.58981,0.95647496
z1r2roik,73.11296,99.62437,160.62921,209.61086,237.11559,279.98755,321.3644,40.396267,98.11656,39.34703,0.40102333,283.66504,89.31023,105.57974,149.36304,185.54236,238.09297,1.8150144815444946,98.11656,9.870531,123.6157,91.94282,44.74017,0.48660865,286.3744,80.66088,100.35171,152.34235,194.7084,250.44742,1.8669195175170898,91.94282,13.088022,185.87865,79.914246,45.617847,0.570835,295.38074,64.06046,73.951294,143.68309,193.37004,256.1601,2.5209572315216064,79.914246,10.385594,136.57793,90.85408,63.305347,0.69678044,321.3644,65.33771,102.26583,189.70709,243.62225,302.94318,1.8179023265838623,90.85408,16.795982,228.04843,0.03248324,0.06406243,1.2277731,1.0119834,1.0119834,190.05939,170.76833,1.1129663
s62c1jlo,48.73829,67.92025,97.006905,119.38646,135.30878,166.65819,204.60114,31.22879,73.495834,26.396011,0.35914975,187.4657,67.20442,82.189674,114.67664,123.22619,156.7836,1.40848970413208,73.495834,9.109943,135.45312,58.93667,26.149874,0.44369447,174.39429,52.48865,70.05071,94.4592,111.42801,145.84009,1.5055952072143555,58.93667,8.05088,103.57294,53.57178,30.284018,0.56529796,204.60114,44.020283,54.927505,82.39908,125.116806,189.20522,2.8426828384399414,53.57178,7.6490836,159.97481,43.163906,27.141375,0.62879795,187.88629,35.385056,47.585022,72.32393,100.04786,154.73846,2.453146457672119,43.163906,6.36956,143.43195,0.109936506,0.107590854,1.3719132,1.3654156,1.3654156,132.4325,96.73569,1.3690138
po6j0m3l,42.621964,52.32497,65.29787,77.18959,85.06659,103.423706,127.11162,19.270847,42.643574,11.679301,0.27388185,81.367744,42.995308,50.402275,56.37543,62.23549,73.334274,0.2230207920074463,42.643574,3.7622354,54.495735,58.004295,22.61906,0.38995492,127.11162,55.865444,71.04082,87.37174,101.26983,119.594345,0.6515898704528809,58.004295,9.57952,102.26701,39.22254,9.580603,0.24426267,65.83222,38.042027,46.09758,52.525337,55.710213,62.619904,0.34155043959617615,39.22254,3.435055,25.086025,43.15526,16.702925,0.38704264,116.56208,40.767067,50.826412,64.800095,74.60335,100.02759,1.1541365385055542,43.15526,6.6567283,91.252625,0.15261844,0.04774,1.087221,1.344084,1.087221,100.64787,82.3778,1.221784
oufhw8wl,111.00226,141.45787,187.9474,214.39641,229.23543,251.77412,272.77585,47.156075,105.25453,24.713045,0.23479317,187.46045,104.637344,116.08846,136.98224,153.30354,175.35918,0.5411500930786133,105.25453,7.087612,48.55757,106.876076,24.618706,0.23034814,181.51111,103.05288,120.60226,141.08534,153.61652,170.59377,0.5448140501976013,106.876076,9.785102,40.18317,136.3534,40.52667,0.2972179,261.16446,122.78339,161.36237,197.16515,216.45259,248.5757,0.9257890582084656,136.3534,11.559577,128.28955,135.11119,58.3057,0.43153864,272.77585,123.44024,180.23122,221.56117,241.95877,265.08774,0.44955527782440186,135.11119,18.046276,164.41753,0.0076440824,0.004575929,0.77192456,0.79102314,0.77192456,212.13062,271.4646,0.7814301
va02dz61,41.975105,51.940247,65.34017,79.55516,91.42677,117.14396,149.56091,18.677162,43.9523,9.670772,0.22002879,70.67412,42.977463,51.72786,57.079136,59.86679,65.81131,0.23233501613140106,43.9523,3.51677,30.19061,42.07676,7.477976,0.17772225,55.231583,43.005573,48.19156,51.548264,53.241222,54.44477,-0.24243506789207458,42.07676,2.296986,23.692247,50.75924,25.051405,0.49353388,149.56091,42.10967,60.12546,86.04733,106.65018,136.28276,1.6197360754013062,50.75924,8.845783,121.68283,44.615017,20.400255,0.45725086,138.6535,38.560623,54.990437,72.24595,84.62536,114.36663,1.4034607410430908,44.615017,7.3233643,113.60983,0.021801258,0.064422235,0.86589754,0.94310755,0.86589754,86.02906,95.37425,0.90201557
txsnhft4,66.71838,98.13726,143.77135,163.7705,174.454,192.13771,210.54337,44.008076,120.709816,42.45943,0.35174796,210.54337,123.52147,154.1147,175.70416,188.89087,202.92377,-0.0757179707288742,120.709816,13.952528,69.49013,55.372093,28.932085,0.522503,142.41524,49.261105,78.12616,96.25317,108.91137,131.71541,0.6735272407531738,55.372093,10.015242,69.457245,75.7021,28.347416,0.3744601,177.21405,65.42191,85.731285,119.629944,140.49478,163.4563,1.4044941663742065,75.7021,6.2089725,83.56763,60.04525,16.674614,0.2777008,128.97813,60.36538,68.92614,79.66456,88.45904,104.4101,0.2236425280570984,60.04525,6.224523,90.31757,0.37106436,0.115338184,1.5945371,0.9221727,0.9221727,176.08191,135.74734,1.2971296
i26lh07b,57.078316,75.24542,91.69683,119.55694,141.90363,189.48465,273.08722,32.492218,82.342026,30.981964,0.37625945,273.08722,77.22619,85.314735,105.331375,143.7249,220.26456,3.015615940093994,82.342026,13.6067915,216.97496,71.12172,41.430576,0.58253056,272.74664,57.505756,77.2165,129.79492,168.8534,229.65898,2.035487413406372,71.12172,17.220358,224.12566,55.633015,14.115825,0.25373107,135.90839,53.065388,63.831604,75.26003,81.472244,91.222824,1.0515356063842773,55.633015,5.0075417,77.36537,46.06192,23.703299,0.5145964,167.39024,39.113625,54.897545,74.367096,94.47309,133.96155,1.8908166885375977,46.06192,7.2390122,126.18498,0.073113725,0.09411575,1.4800928,1.5440459,1.4800928,153.46375,101.69493,1.5090599
a7dorfki,55.672882,67.626564,99.92118,132.25517,158.5441,204.31432,274.73694,20.854721,65.03631,22.858358,0.35147074,189.07764,58.28,72.41177,96.784676,113.599236,144.71367,1.796331763267517,65.03631,7.317443,133.19348,53.050354,8.308028,0.15660647,76.15409,53.822895,58.519596,63.32075,66.77692,73.32419,0.04585680738091469,53.050354,4.237334,27.867908,90.30308,49.519577,0.54837084,274.73694,68.35518,114.51482,167.04535,193.85788,245.60779,1.350131630897522,90.30308,16.661102,209.24591,50.55604,15.400554,0.3046234,107.43812,49.198444,58.155144,70.982254,80.311165,94.33519,0.8111494183540344,50.55604,5.2646728,68.57796,0.10150134,0.2821758,0.72020036,1.0493376,0.72020036,118.08666,140.85912,0.8383317
1ije2xe0,38.73876,49.26113,61.52962,68.64907,73.9149,82.52205,101.755486,17.830635,39.68139,10.459206,0.26357964,79.812035,36.527412,44.657234,54.878525,61.57555,72.90044,1.2052507400512695,39.68139,2.8929775,34.014473,47.760082,14.314415,0.29971504,87.94533,45.312958,57.500896,67.85665,76.11028,84.286705,0.712687075138092,47.760082,4.514735,37.36443,38.042908,14.061042,0.36961007,101.755486,35.73642,46.778587,55.015404,64.66316,81.78419,0.9155625700950623,38.042908,4.5059404,32.821945,41.44001,16.438028,0.39667046,101.1596,40.863213,50.591732,64.77338,72.35988,84.342926,0.5050249099731445,41.44001,5.4662123,58.019005,0.092389725,0.042740032,1.0430692,1.1525114,1.0430692,87.44147,79.48292,1.100129
jdcz1oa3,101.96504,125.23901,193.28491,270.99084,323.19302,424.90265,544.5934,44.78827,96.97219,21.10763,0.21766683,151.91188,95.643585,113.50273,125.33318,131.79042,140.49074,0.09865771979093552,96.97219,5.32669,44.442993,84.41426,19.099752,0.22626215,147.66106,81.709366,97.64261,111.30238,118.13483,132.53943,0.5717771053314209,84.41426,5.03344,51.10003,126.68884,64.17428,0.5065504,382.11655,109.15704,146.04187,217.84833,271.50775,352.95148,1.6302704811096191,126.68884,17.551594,286.68124,156.4568,96.939415,0.6195922,544.5934,119.70805,179.58185,306.15796,391.43793,479.8716,1.7879637479782104,156.4568,27.245035,406.95538,0.069233015,0.105133034,0.76543593,0.5395372,0.5395372,181.38644,283.14563,0.6406118
vf02gvll,44.178123,59.893257,77.584145,90.65974,101.09134,115.95388,131.64017,24.906475,47.50649,13.704969,0.28848627,83.41911,44.898705,57.38471,67.42031,71.54719,80.22684,0.4496942162513733,47.50649,3.8729608,32.732597,42.36725,11.930007,0.2815856,68.56896,42.840244,51.48725,58.627285,61.686676,64.33209,-0.0524061881005764,42.36725,4.8400683,31.576218,61.729885,26.26144,0.42542505,131.64017,55.61689,80.21648,100.29694,112.62497,126.611946,0.6093307733535767,61.729885,8.016126,83.608215,45.439583,21.015432,0.46249175,120.501434,39.6578,55.459713,75.626816,89.77969,111.69929,1.2160530090332031,45.439583,5.388318,44.687187,0.057182893,0.15200508,0.76958656,0.9323864,0.76958656,89.87373,107.169464,0.8386133
sajhjxqk,35.040756,43.75934,52.382164,56.671753,59.09031,62.647964,74.803505,16.351254,41.91915,11.083362,0.26439852,74.803505,41.922333,50.569164,57.351444,60.072155,65.20401,0.17100365459918976,41.91915,4.0086045,35.063507,34.27103,10.198795,0.2975923,63.075764,34.338306,40.05267,49.182114,53.537964,59.90325,0.500315248966217,34.27103,2.9476712,26.198994,36.85734,12.121463,0.32887512,66.12828,36.413204,45.512688,54.17349,58.257317,63.24828,0.28925037384033203,36.85734,4.8456435,35.09545,32.365112,7.6941023,0.23772827,58.489105,31.466175,37.620586,42.63444,46.0814,53.623787,0.6877756714820862,32.365112,3.228859,30.526804,0.10038197,0.06489555,1.1373352,1.0588881,1.0588881,76.190186,69.22246,1.100657
d8ur6tia,57.910683,72.88537,96.3823,119.892365,134.59984,157.55359,181.0258,25.770523,47.963245,11.902814,0.24816531,69.978874,48.25283,56.66126,62.894012,66.25699,69.320786,-0.40693697333335876,47.963245,5.359272,42.014297,47.463802,11.310448,0.23829629,81.865524,47.12351,53.87257,63.44937,66.87747,74.1272,0.06326629221439362,47.463802,4.721824,45.195473,80.15671,30.47896,0.38024217,181.0258,70.369576,91.92124,126.02287,149.46376,172.6733,1.3090234994888306,80.15671,9.374722,128.02432,75.07266,24.611776,0.3278394,175.06252,71.480545,85.37102,109.30014,127.00864,154.36983,1.2109644412994385,75.07266,8.119557,97.54755,0.0052337684,0.03275183,0.59836847,0.63223815,0.59836847,95.42705,155.22937,0.61474866
rontdi9o,85.49216,118.6017,222.17447,284.87,312.48215,356.89688,439.18692,51.394577,107.89077,59.09358,0.54771674,332.34012,82.70981,119.4937,205.96606,251.93787,306.42966,1.7769157886505127,107.89077,16.010387,202.76334,94.50642,26.052876,0.2756731,218.41678,93.706345,105.73706,119.888374,137.14848,180.81226,1.0080927610397339,94.50642,8.454429,90.47602,124.85583,80.69927,0.64633965,375.82922,90.98181,146.62,274.78033,309.04333,348.80475,1.4672508239746094,124.85583,25.29586,294.83923,111.54192,91.00908,0.81591815,439.18692,72.44113,139.54144,258.68503,325.06885,401.47357,1.6147042512893677,111.54192,30.46711,369.4886,0.06612915,0.056319926,0.8641228,0.84727263,0.84727263,202.39719,236.39775,0.8561722
inuxl39d,82.23068,130.6515,226.07964,278.97592,304.32678,325.99252,350.25107,68.49057,127.3831,67.70502,0.5315071,333.17746,98.804245,153.48401,245.38223,282.7045,323.92957,1.3838926553726196,127.3831,18.929913,252.27814,159.59698,92.81317,0.58154714,350.25107,134.6411,241.8636,306.3277,324.98254,340.00626,0.5096003413200378,159.59698,33.890526,248.85855,73.46685,27.962708,0.38061666,220.62987,65.814865,83.11978,107.53422,130.60402,176.02301,1.9482707977294922,73.46685,6.6397386,64.06456,90.226265,57.00837,0.63183784,318.37936,68.77611,110.14251,174.7212,219.25359,279.8598,1.6219103336334229,90.226265,14.973629,182.3262,0.112251274,0.10238314,1.7338854,1.7688528,1.7338854,286.9801,163.69312,1.7531593
g5rifwr0,46.95086,63.195335,87.03001,111.23703,128.32646,158.34064,192.7364,25.586628,51.755966,13.223894,0.25550473,87.614784,49.324196,61.203346,71.738815,76.250206,82.350006,0.5414752960205078,51.755966,3.35865,56.549347,44.214863,8.675002,0.19620104,64.39381,43.660515,51.032578,55.33278,58.19407,63.16229,0.06205718591809273,44.214863,3.523029,22.299294,68.209335,34.60926,0.5073977,192.7364,61.27766,86.573875,117.76874,138.10481,171.79779,1.0849233865737915,68.209335,10.935185,156.98679,52.863197,31.781292,0.6011988,188.7167,41.60067,62.547356,97.69247,123.197464,165.70311,1.7610548734664917,52.863197,8.819222,132.17743,0.07857704,0.1267516,0.75878125,0.8364016,0.75878125,95.970825,121.07253,0.79267216
ui1jlmfl,41.70568,50.934578,65.47249,79.11926,90.7434,120.761406,161.57733,15.489365,43.165558,8.2794285,0.19180636,74.35659,42.48916,48.894287,54.034264,56.647617,64.85434,0.32379353046417236,43.165558,3.6757517,35.875645,56.254425,14.786181,0.26284477,110.78394,54.559704,65.50127,75.54372,83.54929,99.49024,0.713422417640686,56.254425,6.3749547,55.03887,36.706337,7.6098413,0.20731683,75.08506,36.55657,40.213493,46.1975,49.769905,58.65844,0.7890691161155701,36.706337,2.2380302,29.902737,49.357487,25.025282,0.507021,161.57733,41.877098,52.99075,85.59317,107.17518,142.14005,1.9771121740341187,49.357487,8.227968,129.28421,0.13165228,0.14699729,1.1759702,1.1397344,1.1397344,99.41998,86.06383,1.1551889
uoay12tl,70.53194,106.63175,168.99684,206.5164,223.30188,258.14548,292.5775,51.522526,67.06861,21.32397,0.31794262,148.02393,64.29722,80.243,94.84414,106.7092,131.60309,0.7699329853057861,67.06861,4.554058,50.381752,53.34912,12.957834,0.2428875,91.82738,50.87369,63.02356,72.02217,77.593605,87.497246,0.7061214447021484,53.34912,3.2475712,18.5989,118.92854,55.34252,0.46534264,265.38605,106.484344,159.1473,204.06422,221.5405,248.87628,0.6044299602508545,118.92854,16.794815,161.9744,108.413574,58.154194,0.5364106,292.5775,90.869125,135.56345,202.02788,236.77704,276.95438,1.1580219268798828,108.413574,14.367587,179.97589,0.113932475,0.04625174,0.5639404,0.49208894,0.49208894,120.41773,227.34212,0.5296763
xlzs49cd,26.961735,34.443207,43.054523,52.314102,63.627995,85.24021,115.52602,12.665318,38.253784,13.179407,0.34452558,112.95154,36.285027,41.846786,50.146225,64.714195,93.105896,2.274369716644287,38.253784,4.325469,86.904144,35.5282,17.145906,0.48259994,115.52602,28.599926,39.51358,60.215008,75.18132,98.553024,2.008612871170044,35.5282,6.6487103,90.931015,25.453688,5.397953,0.21206959,44.770638,24.909843,28.46914,32.017647,34.705498,41.01665,0.4717254340648651,25.453688,1.4494358,10.258066,21.008272,7.156308,0.3406424,44.84778,20.052034,25.902517,31.942085,34.231083,38.690224,0.5962115526199341,21.008272,2.294455,21.036036,0.036941078,0.095678605,1.5028778,1.6911528,1.5028778,73.78198,46.46196,1.5880084
zn1f0fp8,59.91549,81.506714,107.300255,129.9033,144.74109,176.26428,222.64743,36.597057,70.00634,19.8956,0.28419712,120.78476,70.471146,81.48416,97.34139,106.11827,116.538994,0.11335993558168411,70.00634,7.731644,77.80747,63.669342,22.870895,0.35921362,122.13088,57.39739,83.94118,97.52932,102.84378,111.907936,0.4855061173439026,63.669342,8.632093,80.37987,62.578728,21.319956,0.34069014,150.3244,56.532906,68.609375,93.825554,110.79248,132.6642,1.5261211395263672,62.578728,5.6066804,71.194016,71.24841,45.69484,0.6413454,222.64743,51.111755,99.43059,144.13766,165.61803,196.43112,1.153053641319275,71.24841,14.603267,158.01031,0.04740576,0.06478271,1.1186923,0.8936247,0.8936247,133.67569,133.82715,0.9988682
bpg2r0to,47.952568,76.64403,114.64157,148.8981,167.94827,192.83807,228.68874,40.63427,52.62899,31.566477,0.59979254,185.81306,38.677193,59.80971,101.40813,126.79678,165.57698,1.9022501707077026,52.62899,8.789351,144.84503,57.84552,20.563747,0.3554942,105.17469,54.22072,74.413025,88.65582,93.72841,101.511765,0.4207441508769989,57.84552,7.249357,54.848904,71.63522,47.89941,0.66865724,228.68874,50.671295,90.039055,158.06108,181.19812,207.15544,1.3722290992736816,71.63522,15.206115,188.9213,67.60694,39.189568,0.5796678,227.18428,53.961655,84.96061,120.09116,154.1782,199.52472,1.5945212841033936,67.60694,11.774282,187.49414,0.047219306,0.028930048,0.73468035,0.8556151,0.73468035,110.47451,139.24216,0.79339844
kpk7yswn,87.36824,127.36205,166.48766,201.138,222.67271,255.17831,289.1476,63.604828,97.64424,32.80189,0.33593267,185.4961,88.73398,127.00734,148.10136,153.40019,165.3725,0.4900045096874237,97.64424,8.693731,83.8159,87.35699,29.75709,0.34063777,184.93883,82.70574,106.64182,129.69788,142.09822,170.17148,0.7053208351135254,87.35699,8.143734,73.59369,93.47197,50.26402,0.5377443,266.30426,74.61066,115.590706,173.39236,205.06898,241.77536,1.3157095909118652,93.47197,12.262348,130.16454,118.7407,61.639324,0.51910865,289.1476,103.51604,159.8243,214.75713,242.26457,274.86774,0.7737476825714111,118.7407,18.908278,157.60541,0.055606414,0.11907267,1.0446366,0.7356954,0.7356954,185.00122,212.21268,0.8717727
xfshwzsj,21.789978,29.153103,43.748924,58.93304,67.71266,78.58434,85.07313,13.201388,30.775375,12.934842,0.42029843,84.770134,27.26056,33.247826,48.722897,59.491913,78.911,1.8468366861343384,30.775375,3.3393238,56.09444,17.961464,4.683928,0.26077652,33.120937,16.709822,20.878325,24.59845,27.184525,31.001923,0.9004571437835693,17.961464,1.3378375,21.769222,32.78797,19.441936,0.5929594,85.07313,24.16722,44.248577,66.48141,75.32652,81.87977,1.1256308555603027,32.78797,6.5129476,60.935486,20.096859,8.406992,0.41832367,52.99638,17.323978,25.045757,31.876837,37.063164,47.079147,1.2162654399871826,20.096859,2.627972,24.423662,0.26292044,0.23997642,0.9386178,0.8937448,0.8937448,48.73684,52.88483,0.9215656
q77z4es3,128.5082,165.3442,212.21185,257.00522,287.40158,333.78848,379.34848,68.36585,128.86877,32.00871,0.2483822,213.41289,124.8474,146.98547,178.2381,189.65114,205.76187,0.48085275292396545,128.86877,9.498885,103.88371,114.63238,31.179085,0.27199197,171.79143,123.71149,139.35237,146.35251,149.68411,157.91054,-0.7556527853012085,114.63238,11.828718,105.92827,153.0337,63.46339,0.41470203,334.57928,141.4502,202.2455,239.16943,268.9325,317.49136,0.5862876772880554,153.0337,18.430504,216.74594,147.88986,80.36195,0.5433906,379.34848,138.92642,190.26114,272.08255,316.47104,358.6681,0.7788920402526855,147.88986,26.590563,267.86743,0.058465417,0.017093524,0.84209406,0.7751199,0.7751199,243.50116,300.92358,0.80917937
aofc9lgy,56.65307,72.42113,108.68172,154.00426,180.78177,233.1072,269.78394,27.240067,88.92099,54.271587,0.61033493,269.78394,73.13307,100.84134,176.66466,215.05663,255.52533,1.4558675289154053,88.92099,17.57974,221.4125,46.65319,24.024672,0.5149631,142.19969,37.999252,58.475185,80.90072,96.6453,127.33794,1.4584217071533203,46.65319,7.6064124,80.49185,69.94643,34.896843,0.49890816,234.1606,58.52469,71.13745,118.03724,154.2323,207.03224,2.33056378364563,69.94643,8.746669,173.98355,56.876167,14.155281,0.24887896,136.44617,53.949646,65.0802,72.0752,81.58387,106.89369,1.5543609857559204,56.876167,4.632098,48.936024,0.31176877,0.10305939,1.2712728,0.82025903,0.82025903,135.57419,126.82259,1.0690066
tlcqfmui,36.983643,48.761017,58.544823,66.042725,69.9393,83.4379,109.58006,19.89108,51.499527,13.247322,0.25723192,109.58006,51.97525,58.761265,66.72732,71.856636,88.85326,0.5638386607170105,51.499527,5.775051,77.46341,41.12838,16.973656,0.41269934,105.240364,38.026653,50.9309,64.952995,73.375595,88.33112,0.96685791015625,41.12838,6.983312,72.020294,37.051907,8.432678,0.22759093,60.536686,37.001266,42.830486,47.897873,50.84711,58.33901,0.09083161503076553,37.051907,2.3933685,33.658398,30.407595,7.519807,0.24730028,59.248993,29.257725,34.45449,41.373146,44.733456,51.99525,0.8324999809265137,30.407595,2.9640257,31.107737,0.111965686,0.098493345,1.3899292,1.3525693,1.3525693,92.62791,67.4595,1.3730891
w7j35vlw,31.550058,37.787167,46.65211,57.74532,64.693855,81.005974,108.63343,11.196062,25.754978,5.806166,0.2254386,39.06317,26.118992,30.19089,33.01407,34.39977,37.05781,-0.2781582474708557,25.754978,2.8237321,21.260345,35.899353,9.518427,0.26514202,66.826546,34.381092,39.773006,49.036842,55.745827,63.34196,0.7177169322967529,35.899353,4.1660485,35.815224,29.325874,5.0009966,0.17053188,49.26774,28.441704,31.775328,35.885136,38.970486,45.71291,0.9845567941665649,29.325874,2.046119,26.223078,43.28278,14.840669,0.34287697,108.63343,39.63128,46.62193,64.008736,76.53376,94.335236,1.5615161657333374,43.28278,5.665653,72.36798,0.16453628,0.19222096,0.87823397,0.82941425,0.82941425,61.65433,72.60866,0.84913194
ojtxcf0k,17.846811,22.040365,32.251724,47.5535,58.875088,84.454216,121.943436,8.177456,26.966394,15.949971,0.59147584,113.94044,20.950579,27.640137,48.3292,62.479576,86.20932,2.360245704650879,26.966394,5.661507,98.93287,18.19475,5.3698378,0.29513118,48.412876,17.142477,20.888187,23.790234,27.677393,40.040707,1.8513976335525513,18.19475,1.4497222,20.08731,23.195976,17.585842,0.75814193,121.943436,17.664991,23.978567,38.433205,63.09471,105.18033,3.0454816818237305,23.195976,4.9326396,97.26993,14.983935,7.2591333,0.48446107,57.17841,13.778084,18.59916,22.594524,25.981026,43.116726,1.9191118478775024,14.983935,1.974394,40.57791,0.1942299,0.215088,1.1625462,1.2142838,1.1625462,45.161144,38.179913,1.182851
jd2v1l1v,53.654922,74.21472,155.92363,223.82658,256.72366,297.30972,346.0397,33.807873,111.10271,80.97663,0.7288448,346.0397,68.71983,149.245,255.67273,284.62952,323.0393,1.2593047618865967,111.10271,25.756311,240.25217,66.404106,40.99713,0.6173885,256.7497,56.214714,71.18558,113.951416,169.288,233.91234,2.272306203842163,66.404106,10.033688,142.80072,66.677086,49.262455,0.7388213,294.97427,48.83175,66.18919,139.8839,184.68431,259.65924,2.3291072845458984,66.677086,10.604178,173.34981,49.979633,29.01133,0.58046305,229.49846,44.405468,57.291454,80.07835,105.71213,169.25816,2.371389865875244,49.979633,7.3768625,117.828766,0.25181344,0.14313322,1.6662802,1.3286233,1.3286233,177.5068,116.65672,1.5216166
j35yrg29,65.239784,98.32524,139.60541,161.29446,175.54741,197.34956,226.45746,46.580303,79.72763,31.18411,0.39113304,176.3716,66.80841,98.43016,129.10631,144.17365,166.73381,1.0365053415298462,79.72763,9.2174835,81.60541,67.66231,24.972725,0.36907881,166.90036,61.766197,80.587585,101.22703,118.04301,148.22939,1.183660626411438,67.66231,7.39469,80.81417,81.19748,40.676907,0.5009627,202.11127,65.282555,105.64061,147.09018,167.73427,188.45872,1.1112751960754395,81.19748,10.75258,93.87872,84.8193,47.12113,0.5555473,226.45746,66.40274,112.83934,160.75706,184.45532,211.35658,1.093082308769226,84.8193,14.026737,97.90606,0.08185988,0.021815978,0.98189783,0.79772305,0.79772305,147.38994,166.01678,0.8878014
d2ff5l6b,70.098495,88.09181,151.98087,222.12608,273.13696,336.41626,409.35797,34.503033,110.272644,67.390945,0.61113024,387.79178,83.017746,117.814384,212.46213,280.4627,348.4752,1.9995660781860352,110.272644,22.808752,315.1527,82.70724,35.023724,0.42346624,312.2947,74.99792,84.273895,117.255035,152.13252,230.8925,3.0267224311828613,82.70724,10.365727,181.7186,86.11726,65.0728,0.75563014,409.35797,67.27895,79.13759,148.87294,242.3697,375.70905,2.9979841709136963,86.11726,16.163486,340.72507,67.26472,49.755615,0.7396986,365.58066,49.7334,68.9264,117.652565,170.42096,286.48776,3.0232393741607666,67.26472,12.856819,301.00098,0.14284083,0.12291239,1.2804941,1.2295783,1.2295783,192.97989,153.38199,1.2581652
spxlseun,52.103527,67.06903,99.5239,134.82628,157.77766,190.63367,225.02707,24.103275,43.592247,9.350397,0.21449679,79.959366,42.37683,47.62788,55.25448,62.004326,74.42311,1.2179118394851685,43.592247,2.827375,32.908737,47.107952,10.537183,0.22368161,78.672775,45.25927,53.110584,61.625004,70.31308,75.806274,0.8458027243614197,47.107952,2.720938,23.823196,85.98744,42.85087,0.49833867,225.02707,66.24753,101.555984,158.35478,184.20918,213.61977,1.4624067544937134,85.98744,9.106013,125.9749,68.118675,28.56222,0.41930085,205.49335,58.729202,75.884125,108.66185,131.47937,167.22836,1.737338662147522,68.118675,5.00181,105.83621,0.038761824,0.11595106,0.50696063,0.6915571,0.50696063,90.700195,154.10611,0.58855677
nrlst548,69.6788,113.28815,176.17212,207.62817,228.12181,268.16266,320.96158,66.7351,108.1208,49.647907,0.45918924,242.38922,96.80135,144.95807,184.01286,203.60626,228.29396,0.6706494092941284,108.1208,14.832857,136.4515,66.73105,35.417313,0.5307471,214.27135,58.430122,86.70691,109.55377,136.19576,181.81712,1.2809208631515503,66.73105,10.068288,74.73584,101.071526,65.080505,0.64390546,318.24088,74.208626,134.70447,205.24542,242.1022,289.0623,1.2668174505233765,101.071526,18.209173,131.11374,74.9891,57.314117,0.76429933,320.96158,50.81524,89.18607,159.18082,205.22466,278.62173,1.9106942415237427,74.9891,14.603232,75.86075,0.23671326,0.14814459,1.0697454,0.88987666,0.88987666,174.85184,176.06062,0.99313426
84z4ur2y,77.21478,95.68469,150.5466,192.61641,220.67758,255.34547,282.8616,29.469666,76.3978,16.080862,0.21048856,133.54495,75.62573,86.64761,95.72828,104.446075,121.32182,0.5212746262550354,76.3978,5.4791503,49.52855,71.59585,6.541456,0.09136642,91.31883,70.92297,76.34116,80.91693,82.559456,85.51673,0.25553590059280396,71.59585,2.3053932,19.662117,123.02471,61.221596,0.4976366,282.8616,100.32099,160.3083,223.63757,250.85077,273.00705,0.9204649329185486,123.02471,19.158651,208.72751,91.87424,39.519497,0.43014777,255.59274,81.656395,105.2148,147.16286,178.03706,226.72139,1.5597995519638062,91.87424,11.385536,182.58878,0.03244699,0.14495406,0.6209955,0.779281,0.6209955,147.99365,214.89896,0.6886662
upmanqy0,80.623886,102.472244,159.25932,210.84132,249.386,305.8754,359.7252,34.36345,95.0229,27.188606,0.28612688,208.20616,90.13197,104.901924,127.33577,152.37183,190.71208,1.438326120376587,95.0229,9.372846,152.21347,132.62888,70.398384,0.5307923,359.7252,102.05696,167.68434,246.29555,286.15283,340.87408,1.3367077112197876,132.62888,27.163609,295.68542,69.45278,12.616826,0.18166049,127.92213,69.09857,74.190414,84.20969,90.88974,110.62463,0.8644226789474487,69.45278,3.9656343,59.30837,96.8568,57.86321,0.5974099,347.07513,75.4863,103.29868,179.68048,231.82896,311.4746,2.0505356788635254,96.8568,16.204998,280.7787,0.16519077,0.16477713,1.3681656,1.3693296,1.3681656,227.65178,166.30957,1.3688436
hu97ng0a,16.244835,23.274004,34.480762,48.054623,60.40249,87.43585,126.046646,10.361142,28.264908,17.1824,0.60790575,126.046646,23.715105,30.092466,44.962505,64.725266,102.75652,2.6617891788482666,28.264908,5.952476,112.00308,26.395697,19.80901,0.7504636,120.83789,17.820059,29.78865,55.02722,72.7401,99.76242,2.1422178745269775,26.395697,7.1531568,105.53126,17.188183,5.8104954,0.33805177,47.742947,15.944448,19.467228,24.637548,28.807997,35.55511,1.4994754791259766,17.188183,1.954685,30.2562,13.362081,6.00535,0.44943225,52.39799,12.261647,14.793884,18.959305,23.608606,38.99909,2.779630661010742,13.362081,1.7680001,38.38983,0.03419668,0.12523958,1.6444384,1.9754182,1.6444384,54.660606,30.550262,1.7892026
psaldnj7,46.507298,56.653748,68.294754,77.260765,81.93643,88.6828,98.05093,18.256748,41.8108,13.890562,0.33222428,75.39671,43.487015,49.62784,59.65254,66.51529,74.16759,0.006191899999976158,41.8108,4.755275,39.70718,38.839146,10.243888,0.26375163,63.32901,41.97275,45.666267,49.307716,53.636322,59.56557,-0.44353505969047546,38.839146,4.1256037,30.892857,57.359497,15.033599,0.26209432,94.59211,56.369225,67.53941,78.77724,83.72296,90.019104,0.09083287417888641,57.359497,4.5552497,53.13567,49.739883,16.820286,0.33816496,98.05093,49.251087,59.189327,71.22145,80.45125,93.42326,0.20324766635894775,49.739883,6.296595,63.28045,0.03684631,0.07114527,0.72892547,0.7808451,0.72892547,80.64995,107.09938,0.7530384
vbjrbzjw,45.178696,67.63941,100.316864,121.82461,131.72557,150.05156,181.43683,29.498028,63.34733,29.278961,0.46219724,144.29532,53.12989,81.3439,110.74031,124.26125,138.11903,0.9647033214569092,63.34733,9.499817,110.405426,52.278797,16.389193,0.31349596,114.614334,45.70048,61.43031,77.12456,85.807625,101.18933,1.2411104440689087,52.278797,5.1915193,64.30632,56.770256,30.510136,0.5374317,181.43683,44.328087,59.146885,104.02654,132.55664,161.9708,1.9572093486785889,56.770256,9.692799,132.5239,54.361862,31.54416,0.5802627,178.32352,42.018974,65.24596,102.02561,126.426506,156.867,1.5485682487487793,54.361862,9.783217,126.54952,0.0957269,0.021671448,1.1158541,0.9616815,0.9616815,115.62613,111.13212,1.0404384
83579wrr,64.15831,79.977684,125.0082,162.73154,187.83598,236.65071,285.39328,29.902557,80.39497,26.48946,0.3294915,224.18057,75.11688,83.02554,114.459114,137.33707,184.4586,2.20002818107605,80.39497,8.360803,149.06763,90.05093,50.967934,0.5659901,279.64282,69.86966,111.79211,166.936,204.76636,253.83138,1.492126226425171,90.05093,18.680725,217.5776,63.082443,22.71741,0.36012253,211.97137,56.485092,70.49609,81.593346,102.333435,163.2305,2.848270893096924,63.082443,7.0739675,147.94786,69.20662,48.449368,0.7000684,285.39328,50.43038,70.06957,134.93115,186.49612,256.10492,2.318605661392212,69.20662,14.18123,232.9381,0.05665113,0.046293896,1.2744429,1.3011895,1.2744429,170.44589,132.28906,1.2884352
513bb6f0,73.965965,112.52605,174.33762,210.22041,235.15804,267.70798,306.26334,61.604225,125.89764,53.991375,0.42885137,306.26334,110.19386,157.09209,205.6667,242.97104,282.91577,1.0473272800445557,125.89764,13.563827,168.58679,57.264923,19.721579,0.34439194,126.357475,56.789474,70.11185,81.59443,89.58063,110.06438,0.4396764636039734,57.264923,7.246516,50.59432,113.96603,65.01825,0.57050556,302.29825,93.941635,157.01224,213.52596,243.04086,282.64258,0.787024736404419,113.96603,17.689535,112.57468,61.00257,29.578072,0.484866,207.05513,52.67282,71.29207,98.594315,122.33314,179.38258,1.9293789863586426,61.00257,6.3188148,58.55664,0.37470928,0.30270264,1.1046945,0.93872964,0.93872964,183.16257,174.9686,1.0468311
5ep4cwcd,44.411312,61.041847,73.93669,84.64874,95.32257,118.25346,170.16077,25.895012,64.71906,21.985704,0.33970988,170.16077,62.766495,72.647156,91.579605,108.30636,139.20898,1.3550831079483032,64.71906,10.513168,134.56955,52.580738,17.898443,0.34039924,129.01093,46.386024,63.013332,76.73525,86.14644,110.40508,1.326120138168335,52.580738,6.5750594,95.50934,46.693718,14.050658,0.3009111,88.68144,45.065834,54.687126,68.397,74.793884,82.53221,0.7180055975914001,46.693718,5.130119,66.691414,34.96338,10.7452965,0.30733004,83.82018,33.689507,41.414337,48.15465,53.217453,68.83192,0.9658380746841431,34.96338,2.523808,53.072414,0.1034812,0.14365363,1.3860337,1.5038804,1.3860337,117.299805,81.6571,1.4364924
t9gwa44l,72.31508,104.625175,175.54819,219.63458,243.51219,266.3564,303.12674,43.41974,68.677185,17.714525,0.257939,146.97014,66.23509,75.47099,89.25424,103.11728,132.7385,1.3189589977264404,68.677185,4.9359803,26.72868,71.925835,10.783485,0.14992507,123.993774,70.68829,77.0178,84.37744,91.36142,107.15587,1.2047197818756104,71.925835,3.1901577,23.670143,126.18276,63.022415,0.49945346,286.76773,106.825905,173.13745,226.5901,250.68468,267.3659,0.7230813503265381,126.18276,18.648178,228.40381,102.176414,62.44646,0.61116314,303.12674,77.906296,136.71217,198.43352,235.7818,289.27524,1.2289255857467651,102.176414,14.175215,232.64034,0.023105118,0.10512539,0.5442676,0.70393777,0.5442676,140.60303,228.35918,0.61571
z6v7s7o4,77.51687,124.66246,218.26825,270.30463,304.95145,372.30508,458.6745,64.04293,120.865974,65.84537,0.54478,305.22882,104.3086,162.88287,224.45958,252.94785,279.32883,0.7942646145820618,120.865974,20.53633,198.2324,68.16475,20.248463,0.29705182,172.45753,67.69646,77.824394,87.7829,99.28475,135.83882,1.2955000400543213,68.16475,6.3605213,48.296158,139.73372,106.90538,0.765065,458.6745,78.07483,206.0007,316.3464,355.52444,421.174,1.1229509115219116,139.73372,28.966143,288.69418,93.174164,50.046383,0.53712726,341.38065,77.71399,101.13073,157.25995,203.10124,288.28177,2.1530628204345703,93.174164,12.22923,93.00305,0.27879712,0.19990546,0.8649736,0.73158425,0.73158425,189.03073,232.90788,0.8116116
yc3s0dpj,48.253586,67.14496,107.51441,125.417854,137.08954,160.41092,194.53944,30.865215,65.5324,23.164345,0.35347927,130.19923,58.530663,79.11161,103.092094,113.44908,122.705734,0.8414897322654724,65.5324,5.157813,56.362453,39.823124,12.013665,0.30167562,68.298454,41.255337,48.519733,55.756676,58.837536,62.196507,-0.2297327071428299,39.823124,4.5261993,49.96183,84.04601,42.05922,0.5004309,194.53944,75.016525,119.040985,143.4301,157.81525,180.52582,0.49761220812797546,84.04601,12.541027,74.844505,38.470154,18.098913,0.47046635,114.48288,36.537075,48.754166,59.453957,71.66017,98.81671,1.069968342781067,38.470154,6.1505675,43.333385,0.24402401,0.37199873,0.77972054,1.0351694,0.77972054,105.35553,122.51617,0.85993165
hsg04ajm,82.300354,104.0503,168.61894,243.35637,289.55936,346.45636,400.80957,35.046005,73.759674,24.075962,0.32641092,190.79213,67.03536,82.770004,104.59947,122.24671,164.35587,1.8375080823898315,73.759674,6.82743,101.82074,91.61259,23.823448,0.2600456,160.26952,86.351616,105.1471,127.65461,141.93544,155.78958,0.8440694808959961,91.61259,6.8145995,61.303307,137.80267,84.098366,0.6102811,385.62488,93.64919,178.82938,276.0,329.8925,376.18436,1.348283290863037,137.80267,29.110125,309.42166,103.92343,58.80663,0.565865,400.80957,83.33092,102.606384,173.43016,241.1546,338.62537,2.4744019508361816,103.92343,17.18837,334.47363,0.10795592,0.1401555,0.53525573,0.8815393,0.53525573,165.37225,241.7261,0.6841307
muzuqed0,43.231853,55.515537,70.34522,84.78355,94.31591,109.96097,147.2451,20.447948,48.833366,13.585448,0.27820012,118.87872,46.19246,57.792213,67.28538,73.146774,88.12813,1.067083716392517,48.833366,6.0307817,76.48613,65.790504,20.632845,0.31361434,118.0084,62.41624,79.49802,97.49368,105.13858,113.451706,0.532468855381012,65.790504,6.518027,56.00309,48.363888,15.33776,0.31713247,147.2451,44.425316,53.140404,62.491043,72.904976,114.75213,2.856839895248413,48.363888,5.5927296,107.414566,34.168964,9.6339245,0.28194955,82.781525,32.28152,39.29256,46.088367,52.022545,65.98864,1.154422640800476,34.168964,3.3687494,35.115982,0.14793724,0.17199118,1.0097072,1.9254463,1.0097072,114.62387,82.53285,1.3888272
gv812hnc,89.86033,114.05963,142.75473,166.44617,193.5155,247.48622,318.98276,39.986267,78.21696,12.817733,0.16387409,124.37109,76.63973,83.438324,92.181915,105.38878,120.79772,1.0126328468322754,78.21696,4.534694,75.80869,77.71803,20.98452,0.2700084,138.48566,71.62109,89.3055,111.64836,122.21685,133.44072,0.9439689517021179,77.71803,6.8079295,69.39252,115.57278,36.834793,0.31871513,282.6506,104.86594,130.30928,160.24155,189.6479,254.04755,1.7207053899765015,115.57278,10.62986,188.80914,117.67269,44.0029,0.37394318,318.98276,108.780426,137.83069,162.73956,201.81361,281.55594,1.5499225854873657,117.67269,14.767627,222.6583,0.0031995657,0.009003024,0.67677665,0.6604594,0.6604594,155.935,233.24547,0.6685446
0i4x6g1e,60.094284,78.0784,99.879906,112.69662,125.37864,166.2277,212.83472,31.98545,59.447094,14.37661,0.24183874,116.80026,58.21627,66.66243,78.07863,85.54723,103.678635,0.8109629154205322,59.447094,4.4502044,62.853073,67.321556,20.534046,0.30501443,118.42138,63.2846,80.66634,100.22281,106.47456,114.5102,0.6575227975845337,67.321556,6.3012795,51.911797,69.45892,40.38463,0.58141744,212.83472,59.270706,87.15019,128.70042,155.76237,202.16832,1.3180627822875977,69.45892,13.173269,181.0706,66.22305,25.54208,0.38569772,182.11171,62.843323,84.05228,100.55738,108.86172,138.4635,0.7510840892791748,66.22305,9.2609625,136.90466,0.062116794,0.023848932,0.8558597,1.016588,0.8558597,126.76865,135.68198,0.9343072
bzgflig5,61.8509,91.135574,160.16429,193.19547,211.51512,244.24385,274.7441,40.672188,98.565285,51.247993,0.5199396,250.37494,75.88519,134.1201,180.8963,199.57677,234.2882,0.9862819314002991,98.565285,15.762783,155.79324,60.99032,22.427666,0.367725,173.94087,54.189568,71.379974,88.700096,105.523125,141.9106,1.886641025543213,60.99032,5.663422,55.220642,96.101715,63.104565,0.6566435,274.7441,68.52319,123.48123,206.59138,240.16768,265.01028,1.2634581327438354,96.101715,16.584547,168.00372,65.707886,31.370783,0.477428,222.70996,56.200645,69.40901,104.366745,134.65251,187.82083,2.2868905067443848,65.707886,7.777792,53.87955,0.23549762,0.18783699,1.025635,0.92820394,0.92820394,159.5556,161.8096,0.98607004
gkzjrumx,55.714485,76.837326,110.793205,137.63203,155.71841,188.93408,221.41493,33.669823,54.15434,15.791054,0.29159352,102.544205,50.243042,63.031017,77.801956,86.98649,97.43429,0.8138500452041626,54.15434,4.5515137,60.161087,58.396793,11.802569,0.20210989,92.71747,57.579624,65.74918,74.72375,80.19183,89.2731,0.46891695261001587,58.396793,4.0569806,45.04814,60.277374,28.444712,0.471897,146.6164,47.94394,77.785904,107.60269,118.14217,136.71991,1.0268778800964355,60.277374,7.8965845,85.15271,84.15519,47.38467,0.56306297,221.41493,75.03513,115.3802,155.612,175.39035,201.79391,0.7417662739753723,84.15519,16.607958,160.10442,0.037693575,0.16532156,0.898419,0.69391793,0.69391793,112.55113,144.43256,0.7792643
qw3b4nth,128.81657,194.70593,284.01852,338.23944,380.6092,437.62888,511.1799,97.52479,118.88404,34.46485,0.2899031,263.0219,106.4264,132.65594,165.37453,193.29007,242.6508,1.6216866970062256,118.88404,7.1514373,50.99389,192.33214,56.145317,0.29191855,347.6906,180.23567,230.52673,277.75488,302.1345,334.26425,0.6478262543678284,192.33214,16.684427,146.38486,106.45027,32.914635,0.309202,248.71693,96.282196,120.45354,151.84935,177.24623,218.6124,1.5843182802200317,106.45027,6.8789525,67.01077,215.1257,111.110695,0.51649195,511.1799,199.57791,296.3963,378.59805,421.75082,480.77832,0.5593231916427612,215.1257,30.543917,253.0478,0.23600346,0.33794636,1.1168035,0.89404535,0.89404535,311.2162,321.576,0.9677843
zm32hzs3,42.76865,59.369812,97.872856,132.93782,165.34056,227.26779,288.47284,28.17672,58.9574,38.631184,0.6552389,239.0922,51.73168,77.60341,106.22297,128.14938,201.46684,1.5498117208480835,58.9574,11.833553,216.76883,52.84796,26.631021,0.5039177,187.40399,47.28742,60.32917,83.887024,105.09934,151.13919,1.9939333200454712,52.84796,6.822863,117.87126,60.38882,50.64038,0.8385721,288.47284,43.27549,55.65603,115.28931,188.1948,268.59918,2.770414113998413,60.38882,12.306164,244.75354,44.24829,33.38709,0.7545396,231.81886,35.809128,46.95175,75.800705,114.81972,198.26445,2.901495933532715,44.24829,8.118811,174.3429,0.054643534,0.15425244,0.9762966,1.1943504,0.9762966,111.80536,104.637115,1.0685058
2d1jqbex,60.665955,90.25538,168.09232,253.7567,297.97546,386.89905,473.37616,42.23799,114.54974,82.80932,0.7229114,452.00653,81.38147,136.96771,239.42586,297.87292,402.60248,1.8061374425888062,114.54974,22.342602,339.92285,58.015594,20.319216,0.35023713,145.27727,56.72976,68.90115,83.88934,94.323105,122.36127,0.928303599357605,58.015594,8.065019,56.564445,110.57531,97.15499,0.8786319,473.37616,59.926125,138.0414,265.4981,350.30197,433.0324,1.7487181425094604,110.57531,23.85107,382.66962,60.459538,25.545887,0.42252865,169.28946,54.10817,71.09094,96.20846,112.05685,148.97585,1.3953492641448975,60.459538,9.030264,83.98932,0.3276101,0.29301497,1.0359433,0.9595772,0.9595772,172.56534,171.03485,1.0089484
gfvnnvbz,29.065931,37.38881,45.961582,57.133076,67.906296,89.56402,118.481125,19.205893,35.89349,14.6543255,0.4082725,112.28055,35.230103,40.076626,48.776596,63.972694,90.85689,1.657965064048767,35.89349,6.0583215,89.29217,30.921185,10.645352,0.34427375,82.177246,31.451887,37.005505,42.280018,46.22517,64.25032,0.7150886058807373,30.921185,4.129046,63.001335,32.698826,17.451374,0.53370035,118.481125,29.049156,37.189247,48.86436,68.703285,105.17866,2.328120231628418,32.698826,5.6348395,95.063065,21.301584,15.296996,0.71811545,88.590034,14.984383,28.671032,43.09438,52.031498,73.45678,1.5669543743133545,21.301584,4.3169146,69.26418,0.07441936,0.21105842,1.0976996,1.4515909,1.0976996,66.814674,54.000412,1.2372993
w5apmxd6,89.948685,113.494446,167.9316,216.8163,250.35286,302.61383,383.87192,36.663406,79.46993,14.203007,0.17872177,114.86228,78.325195,89.508286,99.91541,103.371864,111.52665,0.18335142731666565,79.46993,4.815284,52.947094,82.337616,11.334925,0.13766399,110.833015,81.109634,88.24468,99.12774,102.934135,106.74645,-0.04897064343094826,82.337616,3.7685058,52.412064,142.51064,63.122223,0.44292992,383.87192,121.95702,171.05771,236.83104,280.25555,340.6319,1.3176416158676147,142.51064,17.125244,325.98187,114.88829,51.876877,0.4515419,370.68695,102.36455,127.98938,183.28752,226.00272,306.00055,1.8422073125839233,114.88829,14.633195,244.86484,0.017722802,0.107313365,0.5576421,0.71667546,0.5576421,161.80756,257.39893,0.62862563
lqga3qup,59.04048,82.623314,140.05711,195.14424,231.06639,278.7172,328.70343,36.929806,62.21106,25.357893,0.40761068,156.0814,58.45941,74.21572,98.081024,112.94117,138.92885,1.0029293298721313,62.21106,7.194936,103.312836,55.599224,15.5107765,0.27897468,97.040565,53.994896,65.287766,77.298325,84.38021,93.11194,0.46673718094825745,55.599224,5.2205725,55.125076,107.60965,72.49638,0.67369777,328.70343,71.97884,145.72537,229.41248,266.92038,310.57172,1.2835749387741089,107.60965,23.008793,275.64032,75.854195,49.8865,0.65766305,279.2314,55.362053,87.33123,149.356,193.39496,251.2464,1.8834474086761475,75.854195,11.37994,173.26947,0.056122735,0.17308836,0.57811785,0.73297495,0.57811785,117.81029,183.46384,0.64214444
o4jnmyk8,25.818466,38.808414,53.44532,61.68068,72.038155,90.29595,113.51203,18.537598,42.037857,17.405556,0.4140448,113.51203,39.996117,52.220734,60.30495,75.90776,100.421455,1.0982470512390137,42.037857,7.034586,98.44211,37.82932,18.109362,0.47871235,110.266716,30.851608,46.011513,64.45729,76.66692,95.115295,1.3931844234466553,37.82932,7.0885463,96.42489,25.261227,12.10035,0.47900882,72.15153,24.36041,33.319717,40.783867,46.21495,57.48276,0.5464558601379395,25.261227,3.4564176,43.302967,21.005787,7.6482224,0.36410072,74.76411,20.810457,23.688396,26.468908,32.248795,54.500584,2.4408366680145264,21.005787,2.6620188,52.789303,0.052694216,0.091975674,1.6641257,1.8008999,1.6641257,79.86717,46.267014,1.7262228
516sp18o,91.06349,125.364685,168.52193,191.74237,207.10805,240.34068,276.6757,63.169533,87.71886,39.23077,0.44723302,215.26599,73.161804,109.54799,146.28183,171.40688,203.12057,1.1692755222320557,87.71886,10.098682,55.45833,93.57691,28.556879,0.30517015,191.77075,90.3432,106.93933,132.28673,151.56363,180.5952,0.8348720669746399,93.57691,9.631317,46.844845,91.39131,42.132645,0.46101367,208.3959,80.08635,118.399704,157.43378,177.0159,198.28174,0.8318196535110474,91.39131,11.911793,78.45259,123.74027,54.852844,0.44329014,276.6757,115.72469,160.45193,201.11147,227.2076,258.35977,0.5676028728485107,123.74027,18.192625,171.97784,0.032312144,0.15036824,0.95981616,0.7562365,0.7562365,181.29578,215.13159,0.8427204
bs7587h9,138.01999,233.13438,370.17047,459.13483,503.14044,584.25433,681.92267,134.42105,216.16853,121.60036,0.5625257,572.96954,184.37625,287.5655,407.49695,468.21536,538.71936,0.915817141532898,216.16853,36.428223,180.39981,155.73933,72.67552,0.46664846,496.60992,134.28731,177.49344,253.86176,315.20175,412.10065,1.8033086061477661,155.73933,19.108692,84.222595,195.46881,141.2751,0.72275007,681.92267,126.333046,254.80212,417.03525,517.2419,612.74457,1.4280234575271606,195.46881,33.168194,161.32712,167.87094,116.858696,0.6961222,680.3476,121.54405,191.5426,329.71646,444.36652,595.1799,2.0125348567962646,167.87094,24.945559,122.118866,0.16248433,0.0759561,1.1058978,0.9277325,0.9277325,371.90787,363.33975,1.0235815
1el88l12,41.92884,57.359005,98.447136,142.8106,174.41353,226.47504,283.25092,24.920761,75.32859,48.671894,0.64612776,283.25092,55.639404,77.643425,143.67348,195.24126,258.7061,2.1814796924591064,75.32859,14.158858,239.55498,64.96015,50.66995,0.7800159,261.72156,42.37193,74.36865,145.61917,185.93094,234.21713,1.854752779006958,64.96015,14.943558,222.21355,44.817226,18.778366,0.41899884,159.49539,39.651474,45.839386,63.320576,83.08279,128.94714,2.9479949474334717,44.817226,3.9461474,94.927986,36.695274,21.489193,0.585612,165.76976,31.33939,38.560493,56.750916,83.48132,129.0007,2.861017942428589,36.695274,5.1920953,109.05382,0.073907845,0.09964058,1.6807954,1.7702594,1.6807954,140.28874,81.5125,1.7210704
qfaf5kci,36.52649,43.94922,54.956245,60.616005,63.809296,70.050606,79.2289,13.373005,38.615818,11.026856,0.28555283,77.85672,35.20655,42.29651,56.149685,63.363045,72.69406,1.42488431930542,38.615818,2.9686515,44.906364,40.240524,10.588069,0.26311955,79.2289,37.30408,42.71045,55.55319,64.858696,74.9692,1.5495308637619019,40.240524,3.7083845,51.225727,40.480797,11.63544,0.2874311,68.8136,39.854992,49.348152,57.15184,60.736774,65.194275,0.23319275677204132,40.480797,3.8621504,26.603516,34.990723,11.026486,0.315126,67.949905,35.007908,41.31685,49.925655,55.256783,62.30714,0.376325786113739,34.990723,3.9479825,20.819798,0.02060337,0.072743654,0.9539293,1.1500341,0.9539293,78.85634,75.47152,1.0448489
hdiy4nrm,54.827774,72.99299,107.05771,135.62737,160.60246,203.9329,256.60217,29.373318,68.83686,22.404985,0.32547948,168.56435,61.001728,79.3677,99.85402,115.38039,143.44855,1.5191009044647217,68.83686,7.0116463,105.11906,77.38819,37.101368,0.479419,227.5261,66.50869,90.25689,128.98128,156.30653,199.67871,1.5907343626022339,77.38819,11.323815,173.92323,57.19823,22.805702,0.3987134,175.34084,51.706314,60.464375,80.46486,106.99544,153.2618,2.4495315551757812,57.19823,5.617379,127.306946,57.01234,46.51635,0.81589967,256.60217,40.99201,61.79549,116.93458,170.80905,236.3323,2.2085537910461426,57.01234,12.196278,223.75946,0.058480613,0.0016276094,1.2034788,1.3573937,1.2034788,146.22505,114.21057,1.280311
qyz6y3z1,49.64772,57.952282,73.366844,86.57764,99.170364,121.54199,157.82397,16.621948,58.713577,18.110495,0.30845496,137.79446,52.665363,65.20607,83.690254,97.12655,119.3299,1.582158088684082,58.713577,7.991086,87.90706,48.391983,11.720693,0.24220319,87.102585,49.139095,55.758343,63.27601,67.50273,77.30524,0.1846037209033966,48.391983,3.990415,42.380463,57.256176,19.517372,0.340878,157.82397,52.261887,62.188457,77.654076,99.11874,139.8706,2.2989375591278076,57.256176,8.41658,111.685875,43.957874,17.82896,0.40559196,139.17789,41.871346,52.09732,60.58011,77.85086,110.87813,1.7455432415008545,43.957874,5.5043125,92.49945,0.096368425,0.1313879,1.025454,1.1008718,1.025454,107.10556,101.21405,1.0582085
de1e1630,19.90194,25.732853,31.693073,36.2895,40.027794,44.67535,52.222225,11.133643,23.207544,5.3609824,0.2310017,47.387238,22.435783,25.912615,29.121359,31.473143,43.461365,1.258791446685791,23.207544,1.6912966,32.97925,21.280054,10.384463,0.48799047,52.222225,18.43041,26.60087,37.08481,43.357677,50.11216,1.0692356824874878,21.280054,4.392364,41.648804,22.547195,7.0091214,0.31086445,44.23092,21.178432,28.04266,32.638607,34.511135,40.3722,0.581649124622345,22.547195,2.0636442,27.859882,16.650711,8.9636135,0.53833216,44.6509,14.244674,20.596432,30.977434,36.249725,42.50384,1.149073600769043,16.650711,3.3645904,36.288837,0.043326464,0.15042855,1.0292875,1.2780267,1.0292875,44.4876,39.197906,1.1349484
pocr0vhv,30.878807,46.594112,83.87043,128.22751,163.09337,211.99092,252.83745,23.634499,60.257236,47.979298,0.7962413,252.83745,42.124313,63.501186,128.84305,177.40106,231.26212,2.080397367477417,60.257236,15.63892,219.58789,36.878525,22.071972,0.5985047,150.35216,28.362492,42.047596,65.7591,81.11557,124.39838,2.1529717445373535,36.878525,7.2378955,84.590546,48.294643,42.169086,0.8731628,249.52853,32.404125,45.624207,98.61951,159.82724,219.56258,2.6690797805786133,48.294643,11.198756,218.18742,29.981306,23.039682,0.76846826,163.33356,21.840057,31.182678,59.142216,78.47197,131.50957,2.7784104347229004,29.981306,6.034899,113.36873,0.2406808,0.23395868,1.2477002,1.2300507,1.2300507,97.13576,78.27595,1.2409401
1nm3v16x,49.25258,72.13069,115.16603,150.89442,172.29704,203.4237,242.79494,36.239407,79.11742,36.516495,0.46154812,226.54099,64.35392,93.162674,134.03659,159.54202,202.31972,1.5405797958374023,79.11742,9.334036,125.61387,90.25788,54.106926,0.5994704,242.79494,73.35599,124.511055,174.66405,197.55833,225.93185,0.8787224292755127,90.25788,17.85702,139.34396,47.831036,16.633286,0.3477509,131.16885,44.650684,54.591774,69.76495,77.294106,106.224724,1.3905653953552246,47.831036,4.337279,50.04992,36.18649,20.594374,0.5691178,138.84294,30.191856,42.661522,59.69432,80.09551,118.27758,2.1148271560668945,36.18649,5.3301306,65.62295,0.065773845,0.13859664,1.6541021,2.4942427,1.6541021,169.3753,84.017525,2.015952
eghpmxpk,30.333492,34.40566,37.85514,40.169136,41.552246,43.32932,45.669693,8.021051,32.39646,5.137809,0.15859167,44.353546,32.347298,35.793663,39.64427,41.380875,43.389664,0.10109641402959824,32.39646,2.006735,18.696709,30.039873,3.4570773,0.11508295,37.987244,29.592024,32.282032,35.323223,36.338295,37.28054,0.25069472193717957,30.039873,1.6682928,11.919756,26.337187,7.70755,0.29264894,45.54844,26.213509,32.272285,36.740433,39.02803,43.426434,0.22777146100997925,26.337187,2.209821,26.181595,30.95581,5.9263787,0.19144641,45.669693,30.887077,35.29811,38.69233,40.76482,43.528767,0.009548296220600605,30.95581,2.176922,20.55049,0.037743863,0.080614105,1.2300653,0.9704115,0.9704115,62.436333,57.293,1.0897725
n3b8pfy4,114.04401,153.2479,244.30212,324.78052,372.37543,438.09424,501.68686,62.017563,109.8214,29.000296,0.2640678,174.12114,110.30901,132.96233,149.26099,156.88298,165.54417,0.012183441780507565,109.8214,7.735463,63.879597,93.424416,16.738438,0.17916556,134.8371,94.56637,104.4125,114.72861,120.13178,130.76155,-0.07564020156860352,93.424416,6.5199094,59.752716,182.04367,89.171074,0.4898334,479.23224,151.85477,223.83627,321.79266,372.97232,447.94974,1.2470208406448364,182.04367,24.665121,357.8224,159.12277,98.13725,0.6167392,501.68686,126.610794,193.39526,306.28714,387.0124,467.82217,1.4670886993408203,159.12277,24.279257,362.48267,0.08067565,0.06718392,0.6032696,0.5871216,0.5871216,203.24582,341.16644,0.595738
qcyd52al,27.99825,34.71868,45.940273,58.488834,67.77872,84.757454,131.87453,13.1075535,32.340416,12.412402,0.38380465,89.98358,29.479471,38.468887,48.220867,55.902218,74.04478,1.2716248035430908,32.340416,4.5719337,66.86514,31.430887,6.7338004,0.2142415,46.971447,32.175827,36.40484,39.464176,42.304398,45.650127,-0.23265239596366882,31.430887,2.507189,20.911636,34.57316,16.806229,0.48610625,126.52337,29.603998,35.941597,59.309868,73.18631,99.49982,2.131542682647705,34.57316,6.8746505,109.19606,25.251127,15.47953,0.61302334,131.87453,21.299072,26.770931,38.040165,56.22259,97.079094,3.2809078693389893,25.251127,5.415268,112.72972,0.014262352,0.15582351,0.9354198,1.244732,0.9354198,63.7713,59.824287,1.0659767
unqr8o1k,121.097374,142.86774,186.33432,217.13852,233.1234,256.84805,277.81238,36.769875,117.45288,18.036674,0.1535652,170.68509,117.381836,130.8211,141.41266,145.82983,152.79463,-0.10746382921934128,117.45288,6.7628565,48.343117,119.949,16.047525,0.13378625,178.89758,118.5784,128.17223,135.48296,150.98605,173.87157,0.6362747550010681,119.949,5.322258,36.64411,120.15604,32.141003,0.26749387,220.47504,111.78209,138.63074,167.17114,185.61089,211.02158,0.8840039372444153,120.15604,8.969229,38.539886,157.49107,51.109543,0.32452342,277.81238,149.93689,195.96896,232.90956,248.93077,267.24197,0.4180257320404053,157.49107,14.921055,108.238976,0.010514309,0.13446939,0.97750294,0.7616241,0.7616241,237.40189,277.6471,0.8550491
jwv2qnrm,101.343056,122.84676,152.1829,179.07066,197.23167,230.8145,288.36926,41.729904,86.7286,17.532606,0.20215484,134.34001,84.92258,99.43373,111.21052,116.46131,128.9529,0.33590805530548096,86.7286,7.3100805,58.80322,100.91862,25.441597,0.25210014,143.98325,100.774475,123.02388,134.15399,138.50015,142.78171,-0.23646047711372375,100.91862,11.741728,85.984024,125.44927,45.415867,0.36202574,288.36926,119.217316,149.86902,184.21248,210.56978,256.5387,0.5548309683799744,125.44927,11.77973,174.69495,111.358894,41.41176,0.3718765,265.803,106.77014,127.84943,169.36012,192.65892,231.37074,0.7419984936714172,111.358894,12.670011,198.27992,0.07562072,0.059501234,0.69134396,0.9062466,0.69134396,187.64722,236.80817,0.7924018
tn29tnyf,127.228195,161.7919,213.13936,270.3355,307.51437,364.33234,420.40738,57.50508,133.26088,24.928408,0.1870647,187.8633,133.87228,151.58025,165.90529,172.91043,181.70554,-0.220111683011055,133.26088,8.075897,90.22627,124.50444,22.501497,0.18072847,188.6899,118.67268,134.57967,162.72849,174.60521,183.6424,0.9749563932418823,124.50444,7.058927,96.69908,127.45096,45.718586,0.35871512,268.89737,121.67717,158.6322,192.50087,210.54362,250.47958,0.6557940244674683,127.45096,13.589975,133.5123,170.64932,90.03967,0.52762985,420.40738,146.96411,231.21837,307.34125,350.71188,396.23428,0.7765192985534668,170.64932,31.072784,324.31088,0.033970587,0.14491218,1.0455855,0.7295923,0.7295923,257.76532,298.10028,0.86469334
m7vh30qb,55.671066,73.94742,96.38061,122.19467,140.86937,164.98505,187.44542,31.869293,61.86579,12.845331,0.20763221,94.81704,61.634453,70.62149,79.52548,85.3591,90.02266,0.24385222792625427,61.86579,4.0346365,45.096706,75.89836,27.527094,0.36268365,163.9148,75.32498,89.21638,112.3826,129.60277,153.82562,0.6006134152412415,75.89836,10.43599,115.77906,48.008587,12.796242,0.26654068,94.53574,45.939148,56.408615,63.430214,71.79173,87.43567,0.8758594393730164,48.008587,2.8406222,32.11197,63.776176,42.217827,0.6619686,187.44542,45.884995,87.274315,134.38828,157.52753,178.33932,1.159497857093811,63.776176,13.297227,161.47037,0.10185937,0.14105313,1.2886401,1.1900738,1.1900738,137.76416,111.78476,1.2324055
kern6yjm,83.32482,117.158615,212.75226,281.3836,318.44644,382.2127,452.00308,52.261696,132.95685,75.12596,0.5650402,388.14285,98.64896,163.05786,261.29007,304.64395,357.28003,1.4301458597183228,132.95685,23.208914,320.97952,117.662056,82.91261,0.7046674,449.8174,84.17747,136.86662,233.28491,311.18683,414.04224,1.9265151023864746,117.662056,26.931265,395.32086,87.61868,44.228497,0.50478387,356.68686,81.26852,94.17238,127.92609,176.99251,286.1967,2.7331290245056152,87.61868,11.297321,292.6199,98.17755,74.989105,0.7638111,452.00308,70.02196,96.95425,187.2783,278.28476,410.62695,2.540832281112671,98.17755,20.517265,385.7478,0.06102809,0.05683037,1.5174487,1.1984619,1.1984619,250.6189,185.79623,1.3488911
k3tgmalw,57.016335,90.87306,126.537735,148.08243,159.16681,174.5268,191.35693,53.247124,81.991684,33.446808,0.40792927,175.66345,75.97644,106.03927,129.5276,144.96684,164.81816,0.525907039642334,81.991684,9.995029,47.71553,42.67405,18.530874,0.43424222,107.36606,44.380672,53.949795,64.43486,75.15302,92.309875,0.4885706901550293,42.67405,6.565213,42.09755,89.02332,45.852535,0.51506203,191.35693,81.1627,123.78096,157.62238,172.75311,183.94583,0.44358187913894653,89.02332,13.086672,32.399757,52.751957,33.636787,0.63764054,169.97484,44.24563,69.90179,103.820145,122.518715,151.97855,1.1247553825378418,52.751957,9.592708,49.19082,0.31538445,0.25583702,0.92101353,0.8089567,0.8089567,124.66573,141.77528,0.87931925
vmb0idd0,60.7398,80.03757,100.254196,110.026924,117.81179,133.9055,155.73436,32.573307,53.901752,16.952106,0.3145001,116.51943,50.845978,63.738693,77.05228,86.38289,103.17339,0.9066281318664551,53.901752,4.8478804,33.002895,55.248833,18.32436,0.33166963,116.175995,50.15925,67.26966,82.722916,89.96969,106.63347,0.8769126534461975,55.248833,5.1039333,52.24128,75.712585,24.469534,0.3231898,147.65462,73.00658,93.90225,109.87244,118.71344,133.74814,0.42915967106819153,75.712585,6.2277455,74.65593,74.76691,23.098179,0.30893585,155.73436,69.19628,88.08495,107.28946,118.56128,143.08533,0.9333420991897583,74.76691,5.825799,101.351685,0.0123414835,0.0062844357,0.7119259,0.7389477,0.7119259,109.15059,150.47949,0.7253519
wpj8yi34,75.30515,99.64749,117.70192,128.63823,135.16835,145.13188,162.8654,42.44821,87.32604,20.623346,0.2361649,126.514626,90.884674,103.39178,112.07102,116.784355,122.50823,-0.4491928517818451,87.32604,6.5560164,69.132126,62.150597,16.069517,0.25855774,112.724045,62.2636,71.843445,84.42953,89.22491,100.41322,0.15483656525611877,62.150597,5.96678,63.344765,92.155365,31.56571,0.3425271,158.78957,94.33013,119.83658,133.05498,140.04758,148.86198,0.023236632347106934,92.155365,9.959473,72.09031,71.461716,28.633665,0.4006854,162.8654,67.281364,90.01948,111.365425,125.40329,150.35577,0.6599359512329102,71.461716,9.770748,47.77689,0.16842395,0.1264761,0.94759583,0.8697048,0.8697048,149.47664,163.61708,0.913576
0sqcnf9w,29.543514,46.57896,81.16868,103.47264,120.0526,139.9735,160.77281,24.57101,59.975304,32.44896,0.5410387,160.77281,49.836067,78.281006,109.51634,129.22968,151.77254,1.0570589303970337,59.975304,10.869313,142.02176,39.057716,18.616203,0.47663316,126.28575,33.616783,43.361603,61.330666,77.83274,112.374405,2.033203125,39.057716,5.62248,94.87637,34.17577,26.04,0.76194334,151.74252,25.028769,31.661274,65.89453,102.082214,139.4215,2.618985891342163,34.17577,6.3545957,120.639145,26.458134,18.65558,0.70509815,129.72057,21.573172,29.114325,44.00171,67.90409,109.121506,2.716789484024048,26.458134,3.604902,95.234695,0.21121831,0.12728252,1.7549071,1.4762083,1.4762083,99.03302,60.633904,1.6332945
5n9c70pa,44.146782,60.052834,94.466805,116.81555,128.64833,153.14856,184.8413,24.40982,56.292206,23.507542,0.41759852,129.38254,47.308105,67.569305,92.89435,109.2508,124.2597,1.250006079673767,56.292206,6.912384,83.859146,45.129047,12.023883,0.26643333,73.605034,43.620705,54.695015,62.21417,65.227295,72.04611,0.3208911716938019,45.129047,4.2365136,36.67389,62.32355,34.075558,0.5467525,184.8413,48.895905,76.076996,119.48072,135.4665,166.21642,1.3739941120147705,62.32355,13.260155,142.84534,49.106308,30.669909,0.6245615,178.43929,37.78487,52.25974,93.23409,124.396484,159.69852,2.0076687335968018,49.106308,9.058566,126.307014,0.110067256,0.11861492,0.90322524,0.9190071,0.90322524,101.42125,111.429855,0.9101802
8jx54peg,125.73261,151.69424,250.7806,341.006,398.99222,501.76486,610.01086,41.81578,115.97984,27.11389,0.23378105,265.2238,115.47073,127.100426,139.98636,161.77312,218.7689,1.5294045209884644,115.97984,8.878627,140.84207,131.21362,42.40778,0.32319647,288.95377,123.36189,142.56532,193.18605,224.12823,269.94894,1.3924212455749512,131.21362,14.065287,204.99753,141.52875,64.95355,0.45894247,449.75482,126.243744,140.755,222.61623,292.4772,398.28653,2.254549264907837,141.52875,17.474148,334.71506,202.90929,116.95975,0.576414,610.01086,146.98637,251.11443,387.718,470.32486,562.65375,1.46848464012146,202.90929,42.079414,511.41595,0.061626952,0.17820488,0.81947905,0.6466615,0.6466615,247.19347,344.43805,0.71767175
jks4i2nr,50.38503,76.37421,120.13359,162.27876,186.1371,226.62811,265.53506,37.470665,65.98406,23.82362,0.3610511,176.53012,57.815296,79.193726,93.972626,112.42482,153.39137,1.474181890487671,65.98406,6.9171624,113.36098,84.37584,54.76973,0.6491163,260.42545,62.549572,109.69777,176.04758,205.47275,242.9282,1.300620436668396,84.37584,15.086529,179.45036,51.39596,21.634094,0.42092985,174.0356,45.298683,52.554943,73.69912,94.80076,150.30167,2.8488662242889404,51.39596,4.853646,113.865814,62.77752,52.296318,0.83304214,265.53506,38.815346,76.78671,143.29427,185.33978,233.99927,1.7677583694458008,62.77752,12.519062,202.05305,0.12231837,0.099686526,1.2838374,1.3440454,1.2838374,150.3599,114.17348,1.3169425
1p02jyv6,67.58963,79.74452,91.09935,98.006714,103.8129,112.0033,124.714714,27.421516,60.76225,19.62497,0.32297963,100.320076,61.46657,77.99258,86.21412,90.60256,96.24502,-0.04420983046293259,60.76225,5.648737,53.49947,78.75672,18.653687,0.23685199,120.830475,78.79301,92.6933,104.27113,109.95364,116.60729,0.04874391481280327,78.75672,6.624449,50.505695,67.41982,20.822401,0.30884686,124.714714,67.228745,81.03546,93.42296,101.44967,115.14724,-0.029149385169148445,67.41982,6.2151766,41.77444,62.63646,16.337656,0.260833,95.38712,66.23897,73.62461,81.99754,86.52386,93.4006,-0.40349793434143066,62.63646,6.551943,65.390465,0.1289751,0.03677918,0.901252,1.2573622,0.901252,139.51897,130.05627,1.0727584
yjoaoejv,63.864693,88.895386,142.57802,185.06848,208.85295,233.78069,265.3817,38.375023,83.426094,35.48162,0.42530602,240.09656,75.03718,99.92795,128.00697,155.02545,207.17596,1.4445865154266357,83.426094,11.011315,167.28056,60.582977,14.585572,0.24075364,105.60512,59.444347,70.370895,79.36376,85.8236,102.59194,0.4149351119995117,60.582977,5.222629,38.997353,98.31272,62.55804,0.63631684,265.3817,63.043003,142.02237,208.59222,226.07364,249.75221,1.0674890279769897,98.31272,20.799465,213.69884,69.75803,41.166985,0.5901397,246.08615,59.072433,83.67638,125.581985,162.0559,210.67123,1.6155767440795898,69.75803,13.294931,216.38385,0.15862277,0.16989683,0.8485788,0.8684731,0.8485788,144.00906,168.07076,0.85683596
9lhalckz,93.819244,122.52135,156.74527,197.11212,227.63205,279.91943,340.5595,46.854355,93.94711,25.923576,0.27593797,153.55121,91.58177,113.10331,128.96413,139.48926,149.96756,0.1624920666217804,93.94711,7.9320836,66.8119,89.90819,23.75966,0.2642658,151.00188,90.096664,104.206245,123.06798,132.00327,142.86781,0.15676265954971313,89.90819,8.234579,73.135956,102.961136,30.377043,0.29503408,211.69698,93.988365,121.16428,147.33275,158.56241,198.2936,0.9947853088378906,102.961136,8.34068,114.253685,124.02208,69.746216,0.56236935,340.5595,108.00894,163.76501,227.37175,263.2881,313.49457,0.8305807113647461,124.02208,22.007793,243.30594,0.021967957,0.09278635,0.91245216,0.72493696,0.72493696,183.8553,226.98322,0.8099951
3vwlo7am,54.585907,63.870384,76.08684,81.95395,84.62205,88.15305,93.659134,16.306252,62.36886,12.952793,0.20768046,91.083084,62.10901,71.57999,80.23126,84.732315,89.071304,0.053326040506362915,62.36886,2.8810833,27.538513,53.531925,6.1003523,0.11395727,67.16336,53.11121,58.73647,61.540405,63.923454,66.187675,0.1752730906009674,53.531925,1.6075636,14.986198,60.62636,12.981966,0.21413071,93.659134,56.729572,70.653015,80.96207,84.13126,90.15324,0.5553054809570312,60.62636,3.5039196,46.961643,51.226807,11.401179,0.22256276,89.09436,48.597176,56.21571,68.12023,75.82423,85.98369,1.1505907773971558,51.226807,3.6693776,49.90919,0.07624567,0.08403477,1.0287416,1.0449983,1.0287416,115.90079,111.853165,1.0361869
mpq0hzyj,69.878265,102.04769,179.99777,227.95078,253.97346,293.26846,326.83884,44.091793,71.19634,20.129309,0.28272954,168.42455,66.2566,76.32841,96.154655,115.275406,149.50398,1.8928955793380737,71.19634,4.449906,30.388908,63.37896,10.452782,0.16492511,90.834885,62.458668,69.76018,79.101395,83.03436,87.54129,0.32485049962997437,63.37896,3.7442088,27.45126,135.1052,69.962425,0.5178367,325.9446,117.332924,185.48177,241.79419,268.36087,304.13037,0.7029359340667725,135.1052,22.670282,240.14763,95.33859,64.01315,0.6714296,326.83884,72.691154,116.35565,188.2836,242.95735,304.87097,1.5820940732955933,95.33859,16.317322,234.07516,0.058089282,0.1725653,0.5269697,0.6647776,0.5269697,134.5753,230.44379,0.5839832
b48wumh9,25.727478,39.38772,88.30335,129.40497,151.7842,180.12802,210.48688,18.715256,57.47682,50.056942,0.8709066,210.48688,30.426956,78.538345,145.0598,170.68547,194.52946,1.359076976776123,57.47682,15.503731,155.2026,54.596027,38.45476,0.7043509,195.02983,38.736004,70.966736,112.969826,139.94269,174.8275,1.4760732650756836,54.596027,11.282858,119.53645,23.351553,16.739265,0.71683735,116.95802,18.785772,24.199545,39.364464,61.689106,96.72116,2.932827949523926,23.351553,3.4174297,60.48571,27.17116,10.669708,0.39268506,105.164795,24.768002,29.223484,36.204247,45.119072,75.21098,3.1807873249053955,27.17116,2.492406,30.613668,0.025704661,0.07560178,2.4613705,2.0093374,2.0093374,112.072845,50.522713,2.2182665
nklybwgm,30.989267,41.675972,52.025726,58.995598,64.0605,75.78911,120.35739,18.30828,35.594913,14.371819,0.40376046,72.28341,32.99972,45.570835,57.504017,62.950302,68.1992,0.5519412159919739,35.594913,5.1208973,47.53476,34.85609,12.321022,0.3534826,77.11721,34.684483,42.409927,50.1281,55.867783,70.27224,0.4519033432006836,34.85609,4.1237755,56.55314,37.084076,13.261629,0.3576098,120.35739,34.3424,44.023678,51.66012,57.660175,86.67691,1.8537101745605469,37.084076,4.5911727,80.95715,28.512371,13.534075,0.47467378,113.83119,25.794136,33.94333,44.326477,53.468273,79.44361,1.87220299243927,28.512371,4.557439,88.34007,0.010487046,0.1306733,0.95984364,1.2224901,0.95984364,70.451004,65.59645,1.0740063
p9a9uri7,52.32263,64.111084,75.33352,82.19589,85.4593,94.68045,105.93771,21.532604,49.260143,10.66551,0.21651399,72.44239,49.830353,57.046288,63.321808,66.10105,70.07971,-0.18656665086746216,49.260143,3.311946,41.01481,45.578903,9.806367,0.21515144,80.46918,43.396393,50.63066,59.74353,64.80017,76.12689,1.0337905883789062,45.578903,3.0446482,34.91342,55.430305,13.573141,0.24486859,88.17893,55.19025,65.89553,73.583374,76.59025,82.79313,-0.021167244762182236,55.430305,4.364215,40.49104,63.774208,16.926472,0.2654125,105.93771,64.053566,76.7379,85.08941,91.90385,100.03975,0.09927447885274887,63.774208,5.647515,46.24405,0.03881566,0.069996536,0.8886861,0.7146918,0.7146918,94.83905,119.20451,0.7955995
ev4dh9ug,62.477985,86.437546,167.68382,218.08849,246.263,293.8906,348.57306,34.160202,81.57286,40.460423,0.49600348,226.07782,66.50642,92.27249,147.8066,174.9457,215.28688,1.585005760192871,81.57286,11.573833,145.32858,153.54309,84.20516,0.5484139,348.57306,143.80885,223.67377,270.50076,296.41187,333.59512,0.33230355381965637,153.54309,33.875923,268.33435,57.142353,14.3095255,0.2504189,101.58004,57.32746,66.8427,74.328995,80.64696,95.82327,0.3278176486492157,57.142353,3.918782,35.125504,64.432434,24.404127,0.37875533,203.20874,56.50212,67.46218,92.45333,118.64923,170.58989,2.6644773483276367,64.432434,5.564582,88.91211,0.30610526,0.05996376,1.4275377,2.3830094,1.4275377,235.11595,121.57478,1.9339204
f10oo1pv,41.01643,48.418118,58.289913,74.04946,85.37695,104.72668,132.16437,16.77589,42.57227,14.646899,0.34404787,110.6618,42.070614,48.20657,54.187622,70.235725,97.764656,1.5542057752609253,42.57227,5.2798715,77.333534,44.09067,13.526224,0.306782,99.95884,42.94292,51.260323,59.87837,69.52256,86.535225,0.8260969519615173,44.09067,4.676579,58.788486,44.477562,19.692574,0.442753,132.16437,41.628147,50.03113,64.546394,86.750824,119.01717,1.875887155532837,44.477562,8.145262,104.59895,39.825016,14.779318,0.3711064,118.48639,37.43045,44.46481,53.65523,67.478935,100.782486,2.0738863945007324,39.825016,5.7740064,97.072044,0.017520778,0.055188652,0.95716286,1.1071099,0.95716286,86.66294,84.30258,1.0279987
lnd581lt,67.430145,79.10271,95.84814,105.1509,109.78124,118.23186,136.92303,29.921074,59.731556,17.271757,0.28915632,105.373764,60.929733,72.327484,80.77044,86.86414,98.8641,-0.000707972445525229,59.731556,5.8872952,58.78712,70.753174,11.367673,0.16066661,99.3884,71.934425,77.65928,83.221405,87.934425,95.35038,-0.6369538903236389,70.753174,3.7655458,38.60672,70.308334,25.6737,0.3651587,124.140335,72.15177,89.45967,106.27554,111.496994,119.62691,-0.03140902891755104,70.308334,8.501203,94.309456,65.26685,26.30294,0.4030061,136.92303,63.64757,84.17313,103.40204,109.56932,125.039375,0.30635666847229004,65.26685,10.048318,107.055725,0.084466726,0.037185866,0.8495658,1.0840598,0.8495658,130.48473,135.5752,0.96245277
o4rq3q7g,45.814194,70.15831,97.81489,126.67769,148.46077,185.85677,238.3911,37.937054,62.634003,24.211857,0.38656092,162.17256,58.880264,80.245766,94.970505,103.785904,126.25644,0.6439557671546936,62.634003,8.220844,113.03795,47.90743,16.546824,0.3453916,89.03223,44.736946,60.357346,72.545616,77.659424,85.42312,0.450816810131073,47.90743,4.209571,48.79903,74.6336,53.376488,0.7151804,238.3911,56.05039,108.5073,158.38098,182.58731,219.59259,0.9472667574882507,74.6336,17.299248,191.44261,40.26977,22.020376,0.5468215,141.99707,35.655144,48.862206,67.96456,87.52383,118.52738,1.6273528337478638,40.26977,6.6975813,48.006832,0.13322222,0.2990672,0.8392199,1.1896623,0.8392199,110.54143,114.903366,0.9620382
ktmqg6nx,83.8706,142.63004,233.75401,295.7901,331.3251,382.03952,430.08334,81.23898,77.20272,30.492424,0.39496568,189.38805,68.67189,89.57628,121.18117,141.83994,171.99283,1.275773525238037,77.20272,7.512908,28.156578,68.324844,21.334488,0.31225082,153.05167,65.249596,81.04874,93.87557,107.94695,136.13258,0.9297653436660767,68.324844,7.4047456,46.010204,149.40163,78.413536,0.5248506,401.39236,134.96375,200.48062,259.84717,304.37955,365.89798,0.8329757452011108,149.40163,22.746359,152.19408,152.34741,99.398415,0.65244573,430.08334,119.911285,213.4207,316.25787,354.51205,410.6661,0.929479718208313,152.34741,21.729244,251.789,0.061004777,0.00976237,0.51674616,0.44848052,0.44848052,145.52756,301.74902,0.48228014
9owwew9v,106.01993,139.34311,230.80644,304.52612,341.8281,410.2306,485.8505,56.395096,105.31279,32.635895,0.3098949,239.58072,95.34746,122.03627,151.25812,172.79724,218.03271,1.370553731918335,105.31279,7.932221,86.49451,95.06514,23.07672,0.24274638,143.4677,92.15445,114.369934,129.37933,134.2517,140.0052,0.3085601329803467,95.06514,6.4228034,50.226555,192.97458,103.35396,0.53558326,485.8505,171.3385,264.53082,345.63574,397.07202,437.86737,0.6914703249931335,192.97458,29.310503,336.818,123.332375,60.231785,0.4883696,441.90472,109.56137,132.91093,193.55429,257.94745,368.511,2.2336342334747314,123.332375,12.28715,280.79083,0.051141612,0.22017285,0.545734,0.7708044,0.545734,200.37793,316.30695,0.63349205
08liuqdn,43.1015,63.86138,108.22284,152.54774,180.22348,221.71048,257.70425,33.96279,57.53386,28.153324,0.48933488,172.96799,48.33304,68.75862,96.9456,117.79793,155.1873,1.5654993057250977,57.53386,7.4476275,99.866714,35.99994,12.790027,0.35527912,69.01812,35.575962,45.22811,53.428925,57.89721,65.25137,0.27951863408088684,35.99994,4.9458013,49.28138,88.162575,65.28557,0.7405134,257.70425,63.13197,132.75092,192.99817,217.15227,246.89822,0.8435180187225342,88.162575,19.579548,216.10184,42.682907,19.818378,0.46431652,118.1028,38.497833,53.90384,69.73743,81.44957,102.663216,0.9686400294303894,42.682907,6.1919246,29.627558,0.23022608,0.347583,0.65258825,0.84342754,0.65258825,93.5338,130.84549,0.7148416
05xt54fn,108.3195,186.89993,275.60892,332.5832,369.96735,438.0777,528.0626,110.89432,148.90634,76.80446,0.5157904,377.3338,117.673065,202.63364,271.44763,303.16458,351.01932,0.94927978515625,148.90634,20.989391,187.8953,192.2371,96.745445,0.503261,500.4419,171.48141,245.59918,342.96567,386.19373,463.02512,0.9342859387397766,192.2371,31.247528,146.6359,84.522896,50.25764,0.5946039,347.77618,64.639,86.54318,153.9463,199.9997,280.54538,2.4106826782226562,84.522896,8.002652,98.460236,151.39107,99.769936,0.65902126,528.0626,114.17503,184.89133,304.07834,380.51907,479.43536,1.5803959369659424,151.39107,21.728207,117.22911,0.12701626,0.28344303,1.7617279,1.2698048,1.2698048,341.14343,235.91397,1.4460502
5g77lk6h,100.94072,126.16766,172.44188,212.33739,241.01697,287.57562,336.40323,44.826675,103.01089,14.404443,0.13983418,144.14328,102.282196,112.25806,124.539085,129.48741,135.96648,0.36843425035476685,103.01089,4.5126977,35.789436,84.00022,16.213186,0.19301361,136.04636,80.4121,96.86078,107.985085,112.15555,122.975975,0.5921562314033508,84.00022,6.4746046,75.39484,153.74458,63.70573,0.41436082,336.40323,144.96222,190.04913,248.35013,280.429,318.1979,0.6672620177268982,153.74458,17.32536,133.546,106.61769,39.348965,0.369066,278.17368,97.606186,125.3744,158.78676,186.87714,235.71071,1.3909965753555298,106.61769,9.788064,79.56447,0.101655275,0.18100508,0.6700131,0.7878638,0.6700131,187.01111,260.36227,0.7182727
qiv929se,43.388878,55.71168,75.86505,98.963585,114.75258,137.36746,163.07669,19.42126,48.30162,9.695038,0.20071869,78.29313,46.683884,55.547195,61.96561,65.05936,72.223816,0.46846243739128113,48.30162,3.4263992,39.183884,42.837708,9.164527,0.21393599,75.54764,40.355198,48.36699,55.717167,60.55137,69.75297,0.917310893535614,42.837708,3.343221,36.02217,50.638847,19.801308,0.39102998,127.357605,43.63033,56.75726,80.44309,94.00117,116.600876,1.567341923713684,50.638847,5.076187,76.88013,54.528133,34.156166,0.6263953,163.07669,38.760124,71.13632,111.36943,131.9857,151.47746,1.3139491081237793,54.528133,10.372745,110.36743,0.05995121,0.036982007,0.9538452,0.78560746,0.78560746,91.13933,105.16698,0.8666155
vl7fq8ab,38.083572,49.123863,66.75582,84.71144,95.32924,113.50932,138.92125,20.411678,44.65349,10.163762,0.22761407,79.32672,42.68876,51.243023,59.77368,63.57119,70.673096,0.6565192341804504,44.65349,3.8444312,27.91978,44.15308,18.791979,0.4256097,107.71478,41.581776,53.192238,70.03484,81.56364,97.94103,0.8482204079627991,44.15308,6.3025966,47.909565,35.142754,11.296256,0.32143912,87.250595,32.883526,39.069244,48.02305,58.006977,80.2799,1.8503080606460571,35.142754,2.5978534,20.87933,44.53529,28.686047,0.64411944,138.92125,31.891222,57.67179,91.73987,107.643524,127.80065,1.3359190225601196,44.53529,7.746649,73.669365,0.005634811,0.11788111,1.2706314,0.9914178,0.9914178,88.806564,79.67804,1.1145676
y595cpjz,36.227432,45.933014,62.030773,74.81693,86.20536,114.88409,165.49847,17.611494,45.746758,16.918718,0.36983427,125.24839,41.79644,55.89939,69.942825,77.22236,95.058876,1.0035232305526733,45.746758,6.371589,90.76637,36.867847,9.126416,0.24754405,84.272095,35.761574,40.886112,48.389618,54.752895,63.56547,1.1492359638214111,36.867847,2.8792667,30.430634,43.5709,23.356125,0.5360487,165.49847,38.586388,49.59442,66.75648,93.54029,140.01004,2.2115705013275146,43.5709,7.9981074,125.83475,35.30745,18.210032,0.5157561,151.07112,30.354012,38.765697,50.576725,72.230576,114.02048,2.8640389442443848,35.30745,6.2042136,112.17009,0.10747385,0.104761966,1.0499383,1.0441946,1.0441946,82.61461,78.87835,1.0473673
e1xtar0k,83.65329,118.39521,203.14413,289.81134,351.13095,446.98492,548.4518,64.6193,173.01714,115.40662,0.6670242,548.4518,131.63228,226.53737,359.198,427.0794,512.1021,1.3001316785812378,173.01714,37.154182,479.61295,85.89175,43.491684,0.50635463,232.90349,81.94754,110.58672,144.37251,167.10464,219.85977,0.939892053604126,85.89175,14.78095,115.07413,94.407364,60.70002,0.6429585,371.821,73.583755,106.14453,175.73395,234.53749,327.33957,2.0818607807159424,94.407364,15.670145,272.5043,65.320175,32.361843,0.4954341,193.86888,58.41097,91.30692,108.18839,119.54604,149.02744,0.6642466187477112,65.320175,11.301577,100.380585,0.33650985,0.18210503,1.8326657,1.3149344,1.3149344,258.90887,159.72754,1.6209407
o31nzsxp,20.789757,27.327969,32.180973,34.74783,36.3303,38.633354,65.04875,12.653444,26.325264,6.0754704,0.23078479,65.04875,26.086895,29.420223,33.28079,35.50595,48.208084,1.314717411994934,26.325264,2.7770412,37.71086,21.100294,7.1279054,0.33781072,53.562027,19.77888,26.509811,31.194794,33.06845,39.07405,0.6929792761802673,21.100294,3.0231507,30.723404,24.6867,7.858074,0.31831205,39.43221,25.446115,30.934189,35.198883,37.15632,38.589508,-0.04266528785228729,24.6867,2.3390734,13.963488,14.624835,4.9578676,0.33900332,33.82621,13.427929,17.60516,21.552797,24.015924,30.230146,1.0851408243179321,14.624835,1.5338353,17.051971,0.110172026,0.255952,1.0663743,1.4427714,1.0663743,47.42556,39.311535,1.2064031
efj31ego,59.278442,84.88409,127.85193,151.99692,163.1435,186.16153,212.83287,37.212563,56.18268,17.925808,0.3190629,141.85535,52.42701,61.51184,77.57307,91.14078,123.57845,1.6996700763702393,56.18268,4.4315715,24.443169,48.565693,13.507801,0.27813464,118.944176,45.927067,53.264336,64.71188,75.17948,97.29076,1.7349880933761597,48.565693,3.812739,18.396141,83.9578,30.566738,0.36407262,176.00822,72.811646,100.489105,132.41495,150.46048,167.15787,1.0857380628585815,83.9578,8.846891,58.1817,91.02416,45.529835,0.500195,212.83287,79.09718,123.25048,160.1205,181.15509,202.08472,0.6963465213775635,91.02416,13.492492,154.5379,0.07271698,0.040383365,0.6691776,0.5335473,0.5335473,104.74837,174.98196,0.5986238
m62hdxc6,32.12047,39.937572,50.137905,56.073254,60.043274,77.01331,129.9141,16.090803,44.08769,13.594256,0.30834585,129.9141,41.529972,50.58886,57.002945,64.67517,99.56637,2.1513946056365967,44.08769,5.4678397,85.69842,32.78041,12.247635,0.37362665,106.24702,31.807491,38.672916,46.01474,52.747993,73.99826,1.4942989349365234,32.78041,4.921005,68.365074,32.119675,10.938342,0.3405496,89.84902,31.380297,37.599953,44.585133,49.90907,66.56732,1.0186610221862793,32.119675,3.6017027,47.227566,25.361734,8.158359,0.32167983,73.20189,23.52684,30.752283,35.860584,38.215168,48.942097,1.1054211854934692,25.361734,3.5707672,37.500134,0.14709973,0.11756741,1.372607,1.2925146,1.2925146,76.8681,57.481407,1.337269
rijkq2zu,30.747503,39.45805,53.849415,71.261345,81.53391,94.066666,123.40857,15.8245125,39.07337,13.090404,0.33502108,95.87624,36.85544,44.937572,53.14638,65.010544,86.18325,1.4360049962997437,39.07337,5.01429,58.81748,37.145527,16.247211,0.4373935,93.95923,33.760777,41.46206,61.21671,74.43741,89.64779,1.3384521007537842,37.145527,5.448305,62.7301,35.478252,20.322668,0.5728204,123.40857,30.324936,39.12256,61.455666,86.57408,105.63315,1.8973119258880615,35.478252,6.8705673,84.94089,27.848473,14.21254,0.51035255,109.95064,24.576237,28.646622,42.0436,57.88681,91.409065,2.822021007537842,27.848473,4.272986,69.935394,0.025293529,0.12048278,1.101333,1.3338443,1.101333,76.2189,63.326725,1.2035819
v1fkhnnk,30.1499,45.686367,76.24654,100.412735,119.18612,149.09125,174.764,24.387611,43.336567,27.057037,0.62434655,168.68634,33.26343,44.47675,80.40189,108.370964,146.80397,2.300910472869873,43.336567,7.7714496,133.75632,37.907223,14.692225,0.3875838,106.71732,31.400661,45.674423,60.482216,67.02251,82.08229,1.3923102617263794,37.907223,4.969198,64.20502,43.001232,37.56254,0.87352234,174.764,27.817902,48.83075,103.951965,135.50327,165.98514,1.8053385019302368,43.001232,10.833585,156.56885,32.765984,26.57504,0.8110558,127.4655,20.415718,46.074142,75.40838,88.50135,116.01466,1.337551474571228,32.765984,8.393168,108.842545,0.066827804,0.1350881,1.0077983,1.1569078,1.0077983,81.24379,75.76721,1.0722816
8fwrpk0z,44.250244,59.607216,75.60807,90.96478,106.82597,149.05447,255.05376,26.250816,62.52349,20.515957,0.32813197,216.21716,61.055767,69.92392,80.737434,93.63973,141.30298,2.388047218322754,62.52349,7.617361,161.84709,68.904274,35.511757,0.5153781,255.05376,57.63528,83.02124,108.15103,143.22293,202.46115,1.9818644523620605,68.904274,15.242216,195.46555,36.3933,11.47585,0.31532866,67.08251,36.47495,43.977913,51.875896,57.180202,63.21866,0.2612764537334442,36.3933,3.3212993,38.86682,35.09876,12.662244,0.36076045,89.81723,34.101402,43.50325,52.046986,56.33735,70.33353,0.7066380381584167,35.09876,4.661636,59.689247,0.048549734,0.018107472,1.7179946,1.9631542,1.7179946,131.42776,71.49206,1.8383547
fknwbhkv,75.27118,120.596794,178.98257,210.24837,226.77374,246.93616,271.65875,66.945465,119.200836,55.102406,0.46226525,256.8257,104.136986,160.71056,205.447,225.45316,244.57666,0.6451560854911804,119.200836,15.86429,145.74295,138.06604,51.60472,0.3737684,271.65875,124.1734,169.84105,220.93773,244.06679,265.21198,0.7988591194152832,138.06604,16.575907,55.96631,58.807716,20.93166,0.3559339,173.18727,53.57004,64.939545,82.97259,99.44553,139.71996,2.0400872230529785,58.807716,5.001163,27.823704,71.44235,37.242867,0.52129954,234.77045,58.510395,80.84444,125.53328,155.02522,206.67007,1.874801516532898,71.44235,7.968285,67.67145,0.073329315,0.097002916,2.0269592,1.9325517,1.9325517,257.26688,130.25006,1.9751766
jz09owgm,15.171427,22.13904,36.968395,49.755882,57.464977,69.260574,83.20262,10.151183,22.601578,12.899762,0.57074606,65.84069,17.572632,29.832758,42.053627,50.49614,61.049545,1.2262146472930908,22.601578,4.630302,54.0138,16.432436,6.0356545,0.36730126,40.204258,15.044939,20.013182,24.822796,27.921213,34.186703,0.9628258943557739,16.432436,1.6271613,19.671844,24.277975,17.96373,0.73991877,83.20262,16.51061,25.541805,57.573883,67.06061,78.31548,1.6556116342544556,24.277975,5.317597,68.31607,16.082758,8.483293,0.5274775,57.800438,13.159562,18.082314,26.345755,36.010838,49.63774,2.2655580043792725,16.082758,2.0079448,37.796867,0.15804529,0.20304926,0.93094987,1.0217425,0.93094987,39.03401,40.360733,0.9671284
f4ln5rgs,92.90764,139.37656,218.72214,275.46823,312.11542,373.6045,420.3327,65.329865,134.93861,53.592674,0.39716336,355.77313,119.34092,159.87068,213.69208,244.64763,306.3622,1.2669461965560913,134.93861,15.3116,198.9446,119.01132,67.08088,0.56365126,379.71902,96.39656,134.1169,215.78825,275.56628,352.1886,1.7283194065093994,119.01132,18.610727,272.6068,107.16255,62.505882,0.58328104,384.52194,85.90106,103.84605,194.8408,263.5601,342.63965,2.244640350341797,107.16255,14.105143,222.08937,112.95764,84.83149,0.75100267,420.3327,75.032364,125.21364,244.74673,320.39954,390.4416,1.8895126581192017,112.95764,20.4834,292.43814,0.062718235,0.026326934,1.2591956,1.0535924,1.0535924,253.94994,220.1202,1.1536876
g6a8mlik,43.35513,59.077312,95.079544,118.9394,137.25067,171.5091,214.28688,24.004166,42.76176,12.7168,0.29738718,96.173485,39.963116,47.623756,61.1081,67.361015,85.88956,1.224441647529602,42.76176,3.978963,29.85554,39.479977,9.999077,0.25326958,78.498474,38.80683,46.713295,52.204525,54.200512,65.674225,0.5296181440353394,39.479977,3.0026128,17.41367,58.459236,37.31668,0.6383368,214.28688,43.27685,66.57493,113.09861,139.9085,189.64821,1.825820803642273,58.459236,11.488163,182.22507,67.629005,35.19679,0.52043927,204.18411,56.876316,85.7348,118.60811,139.51334,180.17725,1.2436619997024536,67.629005,10.079156,169.4773,0.039904118,0.07272501,0.73148,0.58377284,0.58377284,82.24174,126.08824,0.6522554
22xmq664,56.75336,78.933716,113.16624,141.89589,156.99509,180.24355,196.08841,40.293015,83.7572,33.4936,0.39988917,193.80772,76.59813,101.405975,132.571,151.97246,178.76442,0.8147011995315552,83.7572,11.739886,147.97997,60.0499,19.867714,0.3308534,120.85378,57.98058,72.22522,87.14834,94.46329,107.977715,0.21589253842830658,60.0499,6.6715436,77.271805,68.8437,47.24835,0.68631333,196.08841,50.069145,92.00453,150.95128,171.057,189.81859,1.1288834810256958,68.8437,13.743962,168.28241,44.27172,21.525503,0.4862134,130.07806,42.965492,56.182663,68.604614,86.12537,119.30544,1.0395578145980835,44.27172,7.3684382,88.986115,0.16485488,0.21722923,1.2166284,1.356394,1.2166284,143.8071,113.11542,1.2713307
42sihxod,119.62108,188.92636,269.08932,307.65125,336.10388,381.35568,432.81473,99.45743,187.85562,84.209175,0.4482654,432.81473,179.266,252.22736,299.3204,334.86188,401.72583,0.4790239632129669,187.85562,27.320095,150.28867,147.24698,68.06943,0.46228063,411.64578,128.95917,179.40288,241.73299,290.72424,366.01138,1.3600175380706787,147.24698,16.678986,113.081856,123.026764,68.59305,0.5575457,419.65756,94.76584,138.16974,221.75528,280.387,375.1457,1.9435713291168213,123.026764,11.652038,67.424805,133.92226,69.86329,0.52167046,417.48825,107.61128,154.12408,238.80696,296.2538,374.07465,1.6868046522140503,133.92226,15.942201,70.61168,0.12118272,0.04240332,1.5269492,1.099496,1.099496,335.1026,256.94904,1.3041598
lctt058c,81.41521,105.202896,143.9655,166.69498,181.7502,206.19252,238.38805,45.056793,77.04685,23.635973,0.30677402,157.23126,78.13707,93.202866,105.71733,114.48643,134.72629,0.1732214242219925,77.04685,8.169739,92.662926,86.60947,34.16431,0.39446393,192.55444,80.67263,100.799095,139.6526,154.11165,179.81897,0.8788866996765137,86.60947,10.967845,100.96586,83.53792,33.66574,0.40299952,188.90051,81.411095,103.79224,128.46411,146.37956,173.269,0.43132731318473816,83.53792,8.917015,131.89543,99.750916,51.802654,0.5193201,238.38805,87.85217,136.67776,179.06172,196.37556,223.77475,0.5897786617279053,99.750916,16.308064,140.12436,0.058431078,0.088456005,0.92229795,0.86825734,0.86825734,163.65631,183.28883,0.89288753
uij0yxiy,50.71295,62.25201,79.9752,96.44618,107.704956,144.52016,222.15752,19.528477,59.467484,22.972902,0.3863103,222.15752,54.214844,63.15259,82.646385,102.94189,154.76082,2.7743544578552246,59.467484,8.158008,157.45749,52.0551,11.593872,0.22272308,87.186386,50.248463,60.776066,67.694954,72.51388,79.41198,0.2952834963798523,52.0551,5.0316205,61.1484,63.363014,28.775639,0.45413935,202.5549,55.582916,72.96286,100.34096,119.8767,164.02928,1.7088395357131958,63.363014,8.8146105,145.52113,45.72234,19.241283,0.42082894,104.122986,45.011017,54.171158,72.2634,84.86395,99.030975,0.6080162525177002,45.72234,6.5524545,84.652374,0.06646532,0.16171442,0.93852043,1.1385047,0.93852043,111.52258,109.08536,1.0223423
qbvtdg3c,36.904007,42.865425,48.987988,53.184715,56.446285,65.055214,76.014626,12.406651,37.506817,9.225018,0.24595575,71.36843,37.665447,43.044395,49.442593,52.41387,60.255844,0.10371281206607819,37.506817,3.719408,56.18541,34.556355,9.417767,0.27253357,56.801216,33.620094,42.5032,47.631577,49.61716,53.351543,0.14096365869045258,34.556355,3.3773339,33.84519,43.134033,8.681754,0.20127387,76.014626,41.48235,46.862347,54.618206,61.746574,69.67756,1.1707537174224854,43.134033,3.0044813,34.600857,32.800747,9.281462,0.28296494,66.456604,33.097694,38.930748,43.836796,48.032635,58.9742,0.3378279507160187,32.800747,3.0901642,35.587227,0.04094272,0.13608107,0.86954117,1.0535234,0.86954117,72.06317,75.934784,0.94901395
6scivuqt,34.9556,43.22194,51.001396,59.564262,67.73103,83.016556,116.033554,14.507574,46.037693,15.999887,0.34753886,116.033554,43.250435,52.115368,67.959175,79.06264,98.30214,1.3131623268127441,46.037693,6.7401943,90.93466,32.640198,11.570005,0.35447106,75.28974,29.217724,37.19424,49.646114,57.365147,68.32503,1.3072518110275269,32.640198,4.037472,45.580353,38.143192,6.121858,0.16049674,54.242924,37.342506,42.534714,46.572567,48.9439,51.430256,0.23260943591594696,38.143192,2.4540577,15.03207,31.834753,7.4607687,0.23435925,55.773174,30.492832,36.465183,42.849174,46.323414,51.52408,0.6967473030090332,31.834753,3.009329,20.955986,0.17028286,0.09014896,1.2069701,1.0253007,1.0253007,78.67789,69.97794,1.1243241
2lwhedht,74.89911,103.09119,137.25131,180.40532,225.40916,311.15308,445.0506,44.849846,83.86029,23.211134,0.27678338,161.87581,76.81273,96.36264,119.61073,132.47292,151.0788,1.0301412343978882,83.86029,7.385848,86.342094,85.79938,24.96259,0.2909414,136.42656,85.34398,105.096596,120.059814,126.62078,134.47888,0.022173281759023666,85.79938,9.0455675,61.854424,104.32617,77.97186,0.74738544,445.0506,70.69077,128.2305,221.36284,286.10388,395.33984,1.8750841617584229,104.32617,26.600672,353.81592,80.58023,50.775837,0.6301277,356.23242,66.19583,101.145546,142.88213,182.10294,267.25174,1.9088764190673828,80.58023,16.2259,283.02454,0.011429274,0.12842141,0.80382794,1.0647696,0.80382794,169.65967,184.9064,0.91754353
hruu5e51,41.25208,62.38676,101.53237,128.24977,146.01839,170.81865,188.04684,33.23928,52.54468,23.676569,0.45059878,135.7903,47.500233,64.52345,87.66151,101.4042,122.13475,1.062574863433838,52.54468,6.7847323,67.72,36.21327,11.36308,0.31378222,59.35257,37.877922,44.924572,50.313942,52.992104,57.266563,-0.22369535267353058,36.21327,4.448134,32.641777,69.74815,48.274513,0.69212604,188.04684,42.581882,107.75841,148.9118,165.79327,181.97098,0.8865758776664734,69.74815,15.633706,151.89827,48.53599,31.23275,0.6434967,159.51295,39.371162,64.31185,95.81132,113.9547,140.36415,1.198376178741455,48.53599,10.20779,108.736275,0.18399945,0.17933224,0.7533487,0.74611163,0.74611163,88.75795,118.28415,0.7503791
h3wqa1vr,54.33339,81.33183,119.23706,144.05186,157.25935,176.07684,200.52913,39.341137,60.03107,24.658018,0.41075426,145.20209,52.13466,69.210236,98.7213,114.50745,134.0622,1.3084003925323486,60.03107,5.7766585,71.71076,61.481308,26.97859,0.43880963,135.92339,56.546997,83.314026,99.32636,107.15006,122.56073,0.3542214632034302,61.481308,9.642213,74.682655,63.83177,30.261765,0.47408623,165.24681,54.520798,69.21524,114.556335,137.90164,157.25743,1.6092095375061035,63.83177,8.464279,96.68599,76.04966,47.289787,0.6218277,200.52913,56.214943,109.74239,154.20062,169.28888,189.55434,0.8876695036888123,76.04966,16.919176,168.01245,0.011934894,0.087344594,0.9404575,0.80843633,0.80843633,121.512375,139.88144,0.8686812
gss8k5ij,69.69197,80.45344,90.32706,95.420006,99.336105,107.83407,120.267075,21.88929,70.15031,11.237206,0.16018756,97.23501,69.33328,78.58577,84.93239,89.66513,95.60124,0.12818172574043274,70.15031,4.0511284,33.464508,56.314857,7.532619,0.133759,90.09153,55.261223,59.755997,66.19261,71.0884,79.33968,0.9813455939292908,56.314857,3.0179682,42.18121,71.99062,17.55026,0.24378537,116.03869,75.66241,85.07422,91.68432,94.55787,99.078865,-0.6617274284362793,71.99062,5.7103558,76.54024,76.5983,15.259163,0.19921021,120.267075,75.05145,85.66933,97.39266,104.97236,114.81372,0.276925653219223,76.5983,5.6670074,46.917747,0.10940127,0.031009536,0.9744367,0.73519725,0.73519725,126.465164,148.58893,0.8511076
ulp98rl9,116.990616,174.52835,230.64604,260.1025,275.37457,300.7525,323.693,98.95154,149.7304,54.15178,0.3616619,297.09744,140.76358,189.27571,228.64162,251.45341,270.04486,0.4574516713619232,149.7304,17.552523,71.22612,138.88228,58.642975,0.42224953,310.04095,131.79634,175.1518,223.67403,251.5032,282.96698,0.5691898465156555,138.88228,19.0014,129.09988,89.44496,46.480404,0.5196537,301.74728,72.78694,107.707855,153.52975,188.64139,254.3519,1.753938913345337,89.44496,9.879138,80.9008,142.62787,77.7279,0.5449699,323.693,124.405266,200.8336,264.83798,290.78528,310.32498,0.5938559770584106,142.62787,22.881275,164.56274,0.037587103,0.22916473,1.6739947,0.97373873,0.97373873,288.61267,232.07283,1.2436297
qfcpk7pw,48.405434,69.34029,100.000015,122.43278,147.41463,194.60529,247.02916,33.02919,68.35889,28.036339,0.41013452,204.91855,61.675034,78.840866,104.75711,123.058426,169.71404,1.5872193574905396,68.35889,10.342206,157.84557,47.63115,16.897337,0.3547539,124.56188,41.861294,53.347775,72.89872,84.59045,102.32304,1.6634418964385986,47.63115,5.7977147,75.72858,63.439186,46.766068,0.7371795,247.02916,47.415066,64.657745,128.89334,181.69733,230.40894,2.0635504722595215,63.439186,13.182059,207.91864,51.935402,30.952944,0.5959893,175.65366,39.79961,67.936775,99.693535,112.731064,154.08705,1.3464864492416382,51.935402,10.644933,124.56322,0.17870274,0.099708125,1.0775498,0.91712296,0.91712296,115.990036,115.37459,1.0053344
tg21hslt,60.060432,75.010864,87.97586,112.12268,124.741005,145.19672,162.04916,23.55286,65.9418,11.221251,0.170169,91.43237,64.85683,75.53023,81.475,83.958565,89.0358,0.15174439549446106,65.9418,4.217571,30.45665,59.68714,9.2448845,0.15488905,80.08456,57.379078,67.13119,74.24735,75.72718,78.411705,0.426847904920578,59.68714,3.1937492,22.01572,72.81996,26.428272,0.36292621,160.02652,62.97946,83.838684,113.40651,132.51314,151.85138,1.2913912534713745,72.81996,8.020556,109.51718,62.125946,27.576157,0.44387504,162.04916,53.093056,75.733444,101.635506,120.54709,149.27351,1.2970881462097168,62.125946,8.840884,119.91668,0.049786787,0.079246685,0.9055457,0.9607442,0.9055457,125.628944,134.9459,0.9309578
dkvuff12,54.306625,81.86729,123.78801,148.67194,161.9675,177.65767,195.45828,41.218166,90.208275,42.233562,0.46817836,195.45828,76.58135,122.91344,156.80222,170.28896,186.86374,0.7192379236221313,90.208275,12.822396,129.72748,75.04485,39.05451,0.52041554,188.80475,62.756966,95.5024,137.83191,158.39906,178.41826,1.0273351669311523,75.04485,12.576778,128.06815,59.7347,21.415613,0.3585121,145.23785,55.581123,69.3434,90.03569,102.45012,130.15198,1.1996400356292725,59.7347,6.78672,50.40731,43.502052,24.19616,0.5562073,146.51013,36.94634,52.77807,77.7826,94.497765,125.09992,1.5035483837127686,43.502052,6.713339,86.80309,0.09175876,0.15723708,1.5101486,1.7250876,1.5101486,165.25313,103.236755,1.6007199
4vf89x22,50.645557,68.547195,103.659065,128.59868,144.13579,159.94196,185.02756,29.380589,43.480236,10.257571,0.23591343,79.36621,42.23867,50.406082,57.808548,61.81261,69.04682,0.5434183478355408,43.480236,2.8566968,31.301079,40.06108,10.236565,0.25552392,78.502525,38.371933,45.979523,53.424835,59.092617,71.246086,0.9242543578147888,40.06108,3.0697088,27.451662,78.08428,34.37313,0.4402055,169.7799,68.8146,97.77637,132.8383,150.1666,164.90083,0.8050645589828491,78.08428,10.649279,127.27283,71.62949,32.08642,0.4479498,185.02756,61.364,86.675545,121.89342,142.23013,164.97688,1.1700115203857422,71.62949,8.3774185,143.54001,0.040927712,0.04311419,0.55683726,0.55928195,0.55683726,83.54132,149.71378,0.5580069
j7q4kfmm,68.81737,98.06601,140.28645,160.23027,169.28717,184.02855,203.47585,47.23884,68.83224,26.43863,0.38410243,156.91722,64.171555,83.27295,105.85629,122.4205,143.0334,0.843757152557373,68.83224,8.016393,67.796005,60.46271,13.420735,0.22196715,94.14226,61.099247,69.60738,77.22963,83.51414,90.52641,0.0031556477770209312,60.46271,5.6622005,34.44594,102.90171,46.175438,0.44873342,191.59889,105.92279,143.2384,163.91144,171.32977,184.32446,-0.017858613282442093,102.90171,14.80228,138.638,81.51316,40.261883,0.49393108,203.47585,73.33416,100.77946,142.83173,168.95503,191.15503,0.9394283294677734,81.51316,11.315281,104.93246,0.06473204,0.11598061,0.6689125,0.741754,0.6689125,129.29495,184.41487,0.7011092
0qpop1o8,35.36923,45.14793,53.21589,58.7734,64.3703,83.79795,110.80847,20.361471,36.795353,8.829433,0.23996055,69.77393,35.1945,41.364952,49.37367,54.6662,63.995735,0.9388917088508606,36.795353,3.9060037,42.520084,41.68872,10.478241,0.25134474,60.240448,42.952015,49.387463,54.670696,56.77035,59.300793,-0.4900144040584564,41.68872,2.8840492,21.171957,38.472984,15.708817,0.40830773,109.33897,38.77149,48.27417,54.416584,64.126205,90.30391,0.8660842776298523,38.472984,5.431541,95.27851,30.048601,17.586885,0.5852813,110.80847,23.374771,38.14161,52.20406,65.358284,95.023605,1.7713922262191772,30.048601,6.1908536,99.20041,0.06234855,0.12294496,0.95639455,1.3873764,0.95639455,78.48407,68.52158,1.145392
m291azhz,68.40643,107.5429,169.84157,218.11826,248.75838,290.00677,328.52588,54.827084,72.24677,27.597801,0.38199356,181.62437,62.659286,77.80853,113.80155,138.17761,166.36357,1.7726556062698364,72.24677,6.6545086,85.69047,62.372482,22.867271,0.36662436,143.89322,59.262844,78.36908,91.4133,104.06585,126.24496,0.6566582918167114,62.372482,7.204941,57.63556,88.27285,47.817917,0.54170585,249.82162,70.54059,120.16655,163.70876,182.01218,224.80737,1.049994945526123,88.27285,12.41477,117.34049,123.1554,77.78695,0.63161623,328.52588,102.38133,173.75815,248.02571,278.28287,308.91724,0.7820574045181274,123.1554,24.762081,248.71799,0.07334976,0.1649853,0.8184484,0.50645345,0.50645345,134.61926,211.42825,0.6367137
knl2luhh,42.05352,51.560295,62.49906,67.38349,71.74578,88.40273,118.637825,16.388767,46.635246,10.435624,0.22377118,70.770294,43.825924,54.188324,63.650288,66.39945,69.33832,0.6065245270729065,46.635246,3.693087,28.85952,41.4787,11.526846,0.27789795,67.07409,39.37536,51.409595,58.707706,61.23251,64.87523,0.3484605550765991,41.4787,4.179601,26.741234,47.85475,12.031914,0.25142568,106.21868,44.18398,53.496567,64.19052,70.74712,88.03563,1.387510895729065,47.85475,4.793046,68.081985,41.120564,16.33598,0.39727032,118.637825,36.69881,46.52874,62.09465,75.12389,101.00723,1.7101552486419678,41.120564,6.223959,87.62129,0.058521356,0.07568603,0.9745165,1.0087094,0.9745165,88.113945,88.97531,0.990319
s4dilrzq,39.6295,49.410175,57.233273,60.221985,62.018433,65.14006,70.230804,20.105549,35.928177,11.525198,0.3207844,62.300385,36.461037,44.28627,51.209698,55.774586,60.07171,0.12107062339782715,35.928177,3.555695,32.530838,49.453785,10.432615,0.21095686,70.230804,50.761158,57.877056,61.986324,63.801567,66.80391,-0.47957053780555725,49.453785,3.6829126,33.926,41.511185,13.308321,0.32059604,69.87387,41.64445,53.20981,58.329697,61.213226,66.50569,-0.08852525055408478,41.511185,5.125182,40.424305,35.596287,10.040081,0.28205416,62.431595,33.96431,43.039463,50.00593,53.138844,59.900597,0.4551330804824829,35.596287,4.1796384,38.147102,0.15841295,0.07670979,0.86550593,1.3892962,0.86550593,85.38196,77.10747,1.1073111
8bxy6rkv,54.174255,64.50652,71.772575,75.26439,77.887375,83.884834,91.88398,19.668076,54.996685,12.284166,0.22336194,91.88398,54.068985,62.623333,72.15425,78.15894,86.66015,0.49605250358581543,54.996685,4.186588,33.404957,54.058887,13.2078705,0.24432376,90.29672,52.072445,64.588844,72.35693,78.156746,85.20422,0.42936402559280396,54.058887,3.743643,46.76413,48.968903,10.485274,0.21412107,77.78003,45.715755,53.68267,66.42727,72.57182,76.15196,1.025253176689148,48.968903,3.8401465,40.949085,60.313065,10.345136,0.17152396,88.079,61.748028,68.087845,72.438805,74.888695,80.49297,-0.3639813959598541,60.313065,3.1907237,32.545563,0.008599263,0.10380635,1.1230941,0.8963048,0.8963048,109.05557,109.28197,0.9979283
ndxjn7de,42.391556,57.933624,76.91786,97.62393,108.99945,124.12077,144.2091,25.789658,54.899494,27.71438,0.50482035,144.2091,46.239464,62.747196,102.59757,118.00108,135.04135,1.3340293169021606,54.899494,9.594501,112.50471,53.774006,15.459882,0.2874973,102.19776,49.496838,64.788666,75.865295,82.005066,98.37595,0.8749064207077026,53.774006,5.4452662,51.817543,51.633827,18.987507,0.36773387,121.53287,48.73139,61.645996,74.48157,90.96992,112.58121,1.1715319156646729,51.633827,5.998093,88.87826,35.58376,18.296408,0.51417863,129.77673,30.323399,39.80715,57.495205,75.523125,110.11212,2.2451114654541016,35.58376,6.4430237,95.97203,0.010356603,0.18402329,1.0632466,1.5111952,1.0632466,108.6735,87.21759,1.2460043
0l1offkh,76.62222,97.83612,111.71016,117.52695,121.66092,138.29262,184.4325,39.223457,71.249176,22.118837,0.3104434,123.50495,67.4037,87.73323,103.80078,111.34721,119.2363,0.4154287874698639,71.249176,7.2181325,57.97144,86.35377,22.891432,0.26508898,125.04425,88.280334,106.2934,116.32216,118.94306,122.97922,-0.16560542583465576,86.35377,6.519948,51.352917,86.06842,29.347218,0.34097543,184.4325,83.47582,107.58525,122.488335,135.01414,163.94423,0.41111910343170166,86.06842,9.448525,123.016945,74.322685,21.145514,0.28450954,115.19025,73.99872,92.355125,102.678764,107.35365,112.45086,-0.09389010816812515,74.322685,7.851439,70.78611,0.09583953,0.07323183,0.8278202,1.1618763,0.8278202,157.60294,160.39111,0.98261636
diu1jtka,87.44737,124.16268,181.7319,217.33128,235.56172,261.98364,291.3614,61.539154,90.6406,38.78545,0.4279037,225.65302,83.57097,112.04081,142.71458,171.06091,204.37732,0.9904703497886658,90.6406,8.592782,63.87432,71.86194,25.56205,0.35571057,154.26613,67.25802,88.39791,109.80379,123.286674,138.93973,0.7798929810523987,71.86194,10.149837,113.28189,144.55617,63.626987,0.44015408,291.3614,135.20941,195.4974,235.85669,256.6686,278.8593,0.34007778763771057,144.55617,16.842966,137.89767,97.75162,44.327972,0.4534756,272.2014,85.46047,115.22514,160.06416,193.5922,242.62279,1.4362341165542603,97.75162,11.835116,99.356155,0.115559205,0.19316156,0.62702686,0.7351483,0.62702686,162.50253,242.30779,0.6706451
1c2zl46q,64.97183,92.141785,162.75945,215.50497,242.38145,282.8683,328.2378,41.095947,117.47438,70.53415,0.60042155,328.2378,84.967575,159.38959,233.73982,264.97574,308.08096,1.1080031394958496,117.47438,21.887253,229.43622,71.2753,29.204578,0.40974334,213.98795,62.71807,78.651764,105.19072,133.1475,192.12,2.234705686569214,71.2753,6.524099,96.66121,81.74039,56.61699,0.692644,305.17233,61.595276,86.22604,172.14014,217.54677,276.35754,1.8944438695907593,81.74039,13.641534,202.85167,61.984844,30.38514,0.49020272,213.70003,54.45311,79.31559,95.949844,113.50324,166.57079,1.4459236860275269,61.984844,8.302215,82.78401,0.24476376,0.13745354,1.4371644,1.1498827,1.1498827,188.74968,143.72523,1.3132675
5gqqlyzj,39.52554,46.572105,57.308285,78.1128,97.530235,140.12471,202.06044,13.523136,44.946857,11.53115,0.25655076,122.761185,42.41973,48.717484,57.709515,64.24841,90.38801,2.416339874267578,44.946857,4.541133,87.35611,60.982166,35.457916,0.5814473,202.06044,45.06818,72.43837,116.73743,140.67427,179.88902,1.7206217050552368,60.982166,16.981133,162.42345,35.678783,10.421107,0.29208136,55.851498,34.928375,44.865883,50.578033,52.61116,54.226204,0.11759279668331146,35.678783,3.2404778,30.430086,36.955112,8.976142,0.2428931,98.68173,36.091976,40.78379,46.958405,50.407604,69.7364,1.8924521207809448,36.955112,3.169164,68.96965,0.15137786,0.017572086,1.2597643,1.6501687,1.2597643,105.92902,72.633896,1.4583966
0aeoorbt,35.36939,42.316345,57.49948,70.49238,78.95472,92.83937,111.399216,12.569574,38.34918,10.280067,0.26806486,84.43105,35.212006,41.471786,52.599407,60.959408,73.78478,1.6268131732940674,38.34918,4.2164564,56.886818,40.02706,15.124507,0.37785703,99.1227,36.689354,45.37083,61.99262,73.27612,88.10078,1.4006648063659668,40.02706,6.4118958,70.91289,38.575397,11.1503525,0.28905347,89.40165,36.349888,40.29827,50.335335,63.04792,83.86533,2.06119441986084,38.575397,3.344058,66.27354,36.343445,20.858986,0.5739408,111.399216,32.04804,43.087452,66.86425,81.50719,102.492546,1.3128594160079956,36.343445,7.730781,97.48631,0.02140806,0.029791608,0.9941357,1.1013558,0.9941357,78.376236,74.91884,1.0461485
6sapbs22,59.291595,84.32181,123.53877,140.04486,151.39127,171.24146,194.91615,38.29543,68.591866,22.513008,0.32821688,142.9092,63.814186,79.25346,104.307304,114.12739,131.17067,0.8971908688545227,68.591866,6.3365464,67.4203,54.6626,11.9184265,0.2180362,107.99651,54.46111,61.622173,67.35236,72.396416,91.59955,0.6869239807128906,54.6626,3.9175758,54.65976,80.26075,39.347317,0.49024358,166.587,61.266136,117.97276,136.77281,147.01079,160.35574,0.45958462357521057,80.26075,13.042473,112.3867,71.378006,42.420334,0.5943054,194.91615,57.166348,93.403885,139.85913,160.76747,182.69353,1.0687416791915894,71.378006,13.553136,171.7196,0.11301224,0.05857832,0.8546128,0.76581854,0.76581854,123.25447,151.63876,0.8128164
ruw0u92t,33.12114,49.02195,66.44745,82.29038,96.691956,124.73514,163.39998,25.10354,56.337875,27.706457,0.49179095,163.39998,49.351707,68.31884,94.99848,115.150444,147.46587,1.3155227899551392,56.337875,9.324453,129.6508,44.028732,13.618816,0.30931658,90.046936,43.866375,52.47157,62.39054,66.32094,77.755135,0.2933584451675415,44.028732,5.336396,73.14155,32.01225,17.679758,0.552281,127.861824,25.786837,34.9907,54.044903,71.40969,103.12063,2.3179078102111816,32.01225,5.207633,93.53335,27.661444,11.640525,0.4208213,66.503174,24.779848,34.14766,45.995316,49.44054,57.143177,0.7885696887969971,27.661444,3.8458323,44.71536,0.12264182,0.072909944,1.759885,1.5917004,1.5917004,100.36661,59.67369,1.6819239
24d7v911,27.58121,41.056538,70.20971,93.1829,109.634735,132.5246,152.30118,21.680565,38.588894,20.577211,0.5332418,126.76825,32.396217,43.776142,68.351006,85.25134,109.29923,1.7681318521499634,38.588894,6.870516,88.560425,31.637243,20.774551,0.6566486,122.56779,23.97638,38.602985,61.18144,80.09563,105.669014,1.8555179834365845,31.637243,7.362973,85.92938,39.252327,28.845524,0.73487425,152.30118,29.38868,42.198063,80.9076,116.53925,140.8486,2.092867374420166,39.252327,7.184758,131.70271,32.97382,28.641338,0.8686085,151.75883,21.466557,36.323967,74.97248,101.48395,138.25285,2.1040701866149902,32.97382,8.452833,134.85956,0.09898951,0.08692845,0.98309827,0.9594655,0.9594655,70.226135,72.22615,0.972309
pjq50xcx,87.93875,113.80656,198.21344,279.30017,339.13638,418.08112,495.07864,46.301056,165.29364,107.987564,0.65330744,495.07864,107.593094,214.22159,345.68997,405.6827,464.76135,1.297734260559082,165.29364,33.567223,356.26257,106.60653,54.06955,0.50718796,324.44424,87.27373,127.71594,182.54692,226.78877,298.95468,1.6906315088272095,106.60653,15.890534,174.38562,92.94611,39.582767,0.42586792,273.1475,86.08869,105.0507,139.81595,178.43706,244.70851,1.7784173488616943,92.94611,9.041108,137.53287,72.8265,30.504591,0.41886663,229.73798,70.70116,89.47033,106.752106,122.47493,183.24216,1.3320257663726807,72.8265,9.539323,99.08058,0.21584065,0.12136874,1.7783813,1.4638425,1.4638425,271.90018,165.77261,1.6401997
msy3paua,66.739555,118.272125,160.31026,186.23022,198.38678,217.00752,233.61278,67.73563,81.71328,35.618546,0.43589666,166.2197,71.262665,110.782196,138.07106,147.55687,155.42538,0.5555988550186157,81.71328,10.047874,107.114944,62.223553,25.422663,0.40856978,170.13213,57.38756,69.92953,95.74277,111.83536,151.94432,1.5233675241470337,62.223553,6.1045337,104.3137,99.49725,57.009647,0.5729771,231.10524,73.46466,149.41084,185.14525,200.34695,221.00932,0.5800909996032715,99.49725,17.961693,153.82709,96.5002,52.450336,0.5435257,233.61278,74.8866,133.93903,183.63863,199.69281,221.62677,0.849399209022522,96.5002,15.023428,160.5226,0.13540472,0.015291296,0.82126164,0.64480233,0.64480233,143.93683,195.99745,0.73438114
3aipjiyl,14.867486,22.306509,29.776651,40.02977,46.10153,53.601578,60.779263,11.985617,22.814705,9.568784,0.419413,56.30661,21.353024,25.899496,36.499165,43.56389,52.707386,1.290178656578064,22.814705,2.8126361,39.97206,16.310442,5.1598234,0.31635094,31.492699,15.00881,19.491255,24.37054,26.310963,29.058779,0.7410131096839905,16.310442,1.3675649,12.092737,19.241505,13.993763,0.7272697,60.779263,13.180086,25.241346,41.933086,51.622005,58.187626,1.319069504737854,19.241505,3.836597,46.023262,12.176711,6.736048,0.5531911,35.498547,10.224529,16.158375,22.563868,26.12465,30.210743,1.011582374572754,12.176711,2.0146375,23.64702,0.16624252,0.22486298,1.1857028,1.3394785,1.1857028,39.125145,31.418217,1.2453012
qx1um55f,70.57879,118.21416,216.91959,287.05756,323.8087,381.92343,469.9319,63.189747,106.24015,55.84095,0.5256106,308.34406,84.52519,128.66278,190.5161,230.67668,282.95358,1.4563742876052856,106.24015,14.937368,196.37164,54.942764,13.458604,0.2449568,96.23905,54.94546,64.812386,72.12284,75.517334,84.604324,-0.03910630941390991,54.942764,4.681667,38.70343,155.96446,113.894424,0.7302588,469.9319,98.39802,246.19202,332.1432,375.47067,438.10147,0.8423299193382263,155.96446,35.522564,287.291,87.0707,55.8231,0.64112383,362.19495,67.59494,102.34863,163.19176,210.70805,308.37006,2.06467342376709,87.0707,12.749727,88.56121,0.31825572,0.28347242,0.6811818,0.6310132,0.6310132,161.18292,243.03516,0.66320825
1hgav42t,68.42929,83.2496,99.421425,115.86256,129.05457,159.45966,212.58063,26.344563,52.63997,12.477151,0.23702808,91.26013,52.92064,60.99518,68.95247,75.03072,83.60651,0.34313979744911194,52.63997,3.790535,45.419094,72.97937,13.114496,0.17970142,101.32167,73.93469,83.17931,89.29402,92.95187,98.119545,-0.27946433424949646,72.97937,5.046273,42.375378,73.240105,15.953136,0.21781969,118.53132,70.66897,83.30412,95.88027,101.86198,115.56955,0.4820157289505005,73.240105,5.3300214,81.75099,88.1901,29.64707,0.3361723,212.58063,80.54309,101.3681,128.92938,148.56038,182.28557,1.28078293800354,88.1901,9.829756,152.06744,0.16191298,0.09260967,0.71873146,0.82752335,0.71873146,125.61934,161.4302,0.77816504
8llihkpj,30.97242,36.341984,41.449345,45.785164,49.87355,62.869164,85.95081,11.457764,34.04689,7.477171,0.21961392,81.34141,34.115875,37.523193,40.69453,42.99589,62.479336,1.6720054149627686,34.04689,3.34893,47.36882,30.220951,10.484888,0.34694102,85.95081,27.108147,33.995415,41.43543,51.72688,68.262825,2.1220595836639404,30.220951,5.283,53.274,34.44777,6.8996787,0.20029391,66.957756,33.49112,38.492947,43.933163,46.59662,52.74144,0.6242404580116272,34.44777,2.6916504,32.265167,27.627363,9.03197,0.32692116,77.99285,25.905247,32.857254,38.614162,43.618305,58.20108,1.2420064210891724,27.627363,3.1295826,42.45082,0.059531163,0.1098734,0.9883627,1.0938776,0.9883627,64.26784,62.075134,1.0353234
7hme6p4n,78.65346,128.04274,219.89223,263.44363,292.1879,338.1608,378.42792,65.068375,131.02722,67.88159,0.5180724,347.60544,103.26915,177.65686,237.40349,264.91895,311.682,0.9665749669075012,131.02722,20.64038,227.42319,99.96893,56.472305,0.56489855,345.74182,79.877174,115.42806,171.81944,230.02824,304.6102,1.924943447113037,99.96893,14.374888,249.3711,95.70711,60.681557,0.634034,356.30032,73.71451,92.87169,189.02614,247.40451,323.87283,2.203214406967163,95.70711,14.884025,226.0514,102.54726,77.620415,0.7569234,378.42792,70.59582,113.2861,228.18571,290.87808,356.43277,1.831271767616272,102.54726,19.887276,272.1604,0.1344537,0.034501884,1.3690438,0.9748572,0.9748572,230.99615,198.25436,1.1651504
p00nqohn,61.608704,108.52648,185.84146,220.48483,254.40637,310.96722,371.94302,57.500954,110.05774,66.63777,0.60548013,351.1917,81.09393,154.45607,205.31497,241.77586,309.58517,1.1724190711975098,110.05774,15.895174,136.26567,139.12817,74.99964,0.5390687,371.94302,119.290924,177.986,252.11049,296.51508,347.55713,1.0090606212615967,139.12817,24.838182,135.96793,58.46366,22.324081,0.3818454,226.30098,53.12152,59.540695,74.16566,97.17822,165.67836,3.7211995124816895,58.46366,5.193471,45.933945,66.657394,37.324207,0.559941,260.105,54.8795,72.57109,113.91002,145.05843,206.16563,2.2686448097229004,66.657394,9.46755,58.449722,0.11666163,0.065486446,1.8824983,2.0872128,1.8824983,249.18591,125.121056,1.9915586
3dg60e1e,22.782913,30.03512,45.340218,68.63991,83.95814,106.90935,130.87944,12.301008,34.19232,20.911419,0.6115823,123.45465,27.577438,35.059193,63.692734,84.15701,111.00135,2.0576255321502686,34.19232,7.714039,107.14188,36.127678,25.215473,0.6979544,130.87944,25.401926,41.862003,75.34019,97.16894,120.54663,1.768109917640686,36.127678,10.471069,118.28019,23.437014,7.726302,0.3296624,59.229374,22.672853,28.316324,34.62012,37.77325,41.287746,0.5999132990837097,23.437014,2.7779372,43.51058,20.600807,10.275498,0.49879107,101.90524,18.561527,21.772743,27.369322,36.36342,71.862015,3.8364713191986084,20.600807,2.907773,84.93219,0.02752213,0.064403884,1.4589027,1.753702,1.4589027,70.32,44.03782,1.5968093
rv0lg92m,52.86669,76.68598,101.54709,116.95024,128.2089,147.66893,170.85551,34.01226,78.544716,29.552717,0.3762534,170.85551,76.16555,98.08958,119.393776,132.46341,156.00719,0.5807859897613525,78.544716,8.778934,49.854736,77.51467,30.613977,0.3949443,167.49886,76.08058,96.85482,119.65563,133.53452,156.60646,0.4325743019580841,77.51467,11.970626,50.102634,51.83109,13.449861,0.25949407,117.82025,49.914593,57.915367,68.39931,76.98466,99.41011,1.3646873235702515,51.83109,3.6573474,23.121548,46.449146,12.988443,0.27962717,118.00165,43.710236,50.533096,61.60788,72.943954,93.89569,1.9615718126296997,46.449146,3.748182,32.962654,0.006600337,0.05476119,1.5153978,1.6688073,1.5153978,156.05939,98.280235,1.5879021
jeqa2o4m,115.51489,145.7299,191.42076,231.96527,259.59644,314.55975,371.11975,52.360794,115.955536,23.799168,0.20524392,189.51395,114.50528,126.861786,145.80319,163.66579,183.94536,0.458500474691391,115.955536,9.595078,66.978874,93.65781,17.389593,0.18567158,149.54727,90.16079,102.61612,117.87301,129.08662,141.72307,0.8750336170196533,93.65781,6.501641,67.5419,155.82095,65.46649,0.4201392,371.11975,151.35568,191.21066,241.90996,280.48727,334.28156,0.5684858560562134,155.82095,20.863525,104.70829,136.19829,55.621216,0.4083841,366.64597,126.2233,161.01387,211.66823,248.26216,316.19635,1.2826809883117676,136.19829,16.055002,98.70257,0.10637552,0.06719648,0.7441588,0.6876577,0.6876577,209.61334,292.01923,0.71780664
84p4k9dx,54.74197,88.90114,158.74239,202.14569,222.49902,263.2761,299.09894,47.841213,79.38841,45.11526,0.5682852,230.0131,65.86021,98.04618,150.69722,177.20503,207.78395,1.2389029264450073,79.38841,13.440875,150.3362,67.55927,40.74354,0.6030784,234.03755,51.143826,76.248886,129.13963,163.78107,209.81882,1.8910902738571167,67.55927,10.760622,157.18951,72.951355,48.2945,0.6620096,261.91342,54.134377,81.32819,147.06177,194.50224,242.47609,1.9345470666885376,72.951355,11.785955,179.50154,81.02023,68.41121,0.8443719,299.09894,50.142906,96.34195,205.76495,245.38359,282.81,1.6158311367034912,81.02023,19.380136,232.52924,0.08049898,0.05240498,1.0882376,0.8338568,0.8338568,146.9477,153.97159,0.9543819
oq8jxlfi,80.73137,113.43977,178.12082,226.83763,260.18802,309.6783,378.53018,48.047882,82.96436,33.150806,0.39957887,208.4154,74.7494,93.94006,133.14917,155.02084,189.49478,1.3326407670974731,82.96436,8.295166,96.06651,76.75955,21.13203,0.27530164,172.31915,69.9556,82.77184,105.31569,123.66093,154.93437,1.82695734500885,76.75955,4.6983457,67.08621,126.88063,61.126354,0.4817627,332.7196,103.22225,159.42789,222.78973,258.86978,305.78186,1.2515490055084229,126.88063,17.889605,267.47632,110.826675,71.66907,0.6466771,378.53018,82.46323,133.76521,221.31108,279.05447,351.789,1.6786359548568726,110.826675,20.692171,323.365,0.038847104,0.06753665,0.6538773,0.692609,0.6538773,159.7239,237.7073,0.6719352
uefz1c25,46.450466,69.68246,99.44183,124.13181,140.24803,169.1228,197.84259,33.738785,58.881905,22.078125,0.37495604,156.96106,51.99415,73.75773,91.33134,99.28137,129.07239,1.2055853605270386,58.881905,6.26314,64.500084,62.92989,30.637356,0.48684904,177.07501,55.31094,75.76967,107.44794,128.37239,163.30527,1.3360111713409424,62.92989,8.672302,88.793396,46.603848,23.734798,0.5092884,168.96341,38.897743,46.99379,76.06589,100.8181,144.7814,2.5334794521331787,46.603848,4.6307235,67.88846,60.547935,40.15971,0.6632713,197.84259,44.98053,77.88345,122.390465,147.87514,185.33247,1.3943589925765991,60.547935,10.37673,105.377,0.03323147,0.13013399,1.2634559,1.03934,1.03934,121.8118,107.15178,1.1368154
xnofg780,68.2161,91.07858,146.21925,202.6424,234.79979,275.76514,330.70135,38.54165,83.72512,33.59629,0.40126893,227.12907,79.53557,93.113495,125.53165,155.487,207.39993,1.5379313230514526,83.72512,8.979756,157.87625,132.5994,71.24399,0.5372874,326.44846,112.91089,180.14972,246.33069,272.6154,294.247,0.7504031658172607,132.5994,27.8808,252.0462,63.641888,17.423658,0.2737766,131.72415,60.780514,76.239426,88.74074,93.76731,103.491974,0.5188871622085571,63.641888,6.7787695,84.808685,67.43152,42.11996,0.62463313,330.70135,56.23722,68.259155,110.300644,161.08939,252.64977,2.96105694770813,67.43152,12.546078,275.05585,0.22593035,0.028912278,1.3155663,1.9664305,1.3155663,216.32452,131.07341,1.6504074
3g5dfrlw,43.57589,68.2446,111.56436,139.27298,153.92525,172.67831,195.67616,35.1767,81.20842,42.94418,0.5288144,195.67616,65.399994,109.46653,151.83354,166.44373,186.39944,0.8705488443374634,81.20842,12.973581,131.86456,56.899605,28.149504,0.4947223,157.69766,51.360268,68.70505,95.70503,117.302055,146.6638,1.2290101051330566,56.899605,8.187576,89.902855,53.512333,30.655207,0.57286245,178.44595,39.58125,58.509583,101.132225,126.32802,160.88718,1.9279959201812744,53.512333,6.8404913,115.35086,35.948513,20.761614,0.5775375,143.54271,31.686302,41.78361,60.979565,79.56228,113.98975,1.8369430303573608,35.948513,4.041467,69.11903,0.17601304,0.19632968,1.5175645,1.5828083,1.5175645,138.10803,89.460846,1.5437819
6jl2l5b5,41.74987,64.303764,100.5873,123.61911,135.82115,152.4408,166.02751,32.935715,58.89952,32.047703,0.54410803,160.12045,46.814445,75.223465,109.984474,127.99716,149.87265,1.177468180656433,58.89952,9.661433,120.52998,67.532166,38.163128,0.5651104,166.02751,57.048252,89.49135,130.8035,147.00446,162.95332,0.8834992051124573,67.532166,11.212902,129.32841,38.314686,19.7447,0.5153298,135.08926,32.660206,41.087925,62.01958,83.50793,114.66866,2.267460346221924,38.314686,4.779816,96.46628,49.771633,27.54794,0.55348676,155.97346,41.759262,57.84313,90.82758,113.138885,142.56415,1.5937559604644775,49.771633,6.755281,111.40085,0.068279125,0.13006501,1.5372571,1.3568405,1.3568405,126.43169,88.08632,1.4353158
6bnvsfa6,41.110207,50.99998,74.00857,93.85493,105.58639,119.601364,143.92638,20.119019,46.335464,17.906652,0.38645673,119.583145,43.430916,53.966324,68.28763,84.43595,107.21592,1.31485915184021,46.335464,5.578749,75.60674,41.35362,9.068052,0.21928075,80.17231,41.494907,45.28351,49.189754,57.284206,73.57114,0.8002260327339172,41.35362,3.0632615,46.320335,50.89912,25.920015,0.5092429,134.31795,44.93859,56.003532,96.03982,110.15313,124.60012,1.3052136898040771,50.89912,8.624838,106.58212,42.00048,24.374681,0.5803429,143.92638,32.348785,50.3421,79.225586,95.14841,122.80786,1.6777395009994507,42.00048,7.4208407,115.86491,0.05681261,0.09578771,0.9103392,0.9845987,0.9103392,87.68909,92.8996,0.94391245
d9er94te,47.364746,63.78531,77.89457,95.56289,108.14821,148.96559,220.40887,29.895283,66.19683,30.69582,0.46370527,220.40887,58.090187,74.378265,103.44409,132.9008,188.2959,1.9962955713272095,66.19683,12.524134,178.81726,48.46973,17.028032,0.3513127,101.654816,46.219555,61.062492,72.7067,78.40693,89.20162,0.5433340668678284,48.46973,6.5288134,43.152115,54.05266,23.155193,0.4283821,196.87444,49.188248,63.42906,77.404205,96.15627,145.98741,2.1993095874786377,54.05266,6.296708,146.33989,40.197845,16.443321,0.40905976,95.66903,33.581615,45.326767,69.54404,74.84589,85.46915,1.3033554553985596,40.197845,6.39269,64.576195,0.15459694,0.14699993,1.2246729,1.2057793,1.2057793,114.666565,94.2505,1.2166148
vwlq6exn,66.37427,86.724396,124.32826,149.33188,165.25635,192.21742,232.84064,33.433582,62.47713,17.172047,0.27485332,121.211464,60.302933,74.639145,85.52787,91.250725,106.8385,0.5366959571838379,62.47713,4.834187,33.95929,73.866394,20.289587,0.27467954,132.28868,69.779366,85.48368,104.64824,115.3644,128.1825,0.734100341796875,73.866394,6.271937,63.000786,66.6424,23.675562,0.35526273,144.2952,61.723747,77.71419,101.647514,120.02667,135.27939,1.0501543283462524,66.6424,6.149481,94.395935,96.82608,45.95097,0.47457224,232.84064,79.91408,134.47964,165.00105,182.60497,211.86774,0.7381535768508911,96.82608,16.491598,169.01631,0.083533585,0.18464525,0.93749815,0.76287705,0.76287705,136.34352,163.46848,0.83406615
wzr04hhe,70.52144,106.7917,180.77669,220.12167,255.03276,329.58966,406.48123,52.511353,77.76215,33.270893,0.42785457,199.60042,71.06613,96.494095,124.07603,144.13852,181.82434,1.0704282522201538,77.76215,8.976281,110.46132,64.18825,13.340708,0.20783724,110.475914,61.465023,72.240364,83.54846,89.90975,100.861496,0.7887932062149048,64.18825,4.262921,17.587746,127.5487,79.853745,0.6260648,406.48123,105.07598,186.64145,223.53981,278.23492,367.02087,0.9563190340995789,127.5487,24.494324,312.9199,98.043106,66.83871,0.68172777,394.70844,73.88292,115.25219,189.11142,251.43399,343.8078,1.944515347480774,98.043106,17.50367,220.40768,0.09562428,0.13079196,0.6096664,0.65469414,0.6096664,141.95041,225.5918,0.6292357
7icdo5di,32.55443,43.901657,56.8185,75.98036,86.92495,100.21616,111.724014,17.483791,38.535343,10.642873,0.2761847,73.722946,36.348064,46.52115,54.112946,56.237976,65.74941,0.5874568223953247,38.535343,3.6657124,43.994255,32.867916,9.609211,0.2923584,58.41393,31.097683,38.630234,48.038563,52.02577,56.236454,0.6273781061172485,32.867916,3.0409048,26.536654,41.932186,20.136374,0.48021284,105.860634,35.827488,47.24461,76.28789,89.28832,101.92407,1.430080533027649,41.932186,7.125295,63.47824,35.563995,21.503359,0.60463846,111.724014,27.43874,40.054783,69.43996,86.77875,104.53948,1.6765331029891968,35.563995,7.228033,89.42122,0.07937211,0.08217425,0.918992,0.92419076,0.918992,71.40326,77.496185,0.9213777
gxl9ysu5,95.83101,137.48608,202.59686,241.61244,264.11957,295.41016,326.39505,61.08699,117.57483,48.66056,0.41386887,289.34802,102.26335,135.41676,190.13664,228.10452,272.6772,1.446262001991272,117.57483,12.955986,54.976425,96.35611,36.28293,0.37655038,270.693,85.26375,104.640144,142.46976,177.70142,232.1888,2.057950735092163,96.35611,9.106323,45.123444,108.18036,53.809235,0.497403,302.10764,92.25587,124.640335,186.15935,225.72461,285.3359,1.5033904314041138,108.18036,13.002598,72.6746,131.1841,68.84786,0.52481866,326.39505,110.6561,169.90166,240.88782,272.06314,310.6372,0.9605688452720642,131.1841,19.670843,134.05081,0.0991849,0.0961034,1.0868409,0.7345106,0.7345106,213.93094,239.36446,0.89374566
1epxu7b6,35.217316,52.850586,100.20236,126.59581,138.7876,159.2511,185.89977,23.657696,37.662067,14.850177,0.39430064,107.46661,33.765198,42.217117,54.044334,70.89903,96.91948,2.0740866661071777,37.662067,3.6797764,70.538605,35.5083,12.586839,0.35447595,94.28778,30.743223,37.116547,52.507793,64.21398,86.64068,2.245906352996826,35.5083,2.2136314,45.85889,54.61797,33.04576,0.6050346,160.16183,39.02633,66.10693,112.698715,127.9262,146.9482,1.400071144104004,54.61797,8.384522,87.65554,62.374207,43.014194,0.6896151,185.89977,42.775955,90.72302,132.40398,152.909,170.65826,1.0017518997192383,62.374207,13.247392,164.62445,0.029434958,0.06629706,0.6895545,0.5692786,0.5692786,73.170364,116.99217,0.6254296
nbhgfb2f,23.513838,28.895363,34.24535,38.196976,41.131943,48.646343,65.93876,10.649181,23.258358,8.702442,0.37416407,44.69488,22.819012,29.821762,35.12806,38.447796,42.708607,0.2561354339122772,23.258358,3.0193074,35.19105,22.176247,6.555635,0.29561517,41.551327,21.325987,27.080427,30.815714,33.658524,38.884766,0.375739187002182,22.176247,2.4714956,25.142662,23.66607,5.4573298,0.2305972,43.052197,23.916357,27.601286,30.49329,31.772959,36.388165,-0.03160170093178749,23.66607,1.586677,23.504314,26.205687,9.791437,0.37363788,65.93876,24.924946,31.749685,38.56372,43.80424,55.597385,0.8184463977813721,26.205687,3.0714824,46.435112,0.023816898,0.050922923,0.98277223,0.84623796,0.84623796,45.434605,49.871758,0.91102874
lurmw3uq,33.307793,41.68195,52.614197,76.74679,106.731445,180.27533,288.8485,15.6473675,34.91122,21.32754,0.61090785,211.13809,29.749023,41.363426,49.72866,69.1842,129.77434,3.4946975708007812,34.91122,6.1583643,165.13675,60.290443,49.293545,0.8176013,288.8485,39.296886,65.079926,126.609535,179.97554,246.91792,2.2689921855926514,60.290443,14.935152,250.46855,38.407364,9.347276,0.24337196,65.405716,38.47824,44.61228,49.360023,53.45559,61.747856,-0.051974017173051834,38.407364,2.5364256,32.538086,28.092985,8.421362,0.29976743,59.088696,28.824017,34.11792,37.97314,40.614758,50.168713,0.12436125427484512,28.092985,1.8370597,38.60464,0.26658383,0.15510263,0.9089721,2.1461031,0.9089721,95.20166,66.50035,1.4315964
hwtek17m,58.425407,74.35916,96.47329,107.73035,113.44232,134.08133,196.72397,24.824917,68.03072,20.067295,0.294974,119.21038,63.215786,79.37449,101.983345,108.77141,115.02809,0.7688512802124023,68.03072,6.434879,67.2005,58.22187,12.796886,0.21979518,102.31579,56.787262,65.3173,74.82812,84.34028,95.80125,0.7733140587806702,58.22187,5.111753,53.19614,68.690254,18.084091,0.2632701,141.91124,63.11586,78.104774,96.35202,106.20903,120.689735,1.1414693593978882,68.690254,6.717772,82.91231,61.359203,28.680134,0.46741372,196.72397,50.97034,72.59707,101.984764,122.414955,158.26747,1.606244683265686,61.359203,10.998969,147.78862,0.07769229,0.056371253,0.99039847,0.9488694,0.9488694,126.252594,130.04945,0.9708045
6j3rtxym,45.231583,57.78549,90.78827,134.58688,166.02126,227.6409,298.77887,24.181438,72.06496,48.700146,0.67578125,298.77887,49.878918,76.18722,143.70468,190.89288,255.22556,2.202345371246338,72.06496,15.23106,263.32623,44.498642,11.692437,0.26275942,83.00109,44.92535,53.04285,58.78412,62.36573,70.32163,0.029867982491850853,44.498642,3.8222754,36.584152,59.663815,46.696934,0.7826676,298.7016,42.738945,63.718597,125.23787,164.1233,242.78972,2.2858939170837402,59.663815,13.042901,264.33096,38.41394,19.378685,0.5044701,102.835655,35.032303,52.8924,64.16431,71.52157,93.0361,0.6096447706222534,38.41394,6.7187715,54.842453,0.23649162,0.21666354,1.2078503,1.1583983,1.1583983,116.5636,98.07776,1.1884815
scnx8eiq,76.75595,99.879486,178.04422,241.62224,278.51416,336.41452,398.80417,39.595104,85.459946,30.258726,0.3540691,241.53322,77.38613,87.31712,121.736534,152.50206,209.16805,2.377260684967041,85.459946,6.8684545,144.2607,69.436646,13.520551,0.1947178,93.68967,71.59044,81.04691,85.939354,88.0382,91.729996,-0.3526434600353241,69.436646,5.8210745,48.183186,139.43047,95.56275,0.68537927,398.80417,98.44895,208.53387,291.77234,328.95123,375.71423,0.8785193562507629,139.43047,30.53487,317.1061,88.9418,45.88635,0.5159143,297.5972,76.67935,104.14493,150.2207,187.2118,256.25766,1.760548710823059,88.9418,13.769706,124.13913,0.10344514,0.22108053,0.6129216,0.7806975,0.6129216,154.89659,228.37227,0.67826355
etk5lp9c,85.53746,117.86212,215.43979,317.94614,386.24234,511.2254,655.0973,49.221024,135.76744,99.91973,0.7359624,649.629,100.03317,137.7752,268.82016,364.5385,540.5177,2.491176128387451,135.76744,31.86116,582.4687,107.23391,80.82045,0.7536837,573.56506,76.48322,116.5772,200.40987,280.04437,445.27823,2.6831212043762207,107.23391,24.650385,408.7465,121.56189,99.13257,0.81549054,655.0973,84.608604,115.138565,224.44139,347.2315,575.22266,3.0324854850769043,121.56189,24.849157,538.7798,99.86935,72.700806,0.72795916,573.88135,75.25557,106.295135,171.85445,250.7229,424.6438,3.0729117393493652,99.86935,16.55216,470.75598,0.11742129,0.09796514,1.1168586,1.073742,1.073742,243.00134,221.43124,1.0974122
5so79h4h,68.06967,78.36933,115.970184,153.94069,178.29002,216.66359,252.51372,21.001507,71.81171,21.95673,0.30575418,164.12192,69.87717,77.851585,98.51498,117.673134,149.02965,1.2243993282318115,71.81171,6.677706,109.802345,106.91091,53.661404,0.50192636,252.51372,85.02238,141.34052,193.46202,216.01149,240.74507,0.9473427534103394,106.91091,20.75632,200.4336,58.71162,13.609028,0.23179445,91.663635,60.908085,69.77641,74.08515,76.58886,82.20346,-0.3909147083759308,58.71162,4.3079715,54.193268,72.08133,26.93283,0.37364504,232.79413,67.37876,78.8317,97.487976,127.33209,189.50632,2.3836801052093506,72.08133,7.686125,166.27802,0.19638926,0.10222041,1.2231259,1.4831984,1.2231259,178.72263,130.79295,1.3664546
a0mvf4s2,23.765102,28.355568,35.26407,40.0497,45.30009,57.0399,83.842285,9.49568,29.212437,9.91925,0.3395557,83.842285,26.687546,33.790592,39.95531,47.252033,67.27687,1.816139578819275,29.212437,3.696193,61.729546,27.174496,8.268771,0.30428424,82.27984,25.121284,28.8674,34.055077,43.531403,61.285908,2.951029062271118,27.174496,3.4042296,59.069916,23.360025,7.375542,0.3157335,57.00328,23.009539,27.45559,31.683249,36.353634,46.737175,0.8896793127059937,23.360025,2.0023365,33.2462,18.667517,8.55665,0.4583711,56.18313,18.260181,24.549511,28.9179,33.038883,43.41354,0.6443899869918823,18.667517,2.499042,32.58365,0.03614208,0.11165318,1.2505311,1.4557103,1.2505311,56.386932,42.027542,1.3416662
ni8tndfw,105.961685,151.27637,202.43826,232.5867,249.09738,275.23923,306.06323,69.930565,124.98911,41.165943,0.32935622,250.19829,110.50401,150.34259,189.18488,210.10307,235.88403,0.9494813680648804,124.98911,12.40825,102.707886,119.29194,47.20049,0.39567208,256.92593,106.08883,147.36105,191.94296,218.58229,248.33057,0.9573146104812622,119.29194,13.649708,149.96297,113.32407,50.414165,0.44486722,270.5475,94.773155,146.27116,190.1818,219.51291,258.316,1.0639969110488892,113.32407,14.152085,122.84769,125.388054,67.7263,0.5401336,306.06323,107.90053,162.03738,237.93887,266.6662,292.58386,0.8572233319282532,125.388054,19.194794,201.84898,0.02332221,0.050537776,1.1029352,0.951382,0.951382,244.28105,238.71213,1.023329
w41f7v4k,70.15871,86.52136,98.928185,108.03963,112.7115,119.10258,132.26599,26.671127,61.838863,14.224901,0.23003174,91.29951,64.63568,72.161545,78.593834,83.34033,89.097534,-0.24435880780220032,61.838863,4.795631,45.2314,65.887436,8.989912,0.1364435,90.71152,65.74672,70.80701,77.25,82.55685,88.52533,0.04473492130637169,65.887436,2.877224,32.031506,81.873085,26.225542,0.32031944,132.26599,89.78158,99.29727,113.27222,117.998886,127.004364,-0.4493197798728943,81.873085,7.644353,76.21675,78.01888,18.064283,0.23153733,119.63514,76.70926,92.28703,102.26551,107.19958,114.03937,-0.08667690306901932,78.01888,6.5911083,61.303894,0.03169725,0.02410504,0.7553015,0.84450626,0.7553015,127.7263,159.89197,0.7988288
88k686qe,103.527916,141.24759,202.87016,238.6268,255.69907,286.98962,332.9377,60.790665,112.28659,35.51189,0.31626117,238.8153,105.53794,130.21841,161.48592,186.06334,218.87471,1.0538299083709717,112.28659,9.425838,47.600548,84.23299,23.665699,0.28095526,126.88747,85.26283,104.57786,115.19431,118.78943,123.68521,-0.18960170447826385,84.23299,9.458723,70.797264,166.19308,64.94979,0.39080924,332.9377,156.23369,217.21658,257.03375,282.6511,312.92062,0.4658680856227875,166.19308,19.98058,153.97775,106.68659,51.508972,0.4828064,291.30786,91.583115,132.50238,182.81593,216.41641,263.70374,1.1590079069137573,106.68659,15.331641,71.03197,0.14275222,0.21806861,0.6756394,0.7895368,0.6756394,196.51958,272.87967,0.72016937
7ajul7w8,87.789696,132.93874,190.43271,222.55032,242.214,266.61942,285.06342,66.415955,110.8274,41.760258,0.37680444,242.1391,99.99936,138.04599,173.24478,193.7823,222.76434,0.8362363576889038,110.8274,12.023544,94.837135,73.42033,20.387148,0.27767715,147.30486,67.84415,82.68695,104.54827,117.07235,142.12863,1.3061617612838745,73.42033,4.984589,34.080124,125.276665,72.0901,0.5754472,285.06342,100.816696,184.31029,239.89981,257.80383,277.85983,0.5775524973869324,125.276665,21.313154,195.87611,106.46528,52.130234,0.4896454,282.5822,89.46078,133.24606,185.2901,219.86118,258.97263,1.166334867477417,106.46528,14.631687,79.51164,0.20302597,0.08117385,0.88466114,0.6896176,0.6896176,184.24773,231.74194,0.79505557
cof3138i,79.1759,105.60123,134.63898,153.03796,163.27914,180.11404,196.73958,50.085476,83.37,30.668951,0.36786553,167.94415,80.469376,107.097694,127.03173,136.70605,154.90715,0.41824692487716675,83.37,9.841138,67.5746,84.99498,29.617435,0.348461,171.78204,83.92506,99.898834,123.989296,136.96286,161.00002,0.2765197455883026,84.99498,10.48971,81.16669,77.521095,33.638245,0.43392375,180.29648,70.07837,94.84088,127.71107,145.75352,171.25822,0.8761215806007385,77.521095,8.093732,60.59982,88.42202,43.497692,0.4919328,196.73958,80.20186,117.542465,155.93532,173.65335,189.77017,0.5861581563949585,88.42202,13.610499,74.60925,0.009651515,0.06569073,1.0754492,0.96124226,0.96124226,168.36499,165.94312,1.0145946
2xog4c8j,86.576004,126.67037,172.15651,205.27553,233.62537,280.62012,339.94086,61.45121,106.47522,37.62927,0.3534087,210.46704,102.280426,134.33395,158.30446,172.40268,196.39758,0.37210533022880554,106.47522,10.57878,107.939384,73.366714,16.838497,0.2295114,148.95349,70.20151,82.88788,94.517204,104.66245,127.15044,1.168323278427124,73.366714,5.636406,63.987186,131.75778,72.93624,0.55356306,339.94086,116.516914,181.13577,242.89316,273.87753,314.1504,0.7230819463729858,131.75778,20.720087,98.52754,92.604195,43.794872,0.47292536,258.76837,82.649475,116.73345,152.69582,181.97028,230.71333,1.0736407041549683,92.604195,12.098218,117.80318,0.18409781,0.1745108,0.80811334,0.79226124,0.79226124,179.84193,224.36197,0.8015705
6e07fpy1,68.381,96.80067,196.69878,275.54535,316.9985,384.04684,434.79913,40.893944,97.7308,60.93335,0.6234816,388.78024,72.880745,104.6964,184.50615,236.32971,329.04074,2.23246431350708,97.7308,15.291991,314.96756,171.88239,107.01211,0.6225892,434.79913,133.95132,251.28857,350.38998,384.68106,416.4493,0.7801723480224609,171.88239,42.26537,353.98843,62.20501,14.2986555,0.2298634,133.43294,60.28377,68.95936,80.64964,86.75327,108.00852,1.0890058279037476,62.20501,5.235276,61.562706,72.34033,47.936157,0.6626477,303.85516,58.720104,81.65546,132.05792,181.08891,257.73944,2.1547138690948486,72.34033,11.261985,230.53006,0.27502954,0.07533016,1.5711081,2.3760242,1.5711081,269.6132,134.54535,2.0038834
aeldwqxk,59.85829,76.06549,109.50404,146.2393,171.78325,225.0723,311.399,33.55633,81.594185,46.753876,0.573005,311.399,66.7679,87.71913,138.47614,183.52718,266.56464,2.282986640930176,81.594185,13.630698,260.3132,71.90852,19.547369,0.2718366,194.56123,68.56047,77.48128,87.140366,106.61148,156.43118,2.545086145401001,71.90852,6.845979,150.71991,59.025494,40.256004,0.6820105,263.9553,45.209465,72.91707,111.797134,140.54301,216.36618,1.9866324663162231,59.025494,12.381889,224.98175,55.67427,33.905502,0.6089977,229.30644,48.525627,62.233997,96.47228,128.58383,196.0355,2.1740036010742188,55.67427,10.759028,191.04352,0.063097656,0.029217348,1.382355,1.2915934,1.2915934,153.50272,114.69977,1.3383001
e0qc96mj,31.931,39.706093,48.29577,52.709423,55.550484,59.98637,65.26563,14.8945675,39.115677,9.478278,0.24231406,63.54024,37.742958,45.93804,52.66379,55.812317,60.981415,0.3205285668373108,39.115677,2.9608698,23.403858,30.784992,8.708601,0.28288463,65.26563,30.198307,35.450817,42.225536,45.937798,56.567093,0.8657143115997314,30.784992,3.561104,33.392086,36.55177,9.722357,0.26598868,64.06862,35.066704,42.571274,50.066372,54.999657,61.41481,0.5724355578422546,36.55177,3.389063,26.927135,25.095049,9.681264,0.38578382,54.866104,23.46499,29.605154,38.806168,45.46871,51.142334,0.7776343822479248,25.095049,3.010285,30.093254,0.119178906,0.18584447,1.0701445,1.2267357,1.0701445,69.900665,61.64682,1.1338892
9n6eqv5y,103.81244,164.46687,250.16399,297.001,333.07178,392.91855,461.66345,88.646736,161.92914,73.82528,0.455911,406.9127,139.74713,211.65083,270.60507,297.90738,361.92712,0.8222054243087769,161.92914,24.519241,160.20369,112.91001,55.994034,0.49591735,379.26477,97.751076,131.3317,182.37558,225.94579,316.2221,1.799182653427124,112.91001,15.871003,64.250046,125.75463,87.32416,0.69440114,461.66345,86.144554,153.33322,257.72217,329.9089,422.25793,1.748638391494751,125.75463,19.154634,117.5631,121.694466,77.66723,0.63821495,461.52292,90.367004,137.1421,231.42389,308.93842,405.01907,1.9849865436553955,121.694466,18.03107,84.58185,0.1783557,0.016408084,1.2876594,0.9278155,0.9278155,274.83914,247.4491,1.1106896
21id9vvn,70.04062,113.997055,194.2509,238.60925,261.16125,290.36996,325.06696,63.729954,133.78392,83.90921,0.62719953,325.06696,111.37434,205.71039,263.1347,287.0426,310.48984,0.5611492991447449,133.78392,28.580761,273.3728,82.73433,32.625904,0.39434543,202.2522,74.84766,97.21318,129.61546,153.73744,190.32162,1.2805954217910767,82.73433,9.828437,109.57445,94.95723,57.805912,0.6087574,265.70084,69.12107,123.637726,193.4904,221.44351,255.82794,1.198073148727417,94.95723,13.160822,141.84923,64.363556,30.916992,0.48034936,200.89479,56.02982,77.112595,104.94662,129.8893,170.02408,1.5303568840026855,64.363556,8.572163,64.590706,0.23577501,0.19202563,1.4088861,1.285422,1.285422,216.51825,159.32079,1.3590082
5x48pw5k,48.889275,58.532093,70.30045,82.82441,89.026245,103.0424,119.45372,17.99839,45.491203,9.7896595,0.21519896,77.49648,46.458473,52.638596,56.914787,60.18606,69.08168,-0.021874744445085526,45.491203,3.3245864,31.398003,50.00336,14.44463,0.28887317,94.02062,48.61405,60.09069,69.10414,75.4296,88.844925,0.5182586908340454,50.00336,5.072306,55.253483,47.072796,10.713437,0.22759296,69.42251,47.147694,55.63031,61.575825,64.48245,67.8333,-0.004050914663821459,47.072796,3.8033056,31.223175,59.9452,19.374153,0.32319772,119.45372,55.593178,72.20441,87.995605,98.82829,113.300995,0.8494324684143066,59.9452,7.793439,83.34251,0.04725041,0.12028263,0.96640116,0.83415115,0.83415115,95.49457,107.018,0.8923225
0jjsp49c,61.255142,85.36388,123.04459,161.01057,191.78688,260.61084,334.42862,37.672462,69.52174,23.867455,0.3433092,169.3521,62.801773,83.281296,103.68773,114.5371,148.72736,1.1827571392059326,69.52174,6.8773813,64.12216,54.17937,16.489779,0.3043553,101.55417,51.182964,63.463303,80.75813,87.30612,96.38555,0.7785366773605347,54.17937,5.8293424,50.888996,112.14126,62.69097,0.5590357,334.42862,95.582634,140.65427,205.84134,245.05183,300.73145,1.2182142734527588,112.14126,14.37071,264.9147,62.355442,26.966478,0.4324639,209.28325,54.396755,69.41263,92.78783,114.76417,176.98752,2.4118728637695312,62.355442,6.100559,86.76611,0.12402777,0.28531092,0.61994797,0.8688796,0.61994797,123.70111,174.4967,0.7089023
d3irvxd2,42.164024,48.07443,56.403904,60.692863,64.24738,71.30982,80.99921,11.314217,40.67171,7.5423136,0.18544373,58.868404,39.85231,46.102013,51.467648,54.444508,57.134922,0.2975299060344696,40.67171,2.3475513,27.754475,43.462124,4.0217223,0.09253396,55.109436,43.120987,45.576393,48.730152,51.367622,53.98256,0.32471251487731934,43.462124,1.7452071,15.356075,43.612442,11.033306,0.2529853,67.744484,42.535587,52.904564,59.418835,60.87167,64.98986,0.11679176986217499,43.612442,3.67243,34.74797,44.804756,11.772442,0.26274982,80.99921,42.24379,51.356174,63.077065,69.1485,76.11817,0.8060157299041748,44.804756,4.1454067,50.566875,0.033166356,0.013485093,0.9325713,0.9700337,0.9325713,84.133835,88.4172,0.9515551
zu4ns7nv,59.31819,99.11833,184.63965,245.34805,274.05487,308.856,349.51245,52.28308,105.82436,76.774124,0.7254863,345.9957,72.33736,135.22969,237.53252,281.43228,317.91864,1.3802013397216797,105.82436,24.150232,263.82468,90.69772,66.42277,0.7323532,339.4359,67.7167,114.38833,196.86925,243.19498,301.61154,1.5059630870819092,90.69772,19.753712,225.94366,75.516624,48.79586,0.6461605,337.59433,55.797203,77.520256,134.9616,191.5256,285.1275,2.729810953140259,75.516624,9.540942,194.37057,75.35374,58.655254,0.77839875,349.51245,52.342945,80.54733,156.45285,215.85927,301.49545,2.2308671474456787,75.35374,12.562756,198.76936,0.0769717,0.0010796526,1.4013387,1.203626,1.203626,196.5221,150.87036,1.3025892
v28ue1my,55.53973,75.29261,109.72766,140.7383,156.6419,183.21669,237.82399,30.150188,66.09742,29.994932,0.45379883,167.29791,54.29577,80.68387,111.69068,130.70927,155.54439,1.2990212440490723,66.09742,7.3113875,114.48694,58.360344,14.94623,0.2561025,111.27025,55.6331,69.00245,77.11464,83.97129,99.606606,0.702716052532196,58.360344,5.570843,58.91881,72.81597,38.745026,0.53209513,222.40697,58.4635,83.22793,136.70392,165.65065,193.25095,1.5652648210525513,72.81597,11.458903,186.1936,67.30433,35.17524,0.5226297,237.82399,55.033165,75.05292,116.57843,148.67915,201.09114,2.0494463443756104,67.30433,11.723304,198.44675,0.062166277,0.039335076,0.9077324,0.8671113,0.8671113,124.45776,140.1203,0.8882208
6po0m24u,55.557648,98.18648,153.90361,185.18028,199.73163,229.77397,272.50705,54.469055,67.475975,33.216385,0.4922698,189.35767,51.9196,85.99055,115.95199,138.57779,171.36012,1.3456454277038574,67.475975,8.10034,63.851673,53.27291,16.715904,0.3137787,141.05121,49.322624,56.773483,73.579384,87.33777,119.944786,2.121476650238037,53.27291,4.048367,44.000744,80.58328,47.85797,0.59389454,207.37408,56.26587,112.09607,159.13838,181.40999,198.09193,0.9678173065185547,80.58328,14.101962,98.00105,100.83633,60.854813,0.6035009,272.50705,78.91074,145.0342,198.00882,219.69958,252.16042,0.8498602509498596,100.83633,20.135061,235.97017,0.117624804,0.11163646,0.8373446,0.5283107,0.5283107,120.748886,181.41962,0.6655779
s73w1yau,35.000565,44.556267,73.68841,97.747444,114.31988,136.91719,165.56126,16.683079,48.077496,23.576054,0.49037609,156.46768,40.075348,50.560417,81.41323,104.22031,136.1852,2.1734812259674072,48.077496,7.0252795,99.015,45.37615,30.73788,0.6774017,165.56126,35.107803,49.986294,90.35514,119.77567,153.29451,1.8400614261627197,45.37615,7.8703794,115.30524,39.297764,17.686674,0.4500682,146.05095,34.649918,40.104134,56.523888,75.47945,120.1682,3.0194268226623535,39.297764,4.3221273,86.595474,35.018955,24.635368,0.7034867,156.97395,27.78405,40.58869,64.94811,89.441635,132.04967,2.1395814418792725,35.018955,6.517404,89.16786,0.028905747,0.057575315,1.2234156,1.2957597,1.2234156,93.45364,74.31672,1.2575049
a8d7204j,37.38169,50.081776,59.547905,66.58367,73.65315,100.64712,143.5249,22.687262,52.59103,14.393199,0.27368164,138.56651,51.23243,56.802025,66.01393,77.69816,111.34923,2.096615791320801,52.59103,6.200088,107.70152,41.089523,19.179865,0.46678236,143.5249,35.68633,43.021595,64.500336,84.430984,119.28765,2.368811845779419,41.089523,7.7366047,124.52077,41.487953,11.61935,0.28006566,73.676125,40.224876,50.67988,57.588715,62.46592,68.3987,0.41601133346557617,41.487953,3.073794,45.499126,26.774475,9.889784,0.3693736,86.57047,24.029392,30.164238,38.632214,45.124844,64.28409,2.0593059062957764,26.774475,3.4546902,71.14341,0.12277368,0.21554285,1.2676218,1.5346528,1.2676218,93.68056,68.26243,1.372359
3m9iqbq9,62.05493,77.86721,114.42734,151.75494,178.04532,222.42511,285.37082,29.17546,72.42464,31.39893,0.43353933,220.00713,62.705933,81.861084,115.709206,142.33661,185.62788,1.7475916147232056,72.42464,7.778798,128.77837,67.7532,17.682673,0.26098654,166.79173,67.26304,74.8002,81.082115,94.68288,134.3061,1.603932499885559,67.7532,7.3746815,94.38096,64.79458,26.26397,0.40534207,206.77211,58.704266,73.244965,89.95273,114.44662,170.5017,2.2187273502349854,64.79458,7.5865173,140.04022,77.15326,55.208084,0.71556383,285.37082,53.8339,96.19471,161.31036,201.39835,259.6061,1.6611791849136353,77.15326,18.45162,244.45236,0.033325102,0.087064944,1.1177577,0.87816375,0.87816375,140.17783,141.94785,0.98753047
j2h1tlom,93.01048,121.09517,185.53091,248.65067,289.07315,346.91153,404.77142,47.981537,82.567604,17.72216,0.21463817,131.53886,79.99086,95.89002,108.54179,112.667595,124.93519,0.45635390281677246,82.567604,4.277633,42.370373,77.67855,14.869145,0.19141893,128.56175,76.21545,88.91402,96.95392,101.9525,114.41353,0.40020906925201416,77.67855,5.7182126,34.635315,165.56387,79.472885,0.48001343,404.77142,140.17345,208.12286,290.45084,335.5126,385.93576,1.09676194190979,165.56387,20.8776,277.4849,112.92579,52.298145,0.4631196,366.3981,102.33936,130.8844,176.74417,221.50403,304.27246,1.700104832649231,112.92579,14.340713,250.321,0.030509645,0.1890127,0.49870545,0.6878725,0.49870545,160.24615,278.48965,0.5754115
344mw04i,49.73188,67.418045,130.64003,178.66266,208.69643,247.02744,281.34543,29.382763,81.076485,51.19466,0.6314366,270.4139,58.94099,96.160675,163.63994,195.1485,244.58972,1.5644917488098145,81.076485,16.030293,193.98282,61.877,41.307785,0.667579,257.40573,46.55914,68.30893,118.775826,158.0362,217.24858,2.1594085693359375,61.877,10.375195,184.07007,59.826958,44.137146,0.7377468,281.34543,47.168537,59.175423,98.97301,161.4711,254.79408,2.9102249145507812,59.826958,11.225599,229.8099,57.045868,45.989765,0.80618924,279.98773,42.67586,55.4956,106.341484,164.47014,252.68486,2.738919734954834,57.045868,11.489168,226.28844,0.13430582,0.023795864,1.3551831,1.0846885,1.0846885,142.95349,116.872826,1.2231542
3dzxlrgn,56.498806,72.96619,106.47419,128.32,140.86992,154.33514,175.91356,30.122616,53.29699,18.544453,0.3479456,126.22827,51.425575,64.65637,76.761925,85.75599,110.15934,0.7559012770652771,53.29699,5.7885904,57.590576,52.219574,22.250837,0.42610148,135.68158,46.340927,64.98931,80.86881,97.529655,123.03001,1.1774715185165405,52.219574,6.7144346,92.814156,63.639965,26.8204,0.4214396,145.11307,57.226303,76.89168,106.96472,119.84775,138.58528,1.0362000465393066,63.639965,6.5456223,72.816376,78.52884,34.828476,0.4435119,175.91356,66.481346,97.74089,139.54092,150.85391,162.99463,0.9906601905822754,78.52884,12.7116375,129.52238,0.010210866,0.104726724,0.83747673,0.6649732,0.6649732,105.51656,142.16881,0.7421921
jzm3618l,51.501755,70.82,143.73431,202.13895,232.82553,271.7977,318.94016,29.941364,84.15068,51.237423,0.6088771,248.70386,65.96979,104.291595,165.27357,201.47995,234.95897,1.3010936975479126,84.15068,15.082137,197.76462,47.503548,10.631998,0.22381482,74.5985,50.011097,55.051292,59.146496,61.965923,68.01519,-0.5096994042396545,47.503548,4.8693123,39.926903,101.74567,78.88052,0.7752716,318.94016,57.400814,150.58652,239.36578,269.38495,302.12,1.0995231866836548,101.74567,23.500141,270.73386,48.153763,15.450133,0.32084996,117.068306,44.27597,54.800114,66.27311,76.88092,107.28714,1.6021885871887207,48.153763,5.1065125,29.253849,0.27835894,0.35751906,0.8270689,0.9864971,0.8270689,131.65424,149.89943,0.8782838
eu6zu1to,34.91295,50.358902,70.29872,95.02782,111.36044,145.82355,190.53535,24.95293,52.105457,18.948948,0.3636653,128.06409,48.395485,60.784966,76.74131,92.84749,113.61465,1.288373589515686,52.105457,7.5910897,96.13996,36.703327,15.671877,0.42698792,123.08792,32.314377,43.392456,57.00203,64.444954,95.98375,1.7676212787628174,36.703327,4.98497,67.39223,41.9713,26.657097,0.6351268,171.95053,33.79401,45.38665,72.953156,106.71061,148.37708,2.4914743900299072,41.9713,6.9445004,149.65147,37.29203,30.822552,0.8265185,190.53535,25.370306,37.209103,72.824,112.20604,161.9526,2.6723506450653076,37.29203,8.907027,164.38676,0.17343025,0.05903446,1.2414545,0.9842137,0.9842137,88.808784,79.26333,1.1204271
zhdv5ojz,26.852066,36.859966,50.913857,68.54271,84.858925,111.14511,148.86075,17.023737,28.246052,11.368575,0.4024837,60.570335,25.272106,37.279816,44.464993,48.340103,56.167377,0.5327728986740112,28.246052,4.346614,45.02144,29.66098,6.9804654,0.2353417,48.944813,29.422985,34.105373,38.746822,40.562653,44.800938,-0.11183726042509079,29.66098,2.804997,36.20479,44.138588,30.081379,0.6815211,148.86075,33.1781,60.759758,89.89222,108.94328,132.8549,1.1937603950500488,44.138588,9.407245,137.50119,25.628017,13.443108,0.52454734,93.18205,23.57604,30.253523,41.17576,52.715557,74.68097,1.689666986465454,25.628017,4.278501,45.054028,0.024434485,0.26532137,0.6399401,1.1573654,0.6399401,57.907032,69.7666,0.8300108
to7d835k,20.777376,26.24957,31.430815,34.141533,35.9032,41.218006,63.111126,9.826273,24.118883,7.0717425,0.29320356,61.236965,22.86724,28.400139,33.40553,36.867985,46.15475,1.1239744424819946,24.118883,3.039569,46.358944,22.27851,8.327594,0.37379494,63.111126,20.518976,28.267973,33.47987,36.050953,47.25754,0.960791289806366,22.27851,4.1290035,48.606163,23.511265,5.628715,0.23940504,39.946327,23.219847,27.281834,31.4315,33.758907,36.4073,0.31541430950164795,23.511265,2.1405106,25.204412,18.023552,5.570399,0.3090622,40.63609,16.99828,22.205395,25.98879,27.959085,31.915493,0.60922771692276,18.023552,1.8891044,25.969336,0.03966546,0.1321232,1.0258437,1.2360777,1.0258437,46.397392,41.534817,1.1170722
uc9pbtyj,91.86401,132.35706,218.84132,268.9776,297.78973,343.55997,398.2314,57.61705,172.73848,88.690346,0.5134371,398.2314,155.28201,245.46533,302.09183,331.81396,375.10938,0.5500032901763916,172.73848,29.849981,207.09903,112.08922,45.021168,0.40165475,282.27774,101.75037,128.0363,173.41823,210.8538,256.02682,1.3609720468521118,112.08922,14.4197645,58.259296,101.47464,42.084023,0.41472453,268.7698,88.62692,115.655396,160.9244,192.67754,246.86803,1.573692798614502,101.47464,9.517159,73.42385,81.0867,24.36219,0.30044618,205.04251,78.578125,93.30367,113.336296,123.09198,157.6195,1.007325530052185,81.0867,7.928444,52.325806,0.21293315,0.1116772,1.7022823,1.3823379,1.3823379,284.8277,182.56134,1.5601753
r39iixha,55.662354,77.81676,99.141266,120.862885,136.148,172.44798,227.51772,36.633644,73.68305,21.946632,0.29785183,148.84337,72.26402,84.83941,105.167305,117.37325,133.83752,0.6771568655967712,73.68305,7.841793,106.54172,62.657322,17.378447,0.27735698,129.28165,58.760612,76.36509,85.09124,91.60747,105.91052,0.5731110572814941,62.657322,6.0766106,72.68288,61.549297,30.41105,0.49409258,188.26749,53.46934,77.63957,104.12438,123.74289,158.34662,1.229526162147522,61.549297,9.090648,161.7571,54.1288,38.19058,0.7055501,227.51772,40.80712,53.826515,107.68755,146.59074,198.29944,2.2470552921295166,54.1288,13.9987545,204.3049,0.080869146,0.06414782,1.1971388,1.1575598,1.1575598,136.34038,115.6781,1.1786188
iaw4otuo,63.16124,109.27139,163.68922,187.57693,203.0498,222.63258,245.78648,62.26493,71.63546,36.873234,0.5147344,189.37521,60.777336,95.28064,129.18364,142.45538,172.22879,0.8858444690704346,71.63546,10.16206,93.96589,50.63139,13.051108,0.25776714,85.4094,51.907223,59.664425,67.83906,72.17399,79.30448,0.1140236109495163,50.63139,5.0872536,46.206917,107.10608,60.803547,0.56769466,242.4682,92.13075,162.7056,193.9304,209.05658,228.44846,0.40681490302085876,107.10608,19.54489,148.87569,94.789566,49.38541,0.5210005,245.78648,76.82522,122.47608,172.49835,198.03133,230.60396,1.050185203552246,94.789566,13.550527,137.54692,0.17178877,0.06100435,0.66882724,0.5341452,0.5341452,122.266846,201.89565,0.6055943
4uw590z9,65.41487,86.83803,158.18994,204.4842,234.09116,271.2505,314.01123,29.455662,82.91406,36.673126,0.44230285,242.50133,70.45461,86.26048,133.52542,172.5875,217.62514,2.0424673557281494,82.91406,9.269986,167.02417,85.50235,42.192944,0.49347115,251.5996,66.931114,94.30518,148.85188,184.44917,232.59688,1.9222397804260254,85.50235,11.556177,165.33208,72.50539,40.097454,0.5530273,249.72632,60.308544,71.25107,123.33804,175.5073,226.50885,2.408111572265625,72.50539,10.737711,185.25406,96.10432,66.20271,0.68886304,314.01123,63.940342,110.40032,213.70119,257.84186,295.3099,1.662140965461731,96.10432,20.264246,256.9589,0.01536838,0.13996187,1.1435573,0.8896827,0.8896827,168.41641,168.60971,0.99885356
2jn67lm8,115.74224,175.90944,268.1341,328.82358,369.96567,433.01474,499.35333,80.56172,121.484634,41.283688,0.3398264,287.6034,107.561104,137.12177,183.92255,212.61581,259.39865,1.586737871170044,121.484634,10.241642,87.07465,113.96768,37.10779,0.32559925,255.52998,105.7295,135.41039,163.69052,188.10884,222.68549,0.9748811721801758,113.96768,12.563989,100.10007,153.75291,74.65195,0.48553193,382.9726,117.586365,198.69138,278.69232,307.515,356.1818,1.123725414276123,153.75291,22.55957,296.94278,190.25055,110.82761,0.582535,499.35333,154.23163,261.93146,366.71088,417.81982,474.3601,0.8582268357276917,190.25055,37.91223,421.37018,0.03192558,0.1060967,0.790129,0.59904,0.59904,235.45232,344.00348,0.68444747
e49ite92,48.807373,74.387,143.03813,189.73921,218.96442,259.9199,307.71487,37.931423,61.347916,33.652897,0.5485581,189.30002,46.574715,73.021164,115.0081,136.70929,170.302,1.5414470434188843,61.347916,10.212027,146.91335,46.040073,13.214473,0.2870211,102.51107,45.83764,53.98945,60.002785,68.743645,83.43913,0.7649464011192322,46.040073,3.9324882,34.43545,92.61633,68.36649,0.73816884,307.71487,57.59907,134.72125,206.38055,235.68813,281.78998,1.2116568088531494,92.61633,21.146238,233.3571,67.27923,57.237305,0.8507426,298.8911,44.10891,83.75695,153.18687,196.09976,261.30057,1.7608917951583862,67.27923,16.286465,235.85764,0.14254707,0.15846033,0.66238767,0.68431336,0.66238767,107.387985,159.89557,0.6716133
srl3vzzx,15.268232,21.02435,27.7987,39.778923,52.185425,77.92578,114.231766,8.918805,26.50319,16.573542,0.6253414,114.231766,22.138763,26.450003,43.763042,66.0645,97.86044,2.7732155323028564,26.50319,5.6286335,100.02735,19.3462,14.689911,0.7593176,91.68124,14.285688,20.716099,38.637928,52.671337,75.70011,2.3438339233398438,19.3462,5.1402893,78.396164,16.476377,5.092715,0.3090919,47.906395,15.008409,17.91911,22.904877,25.901405,36.418564,2.3805179595947266,16.476377,1.7151723,34.102108,13.066706,4.8971405,0.37478003,46.639362,12.043269,14.765011,18.274006,21.098267,32.849743,2.2058017253875732,13.066706,1.2889184,35.589836,0.15609778,0.11541354,1.6085567,1.4805722,1.4805722,45.84939,29.543083,1.55195
t9qubwrp,34.115852,40.990593,72.78646,110.859085,134.75436,171.4326,242.9821,12.304527,47.17741,28.162905,0.5969574,157.63185,37.564384,47.94218,89.59404,117.189125,148.9059,2.0298070907592773,47.17741,8.93774,133.2344,56.629223,43.186386,0.76261663,242.9821,36.40598,64.584404,122.281944,161.40488,200.93231,1.9441384077072144,56.629223,16.420189,201.27438,35.017338,7.6883783,0.2195592,95.14115,34.959694,37.965034,41.80842,44.680237,66.370575,2.4806792736053467,35.017338,2.446623,59.133663,36.81108,26.781137,0.7275292,235.55875,29.402222,34.805206,56.36818,90.14434,168.61447,3.720794916152954,36.81108,7.9592133,210.26756,0.09105211,0.024972612,1.3472586,1.5383743,1.3472586,103.80663,71.828415,1.445203
8guucm5f,96.121506,127.72943,201.30205,259.75345,301.91663,380.6102,503.96454,46.436363,85.77423,14.076999,0.16411687,125.35886,86.00101,95.677864,103.89243,107.8265,116.02244,-0.1769762486219406,85.77423,6.1136036,43.77886,80.01755,17.251507,0.21559654,128.05623,81.74044,92.24345,100.8286,106.535934,121.36139,0.05154252424836159,80.01755,4.454422,42.409485,157.80833,71.60146,0.4537242,444.83292,132.42538,191.93654,263.63223,308.34198,381.746,1.4111576080322266,157.80833,18.675251,210.64835,140.0438,77.873825,0.55606765,503.96454,112.700134,159.7905,246.46399,310.97235,429.2328,1.9628289937973022,140.0438,17.900213,355.5879,0.03472237,0.059642155,0.5435342,0.5713752,0.5435342,165.79178,297.8521,0.5566245
yczu80zr,144.63412,218.41214,344.40085,426.6134,473.31094,525.0149,590.9398,107.411545,161.42906,64.25416,0.3980334,398.92426,146.32198,189.25113,254.66856,299.60013,367.68387,1.2925459146499634,161.42906,12.362373,96.11783,108.26186,23.554995,0.21757425,155.97227,111.11536,126.39402,137.37187,143.60463,150.36389,-0.24326695501804352,108.26186,9.957165,74.99489,284.6669,134.58305,0.4727738,590.9398,266.13467,393.06738,482.39133,518.7983,560.90356,0.35538041591644287,284.6669,40.20321,304.7226,166.96118,84.430214,0.5056877,507.953,148.07855,200.3421,285.4706,353.12854,453.66208,1.3481032848358154,166.96118,18.826818,101.89814,0.19714123,0.26062533,0.56708056,0.64842534,0.56708056,269.69092,451.62808,0.59715265
z79hqtyl,83.02073,143.10757,206.89438,249.21954,274.7171,312.8531,349.2669,82.55347,121.03566,63.462982,0.52433294,337.69098,103.90351,159.1369,212.40433,252.35706,306.8615,1.0313910245895386,121.03566,16.881653,133.5081,145.8217,74.47786,0.51074606,349.2669,134.67305,193.70758,254.01982,290.0747,335.9971,0.6882401704788208,145.8217,24.35373,146.89246,74.97916,41.462654,0.55298907,295.1341,64.23752,81.94583,124.0141,164.5775,239.38332,2.2558670043945312,74.97916,7.8067985,63.388737,101.83018,62.33864,0.6121824,332.5148,75.04251,130.50955,196.23743,245.5058,306.72812,1.4930564165115356,101.83018,14.925736,113.83205,0.09288123,0.15186428,1.6142575,1.4320087,1.4320087,266.85736,176.80933,1.5092946
u58ftyla,100.766685,131.298,262.07446,381.89392,468.9589,561.35406,651.7822,46.926003,157.71669,121.79854,0.77226156,622.6641,112.58852,145.05185,345.43878,482.39557,586.6272,2.195037364959717,157.71669,36.721615,496.9906,160.40118,110.68299,0.6900385,651.7822,114.29972,171.5516,306.94455,430.83987,590.94836,2.2705166339874268,160.40118,32.179585,506.13092,110.03746,72.97969,0.6632259,569.1694,87.1248,104.14637,175.30627,267.6098,461.6148,3.4440407752990723,110.03746,14.308502,461.82736,127.787125,88.88902,0.69560236,627.4351,95.00032,124.694885,226.42645,331.52365,529.89703,2.9711079597473145,127.787125,19.474627,524.55786,0.0084386775,0.07463343,1.4333,1.2552218,1.2552218,318.11786,237.82458,1.3376155
vzme9wt0,37.64679,61.67256,96.18301,119.774345,131.26291,153.23015,191.1863,35.91881,55.88888,30.669687,0.54876184,161.98683,48.1035,71.43028,101.22363,120.22578,146.79886,1.0794991254806519,55.88888,8.603021,37.50719,30.626024,11.186928,0.36527523,81.01846,28.372557,34.46926,44.585865,52.299324,70.07837,1.3744747638702393,30.626024,3.772331,22.52768,65.551216,38.92762,0.59385043,191.1863,53.410374,85.73505,125.659775,145.37921,179.4283,1.0745649337768555,65.551216,11.294099,45.579826,38.724453,29.31788,0.7570896,153.17699,29.595306,50.36588,83.119865,103.10311,131.18433,1.4197372198104858,38.724453,8.769048,41.573196,0.29200584,0.2572677,0.8525987,0.7908704,0.7908704,86.51491,104.275665,0.82967496
0iv1ggxr,4.435475,6.6047583,11.0904255,13.7912035,15.2979965,17.551048,20.279741,3.048958,3.887439,0.7419581,0.19086038,6.7568774,3.7703047,4.4081397,4.9539466,5.226097,5.5899587,0.47948533296585083,3.887439,0.37824622,3.2491086,6.329836,2.5703614,0.40607077,16.390812,5.64853,7.5781193,9.744055,11.79347,14.92181,1.2779005765914917,6.329836,0.6471818,3.09964,3.718472,0.8145851,0.21906447,6.5146413,3.644784,4.1532884,4.827858,5.2046313,6.00742,0.5589680075645447,3.718472,0.34982073,2.975073,8.746933,4.3050714,0.49218068,20.279741,7.969201,11.785251,15.184237,16.956789,18.847189,0.572667121887207,8.746933,1.3598543,12.653687,0.23904583,0.40339333,1.04544,0.72366345,0.72366345,10.217275,12.4654045,0.8196505
ed8u8noz,31.828266,52.754623,101.7452,139.9378,157.08984,203.53618,253.17862,31.996979,46.782486,22.713844,0.48552024,157.04062,41.222717,54.0589,72.799164,94.82018,133.8878,1.862005352973938,46.782486,8.468879,125.951866,19.438734,5.703456,0.29340675,35.166897,19.658388,23.219364,26.645184,29.113972,33.89618,0.018446363508701324,19.438734,2.325427,21.320236,86.043396,56.530823,0.65700364,253.17862,70.911354,122.70393,172.28975,199.61034,231.31583,0.821296751499176,86.043396,19.060299,210.73186,30.39705,21.31534,0.7012305,150.289,24.201546,34.923515,53.99382,76.6825,124.35394,2.54419207572937,30.39705,6.2617474,66.38246,0.41291523,0.47789535,0.543708,0.63949406,0.543708,66.22122,116.440445,0.56871325
emdmz5rg,3.2781549,4.7003,7.5679836,9.525708,10.563806,11.72055,13.255604,2.0524306,3.0983255,0.94873494,0.30620894,7.948722,2.9508767,3.4045901,4.2480917,4.9068484,6.7462316,1.8015708923339844,3.0983255,0.32529736,2.4423828,3.4014168,1.4052869,0.4131475,8.9224415,3.1977506,3.9183607,5.315459,6.3064613,7.9570427,1.3170900344848633,3.4014168,0.3832806,2.6354127,3.7849076,1.4214346,0.37555334,8.849475,3.4615376,4.524312,5.741737,6.4753866,8.241141,1.009748101234436,3.7849076,0.54041624,3.4483955,5.713641,3.0980458,0.54221916,13.255604,4.775022,8.319854,10.553558,11.430991,12.389232,0.5953121781349182,5.713641,1.1687516,10.486836,0.046631277,0.2030556,0.81860006,0.5953151,0.5953151,6.4997425,9.4985485,0.68428797
oi9wm1sa,24.785614,31.772743,40.472477,45.27827,48.793045,58.32442,71.91549,11.492434,23.953243,5.379544,0.22458519,45.28637,22.860687,26.963415,31.143188,34.359505,40.109997,1.008179783821106,23.953243,1.8985633,12.485428,27.597618,5.8642645,0.21249169,45.827744,26.804626,31.387377,35.589817,38.549355,42.9637,0.5057204961776733,27.597618,2.731264,19.199432,21.902143,6.4182234,0.29304087,44.07545,21.271784,24.996181,30.142044,34.470463,41.505653,0.7841018438339233,21.902143,1.7214658,10.634058,33.333,12.276759,0.36830646,71.91549,33.114197,42.187603,48.719883,54.390236,64.770485,0.3791719079017639,33.333,4.4538126,56.4693,0.070694745,0.20694898,1.0936483,0.8279368,0.8279368,51.55086,55.235146,0.9332982
v9cng8ta,31.765871,42.654446,55.695217,61.99524,65.24006,71.311005,94.560875,17.81162,29.709087,9.218931,0.3103068,67.96141,28.778048,35.196976,42.48239,45.62894,55.376812,0.6719165444374084,29.709087,4.1313863,37.413742,35.354733,10.103348,0.28577074,72.53069,33.117752,40.61224,50.15657,56.01855,64.382515,0.963549017906189,35.354733,4.3253007,41.779842,36.865513,14.116098,0.38290796,94.560875,32.593887,46.6555,57.700485,61.910954,75.177795,0.8457248210906982,36.865513,7.2206693,72.82097,37.530334,16.998596,0.45292953,90.77539,34.298035,50.69768,62.965942,67.20095,75.7903,0.4971531331539154,37.530334,7.1496615,66.15732,0.086770885,0.008936274,0.8058775,0.94203085,0.8058775,65.06382,74.39584,0.87456256
na6u48gw,25.452179,36.396324,55.124744,69.06052,80.40775,99.896,120.46192,17.469728,24.398994,11.380875,0.46644852,71.69426,22.091614,28.78555,39.375828,47.2918,63.18337,1.3478375673294067,24.398994,4.2144594,23.105225,27.610542,8.76643,0.317503,65.28731,26.547174,32.01891,37.051926,43.354282,58.16137,1.1946614980697632,27.610542,4.648504,52.746548,33.988335,21.518898,0.63312596,115.67451,27.602743,43.002113,64.31708,81.35389,104.657074,1.2881511449813843,33.988335,7.170315,34.85135,35.356857,22.924212,0.64836675,120.46192,27.938984,47.184162,68.02803,83.5639,107.340805,1.243058204650879,35.356857,8.1433325,63.817642,0.061749212,0.019734932,0.7178638,0.78091055,0.7178638,52.009537,69.34519,0.7500093
ghm56vu6,25.58902,35.442265,51.242397,62.50175,69.52404,84.396904,108.08326,15.764885,26.669598,8.890775,0.3333674,78.23057,25.383404,29.767199,37.688072,44.100456,54.989925,1.4888163805007935,26.669598,3.7383273,51.920433,26.373804,10.496318,0.39798272,76.788506,24.532568,30.782024,39.26128,47.615604,61.09555,1.4364690780639648,26.373804,3.7530665,53.26828,25.559015,11.860307,0.46403614,68.1022,23.116394,31.317764,42.81314,49.77069,60.278637,0.9850162267684937,25.559015,4.1721067,22.540554,37.738037,21.59121,0.5721339,108.08326,34.232746,52.346943,68.71916,78.96285,93.20261,0.7040407657623291,37.738037,7.4128127,39.24913,0.0055764434,0.19241057,1.0434517,0.6988653,0.6988653,53.043404,63.29705,0.8380075
z5gf3bbt,22.42857,34.13951,53.43959,65.076866,72.430374,84.71817,97.16613,19.263245,28.747057,14.041902,0.48846397,66.86026,26.943676,37.38125,49.577686,56.8305,63.712727,0.6136347651481628,28.747057,4.9316607,47.496216,21.278482,6.82982,0.3209731,39.061897,21.695723,26.97142,30.180725,31.451271,35.21795,0.005205446854233742,21.278482,3.2122023,20.522396,29.741148,20.322035,0.6832969,89.27939,21.419073,41.400772,64.183205,72.083405,83.31113,1.1251227855682373,29.741148,6.6258454,67.79588,28.33686,21.07112,0.743594,97.16613,20.70369,37.57657,60.651237,75.52845,91.218,1.3159511089324951,28.33686,6.6884427,75.60489,0.14929523,0.02417933,0.9665752,0.7509118,0.7509118,50.02554,58.07801,0.8613508
873lkmgs,16.824677,27.881813,41.343273,52.481472,59.216312,72.00195,91.611176,17.245428,22.809755,11.891914,0.5213521,75.25493,19.758795,31.35972,38.548107,42.29522,58.44796,0.8459396958351135,22.809755,4.6160717,31.723324,17.072834,6.869293,0.40235224,40.23181,16.117212,21.260546,27.063147,29.931475,35.564465,0.6892978549003601,17.072834,2.5764503,20.56607,27.047453,21.575825,0.79770267,91.611176,20.466457,42.427567,59.001232,68.459694,85.005135,0.8354537487030029,27.047453,7.4317455,83.247475,17.612816,13.15474,0.7468846,78.575874,14.037737,21.328228,36.431168,46.798805,63.235058,1.6893082857131958,17.612816,4.878653,53.50997,0.14384525,0.21125346,0.8433236,0.9693415,0.8433236,39.88259,44.66027,0.8930217
6rv9777t,1.8165932,2.5056715,3.742411,4.659998,5.0798535,5.813293,6.7599077,1.084482,1.8009657,0.77469736,0.43015665,5.0596614,1.7364126,2.0544186,2.736428,3.3584492,4.45554,1.3165186643600464,1.8009657,0.21080324,1.6745633,1.9742324,0.7234885,0.36646572,4.625359,1.975434,2.4705362,2.8394847,3.1991818,3.9862292,0.5460287928581238,1.9742324,0.28315714,2.1117573,2.264164,1.1832361,0.52259296,5.6902676,1.8054031,2.8920863,4.2064524,4.8464494,5.366853,1.0444294214248657,2.264164,0.34181067,3.9911072,2.437522,1.3781816,0.56540275,6.7599077,1.8627886,3.0426438,4.799337,5.4892335,6.3444753,1.3000528812408447,2.437522,0.46855867,4.9707193,0.045896076,0.03687145,0.7954219,0.8099342,0.7954219,3.775198,4.701686,0.8029456
nqetmni3,1.65868,2.0741618,3.0392218,3.9669728,4.414704,5.063671,6.676669,0.72593117,1.5991021,0.3566808,0.22305067,3.0400832,1.5682225,1.7849562,2.013062,2.176425,2.814964,0.9499319791793823,1.5991021,0.110003635,1.4406412,1.7735673,0.36178994,0.20398997,2.7175066,1.8141006,2.0121498,2.195229,2.3290756,2.5278673,-0.321830153465271,1.7735673,0.13827552,1.026464,2.2037668,1.1356945,0.5153424,5.379747,1.7934878,2.9253197,4.0308795,4.5024095,4.982349,0.7882134318351746,2.2037668,0.34486252,4.0304036,1.9402696,1.1244705,0.5795434,6.676669,1.5270908,2.2883348,3.6160185,4.437554,5.8948197,1.6664091348648071,1.9402696,0.34913212,5.4208755,0.051729105,0.063584685,0.7256222,0.91408294,0.7256222,3.3726695,4.1440363,0.813861
gom6736z,15.669302,28.738909,49.977276,60.26662,66.54546,78.279884,105.05908,18.61206,25.88385,16.392223,0.6332993,72.546844,20.394732,34.42708,54.107544,59.876724,67.658005,0.9803088903427124,25.88385,5.428778,55.601273,22.6868,14.591517,0.64317214,72.44614,18.885654,30.405087,42.730843,54.248127,67.98562,1.2263691425323486,22.6868,6.029002,65.56827,15.67042,9.735734,0.621281,54.60116,12.572501,18.48459,28.387617,38.282204,50.815273,1.8426318168640137,15.67042,2.7223332,42.870438,23.97152,22.439774,0.93610144,105.05908,13.20731,33.131767,61.046093,71.10391,91.71694,1.3947327136993408,23.97152,7.14074,63.73035,0.065822676,0.20940197,1.651765,0.9464064,0.9464064,48.57065,39.641937,1.2252339
4dsxlsut,43.7573,62.302032,89.91632,105.547,112.77063,122.615005,148.83487,28.448673,37.802723,12.106326,0.3202501,86.60406,36.49922,43.54585,52.41479,61.75791,78.04303,1.1265575885772705,37.802723,4.627602,23.454927,49.620964,17.15234,0.3456672,109.13491,46.756668,57.67469,73.79428,84.78833,101.40752,1.067905306816101,49.620964,6.77417,35.1889,50.54643,20.170267,0.39904436,117.58839,45.38688,61.70394,80.89432,90.52013,109.675415,0.9829155206680298,50.54643,6.6847014,51.243958,65.64946,31.650768,0.4821177,148.83487,59.432053,91.14222,111.900215,120.98509,137.21657,0.448528915643692,65.64946,12.051247,116.17167,0.13518351,0.12997904,0.7478812,0.7558473,0.7478812,87.42369,116.19589,0.7523819
othlqh7p,3.3261454,4.1250763,5.466751,6.5587482,7.134419,7.7977524,8.433311,1.3542583,3.0714517,0.75926024,0.24719915,5.2627525,3.0987926,3.569912,4.0802817,4.3170676,5.020622,0.1550063043832779,3.0714517,0.3646184,2.5749574,3.3378313,0.94949985,0.2844661,7.280181,3.1706963,3.8471622,4.5424337,5.134212,6.411738,1.0761828422546387,3.3378313,0.41940066,2.1063104,3.4285743,0.84831536,0.24742511,6.0355306,3.2800052,3.8649664,4.7187595,5.0651884,5.7739654,0.6772195100784302,3.4285743,0.33402896,3.479651,4.4530706,1.7407767,0.39091602,8.433311,4.119258,5.8058324,7.0762963,7.6354437,8.081811,0.3623060882091522,4.4530706,0.68725854,5.4072976,0.04156153,0.12998508,0.89583933,0.7495572,0.7495572,6.4092827,7.881645,0.813191
pcaduvl9,3.0390575,4.0155706,5.292235,6.2215867,7.1903915,8.95885,12.335962,1.5111942,3.5860183,0.99973094,0.2787858,7.643151,3.2891004,4.1291885,4.9622493,5.5534267,6.6705117,1.0895814895629883,3.5860183,0.34463748,5.1377935,5.0245404,1.965385,0.39115715,12.335962,4.4251933,6.0637918,7.9387565,8.999121,10.953572,1.1319100856781006,5.0245404,0.75499666,8.097022,2.478954,0.57403356,0.23156281,3.8844368,2.589252,2.907068,3.118304,3.2596931,3.5120654,-0.5211496353149414,2.478954,0.20928238,2.3112535,3.0017734,1.1811166,0.39347294,6.271109,2.7253137,3.7414062,4.821514,5.357206,5.8467317,0.6694653630256653,3.0017734,0.35896632,2.8770306,0.1670649,0.09539232,1.4465852,1.6738573,1.4465852,8.6105585,5.480727,1.5710614
11zsb8lv,6.8833957,9.461275,12.746559,15.203282,17.194866,19.619581,22.629278,4.0075717,8.513021,2.9217298,0.34320715,21.535942,8.002984,10.0952215,12.150594,13.815606,18.33617,1.1423025131225586,8.513021,0.90652895,7.611386,8.372201,3.9570515,0.47264174,22.629278,7.5456057,10.512248,14.071928,16.44677,20.391474,1.0024038553237915,8.372201,1.1856502,11.474156,6.995002,2.6885054,0.38434663,20.806185,6.3810377,7.5002823,10.188823,12.844509,17.674353,1.992780327796936,6.995002,0.77992845,4.359056,7.550823,4.3289714,0.5733112,22.622349,6.3151298,9.410274,14.487597,16.869305,20.513784,1.2362405061721802,7.550823,1.2523892,12.238481,0.008339866,0.038211748,1.2170149,1.1087799,1.1087799,16.885223,14.545825,1.1608295
6tx0tbkg,2.0674868,2.76967,3.5424995,3.9056005,4.2133636,4.8713846,5.6669993,1.0708885,1.9046242,0.44878483,0.23562907,3.9373834,1.823374,2.0578208,2.4646757,2.8401847,3.5077503,1.598574161529541,1.9046242,0.13126588,0.63260674,1.9719639,0.44523185,0.22578093,3.7947674,1.9029835,2.196553,2.5614893,2.82571,3.3492014,0.9915067553520203,1.9719639,0.15236498,0.9271606,2.416339,0.787096,0.3257391,4.378134,2.3740568,3.0187278,3.526264,3.7678306,4.1637297,0.2629025876522064,2.416339,0.23571524,1.7117426,2.7959082,1.0112641,0.3616943,5.6669993,2.6890993,3.5045147,4.180411,4.641903,5.296977,0.4306621253490448,2.7959082,0.31099126,3.469183,0.017370857,0.072822586,0.78822726,0.7053035,0.7053035,3.876588,5.212247,0.74374604
8b350sgn,4.055788,5.800206,7.9592237,8.854152,9.5587845,11.161253,13.593756,2.7527847,5.456967,2.1800299,0.3994948,11.6318,5.1965833,7.369664,8.480152,8.953146,10.419579,0.3747536838054657,5.456967,0.66123486,6.346084,4.714027,2.4125674,0.5117848,13.085072,4.0073304,6.116034,8.263244,9.543403,11.948234,1.0872212648391724,4.714027,0.80481243,9.434563,4.3749213,1.6324419,0.37313628,11.321922,4.00564,5.0751486,6.662116,7.679241,9.756281,1.3490583896636963,4.3749213,0.56200755,2.525664,3.9992445,2.3038538,0.5760723,13.593756,3.5829084,4.74902,7.1780014,8.778535,12.136494,1.4306695461273193,3.9992445,0.607099,9.887792,0.07304497,0.04486141,1.2473291,1.1787294,1.1787294,10.170994,8.374166,1.214568
z6d86zch,2.3723133,4.0259542,6.0946655,7.31541,7.937874,8.97673,10.261518,2.43887,2.4602883,1.4433826,0.5866721,8.26954,1.8424786,2.8819752,4.611054,5.7224813,7.46611,1.7390856742858887,2.4602883,0.31779552,2.3700476,2.8932655,1.3039054,0.4506691,7.85358,2.5300374,3.4556,4.7202888,5.588814,7.0673003,1.2776886224746704,2.8932655,0.3611463,3.5614834,2.8667922,2.0015602,0.6981881,9.077858,1.8024495,3.9402642,6.093273,7.3543177,8.650978,1.2938017845153809,2.8667922,0.46563676,3.972472,3.9060528,2.3336625,0.59744775,10.261518,3.281599,5.4641943,7.47915,8.522746,9.621108,0.7534049153327942,3.9060528,0.6963023,4.1924534,0.080876596,0.1534452,0.8582025,0.74071336,0.74071336,5.353554,6.7728453,0.79044384
hxa7hy7a,21.510502,36.048267,65.2663,84.01595,93.07189,105.71193,123.25608,19.272284,25.83877,14.805148,0.57298195,99.46379,21.449924,28.36099,44.373676,59.81437,84.938255,2.264082193374634,25.83877,3.3943326,21.199509,36.17441,22.914549,0.63344634,111.02446,27.241344,47.462227,71.419716,86.05342,103.346695,1.2790724039077759,36.17441,6.547078,47.223022,22.081223,11.579848,0.5244206,86.48334,18.644646,23.450651,37.11993,47.621628,67.60251,2.344381093978882,22.081223,2.6631966,20.85398,39.26889,28.73188,0.73167026,123.25608,23.931328,58.09696,87.16199,99.407,113.71425,1.1056888103485107,39.26889,9.733131,102.522156,0.16666846,0.28015706,1.1701694,0.9211977,0.9211977,62.013184,61.350113,1.010808
i33993n4,12.227441,17.805408,25.786314,34.12018,43.351875,60.19288,80.18432,9.830494,15.582082,9.526591,0.6113812,54.157253,13.461588,20.464558,27.667011,34.15082,47.06092,1.2592496871948242,15.582082,3.8584077,38.92788,11.499362,5.0167465,0.43626302,28.83047,11.856499,14.14098,17.653585,20.516169,25.349016,0.5902992486953735,11.499362,2.0916302,21.425571,17.146305,13.10489,0.7642982,76.01023,13.871203,20.875713,32.002068,46.930508,69.27659,1.9769558906555176,17.146305,4.7884316,60.531414,13.6979475,11.213629,0.8186357,80.18432,10.636894,15.943146,24.512463,35.926907,66.64682,2.8547627925872803,13.6979475,3.9988544,69.5575,0.15075709,0.11179903,0.908772,0.83949524,0.83949524,27.081444,30.844254,0.87800616
bfiy5pu5,4.952339,6.8033214,9.055012,10.547016,11.219554,12.317396,13.403608,2.792644,5.013709,1.4348681,0.28618893,9.367491,4.933081,5.7249484,6.9741683,7.7173615,8.977741,0.5393871665000916,5.013709,0.57347035,3.0592618,6.7427893,2.107008,0.31248313,11.60823,6.585939,8.361355,9.728584,10.317004,11.206445,0.20389671623706818,6.7427893,0.748272,4.5369053,4.5317583,1.2426633,0.27421215,9.025907,4.2324953,5.0115223,6.3644423,7.1954737,8.660171,1.356985092163086,4.5317583,0.36696446,1.4862618,6.4178395,2.9147384,0.45416194,13.403608,5.3640394,8.527728,11.069744,12.022739,12.833401,0.7148170471191406,6.4178395,0.7655819,5.40846,0.14707442,0.17225118,1.1063496,1.0506322,1.0506322,11.756498,10.949598,1.0736922
wh50jyoo,36.180443,46.81037,59.87148,72.080086,84.20632,114.17971,174.52715,18.174288,35.664413,9.60502,0.2693166,68.21001,34.384964,41.671005,48.6195,52.670853,63.453068,0.6343759298324585,35.664413,5.24705,45.057327,35.068123,11.969512,0.3413217,69.1624,32.76057,42.71562,52.002644,58.568436,65.59862,0.6967202425003052,35.068123,5.3527503,28.319117,46.262707,21.087667,0.45582435,162.37587,41.04371,53.536316,73.23631,86.38324,128.1309,1.9304341077804565,46.262707,6.3184943,66.37806,42.137592,22.746841,0.539823,174.52715,37.280384,50.337997,66.60461,83.22244,130.14241,1.876008152961731,42.137592,6.2249913,116.80706,0.008430216,0.046664033,0.7709107,0.8322289,0.7709107,70.73254,88.4003,0.8001391
k63rvwoz,1.0966341,1.3511747,1.6963389,1.8673613,1.9655447,2.1468818,2.3669257,0.5695771,0.8991001,0.33149877,0.36870062,1.4499242,0.95957106,1.16938,1.2881666,1.3490345,1.4098725,-0.5037350058555603,0.8991001,0.11216587,1.0375345,0.7465845,0.37185097,0.49806952,1.9011521,0.6887762,1.0733565,1.2628937,1.3205421,1.4944478,0.3311268091201782,0.7465845,0.15226883,1.1013393,1.1929718,0.3369546,0.28244975,2.3669257,1.1703225,1.3492794,1.5924422,1.8767263,2.214976,0.7840129733085632,1.1929718,0.12176071,0.86100817,1.3794161,0.43320563,0.31405002,2.3566585,1.4389548,1.7086957,1.9004523,2.023209,2.2289429,-0.2640601694583893,1.3794161,0.1431191,1.3482311,0.09267611,0.07247907,0.7536642,0.5412322,0.5412322,1.6456846,2.572388,0.63974977
qxiwe6rg,1.2605438,1.8117657,2.8660398,3.8083057,4.4524307,5.8793054,7.7932553,0.91056395,1.5659624,1.0046948,0.64158297,6.174488,1.2476856,1.8036704,3.1105824,3.7815375,5.0818615,1.7649414539337158,1.5659624,0.29545167,5.485729,1.8638339,0.6979403,0.37446484,5.829736,1.6512063,2.0638163,2.7334232,3.3226185,4.402844,2.073336601257324,1.8638339,0.23504537,3.6131601,1.6321106,1.387504,0.85012865,7.7932553,1.1047133,1.9323711,3.3887143,4.7893386,7.086681,2.144012212753296,1.6321106,0.4211259,7.010303,1.3128879,0.9997959,0.7615242,7.165383,1.0256312,1.440862,2.314119,3.2889397,5.772753,2.7247986793518066,1.3128879,0.34800622,6.689954,0.086848155,0.108394854,0.9594708,1.4196444,0.9594708,3.4297962,2.9449985,1.1646173
l7jy7otk,30.58186,42.09356,56.803535,64.22194,69.85152,80.09919,93.89919,18.859596,35.0894,13.631324,0.3884741,69.89417,32.92148,44.750595,55.720226,60.98685,66.430374,0.528988242149353,35.0894,4.027885,28.679205,31.267805,8.258254,0.26411363,55.757195,31.7758,35.368755,41.695244,47.050617,53.564735,0.33993297815322876,31.267805,2.8982534,24.61944,28.849312,11.6957445,0.40540808,66.44728,25.661743,33.60952,47.52117,54.540936,62.62974,1.1438671350479126,28.849312,3.0810986,25.747437,39.949177,19.300081,0.48311588,93.89919,34.259094,53.819656,69.75583,77.89488,88.296555,0.7392334342002869,39.949177,6.5752034,69.15834,0.057591274,0.16133878,1.2162994,0.7826896,0.7826896,66.35721,68.79849,0.96451545
ude358tr,0.70278263,1.0367186,1.4545938,1.7489028,1.915646,2.2261114,3.2410905,0.5695111,0.8027796,0.46631822,0.5808795,2.542058,0.6878903,1.0513868,1.470678,1.7949748,2.1788058,1.060801386833191,0.8027796,0.15403283,1.9859712,0.9163214,0.57311165,0.6254483,2.570586,0.88701105,1.3618989,1.7165959,1.8830984,2.12652,0.28187114000320435,0.9163214,0.19703372,1.992598,0.8229531,0.34474048,0.4189066,2.489285,0.79271585,1.0003897,1.2603999,1.4551531,1.9148147,0.9936374425888062,0.8229531,0.12236325,1.9499748,0.6939105,0.48500243,0.69894093,3.2410905,0.60359585,0.8027872,1.3141246,1.6653341,2.548366,1.7815111875534058,0.6939105,0.16382286,2.4497724,0.066047184,0.085072,0.97548646,1.3205181,0.97548646,1.719101,1.5168636,1.133326
e9qdi3g1,1.9482443,3.0575223,5.164972,6.2816424,6.9448915,7.633981,8.60151,1.520325,2.1562903,0.97288984,0.45118687,7.245898,1.8167754,2.282112,3.4324214,4.283809,6.07907,2.313777446746826,2.1562903,0.20495646,2.2679245,2.596891,1.1117495,0.42810792,6.989554,2.2875109,2.9946432,4.181462,4.981596,6.1188993,1.3334503173828125,2.596891,0.30363354,3.1484814,2.7074022,1.6560019,0.61165714,7.630506,1.9235882,3.5071993,5.5156703,6.4711266,7.3493934,1.3194797039031982,2.7074022,0.42728016,5.345273,2.8484862,2.1311944,0.7481849,8.60151,1.9724771,4.1551538,6.4577656,7.29878,8.257303,1.052592396736145,2.8484862,0.70816034,7.7090693,0.092695944,0.025393592,0.7964425,0.911674,0.7964425,4.7531815,5.555888,0.85552144
3iwpfvb7,20.711063,29.395142,43.182354,52.789265,58.95188,68.45829,107.623604,15.22287,22.985859,12.837967,0.55851585,81.32656,21.049034,28.218748,38.06625,49.721577,68.274734,1.563672661781311,22.985859,5.1530113,43.956673,20.716875,6.7039356,0.32359782,49.803886,20.067558,24.512436,29.880726,33.030266,39.222775,0.7597998976707458,20.716875,3.2192242,37.417282,22.113422,14.861043,0.67203724,70.26234,16.795666,29.266356,45.68055,54.220787,63.34279,1.1469833850860596,22.113422,5.0279775,37.093353,28.149885,15.816017,0.56185013,107.623604,23.608444,34.84239,50.90662,59.274826,82.9676,1.3954819440841675,28.149885,6.9958634,93.53091,0.051918577,0.12009681,1.0394528,0.7359488,0.7359488,43.702736,50.263306,0.86947596
1ghlu8m8,22.304533,28.268833,34.719612,38.99406,42.44655,51.958935,76.00008,11.927389,22.506372,7.958745,0.35362184,67.55759,21.60043,26.725733,32.134365,36.193336,49.30454,1.1779497861862183,22.506372,3.7112768,24.750635,23.617002,8.299092,0.3514033,46.091526,22.55511,30.058283,35.70106,37.780106,42.807545,0.3353955149650574,23.617002,4.6621485,28.173454,22.180748,9.979334,0.44990972,70.12623,23.28245,28.91658,33.60085,37.428074,46.680706,0.32831892371177673,22.180748,4.1390667,48.23613,23.778355,10.663298,0.44844556,76.00008,22.370361,28.24234,37.7802,45.033176,58.24564,1.1697462797164917,23.778355,4.1876564,41.05007,0.024079548,0.034761485,1.0146805,0.9932143,0.9932143,46.123375,45.959103,1.0035744
7mhxofkc,25.369347,33.7075,47.256794,60.98257,72.58926,94.355644,129.48953,14.852776,23.601124,8.577359,0.3634301,55.323254,21.411072,27.404829,35.053017,41.841816,52.706535,1.3635278940200806,23.601124,2.8901095,20.975353,27.856237,7.6128836,0.2732919,46.142727,28.179163,33.45604,37.44813,39.29404,42.936207,-0.28734487295150757,27.856237,3.9048188,33.389328,22.536404,11.989425,0.53200257,76.31248,20.420547,27.626244,38.076443,46.420727,61.880432,1.395411729812622,22.536404,3.6457305,17.91198,39.42949,22.123793,0.5610976,129.48953,32.571182,48.593967,72.2598,85.92891,113.89545,1.4621351957321167,39.42949,7.7296686,109.03287,0.082692035,0.2726191,1.0472444,0.70648235,0.70648235,51.45736,61.965893,0.83041424
ggxp5cit,23.525887,30.87619,40.807926,47.01404,51.46819,59.216816,69.97549,12.233957,22.295488,6.3454223,0.28460565,47.756393,20.774614,26.231602,30.834875,34.227283,42.635895,0.9401237964630127,22.295488,2.186671,15.096502,21.194923,5.3818455,0.25392145,40.76618,20.416025,24.707655,27.88803,31.279562,36.8003,0.7207750082015991,21.194923,2.0241332,14.230705,28.17389,11.0732,0.39303058,66.911964,24.72676,35.47013,44.65406,49.47679,59.84351,0.8989551067352295,28.17389,3.5161443,18.867483,31.17097,11.802525,0.37863833,69.97549,29.093567,37.55278,47.82341,54.667965,64.653595,0.8105601668357849,31.17097,4.0586123,25.944159,0.025305923,0.050502803,0.79135287,0.6799571,0.6799571,43.49041,59.34486,0.7328421
uf8cyotw,29.84745,41.412613,52.691177,61.114513,68.69875,81.57599,104.43654,19.443697,25.201666,8.7873745,0.34868228,52.27835,24.54795,31.180882,36.996483,40.291042,47.543827,0.3712521493434906,25.201666,4.265422,25.845638,33.199036,11.943954,0.35976812,72.706635,31.443497,41.72553,50.12393,53.634426,62.368324,0.5305706262588501,33.199036,5.3404055,47.350983,31.963654,14.211914,0.44462734,79.23001,28.691998,39.69925,52.794823,61.061714,74.1955,1.0295149087905884,31.963654,4.6420546,28.948875,40.748264,17.73292,0.4351822,104.43654,39.19389,50.691814,63.55628,75.81998,92.07077,0.8340678811073303,40.748264,6.940876,41.27006,0.13693962,0.12081391,0.7884476,0.81473494,0.7884476,58.400703,72.711914,0.80317926
g7nfdinu,1.6567553,2.6207728,4.7552266,6.018895,6.585537,7.257739,8.395385,1.2875216,2.0810063,1.0449673,0.5021452,6.2020736,1.679323,2.2249475,3.6367352,4.460959,5.782783,1.884949803352356,2.0810063,0.23481435,3.9995232,1.9910464,0.9237511,0.46395257,5.781581,1.7534555,2.1876,3.2306132,3.98918,5.3593755,1.8126959800720215,1.9910464,0.2066666,3.800736,2.4879885,1.7597125,0.7072832,7.195642,1.6745192,3.3256931,5.5834613,6.4464936,7.0261445,1.1789438724517822,2.4879885,0.44703582,5.6162224,2.4880683,1.8999168,0.76361114,8.395385,1.5023892,3.103842,6.005798,6.930849,7.9359107,1.4873158931732178,2.4880683,0.5621785,7.427575,0.022092016,1.6050906e-05,0.8364212,0.80023783,0.80023783,4.072053,4.976057,0.8183292
31eiwucx,20.356398,28.60695,49.479813,62.08526,68.828896,79.418396,94.78976,13.077676,21.28579,10.280698,0.4829841,84.71169,19.559656,23.65309,30.408718,40.68659,64.70169,2.471742868423462,21.28579,2.8259325,19.626518,23.022272,10.775638,0.46805274,81.276344,20.420948,25.332207,34.47527,44.588375,65.52959,2.2691683769226074,23.022272,3.0121984,24.493965,24.10802,13.591495,0.5637748,90.37709,19.659298,27.350729,43.184807,53.23155,75.34299,1.9590555429458618,24.10802,3.955809,32.44787,32.38538,20.7145,0.6396251,94.78976,24.645233,47.076775,64.28463,73.99861,84.11582,0.8763945698738098,32.38538,7.1565976,75.954254,0.039191123,0.14651905,0.8829339,0.71088475,0.71088475,44.30806,56.4934,0.78430504
67xkwq0y,1.888345,2.4079292,3.7665877,4.832908,5.4291124,6.3178253,7.0329356,0.87330544,1.7622088,0.4273988,0.24253584,3.8470623,1.6602639,1.9482579,2.3248274,2.5854506,3.2855926,1.5205305814743042,1.7622088,0.11499856,1.560405,1.9971247,0.46773103,0.23420222,3.9206038,1.98583,2.2352264,2.5223715,2.8287165,3.5689406,0.8494382500648499,1.9971247,0.16093801,1.2109536,2.3188229,1.0705239,0.46166694,6.0810795,1.9740587,2.6388555,4.0200253,4.76414,5.7052526,1.4336603879928589,2.3188229,0.32033274,3.6548285,2.6842816,1.5547314,0.5791983,7.0329356,2.147082,3.519009,5.2544494,5.9920707,6.722478,1.0195063352584839,2.6842816,0.54516095,5.3590536,0.062488694,0.07304639,0.7599584,0.7440072,0.7440072,3.7593336,5.003104,0.75140023
wm9q7ftm,28.463005,35.72757,46.230007,53.32853,57.296967,63.91143,91.91817,14.202492,22.89459,8.104196,0.35397863,47.035816,21.770638,29.518465,33.854855,36.17752,40.675014,0.2407025247812271,22.89459,3.7128475,33.567474,30.182297,7.515448,0.24900186,53.3003,29.036127,34.695713,40.50574,44.40473,50.343513,0.5857212543487549,30.182297,3.613284,26.767088,26.22654,7.896143,0.30107453,56.837242,25.391073,31.168957,36.503628,40.05433,48.73322,0.7049370408058167,26.22654,3.6512432,25.565918,38.951694,13.374046,0.34334955,91.91817,37.233322,48.68741,57.281986,61.705956,70.30881,0.39059698581695557,38.951694,6.36175,60.12273,0.13730471,0.19523625,0.8729551,0.7748648,0.7748648,53.07689,65.17824,0.8143345
fwg895na,19.767075,29.396461,39.386417,45.33223,49.75263,56.565353,72.07924,16.453302,20.192236,11.807948,0.58477664,72.07924,17.504345,26.046421,37.043037,43.607048,56.620674,1.187112808227539,20.192236,4.9488072,52.909447,20.409594,14.550714,0.712935,68.03638,15.363567,29.810772,42.538746,49.546535,59.430367,0.9491245150566101,20.409594,5.5376616,51.188175,29.645739,11.252268,0.37955767,66.416565,29.2757,37.24467,44.015198,49.555874,56.691315,0.2892797291278839,29.645739,5.7375216,43.157665,19.257042,8.638995,0.44861487,72.06577,17.948769,24.35071,30.459728,33.963802,45.66793,1.2435647249221802,19.257042,3.8484786,45.64853,0.005353395,0.2124357,0.68111765,1.0598509,0.68111765,40.60183,48.90278,0.8302561
2fqztio4,26.525253,38.5698,54.96504,65.6732,72.93036,85.22482,99.99054,19.486353,27.188322,10.509503,0.38654476,65.081154,24.90207,32.598045,42.723732,48.712536,56.851868,0.94279944896698,27.188322,3.0484824,21.662334,32.847862,9.954346,0.30304393,67.64428,31.526945,37.584206,46.854958,52.673332,61.56025,0.7938438653945923,32.847862,3.5223064,33.866035,24.770544,13.494901,0.5447963,75.222305,19.765348,29.360353,45.10065,55.027187,69.03442,1.5790075063705444,24.770544,3.4358206,28.20605,38.743267,22.08394,0.5700072,99.99054,31.890306,55.05335,72.156555,81.647354,92.99567,0.7566143870353699,38.743267,7.363047,49.40294,0.094268814,0.21999504,1.097607,0.8478341,0.8478341,60.036186,63.51381,0.9452462
m7pp0pnn,34.04484,51.259613,71.174965,82.74344,88.74387,98.47249,116.89235,26.978615,36.120758,15.212837,0.42116606,95.85884,31.796581,41.648647,58.551926,69.75017,85.52757,1.4027847051620483,36.120758,4.274931,20.118523,32.64478,12.81432,0.3925381,87.506836,30.041649,38.163834,48.860718,57.951015,76.180084,1.3546192646026611,32.64478,3.3630939,26.832207,35.75549,18.668781,0.5221235,97.30485,31.0859,45.56506,63.661736,74.5589,90.152985,1.098983883857727,35.75549,4.7693396,31.822569,50.97457,25.054228,0.49150443,116.89235,50.033714,68.90042,85.74267,93.52422,107.36536,0.2566649317741394,50.97457,8.110638,69.59986,0.05054827,0.17547645,1.0102158,0.64041305,0.64041305,68.76553,86.73006,0.79286855
lo0hhgh5,31.91125,46.014736,62.270344,73.777306,80.257065,110.15319,154.5217,21.49826,34.827263,12.487529,0.35855612,70.28926,32.938595,43.56534,52.740166,58.369843,64.26642,0.502699613571167,34.827263,4.265436,46.48501,32.66961,10.216157,0.31271133,74.84523,29.902412,39.248512,47.150642,50.171165,62.1952,0.7451028227806091,32.66961,4.7196693,44.738922,39.473774,19.738813,0.5000488,101.091225,34.473915,55.074615,67.14188,75.473145,85.00929,0.5413858890533447,39.473774,6.3819213,54.98699,40.768955,26.27989,0.64460546,154.5217,31.304087,51.01162,76.12972,92.15462,134.97025,1.6923962831497192,40.768955,9.169398,130.2638,0.031966724,0.016140793,0.88228863,0.80133545,0.80133545,67.49687,80.24273,0.84115875
xw6t1oxh,1.061852,1.4395745,2.0610878,2.732188,3.277813,4.3472176,5.891089,0.6508198,0.8416776,0.28432912,0.3378124,1.4916984,0.8385012,1.0587528,1.208969,1.2833107,1.4185957,-0.3105950653553009,0.8416776,0.109906234,1.1504514,0.632793,0.379739,0.60009986,1.4246951,0.7360323,0.9073784,1.051837,1.1831534,1.2941452,-0.4545004963874817,0.632793,0.17433272,1.3753151,1.8034955,0.9870775,0.5473135,5.891089,1.4579457,2.0495214,3.2210186,4.0838575,5.1986094,1.7915675640106201,1.8034955,0.24326022,4.737108,1.4495482,0.6475678,0.44673768,4.4402785,1.3203809,1.6921777,2.2688048,2.779085,3.6989648,1.4248191118240356,1.4495482,0.20825648,2.8593416,0.14166752,0.108804956,0.46669236,0.43654498,0.43654498,1.4744706,3.2530437,0.45325878
fdxk31wb,2.1936817,3.5229688,5.454924,6.438473,6.953031,7.6916523,9.083375,1.7787628,1.9112344,0.68499595,0.358405,5.3021183,1.7178273,2.0819516,2.7483923,3.4131272,4.428972,1.974424123764038,1.9112344,0.17193186,0.8206215,2.2539096,0.7066865,0.31353807,5.210329,2.059673,2.5028827,3.2483537,3.7069798,4.6387672,1.3877190351486206,2.2539096,0.18069655,1.4294498,2.9758146,1.5430648,0.51853526,7.073699,2.4616401,4.0587587,5.3915167,6.0544443,6.7829504,0.8272497057914734,2.9758146,0.4383288,3.8384356,3.9960074,1.9003294,0.475557,9.083375,3.5073903,5.4872108,6.9234514,7.442938,8.393175,0.6025781035423279,3.9960074,0.5720872,6.981476,0.08227212,0.1463309,0.64225584,0.56404036,0.56404036,4.165144,6.971822,0.59742546
htfnsgpy,1.7529229,2.9067497,4.531058,5.534315,6.148218,7.004947,7.739311,1.729512,1.4212339,0.70230705,0.49415305,4.671844,1.1724608,1.5700824,2.369131,3.041009,4.041863,2.0266191959381104,1.4212339,0.16579482,0.7802005,2.0834322,0.8115306,0.3895162,4.9050984,2.016095,2.5178888,3.1341598,3.6053119,4.498253,0.7642012238502502,2.0834322,0.26595002,1.7458539,2.211781,1.3901407,0.6285164,6.4956393,1.5937951,3.0351913,4.456458,5.1155977,6.130139,1.160933017730713,2.211781,0.3491421,4.127543,3.2314577,1.8129426,0.5610294,7.739311,2.735086,4.4985747,6.0315733,6.8255777,7.3919425,0.6662744283676147,3.2314577,0.5710973,6.139571,0.18894762,0.18732904,0.6425744,0.6447345,0.6425744,3.504666,5.4432387,0.64385676
8257ge0q,2.044155,2.6610088,4.4539094,5.7428513,6.4510164,7.4080873,8.144819,1.1394488,2.495174,1.1524271,0.46186242,7.649078,2.2914042,2.6521285,3.986857,5.117937,6.7445064,1.8488438129425049,2.495174,0.30910304,5.7212563,1.6848305,1.3635007,0.80928063,7.788107,1.2500994,1.8286561,3.5475056,4.8404627,6.8658175,2.1612253189086914,1.6848305,0.43775624,6.392665,2.7125564,1.162371,0.428515,7.7676134,2.2726452,2.9763336,4.415116,5.2916956,6.8531775,1.897156000137329,2.7125564,0.22297558,3.1934614,2.538526,1.7206756,0.6778247,8.144819,1.7754676,2.80533,5.5068665,6.726278,7.841462,1.6468909978866577,2.538526,0.49071988,6.201686,0.19386184,0.033141796,0.91986066,0.6637043,0.6637043,4.1800046,5.2510824,0.79602724
uz2z0kdn,15.525477,17.724865,21.21364,24.568449,26.850283,30.588467,34.87154,4.34037,13.580251,2.3332317,0.17181064,19.962734,13.302147,15.402862,16.816525,17.655,18.7637,0.36474108695983887,13.580251,0.4325174,5.060313,14.989186,2.300382,0.15346943,20.556915,15.028978,16.709423,17.78885,18.567581,20.149204,-0.09801826626062393,14.989186,0.66342384,6.586918,14.706438,2.005997,0.13640264,21.003433,14.753828,15.866486,17.216469,18.150202,19.999054,0.2248808890581131,14.706438,0.5354121,4.827731,20.290333,4.3605313,0.21490684,34.87154,19.390232,22.273695,26.804035,29.08661,32.93912,1.0124380588531494,20.290333,1.1483516,12.420017,0.049316183,0.15955456,0.92342216,0.7387354,0.7387354,28.569437,34.996773,0.8163449
upcj8mo7,7.6268024,9.110401,13.516866,18.625452,21.93833,27.202332,33.23524,2.5081882,8.295673,2.301383,0.2774197,21.915007,7.770894,9.070404,10.457097,12.785198,17.673754,2.234999656677246,8.295673,0.77057344,16.982138,7.953332,2.53168,0.3183169,20.568308,7.2934237,8.426672,10.114948,13.607986,18.665764,2.472012519836426,7.953332,0.75616634,15.780989,9.691444,5.0285945,0.51886946,33.23524,7.850976,10.590976,16.893114,21.196917,28.80261,2.062389373779297,9.691444,1.4689661,28.8924,9.272664,5.53734,0.5971682,33.2183,7.566862,9.007711,17.719385,23.221321,29.258038,2.2071499824523926,9.272664,1.916394,28.908947,0.021068456,0.022082785,0.855979,0.8577181,0.855979,16.249004,18.964108,0.85682935
65efuxq9,10.433586,11.664631,12.446967,12.875479,13.129133,13.697602,14.315494,4.459813,8.789272,2.3975952,0.27278653,12.701511,9.541847,10.864641,11.557633,11.90379,12.400743,-0.34489700198173523,8.789272,0.90915954,6.8507094,9.345034,2.8492744,0.3048972,13.199041,10.242788,11.806525,12.434046,12.673758,12.985783,-0.5594687461853027,9.345034,1.2712431,8.351136,9.356244,2.7682526,0.2958722,14.288335,10.129037,11.732331,12.622126,13.117819,13.848215,-0.2473434954881668,9.356244,0.88124496,7.241687,10.485255,2.4579976,0.2344242,14.315494,11.344164,12.063261,12.783097,13.206697,13.853264,-1.1819652318954468,10.485255,0.8938073,8.921356,0.03064696,0.056901503,0.93940175,0.8912548,0.8912548,18.134306,19.8415,0.91395843
njc2goui,7.988758,8.562558,9.338265,10.047887,10.459298,11.469699,17.070318,1.6473017,7.1976857,1.4952415,0.2077392,12.659699,7.703348,8.250141,8.558628,8.651069,9.83707,-0.8455715179443359,7.1976857,0.6169588,8.265548,8.003169,1.5914019,0.19884647,10.976166,8.254252,8.883358,9.61192,10.15036,10.7123785,-1.2607845067977905,8.003169,0.73986185,7.4988523,7.30673,1.9313802,0.26432893,17.070318,7.581082,8.297382,8.768909,9.479729,13.686038,0.405868262052536,7.30673,0.8286156,13.05077,7.889768,2.0644898,0.26166674,16.286636,8.310818,9.010997,9.971244,10.497622,11.388506,-0.8212328553199768,7.889768,0.9440562,12.646939,0.052989345,0.038366623,0.9850762,1.0143732,0.9850762,15.200855,15.196498,1.0002867
fezac2ex,56.682167,81.42505,112.99474,133.62473,145.39558,163.70917,185.65778,36.52015,45.150963,11.102573,0.24589893,101.16255,42.4611,49.625168,57.750954,66.80168,85.98494,1.7773648500442505,45.150963,2.6216645,15.885078,64.71572,17.500607,0.2704228,121.81699,59.757523,74.17753,91.26413,100.61313,113.77361,0.9549007415771484,64.71572,5.9671187,41.69111,60.2202,19.00006,0.31550974,119.103195,55.399525,70.46947,89.024,99.33686,114.49628,0.9685477614402771,60.2202,4.8543854,25.297207,93.53729,36.260204,0.38765505,185.65778,89.64874,120.422585,145.2419,157.50987,174.40767,0.3584911823272705,93.53729,13.040461,118.19724,0.17807727,0.21668598,0.74976444,0.6918708,0.6918708,109.866684,153.75749,0.71454525
va5e742g,8.174839,9.446866,14.27547,18.482414,20.856987,25.860811,35.733093,1.8479705,8.548823,1.2075223,0.14125012,15.928605,8.336142,8.900101,9.725998,10.456737,13.616136,2.309541702270508,8.548823,0.40895158,7.1444616,7.7313814,0.8123791,0.105075546,11.060255,7.690243,8.100978,8.624003,9.256768,10.258651,0.7644019722938538,7.7313814,0.28880078,2.462491,11.564071,5.821092,0.50337744,35.733093,8.498556,13.994031,20.41737,24.664114,30.577305,1.6356686353683472,11.564071,1.8199493,28.146448,10.01386,3.800519,0.3795259,27.13463,8.300045,11.037858,15.7839,18.713034,23.121773,1.8654168844223022,10.01386,1.2147852,19.778383,0.05021079,0.07184243,0.7392573,0.7720681,0.7392573,16.280205,21.57793,0.75448406
rrdnwt2f,6.5395155,8.339669,11.88386,16.103884,19.673758,25.937094,35.508873,2.7904124,6.0099087,0.91340584,0.15198332,8.569026,5.9900393,6.6324053,7.1009197,7.4799914,8.214491,-0.08402648568153381,6.0099087,0.28530738,1.9883723,5.2381887,1.1264347,0.21504278,8.421073,5.0240765,5.9009647,6.909595,7.502269,8.148794,0.6423295140266418,5.2381887,0.3081542,2.3552296,8.519501,3.120015,0.36622038,25.49747,7.6854763,9.368955,11.9346485,14.886387,21.686663,2.406709671020508,8.519501,0.7017205,17.403687,10.119618,5.9024954,0.5832725,35.508873,8.394139,11.884783,18.368755,23.531773,30.132881,1.6794689893722534,10.119618,1.3184215,25.488194,0.06860893,0.08584728,0.7054297,0.5176271,0.5176271,11.248097,18.639118,0.6034672
es5cs9ui,6.5668745,10.345022,14.675519,16.17801,16.905586,17.877613,18.952196,5.5569806,7.889487,3.7180252,0.47126326,18.009441,6.722192,10.235503,13.892474,15.170826,16.767857,0.7860694527626038,7.889487,1.7916932,12.143204,7.5840254,4.289667,0.56561875,18.695553,6.046787,10.509505,14.523163,16.58275,17.966015,0.9126414060592651,7.5840254,2.1911669,13.084498,8.906285,3.9838986,0.44731316,18.952196,7.2958255,11.196057,15.852078,17.193552,18.19154,0.9534839987754822,8.906285,1.629788,10.380969,7.17389,4.171395,0.581469,17.938843,5.2934623,9.432837,14.703434,15.869044,17.316551,1.067810297012329,7.17389,1.9487033,12.887073,0.019740922,0.107734844,0.8858336,1.0571705,0.8858336,15.473513,16.080175,0.96227264
14nijcp5,10.581771,12.349869,13.494119,14.098492,14.357668,14.783853,19.966698,3.538661,10.041758,2.4229393,0.24128638,14.684691,10.251792,11.806755,13.21937,13.639609,14.258622,-0.3806965947151184,10.041758,0.9976821,10.504918,10.84381,1.8795782,0.1733319,14.5395,11.129324,12.475609,13.132763,13.526881,14.136559,-0.22683638334274292,10.84381,0.8027926,7.7624226,10.010142,2.2905393,0.22882184,17.160995,9.743847,11.755064,13.105646,13.750966,14.719685,0.08099976181983948,10.010142,0.79281974,10.45141,11.13337,2.2874212,0.20545632,19.966698,11.048809,12.997414,14.16442,14.554602,16.15283,0.08096595853567123,11.13337,0.9862634,10.952837,0.038402237,0.053124003,1.0031583,0.9739917,0.9739917,20.885567,21.143513,0.98780024
2ay7ov50,8.438789,10.032177,14.208138,20.101126,24.086428,30.999702,38.180458,3.0335126,7.730274,1.526186,0.19742973,15.2321,7.7772307,8.447329,9.256448,9.825479,12.411116,0.25051969289779663,7.730274,0.4513494,5.527609,5.9486237,2.2478192,0.37787214,13.592913,5.8848176,7.7727375,9.000142,9.450598,9.809316,0.07285962253808975,5.9486237,0.9750731,7.719576,12.367206,5.913332,0.47814617,38.180458,10.090758,12.906815,20.7732,25.864643,34.818657,2.1581168174743652,12.367206,1.7762451,27.719841,10.641783,5.6173487,0.52785784,36.67825,9.2354765,11.130242,18.328175,23.694405,31.626642,1.9593815803527832,10.641783,1.806979,26.008854,0.1302481,0.07498908,0.62506235,0.5589875,0.5589875,13.678898,23.008987,0.5945024
ew25x1fv,8.959747,10.64398,16.053488,20.89053,24.648165,30.176407,36.65438,2.4252243,8.414565,0.9393574,0.111634694,14.087225,8.37495,8.823143,9.301605,9.888052,11.813113,1.2823705673217773,8.414565,0.44238773,6.832803,9.742356,2.5046508,0.2570888,19.188265,8.570645,10.640423,13.754249,15.397704,18.30774,1.6345478296279907,9.742356,0.750396,10.297246,9.423464,1.9747627,0.20955805,17.195738,8.786446,10.134626,12.45171,13.746121,15.653079,1.3697365522384644,9.423464,0.6386217,8.614849,14.1245165,6.5950937,0.46692526,36.65438,10.604637,17.628674,24.627281,28.355442,33.751488,1.3300496339797974,14.1245165,2.222503,25.76181,0.073128656,0.19963719,0.8929376,0.6897479,0.6897479,18.156921,23.547981,0.77106065
k1pbcd6f,9.836948,12.238939,15.185484,16.750345,17.529028,18.644436,19.612768,3.5621042,9.63868,1.7360592,0.18011378,16.893463,9.33346,10.182332,12.0115385,13.387825,15.278736,1.2930524349212646,9.63868,0.49016076,3.0151906,11.903594,2.401899,0.20177932,18.615105,11.362646,13.400809,15.612059,16.555937,17.926878,0.7107225656509399,11.903594,0.8144439,3.96801,8.940946,1.9293582,0.21578906,17.185202,8.492473,9.345893,11.615725,13.3394375,15.72192,1.6728061437606812,8.940946,0.57076085,4.1558285,12.4203,3.2207284,0.25931165,19.612768,11.9028225,14.884995,17.335527,18.21786,19.273695,0.43318307399749756,12.4203,0.8950194,6.7064323,0.105138086,0.16288161,1.0780381,0.9583983,0.9583983,21.542274,21.361244,1.0084747
xnoq37kt,8.69133,9.598876,10.722822,11.227841,11.576728,12.075562,12.784185,1.7226114,8.694213,1.5636804,0.17985302,12.455384,8.311043,9.935995,10.9785,11.321225,11.997476,0.2621859312057495,8.694213,0.6512164,5.773597,8.946873,1.1609426,0.1297596,12.11341,8.941729,9.538989,10.5173,11.002474,11.660869,-0.03916897624731064,8.946873,0.5360537,5.0282025,8.510369,1.5413996,0.18112017,12.784185,8.01533,9.465043,10.8700485,11.6374235,12.486531,0.8552948832511902,8.510369,0.48318776,4.116612,8.991375,0.98509187,0.10955965,12.659797,8.950762,9.565996,10.20804,10.784184,11.802716,0.552410900592804,8.991375,0.4306629,5.170885,0.014322235,0.027483301,1.0216023,0.99505055,0.99505055,17.641087,17.501743,1.0079616
ll8sn5yz,1.2019289,2.761115,4.6367826,5.6213746,6.2140718,6.9177394,7.526651,2.0942402,1.2273877,0.97994894,0.79840213,5.0257635,0.83823633,1.5229075,2.726458,3.5400512,4.5233684,1.6677508354187012,1.2273877,0.26828584,2.1023216,2.5284457,1.3149813,0.52007496,6.202151,2.243896,3.4868937,4.48948,4.96887,5.769991,0.6195109486579895,2.5284457,0.46782303,2.6817174,0.92241997,0.75418603,0.81761676,4.921871,0.65259147,0.9826876,1.8588432,2.585623,4.071573,2.5795021057128906,0.92241997,0.15581504,1.0619359,2.9875565,2.0995686,0.7027712,7.526651,2.4942842,4.7930417,6.1947865,6.6947875,7.2581983,0.48140740394592285,2.9875565,0.6080353,5.8607683,0.34640995,0.52817106,1.330617,0.8463257,0.8463257,3.7558334,3.9099765,0.96057695
7vxuqdrm,12.019339,13.88788,15.442324,16.380371,16.927225,17.792646,19.025259,4.429289,12.538236,3.3117685,0.26413354,19.025259,12.902695,15.145435,16.821968,17.56339,18.38642,-0.24347510933876038,12.538236,1.4230368,11.628019,10.434264,3.2776668,0.31412533,18.21407,10.049419,13.259009,14.740912,15.810472,17.38533,0.2788141071796417,10.434264,1.5571514,10.295096,12.384839,2.3513997,0.18986113,17.33505,12.680029,14.059696,15.328079,15.853605,16.444693,-0.5410347580909729,12.384839,0.97016287,8.054628,11.334195,2.4041996,0.21211913,16.25956,11.592796,13.241204,14.409779,15.012901,15.72516,-0.156951904296875,11.334195,1.1209054,8.657362,0.09158653,0.044295393,1.0123858,0.92060035,0.92060035,22.9725,23.719034,0.96852595
swjjjksl,5.726266,7.499718,10.936359,13.827808,15.781826,19.03007,21.739613,3.8449464,6.677382,2.6279924,0.39356628,18.614195,6.3466177,7.6225753,10.150763,11.587507,15.085469,1.1324880123138428,6.677382,0.8584305,10.6697235,3.9012043,1.6078277,0.41213623,7.6384535,3.7895405,5.1146965,6.2238746,6.8827415,7.372212,0.3481455445289612,3.9012043,0.7541999,5.3404965,9.288441,4.531057,0.48781675,21.739613,7.650138,12.346899,16.368597,18.61677,20.81868,0.870863139629364,9.288441,1.4944572,13.794508,4.857173,2.479428,0.5104673,13.4908085,4.482119,6.803988,8.210626,8.886307,11.320653,0.5885801911354065,4.857173,0.98465693,6.549789,0.2624337,0.3132609,0.7188916,0.80318415,0.7188916,10.578587,14.145614,0.7478351
66uml3so,10.815198,12.945014,21.227383,29.48125,33.953056,41.564777,51.12205,3.4630022,11.805768,4.4032545,0.37297484,37.775414,10.673475,12.457398,16.305119,20.956476,31.533491,2.719014883041382,11.805768,1.2477733,29.811535,12.68828,5.462161,0.43048868,38.53287,11.348246,13.119797,19.736193,25.899723,33.711876,2.286712169647217,12.68828,1.9961189,30.574326,13.858058,5.9878464,0.43208408,37.25134,11.289143,14.783768,22.698914,27.88886,35.505398,1.9594999551773071,13.858058,1.4416616,23.153542,13.554518,9.490136,0.7001456,51.12205,10.32102,12.275909,28.59659,39.10606,45.89567,2.1819679737091064,13.554518,2.880846,41.854687,0.03602965,0.011073029,0.85190636,0.9360923,0.85190636,24.49405,27.412575,0.89353335
jpx16f1k,7.815879,9.96961,12.685649,15.140318,16.949831,19.976126,23.006565,3.6003366,8.295139,1.6112175,0.19423634,12.589412,7.867611,9.329462,10.825864,11.483574,12.251245,0.7802395224571228,8.295139,0.55212456,3.6236515,6.166768,1.8642181,0.30230066,11.669715,6.0553346,7.385402,8.589266,9.509708,11.162918,0.4465484023094177,6.166768,0.47097075,3.877542,10.323075,2.7419355,0.26561227,20.37882,9.540357,11.760643,14.28361,15.79105,18.956676,1.1685001850128174,10.323075,0.8406784,10.642836,8.488153,4.6253223,0.544915,23.006565,6.9161997,11.1448145,15.520934,18.430958,21.94278,1.1182211637496948,8.488153,1.2751967,14.858892,0.14717086,0.09754396,0.8035531,0.7265147,0.7265147,14.461907,18.81123,0.7687912
yntl2ug0,8.414652,9.53643,10.598682,11.899422,13.434202,16.57101,22.062086,2.3875003,8.417217,1.8353106,0.21804243,12.233054,8.964863,9.577845,10.174305,10.73714,11.634263,-0.9797213077545166,8.417217,0.8166988,6.1687007,8.298298,1.6363358,0.19718933,12.595426,8.497423,9.632197,10.1847,10.519721,11.463541,-0.37418705224990845,8.298298,0.89668995,7.315961,8.221739,1.7585012,0.21388434,13.539446,8.000348,9.23452,10.682425,11.403839,13.12127,0.4969494938850403,8.221739,0.6930315,7.6301556,8.789578,3.0545177,0.34751585,22.062086,8.221701,9.645446,13.28305,15.397402,18.891354,1.423882007598877,8.789578,1.3218607,15.672922,0.0071143107,0.033380106,1.0237758,0.94410646,0.94410646,16.715515,17.011318,0.9826114
5wh23gxr,7.7118864,10.241358,15.656742,19.165174,21.433006,24.727478,28.193382,3.6788454,7.638834,1.7930492,0.23472813,16.560526,7.290146,8.222384,9.668406,11.0948925,14.302003,1.7463005781173706,7.638834,0.45592234,4.034481,8.630125,2.7090464,0.3139058,17.366455,7.6397862,9.870644,12.895355,14.621591,16.792953,1.2765382528305054,8.630125,0.78026605,8.890652,9.462612,3.3224201,0.35111025,20.851954,8.6094885,10.718267,14.507658,16.851889,19.886759,1.2945977449417114,9.462612,0.940608,5.525642,11.0542,6.3077803,0.5706229,28.193382,7.7630444,15.6237335,21.412764,23.736519,26.66989,0.946689784526825,11.0542,1.8861898,21.160166,0.060931437,0.07757483,0.8072648,0.78071004,0.78071004,16.268959,20.516811,0.7929575
irjutfvj,32.199642,37.654606,50.26195,60.65106,68.17412,83.25724,99.30134,8.955242,30.831219,4.4669075,0.14488262,45.742832,30.740673,34.119114,36.947937,37.96499,40.921707,0.26545649766921997,30.831219,2.3231742,18.882933,31.308905,5.7113705,0.18242,48.005196,31.130125,34.727753,38.933414,41.98592,44.70957,0.27373334765434265,31.308905,2.7346559,21.012003,35.23748,11.488959,0.32604373,83.243706,31.366507,39.19397,51.431885,59.859127,73.3997,1.5658401250839233,35.23748,3.6383631,54.446495,42.5588,15.244048,0.3581879,99.30134,36.777603,49.492775,65.41686,77.119,91.98837,1.4607017040252686,42.5588,5.155513,66.789055,0.0076872385,0.094108865,0.87495524,0.7356623,0.7356623,62.14012,77.79628,0.7987544
839ag77q,7.576973,9.058102,11.350517,13.918454,15.475202,17.58237,19.425827,2.676476,6.346828,1.3680868,0.21555442,10.695088,6.272187,7.233032,8.300015,9.006496,9.734892,0.4998933970928192,6.346828,0.5133358,4.2769895,8.221111,1.439328,0.17507705,12.2788515,8.171414,9.193413,10.000521,10.452488,11.950631,0.046156756579875946,8.221111,0.6045081,4.062755,7.34851,1.6690701,0.22713043,13.567093,7.1735535,8.140445,9.2695675,10.609585,12.685739,0.9296837449073792,7.34851,0.47341588,3.3085794,10.213622,3.2533429,0.31852978,19.425827,9.172059,12.184688,15.452716,16.953384,18.896225,0.9184972643852234,10.213622,1.1605513,12.646173,0.12865809,0.16314149,0.8636891,0.8049163,0.8049163,14.56794,17.562132,0.8295086
9vjuhbp9,2.1902478,2.955597,4.330662,5.4269204,6.0706654,6.976709,7.9425883,1.2586131,2.4255078,0.9348814,0.3854374,6.5646205,2.2485285,2.8457024,3.5951602,4.376715,5.6629243,1.402714729309082,2.4255078,0.3267747,4.0900326,2.7184691,1.3379552,0.4921723,6.998317,2.291189,3.4237382,4.747151,5.515941,6.6085134,1.1559865474700928,2.7184691,0.44616717,5.061308,2.3949811,1.0206773,0.42617342,6.786376,2.116707,2.640921,3.784949,4.7110515,6.0246816,1.7327079772949219,2.3949811,0.24814092,2.326304,2.678639,1.6095107,0.6008688,7.9425883,2.1388187,3.1018515,5.3219094,6.5198975,7.4848657,1.495682954788208,2.678639,0.4946165,6.4379797,0.056952305,0.055908363,1.0127461,1.0148696,1.0127461,5.143977,5.07362,1.0138673
vrnegn2b,8.325695,11.206167,13.145477,14.004516,14.721845,15.854335,17.263027,6.9046564,8.849294,4.9635825,0.5609015,17.263027,10.13066,12.347269,14.254842,15.4843855,16.465347,-0.7233031392097473,8.849294,2.1285079,15.953438,6.2768135,4.254437,0.677802,15.488881,6.7882237,9.518945,11.712392,13.111766,14.747612,-0.08092090487480164,6.2768135,2.2586093,13.663293,7.985345,4.4383044,0.5558062,14.206914,8.9961815,11.366626,13.053161,13.648008,14.098524,-0.6690312027931213,7.985345,2.02527,14.5190525,7.1007533,4.0647817,0.5724437,16.091341,6.8695765,10.568431,12.66347,13.567425,15.217493,0.08552286028862,7.1007533,2.2541287,12.7357235,0.17006889,0.05863621,1.1081918,0.8839645,0.8839645,15.126107,15.086098,1.002652
4jtj27yh,27.921549,33.100506,43.34259,52.811573,58.44465,69.551216,83.0601,8.718441,27.164694,3.8798957,0.14282861,37.912914,26.888884,29.927391,32.374245,34.0095,36.54243,0.25744640827178955,27.164694,1.2714698,13.301798,40.282436,10.710542,0.26588616,79.09987,37.21355,45.141113,57.214752,63.523525,73.15512,1.1955777406692505,40.282436,2.927701,14.39949,23.602898,3.3548093,0.14213549,32.255463,23.861649,25.883617,27.798508,29.072567,31.205576,-0.0294034481048584,23.602898,1.301919,13.041288,33.413715,11.443662,0.34248397,83.0601,29.672457,36.647186,49.775013,58.809685,73.83443,1.7797105312347412,33.413715,2.4810474,27.305138,0.19448927,0.17206946,1.150905,1.2055659,1.150905,67.44713,57.016613,1.1829382
6uamwjpi,8.110291,10.479835,14.234348,16.962313,18.56318,20.783733,22.6313,3.7214303,6.7817984,1.0384325,0.15312052,10.899358,6.6104283,7.455022,8.057652,8.702704,9.9866705,0.9629402160644531,6.7817984,0.350082,2.2481565,8.015893,1.3018612,0.16240999,11.017497,7.970192,8.959286,9.823036,10.327758,10.914824,0.22247402369976044,8.015893,0.34211233,2.85291,8.728431,2.1543467,0.24681948,15.022844,8.320807,10.054253,11.872052,12.831341,14.496971,0.6169483661651611,8.728431,0.6796575,6.219602,12.4869995,4.113684,0.32943738,22.6313,11.964487,15.448398,18.553581,20.048752,21.665037,0.3865985870361328,12.4869995,1.1842155,13.358076,0.08339778,0.17716202,0.77697796,0.6419391,0.6419391,14.797691,21.215431,0.6974966
wujt4ftl,7.753578,8.91325,9.811426,10.450757,11.028111,15.129953,24.012884,2.3503313,8.759725,1.38742,0.15838626,14.401295,8.948272,9.720505,10.342015,10.628383,11.270935,-0.383652001619339,8.759725,0.72161,8.833417,7.2809443,1.1366087,0.15610732,9.593847,7.2228756,8.212392,8.760479,9.0415325,9.37856,-0.1367206573486328,7.2809443,0.5583594,4.36399,8.448057,2.6441476,0.31298885,24.012884,8.239933,9.179372,10.259838,13.993786,18.94574,1.95243239402771,8.448057,1.1327957,19.357044,6.914087,1.5629733,0.22605635,17.38103,6.8274174,7.7495823,8.714596,9.154617,11.622603,1.2020859718322754,6.914087,0.6694857,13.445607,0.09218944,0.09985392,1.0368922,1.0530595,1.0368922,16.040668,15.362144,1.0441686
h33hw8d0,9.54155,10.591974,11.647153,12.410213,13.161155,15.697406,19.229649,2.1629696,9.336157,1.3730108,0.1470638,13.691656,9.581316,10.320543,10.911329,11.188069,11.479311,-0.6673825979232788,9.336157,0.67763865,8.750612,8.585141,1.2276,0.14299124,12.907914,8.548054,9.479785,10.076005,10.345806,10.890842,-0.6951277256011963,8.585141,0.7630486,8.549893,10.048039,2.0505247,0.20407212,18.330835,9.858123,11.044231,12.56185,13.527282,16.034319,0.4887334406375885,10.048039,0.94037086,13.42255,9.927904,2.256097,0.22724807,19.229649,9.961603,11.298378,12.0404625,13.104895,17.06173,0.26675286889076233,9.927904,1.1522295,14.66568,0.04190632,0.0060139988,0.9291521,0.8647486,0.8647486,17.921299,19.975945,0.897144
9jrd4hqf,27.587399,37.21507,46.982334,54.199448,59.50984,68.94316,77.432655,15.983852,35.811657,10.848901,0.3029433,76.688416,35.22947,41.272232,49.74234,56.64095,68.42883,0.7219701409339905,35.811657,3.3820662,18.315508,37.956192,12.738712,0.33561617,77.432655,35.768505,44.616287,55.879333,63.289608,73.767654,0.7539784908294678,37.956192,4.3790894,22.429722,25.088024,9.668493,0.3853828,70.17906,23.372618,28.910454,37.28549,44.671883,59.398464,1.5429742336273193,25.088024,2.6857147,16.688248,24.828218,9.928921,0.39990467,71.27953,22.448223,26.790012,37.659893,47.01931,62.17243,2.003352403640747,24.828218,2.9095159,15.379632,0.029071404,0.005204832,1.4274403,1.5287521,1.4274403,73.76785,49.916245,1.4778326
ghdiluvn,31.115719,43.854393,60.477585,68.33674,72.91829,78.21369,84.23519,18.412596,32.68647,9.170671,0.28056476,59.66608,30.399303,37.25903,46.942493,51.55006,58.127003,0.9677708745002747,32.68647,2.5176504,23.932552,52.529255,14.909397,0.28383034,83.93049,52.57673,64.74189,72.67956,75.98078,81.16533,0.028022928163409233,52.529255,6.184298,37.33096,26.619259,5.95122,0.22356822,54.49277,25.401335,28.62107,33.783207,39.273533,49.749653,1.7903281450271606,26.619259,1.7557839,11.789305,36.900146,15.880974,0.43037698,84.23519,32.686184,45.3852,62.172153,70.07417,80.37225,0.9566621780395508,36.900146,4.915743,42.022163,0.23285355,0.16185428,1.2279257,1.4235514,1.2279257,85.21573,63.519405,1.34157
hdczp0nw,8.404936,9.585284,11.0524435,13.823307,16.123585,20.802435,29.725513,2.1650705,8.290626,1.7237101,0.20791073,15.693636,8.240585,9.278082,10.094407,10.8017845,14.075295,0.5211014151573181,8.290626,0.7815198,11.598591,10.312672,3.8691127,0.37518045,29.725513,9.241052,10.432825,15.587218,19.220716,25.566301,2.2684288024902344,10.312672,1.6942762,20.977283,8.465276,1.5790561,0.18653333,12.757645,8.641846,9.5695,10.413757,10.780478,11.369057,-0.40570104122161865,8.465276,0.6014923,5.1829386,8.779754,3.1132624,0.35459563,26.398293,8.046192,9.110364,12.41627,15.236967,21.956274,2.3838231563568115,8.779754,1.0282491,17.698853,0.108692884,0.018235859,0.9793686,1.1745969,0.9793686,18.603298,17.24503,1.0787629
ntj5r2sl,8.015664,8.675842,9.364169,9.85104,10.456997,11.8616085,14.684569,1.2735243,8.014589,0.659729,0.08231601,9.707034,7.9765787,8.457245,8.925941,9.174152,9.514561,0.03635527193546295,8.014589,0.2100253,2.5563335,7.1646624,0.69235605,0.09663485,8.81898,7.1743507,7.654358,7.988412,8.220562,8.68706,-0.3031660318374634,7.1646624,0.21827637,2.0206037,8.730131,0.90593493,0.10377105,11.99227,8.663777,9.271597,9.773664,10.206013,11.393363,0.3850838541984558,8.730131,0.3610989,4.7552958,8.255042,1.3694488,0.1658924,14.684569,8.087269,8.776878,9.795573,11.049347,13.13056,1.3993359804153442,8.255042,0.45617506,5.8065186,0.055992678,0.027970813,0.91803765,0.8679135,0.8679135,15.179252,16.985172,0.89367664
rw4vnzvz,11.718063,13.076727,17.192585,21.129011,24.139294,29.123472,37.05681,2.4741268,11.899097,1.7680666,0.1485883,20.558521,11.639851,12.588053,13.963891,15.331168,17.966932,1.4556993246078491,11.899097,0.52606696,8.846288,11.305444,2.9436512,0.26037467,22.339682,11.068646,12.137321,15.1222925,17.471272,20.96027,1.1586451530456543,11.305444,0.92585015,10.282263,13.06791,3.2565117,0.24919912,25.833557,12.171785,13.806227,17.983244,20.38552,24.11185,1.5824272632598877,13.06791,0.7778944,11.236478,13.531432,6.000027,0.44341406,37.05681,11.815899,13.783767,23.286037,27.096174,33.121456,1.6305303573608398,13.531432,1.8763014,24.425726,0.025583513,0.017426068,0.9105586,0.835495,0.835495,23.20454,26.599342,0.8723727
n2hloiki,6.623841,7.6348486,8.855373,9.757831,10.403969,12.229863,15.8868475,1.8478112,5.9944925,0.91094863,0.15196426,9.052512,5.9671593,6.5715814,7.252743,7.6953974,8.172141,0.3946731686592102,5.9944925,0.38996854,4.5879855,7.2390366,1.5706927,0.21697538,14.029827,7.026135,8.181591,9.343344,9.99451,11.611078,0.7597754001617432,7.2390366,0.5612557,6.728477,6.3757453,1.2615507,0.19786717,12.75468,6.442827,7.1300774,7.7176642,8.193101,10.48607,0.4894156754016876,6.3757453,0.52202016,8.8606,7.7742853,1.764279,0.22693777,15.8868475,7.4645643,8.606524,9.869246,11.182469,14.032301,1.2304455041885376,7.7742853,0.79397833,10.11102,0.09404476,0.09883654,0.94020265,0.9311514,0.9311514,13.233529,14.15003,0.9352297
vqa7izq2,9.105612,12.878317,17.512697,19.906376,21.142315,22.562845,25.117105,5.487807,8.775694,2.5165894,0.28676814,19.931868,8.1093025,9.518578,12.272,14.0567465,17.514563,1.733902931213379,8.775694,0.67020816,3.4522076,11.057512,3.69977,0.33459333,21.82831,10.475207,13.423079,16.407146,18.37616,20.537094,0.6233196258544922,11.057512,0.9823158,5.199991,8.138884,2.561249,0.3146929,20.223066,7.5677156,8.592474,11.5497465,13.775183,17.744621,1.9343485832214355,8.138884,0.5298766,2.7012377,13.944621,4.8353214,0.34675172,25.117105,13.270264,17.851059,21.07645,22.190989,23.625664,0.3027072548866272,13.944621,1.5865198,15.909701,0.115050405,0.26289928,1.0782429,0.792959,0.792959,19.833206,22.083504,0.8981005
nmnr06dj,9.444162,11.297668,13.679919,15.312093,16.32473,18.596548,22.015564,3.1112394,8.737118,1.5327808,0.17543323,13.683607,8.523735,9.535944,11.042005,11.698988,13.05666,0.6747863292694092,8.737118,0.42525426,3.6430616,10.244682,1.7581798,0.17161877,15.183706,10.286914,11.1991825,12.534537,13.287794,14.610267,0.1684221625328064,10.244682,0.47808754,3.3781738,8.465466,1.5190275,0.17943814,13.575721,8.49136,9.303326,10.300878,11.080385,12.770746,0.3953615725040436,8.465466,0.46281996,3.9339232,12.2095,3.1207855,0.25560305,22.015564,11.888796,14.305906,16.312075,17.919195,20.574696,0.4671225845813751,12.2095,1.006094,10.341351,0.07942158,0.18109027,1.0320895,0.8390747,0.8390747,18.9818,20.674965,0.91810554
in9rg4xv,6.6010885,7.3216014,7.900172,8.432241,8.891421,9.790961,10.720832,1.4652324,6.3349977,0.97321093,0.15362452,8.739795,6.137993,7.184581,7.735756,7.9845905,8.338433,0.33757856488227844,6.3349977,0.3654666,1.9371672,5.760402,0.8556282,0.14853619,8.187543,5.8940244,6.278712,6.7325287,7.0617957,7.7817354,-0.2910124361515045,5.760402,0.33987585,2.6078706,6.998381,0.996569,0.14239992,10.71861,6.8363013,7.513438,8.364034,8.894536,9.920295,0.7722986340522766,6.998381,0.39106795,4.205155,7.123511,0.9804833,0.13764046,10.720832,7.0710163,7.5623274,8.260848,9.141635,10.021668,0.6536219716072083,7.123511,0.40020055,4.669769,0.04750529,0.00886069,0.905209,0.8086465,0.8086465,12.0954,14.121892,0.85649997
349n1d6d,2.4483514,3.0792897,3.8405876,4.671472,5.2594895,5.966936,6.648726,1.1785728,2.5031445,0.5730137,0.22891755,4.175417,2.4731574,2.898538,3.285522,3.5066054,3.8667367,0.24573810398578644,2.5031445,0.21155825,1.4674088,2.7343066,0.6809108,0.24902505,4.362957,2.7781503,3.2212875,3.502681,3.7390277,4.258561,-0.2366570234298706,2.7343066,0.2804842,2.201899,2.2753668,0.65618986,0.2883886,4.7204614,2.1542819,2.6273675,3.1369877,3.5272026,4.3783045,0.8999761343002319,2.2753668,0.24585438,2.0670316,2.9167805,1.4704828,0.50414586,6.648726,2.4461608,4.0677605,5.2426205,5.6920238,6.3514457,0.6957858204841614,2.9167805,0.5353646,4.6269913,0.044136368,0.12353534,1.1001059,0.93744,0.93744,5.237451,5.1921473,1.0087254
zbc7qk4k,9.147643,13.418232,19.364008,22.997257,25.253124,27.59095,30.818153,6.0579314,8.777673,2.532825,0.28855315,20.231394,8.07553,9.605933,12.379934,14.1827345,17.207787,1.5510512590408325,8.777673,0.672163,3.8514476,10.795072,3.98274,0.36894056,24.369709,9.687842,13.075978,16.51251,18.871454,22.577244,1.0201579332351685,10.795072,1.1649396,8.292936,8.36901,3.0003302,0.3585048,21.212599,7.586079,9.306673,12.385643,14.765593,19.433054,1.7063860893249512,8.36901,0.70525676,5.9649,15.537622,6.3676043,0.40981844,30.818153,14.494266,20.41098,25.219448,27.026913,28.997095,0.40777871012687683,15.537622,2.1023693,22.278578,0.103071846,0.29985875,1.0488305,0.69476986,0.69476986,19.572744,23.906631,0.8187161
6ilsidbx,7.049298,9.395939,13.373216,15.712086,17.3577,20.067339,22.907867,3.7230663,6.463518,0.99920315,0.15459122,9.848392,6.4580383,7.2187786,7.7249556,8.014764,8.813206,0.1372169554233551,6.463518,0.398149,3.1688643,6.129568,1.6931323,0.27622375,11.259815,5.8579965,7.2479324,8.315514,9.2401,10.698348,0.5470840334892273,6.129568,0.59708655,4.196265,8.951732,2.6992528,0.30153415,16.753778,8.41227,10.731142,12.904746,14.159271,16.078976,0.7225714921951294,8.951732,0.7036819,3.3306012,10.048945,4.9610324,0.49368685,22.907867,9.347901,13.632892,17.348438,19.085064,21.747576,0.49848827719688416,10.048945,1.8261392,18.248026,0.026518522,0.057746034,0.7220411,0.6099713,0.6099713,12.593086,19.000677,0.6627704
287gt76i,7.307322,8.828295,12.456722,15.196572,16.800598,18.995865,21.626076,2.6877546,6.2395453,1.1277673,0.18074511,8.657766,6.3545713,7.065158,7.6989517,8.028602,8.357889,-0.22041994333267212,6.2395453,0.37420407,3.711937,7.2376137,1.5192873,0.2099155,11.035166,7.1562743,8.368359,9.313815,9.64574,10.548119,0.026399143040180206,7.2376137,0.5281016,4.6563816,6.809454,1.3690264,0.2010479,10.3582945,6.863712,7.924684,8.52427,8.812826,9.762451,-0.062412336468696594,6.809454,0.2804421,3.2162933,11.278063,3.5911102,0.31841552,21.626076,10.489546,13.619421,16.787312,18.425535,20.593788,0.7364718914031982,11.278063,0.9798881,10.046786,0.07405628,0.24705486,0.91630626,0.64174265,0.64174265,13.4771595,18.087517,0.7451083
3hzcd3ge,24.74638,29.44778,35.52911,39.906433,45.56553,59.14258,74.401695,9.1841755,25.649591,4.8593946,0.1894531,41.68065,25.555557,28.738625,31.739044,34.538486,39.14403,0.543542206287384,25.649591,2.1091845,18.554413,34.057243,11.816285,0.34695366,74.401695,30.552473,40.32495,50.850124,59.303005,68.98584,1.0396203994750977,34.057243,5.170517,52.176643,21.254925,5.0473976,0.23746955,36.0419,20.82166,24.326843,28.400904,30.072874,32.847385,0.2124769687652588,21.254925,1.812785,14.349925,24.188822,7.2109942,0.29811266,39.937813,24.60421,29.508604,33.61908,35.967655,38.785,-0.0265269223600626,24.188822,2.6929767,28.144436,0.14081557,0.06456107,1.2067599,1.4079745,1.2067599,59.706833,45.44375,1.3138624
q10f7ia4,9.116951,14.497376,22.82654,27.54593,29.917404,33.61513,37.445892,7.4990005,8.33607,2.7105396,0.32515797,20.102478,7.5816507,9.433196,12.152964,14.260654,17.33609,1.449676275253296,8.33607,0.6566237,5.0912633,11.396861,4.091809,0.35902944,25.657942,9.819582,13.542405,17.540709,20.088852,23.67445,1.2389380931854248,11.396861,1.06562,7.7741213,8.5625105,4.0702906,0.47536182,23.886002,7.0221105,10.088985,14.692647,17.28065,22.463108,1.6405222415924072,8.5625105,0.91787064,3.8496027,17.912354,8.464665,0.4725602,37.445892,16.916946,24.979187,29.896416,32.46952,35.394016,0.3365881145000458,17.912354,2.6210728,20.705212,0.15511082,0.35315922,0.97355443,0.63625705,0.63625705,19.732931,26.474865,0.7453459
1sascebf,21.242546,24.869368,34.82279,47.058666,57.187946,74.41944,93.35701,6.3483105,20.125751,3.6369185,0.1807097,34.60182,20.162354,22.364037,24.73101,26.479742,28.99951,0.2826792001724243,20.125751,1.1445631,8.885382,38.876846,16.825603,0.4327924,93.35701,33.10899,47.995956,64.07297,74.730545,88.07193,1.1661313772201538,38.876846,3.6152794,66.54666,18.39749,3.1882486,0.17329803,25.455915,18.529175,20.886293,22.289589,23.32871,24.382448,-0.19757813215255737,18.39749,1.3573432,6.6830454,22.942974,5.4593506,0.23795305,53.121655,21.716068,24.167686,29.538464,34.29927,44.07925,2.1179919242858887,22.942974,1.2963485,27.680119,0.31780118,0.109952435,1.0939401,1.694499,1.0939401,59.002598,41.34046,1.4272361
e54ukigd,4.7314296,5.937516,8.2809305,13.553137,17.953697,25.532925,33.942986,2.6273007,4.2776546,2.3319142,0.5451385,16.726124,4.570652,5.3413606,5.946076,7.467744,12.737437,1.3392993211746216,4.2776546,0.8204784,12.079028,5.019725,1.9974477,0.39791977,15.313198,4.9254966,5.625391,7.329597,8.337428,11.89402,1.1086821556091309,5.019725,0.76000047,11.307238,6.468492,5.685828,0.87900364,33.942986,5.926749,6.6702685,13.08996,20.395227,28.952772,2.152609348297119,6.468492,1.8864086,32.9155,5.6029854,5.1132984,0.9126025,33.204304,4.33998,5.373045,10.946431,17.910368,27.847773,2.757354736328125,5.6029854,1.8329507,32.126015,0.079814985,0.07169848,0.6613063,0.8959018,0.6613063,9.2973795,12.071478,0.770194
ix1cnaq2,32.872852,35.961357,38.185295,39.24378,40.03723,42.102055,46.306793,7.1935844,28.431192,6.169105,0.21698369,39.982906,29.51108,32.924248,35.03228,36.56368,38.638897,-0.8452248573303223,28.431192,2.3471239,20.206867,32.187912,4.8125467,0.1495141,40.342224,33.205902,35.90978,37.84476,38.640568,39.663307,-0.6476210355758667,32.187912,1.8896308,15.730289,31.672047,5.7074842,0.18020573,46.097195,31.848118,35.73525,38.27688,39.310097,42.994267,-0.7111542224884033,31.672047,1.6947932,21.170706,34.774464,4.4333563,0.12748885,46.306793,35.50576,37.445107,39.281116,40.585087,43.599747,-1.1648730039596558,34.774464,1.701939,21.471455,0.061972536,0.04669044,0.8976746,0.92561924,0.8976746,60.619102,66.44651,0.9122993
yotos87m,8.796253,10.389201,11.477994,12.0439005,12.341513,14.884553,24.121286,3.2168584,8.647722,1.854686,0.21447104,15.091403,8.59313,9.966091,11.207742,11.814747,12.522785,0.17746137082576752,8.647722,0.87683654,3.8086796,7.9492083,1.9965574,0.25116432,12.144931,8.438885,9.412562,10.261196,10.822957,11.565723,-0.4664320647716522,7.9492083,0.9441629,6.029574,8.887655,2.622648,0.29508886,24.121286,8.470372,10.325411,11.64283,12.490321,19.25502,1.648098111152649,8.887655,1.2288922,13.8604145,9.295389,2.566536,0.2761085,23.180548,9.880783,11.045185,11.877872,12.231192,14.720224,-0.20889778435230255,9.295389,1.1730504,13.709,0.042086937,0.022423852,0.9730038,0.8551776,0.8551776,16.596931,18.183044,0.9127697
vz01sosr,40.77892,53.36604,80.09456,105.47812,123.95913,154.08365,202.97256,20.73291,44.86814,13.883362,0.30942583,99.99394,42.22112,51.550934,63.09236,71.72849,93.33278,1.2786520719528198,44.86814,4.03542,67.664696,67.407074,38.32161,0.56851023,202.97256,55.11522,88.22267,125.35523,148.5502,178.15454,1.0948821306228638,67.407074,15.550181,177.19475,36.706123,9.503733,0.25891408,74.05224,36.38474,42.60881,48.19584,51.76417,62.92749,0.5173447132110596,36.706123,3.0229979,19.393873,49.53693,27.32958,0.5517011,182.03471,40.407402,56.382668,87.59142,107.37177,154.25798,1.9625195264816284,49.53693,8.300003,157.44254,0.20074718,0.14877495,1.2223612,1.3607439,1.2223612,112.275215,86.24306,1.3018464
2hvnkvon,14.722935,23.126892,36.871037,45.685417,50.386265,56.243366,62.46246,10.770086,17.955591,7.2824254,0.4055798,45.789406,14.652319,20.8136,28.936226,33.918316,41.677277,1.534708857536316,17.955591,1.8591514,20.479965,17.579725,6.1796956,0.35152403,42.285294,16.30072,20.848654,26.010645,29.780663,36.815464,1.1910074949264526,17.579725,1.834478,17.646965,20.87433,13.364158,0.6402197,60.25791,14.067694,26.111727,45.021133,50.587894,57.759945,1.364422082901001,20.87433,4.0166855,43.69006,21.524664,13.914586,0.6464485,62.46246,14.69302,29.284906,45.268326,52.058495,60.090008,1.1817741394042969,21.524664,4.6413145,46.42202,0.01057725,0.015338416,0.86017567,0.8167247,0.8167247,35.535316,42.398994,0.83811694
nlhapwf5,15.486965,20.293306,28.499722,35.12372,38.434822,46.14383,57.6537,7.2690773,17.57011,4.646549,0.2644576,35.41493,17.080425,20.086086,23.166533,26.60853,32.062122,0.8302382230758667,17.57011,1.5464691,13.266683,19.17387,6.4949155,0.33873785,38.47444,17.328592,22.701864,29.478245,32.99072,37.032204,0.990054726600647,19.17387,2.2131844,21.453392,15.798734,4.9523463,0.31346476,34.637005,15.00897,16.54385,23.025675,27.03336,31.972372,1.5148836374282837,15.798734,1.5932355,20.42524,19.405756,11.209179,0.57762134,57.6537,13.94322,24.871847,38.333942,43.425022,51.483356,1.3720266819000244,19.405756,4.0791264,46.16047,0.043646872,0.102459155,1.1121215,0.98805064,0.98805064,36.74398,35.20449,1.0437299
20xkiaip,48.48381,68.17627,111.46128,140.30322,155.3314,178.55403,198.00172,29.362534,58.357864,26.891893,0.4608101,148.58629,50.67321,68.66422,100.345924,117.853485,140.14375,1.2918518781661987,58.357864,8.0859375,94.953514,98.22596,44.29862,0.45098686,198.00172,87.61012,134.75244,164.81671,179.03966,193.32002,0.5121660828590393,98.22596,17.96138,154.42345,39.387154,9.451617,0.239967,87.02017,38.118595,44.855015,50.949646,55.124916,67.49863,1.2259390354156494,39.387154,2.8422902,13.788458,55.531296,24.015106,0.43246076,166.91142,47.900024,61.255898,86.3161,106.10244,152.0287,2.074145793914795,55.531296,6.2883205,121.08473,0.25461182,0.17008434,1.4816471,1.7688397,1.4816471,156.58383,94.91845,1.649667
rqq5qob8,25.551857,41.11077,57.916508,65.316216,69.80546,75.35768,82.2131,21.95981,30.60307,12.1217375,0.39609548,62.237137,27.391483,39.469967,50.321003,54.284298,59.490654,0.7225074172019958,30.60307,3.5198877,26.16222,24.902468,6.947791,0.2790001,49.378975,23.426939,28.083384,35.055134,39.351734,45.600666,1.0926851034164429,24.902468,2.265976,21.006063,37.065117,20.4011,0.5504124,82.2131,28.164307,56.056255,66.93261,72.9381,79.44858,0.537152886390686,37.065117,6.0617476,54.42382,32.713863,17.75175,0.54263693,79.731384,26.506638,44.89263,60.94111,67.84297,75.88374,0.816747784614563,32.713863,5.3499064,55.05581,0.102703296,0.062357657,0.8256569,0.76122063,0.76122063,55.50554,69.77898,0.7954479
67kbqnxp,8.101723,9.807306,11.168104,16.629152,22.47725,31.071379,38.35219,2.707181,8.628441,2.5288756,0.29308605,27.018717,7.985953,9.400573,10.356373,12.888544,20.036194,3.1477155685424805,8.628441,0.7575784,21.321293,7.4159255,0.9439922,0.12729257,13.856718,7.495225,7.9510055,8.36419,8.853087,9.657395,0.5239822268486023,7.4159255,0.509943,9.060041,12.692242,6.6993585,0.527831,38.35219,10.500026,11.373708,23.284674,30.211592,36.278114,2.1490349769592285,12.692242,2.1156092,32.75127,8.015924,2.628899,0.32795957,28.237495,7.704253,8.791342,9.840744,10.755631,21.266422,3.5888493061065674,8.015924,0.9749696,22.949123,0.075572655,0.22581996,0.67982006,0.92514914,0.67982006,16.044367,20.708166,0.7747845
vmsr75rm,9.706858,11.823132,13.7783575,14.913839,15.574666,17.382183,20.848455,3.6448917,10.000352,2.1243,0.21242252,15.414853,9.761424,11.377087,13.14059,13.995767,14.976908,0.44626399874687195,10.000352,0.6719649,6.350403,9.303919,1.5732766,0.16909827,14.113873,9.218224,10.05883,11.497469,12.44787,13.7899685,0.7457399964332581,9.303919,0.5755995,6.2815933,12.446606,2.3488832,0.18871677,20.848455,12.2824,13.950382,15.5535755,16.300543,18.76135,0.4449792504310608,12.446606,0.83915436,13.145942,9.0543375,2.4500575,0.2705949,20.593391,8.439265,10.1257,12.566706,14.00938,17.677332,1.4294564723968506,9.0543375,0.8051395,13.402956,0.03607663,0.157773,0.8034602,1.0275649,0.8034602,19.304272,21.500942,0.89783376
g7f9fzja,3.6716447,4.672819,5.6346517,6.234767,6.5911384,7.33317,8.338946,2.1912382,3.9550133,1.436085,0.36310497,8.338946,3.7618814,4.870648,6.0010605,6.5848784,7.8457446,0.6199321746826172,3.9550133,0.6521842,6.3967543,3.5702615,1.0401067,0.29132506,7.006408,3.6582742,4.285254,4.8181233,5.112162,5.765909,-0.1843595951795578,3.5702615,0.5228518,5.115189,3.3976111,1.5001789,0.44153932,7.6282697,3.3690193,4.444831,5.4492145,5.8680587,6.73387,0.23025844991207123,3.3976111,0.513188,6.0097713,3.6070414,1.8157134,0.50338024,7.596351,3.8853211,5.131666,5.8511357,6.4317517,7.262679,-0.01001562736928463,3.6070414,0.6510001,6.4489183,0.05112794,0.029898731,1.164057,0.9898033,0.9898033,7.5252748,7.0046525,1.0743252
hsao2qwk,2.7090464,3.0194886,3.364815,3.5662067,3.6802073,3.806583,4.0900235,0.68526983,2.571404,0.514056,0.1999126,4.0900235,2.5782785,2.8684752,3.2360468,3.4221222,3.7498963,-0.21761296689510345,2.571404,0.24964179,2.5997913,2.5644891,0.512156,0.19971074,4.0571146,2.571377,2.895401,3.1499152,3.328622,3.7730913,-0.47923338413238525,2.5644891,0.28361407,2.6975806,2.6235013,0.7012259,0.26728627,3.960958,2.7946577,3.057775,3.4062965,3.5831616,3.774552,-0.8370627760887146,2.6235013,0.2830989,2.827434,2.7175062,0.732063,0.26938778,4.0558457,2.842236,3.1638904,3.529322,3.6786811,3.8792772,-1.0712008476257324,2.7175062,0.34000123,3.4148684,0.0013463781,0.017600589,0.98014206,0.9436921,0.9436921,5.135893,5.341007,0.9615963
bsepr1b2,4.7884927,5.8491106,6.8648148,7.4952345,7.8587794,8.52898,9.681525,2.8709733,4.7736278,1.9512607,0.40875846,9.681525,5.0621004,6.0878773,7.3392515,7.971494,8.898073,0.027153821662068367,4.7736278,0.83376896,8.617223,4.617296,1.5397426,0.3334728,8.030983,4.8263216,5.625705,6.375136,6.8202105,7.5083237,-0.6736921668052673,4.617296,0.71716547,7.374906,4.306613,2.0732133,0.48140228,9.467351,4.406196,5.861717,7.160923,7.732452,8.440243,0.1216854453086853,4.306613,0.7381728,7.7585516,4.4657183,1.7487416,0.39159247,9.026715,4.7146463,5.8296356,6.5868244,7.1065965,7.8965945,-0.11257657408714294,4.4657183,0.73136216,8.115641,0.016647087,0.018137174,1.1084414,1.0339426,1.0339426,9.390924,8.772331,1.0705163
0uc87nxp,10.309593,13.187668,14.9169445,15.594639,16.150171,17.233883,18.631916,4.658229,10.879485,3.6931267,0.33945784,16.462502,11.285842,14.020116,15.072699,15.41983,16.006367,-0.7808399796485901,10.879485,1.5003045,14.204031,10.5804,3.3723996,0.31874025,18.631916,9.794543,13.636846,15.011785,16.236258,17.918316,0.07898218929767609,10.5804,1.6067005,13.112556,10.317243,3.908341,0.37881643,18.433039,10.386137,12.902082,14.984097,15.764212,17.35147,-0.7957185506820679,10.317243,1.5165341,18.75841,10.039491,3.4444292,0.34308803,18.590256,10.033268,12.611772,14.08839,15.092715,17.151846,-0.5732120871543884,10.039491,1.690488,16.54342,0.013936918,0.013644229,1.0544955,1.0538782,1.0538782,21.459885,20.356733,1.054191
0jf6dnob,10.079968,11.439875,12.653465,13.4801,13.988198,14.69235,16.341684,2.7896862,8.930884,1.7055864,0.1909762,12.910334,9.393184,10.028818,10.659512,11.10212,12.057576,-0.9034596681594849,8.930884,0.6754105,6.7201214,9.990281,2.0643158,0.2066324,13.385286,10.414306,11.445993,12.1211195,12.411028,12.965734,-1.0830131769180298,9.990281,0.8489462,7.252434,10.096823,2.7313533,0.27051613,16.341684,10.521553,12.05802,13.540369,14.195516,15.15928,-0.28748130798339844,10.096823,1.1722947,11.259502,10.470498,2.3964536,0.22887675,16.159275,10.824618,12.125575,13.303023,13.984546,14.783418,-0.5859580039978027,10.470498,1.075042,11.628765,0.055990037,0.018168401,0.8845242,0.9541362,0.8845242,18.921165,20.567322,0.9199625
k8hup3ft,9.163918,10.484283,12.975833,16.135368,17.68119,19.28033,20.781689,2.1473694,9.106693,1.2126074,0.13315561,17.408333,8.869704,9.598049,10.208359,10.749853,14.605267,2.6682212352752686,9.106693,0.46508548,8.3277235,8.036982,1.7131895,0.2131633,16.96967,8.449293,8.993762,9.549256,10.063463,12.958101,0.059413254261016846,8.036982,0.72153366,7.4688816,11.447404,2.6670687,0.23298459,19.474749,10.758779,12.366463,15.703714,17.389633,19.069916,1.168013095855713,11.447404,0.9693047,10.170015,9.908867,3.6078932,0.36410755,20.781689,9.386343,10.938531,15.703737,18.488577,19.973331,1.0711174011230469,9.908867,1.2948347,11.04068,0.062396873,0.07204147,0.7955248,0.8110899,0.7955248,17.143675,21.35627,0.8027467
j6ac4jrc,9.880695,11.114652,12.137545,12.704611,13.083816,13.608998,16.009327,2.4348335,9.071991,1.4640845,0.16138513,13.370251,9.318568,9.999008,10.806506,11.314599,11.994688,-0.3793712854385376,9.071991,0.6516715,6.2332993,9.091601,1.5182163,0.16699107,13.57152,9.60541,10.108641,10.550728,10.898679,11.703619,-0.8293488621711731,9.091601,0.62653834,7.133422,10.728999,2.0272875,0.18895401,14.288455,11.157424,12.278763,13.108687,13.400839,13.885496,-0.5386162400245667,10.728999,0.7620936,5.754264,10.133689,1.8631419,0.18385623,16.009327,10.485801,11.423059,12.139375,12.550645,13.368578,-0.7364808917045593,10.133689,0.84646827,8.694136,0.0010796544,0.028534684,0.845558,0.897166,0.845558,18.163593,20.862688,0.87062573
q97rcq6w,8.512989,13.024255,19.9178,25.792473,29.243134,34.66585,39.45056,6.1944737,8.205573,2.5931385,0.31602162,17.606792,7.390525,9.213526,12.192121,13.919413,16.593447,1.3976305723190308,8.205573,0.7080015,5.1061215,8.550371,3.036778,0.3551633,17.272972,7.719708,10.342595,13.33478,14.686278,16.399797,0.8780086636543274,8.550371,0.8976888,5.975695,9.715875,3.546481,0.3650192,22.223398,8.694153,11.608509,15.0918045,16.834106,20.711494,1.1276851892471313,9.715875,0.9105135,4.3923664,16.134258,8.809571,0.5460165,39.45056,14.738922,22.18878,29.238659,33.301857,37.65156,0.6314952373504639,16.134258,3.0729704,32.333405,0.02057766,0.2482921,0.84455323,0.5299513,0.5299513,16.755943,25.850132,0.6481957
948ju63l,18.65234,31.751736,47.09983,57.154217,61.894417,68.149254,72.934875,18.236155,34.60883,17.263365,0.4988139,72.934875,31.235264,47.419792,61.889656,67.011116,71.209,0.5588384866714478,34.60883,6.408046,53.936462,22.022156,10.21597,0.46389508,51.07578,20.758198,29.236423,35.343933,40.66276,47.783825,0.43062296509742737,22.022156,3.5408869,21.353226,24.922523,14.788731,0.5933882,65.98596,17.788578,36.531605,48.72223,55.035465,61.969738,0.9596589803695679,24.922523,4.7759523,41.058846,15.795492,6.278293,0.39747372,48.151344,13.96316,17.811844,24.49147,29.095499,37.9732,1.8205254077911377,15.795492,2.3462243,20.502268,0.22225772,0.22415215,1.3886567,1.3942051,1.3886567,56.630985,40.718018,1.3908089
xsy4vy32,9.306811,14.689844,20.741116,24.072277,25.994806,28.896376,31.796587,8.036919,8.299173,3.7451425,0.4512669,21.528288,7.3856144,9.921567,13.814395,16.541225,20.127964,1.2445271015167236,8.299173,0.6849061,4.2994847,12.213022,4.420253,0.36192948,24.46328,11.168548,15.042479,19.06577,20.872408,23.35958,0.7652944922447205,12.213022,1.2687192,8.867615,8.216269,3.3447895,0.4070935,21.180216,7.012824,9.387876,13.118355,15.763824,19.704453,1.6400723457336426,8.216269,0.6605065,4.598532,16.02439,7.012375,0.43760636,31.796587,15.467448,21.586687,25.968843,28.150564,30.543299,0.24598942697048187,16.02439,2.2977507,18.883163,0.19080594,0.32210845,1.0100904,0.76215214,0.76215214,20.512196,24.240658,0.84618974
i3pj7k99,7.047783,8.708563,11.721395,14.054368,15.707933,17.578506,19.415716,2.9757085,7.0890045,1.0967692,0.15471414,10.092558,7.0635853,7.9275837,8.474207,8.834803,9.521461,-0.00380592979490757,7.0890045,0.36808327,3.5158877,7.8278804,2.204447,0.2816148,14.015198,7.6139812,9.286042,10.799065,11.72226,13.218878,0.35156604647636414,7.8278804,0.9090184,7.7527533,6.851416,1.9185257,0.28001887,14.136159,6.3404818,7.6974497,9.600739,10.903698,13.21057,1.22576904296875,6.851416,0.5366134,2.31955,8.676301,4.603254,0.5305549,19.415716,7.5714,12.328174,15.684991,16.95994,18.590742,0.5007977485656738,8.676301,1.6594285,14.574905,0.049532853,0.11752435,1.0346773,0.902214,0.902214,14.916885,15.527718,0.9606618
bv2j3t4h,10.48806,11.927273,13.220054,13.997739,14.435349,15.060598,15.687417,3.3642445,9.715393,1.9258914,0.19823092,15.371032,9.760828,10.911823,12.253966,13.199164,14.558793,0.3928506672382355,9.715393,0.83226264,4.630848,10.230909,1.8676888,0.18255354,14.648545,10.504922,11.42891,12.41168,13.038134,13.967441,-0.43444156646728516,10.230909,0.84992,6.9753366,10.602047,2.1725314,0.20491622,15.589064,10.70893,12.423086,13.382135,14.115216,15.077699,0.049802266061306,10.602047,0.9245572,7.323247,10.853072,2.4357622,0.22443067,15.687417,11.375045,12.610444,13.910761,14.596838,15.219151,-0.2875799834728241,10.853072,1.014625,8.677261,0.025845205,0.011700014,0.91636956,0.94267404,0.91636956,19.946302,21.45512,0.92967564
8qfdtn0p,3.9935608,5.47798,8.186723,10.513307,11.950656,13.803246,15.971387,2.5339613,3.5869176,1.2196715,0.34003332,8.215391,3.4593241,4.3014393,5.261267,5.9542255,7.094513,0.8382778763771057,3.5869176,0.4250057,2.4431758,4.4726205,1.3026006,0.2912388,9.038362,4.3547144,5.1220136,6.21032,7.054688,8.514799,0.825983464717865,4.4726205,0.4233058,2.922341,3.5438614,1.5146289,0.42739508,9.38759,3.1785736,4.083195,5.5349507,6.8265724,8.7511635,1.5135743618011475,3.5438614,0.3940155,2.0787883,6.7699013,3.3567984,0.49584156,15.971387,5.975191,9.076933,11.909811,13.384867,15.04071,0.7192843556404114,6.7699013,1.1813465,9.131602,0.10989499,0.3127898,1.0121496,0.6606626,0.6606626,8.059538,10.313763,0.78143525
lcfr7cl6,8.618135,12.47801,17.34011,20.554464,22.136269,24.57392,26.651108,5.670146,8.307265,2.4713845,0.29749677,16.990257,7.622113,9.456272,12.017882,13.742635,15.753979,1.2411233186721802,8.307265,0.6558305,2.4858665,7.854048,2.051154,0.26115882,15.994195,7.4383783,8.821676,10.640153,11.941588,14.413831,1.1066348552703857,7.854048,0.49422032,2.3738642,10.575342,4.851369,0.45874345,24.449678,9.457329,13.660288,17.836067,19.95246,22.925074,0.703375518321991,10.575342,1.3612995,6.629959,13.068331,5.7379956,0.4390764,26.651108,12.07845,17.17707,21.76956,23.806376,25.8,0.49051156640052795,13.068331,1.9313052,12.636776,0.028043361,0.10543999,0.7855316,0.6009985,0.6009985,16.161312,23.643673,0.68353647
p3frb7ei,7.3272552,8.610548,9.783243,10.542157,11.136368,12.88015,15.322478,2.5120506,6.060818,0.9950833,0.16418299,9.03611,5.9438314,6.728409,7.387762,7.873175,8.519337,0.43440064787864685,6.060818,0.41020858,2.6266928,7.330947,1.3395743,0.1827287,10.078292,7.3416576,8.27212,9.112847,9.496518,9.94939,-0.15646789968013763,7.330947,0.30176315,4.529272,7.2674904,1.2498528,0.1719786,10.02091,7.320666,8.326391,8.852681,9.216355,9.758015,0.036413270980119705,7.2674904,0.42848524,2.859373,9.065497,1.7417974,0.1921348,15.322478,8.976217,10.068318,11.128073,12.28878,14.393962,0.693954348564148,9.065497,0.48254323,6.821415,0.094844006,0.110084385,0.83396304,0.8086646,0.8086646,13.391766,16.332989,0.8199213
5r8vo4kv,20.95131,26.62922,38.107845,48.054096,53.22444,58.52327,65.24042,11.442293,31.059017,12.328504,0.396938,65.24042,28.035328,37.708645,51.260857,56.868988,61.856068,0.8196399807929993,31.059017,3.6639557,42.926064,25.623629,13.220949,0.5159671,61.71201,23.095434,34.05195,46.333656,51.894962,58.185562,0.6884452700614929,25.623629,5.032959,38.714317,17.857477,4.991239,0.27950415,30.900782,18.551311,21.18646,23.832516,25.840097,29.146769,-0.10981807857751846,17.857477,1.4980607,15.499364,17.413069,6.6655645,0.38279092,31.603727,18.029621,23.227024,25.354885,26.8735,29.347404,-0.1485341638326645,17.413069,2.3897705,18.632727,0.09589158,0.012599987,1.7392724,1.4715171,1.4715171,56.682648,35.270546,1.6070817
fflncc2a,9.738064,10.619158,11.386082,11.893674,12.385097,13.219233,14.378847,2.2611065,9.075,1.3088875,0.14423002,11.985333,9.0269985,10.102052,10.865642,11.231242,11.681453,0.04441569000482559,9.075,0.554416,4.826919,9.931178,1.4347992,0.14447422,13.175757,10.193685,11.035504,11.5943985,11.962919,12.682484,-0.3265461027622223,9.931178,0.69874376,5.363233,9.454902,1.4006673,0.14814192,14.378847,9.668424,10.449165,11.034301,11.601727,12.900073,0.128037229180336,9.454902,0.5780826,7.7336664,9.883139,1.6837116,0.17036204,14.159169,10.040428,10.837918,11.967192,12.716569,13.673055,-0.13904732465744019,9.883139,0.8091601,6.730324,0.04504737,0.022144796,0.95981956,1.0048608,0.95981956,19.006178,19.33804,0.9828389
trd83x9a,20.603552,31.078814,54.535133,69.41417,76.7027,86.29909,95.390045,16.410458,36.297817,19.398243,0.534419,95.390045,28.651798,46.53226,69.480675,77.6404,88.07265,1.1673901081085205,36.297817,6.45643,81.42937,35.224068,22.846838,0.6486144,94.42922,26.05797,49.968185,72.62155,81.81368,90.70565,0.881534993648529,35.224068,7.9441724,74.500824,19.378614,8.451996,0.43615067,67.02,16.652592,20.866879,30.204916,37.07758,53.609417,2.3909473419189453,19.378614,2.1513855,45.395485,18.532598,11.612125,0.6265784,69.39199,14.74131,23.343462,33.706104,42.901615,60.656876,1.7119464874267578,18.532598,3.4009926,47.872833,0.015012882,0.022315718,1.8730863,1.9006546,1.8730863,71.52188,37.911213,1.8865627
ge9ny3mu,8.003609,9.086634,9.971422,10.487672,10.77137,11.153939,12.260708,1.9366541,7.2327566,0.7899831,0.10922296,9.545618,7.179443,7.683221,8.257787,8.69471,9.318726,0.24909411370754242,7.2327566,0.3570243,2.321331,8.446434,1.7460166,0.20671642,12.260708,8.815525,9.677254,10.487792,10.90234,11.763756,-0.39635857939720154,8.446434,0.6522233,3.610014,8.348789,0.9594962,0.11492639,11.425318,8.217778,8.953117,9.693281,10.101347,10.84692,0.5368067622184753,8.348789,0.402345,4.1699295,8.556041,1.3439652,0.15707792,11.720351,8.533651,9.610825,10.359856,10.723642,11.13981,-0.025794755667448044,8.556041,0.55993587,4.105574,0.07740689,0.012259901,0.866324,0.98718953,0.866324,15.679191,16.90483,0.9274976
b6lbu9w3,6.269354,7.1889777,8.281631,9.231623,10.1342,13.8108835,24.052713,1.7682462,6.5666757,1.2773498,0.19452001,10.271231,6.3697987,7.312771,8.363783,8.951604,9.783247,0.3922790586948395,6.5666757,0.5577488,5.4812183,6.0229373,1.1106598,0.18440501,8.989789,6.1713324,6.789383,7.34249,7.7986417,8.385617,-0.19147717952728271,6.0229373,0.5376075,5.046155,6.7775483,1.7472503,0.25779974,15.972406,6.453958,7.659869,8.766957,9.7300005,12.889984,1.457541823387146,6.7775483,0.7378591,10.5647745,6.3712416,2.660202,0.41753274,24.052713,5.9687443,7.132296,8.332826,10.891207,18.199017,2.590153694152832,6.3712416,1.1564515,18.71057,0.043189444,0.030900694,0.9688866,0.9453318,0.9453318,12.589613,13.14879,0.9574731
ggo9dvws,1.9065073,2.5269277,3.0920017,3.7536728,4.887337,6.7533712,9.783297,1.0981479,2.309008,0.9050138,0.3919492,6.738299,2.4494739,2.8587422,3.2176893,3.4326684,5.034637,0.24552324414253235,2.309008,0.46857825,5.839906,2.6019232,1.3931198,0.5354193,9.7572975,2.3166487,2.76373,4.263965,5.6167793,7.8671165,2.140063524246216,2.6019232,0.6681503,7.861808,1.6971297,0.59544057,0.35085154,5.189521,1.6347014,2.0398915,2.4971778,2.750412,3.0986986,0.8648210167884827,1.6971297,0.18975113,3.401565,1.9233251,1.131608,0.58836025,9.783297,1.6353229,2.0393043,2.6380575,3.9753535,7.334931,3.3703694343566895,1.9233251,0.42344835,8.489052,0.059645582,0.06247705,1.360537,1.3528255,1.3528255,4.910931,3.6204548,1.3564404
3kcvjxzd,8.014012,9.379716,10.653091,11.3236685,11.855467,12.719087,17.797832,3.4479942,7.4650474,2.114641,0.28327227,12.5730095,7.183332,9.319856,10.437678,10.78146,11.397252,0.22649219632148743,7.4650474,0.859723,5.765474,8.045819,1.3736802,0.17073217,11.458364,8.209017,8.897696,9.781615,10.266814,11.039195,-0.170807346701622,8.045819,0.4632898,4.4741206,7.5609226,2.628116,0.34759197,17.797832,7.6545777,9.239577,10.4930935,11.725264,15.308554,0.5137389302253723,7.5609226,0.90244746,11.316106,8.136887,2.602048,0.31978422,17.000235,8.541052,10.074647,11.312158,11.917383,12.546127,-0.26750749349594116,8.136887,1.0174553,10.614021,0.037442908,0.036690723,0.98731965,0.9888081,0.98731965,15.510866,15.697809,0.9880911
vyb4xz3m,2.1439226,2.6673853,3.0700629,3.260264,3.409116,3.7633862,4.9672947,1.0571989,2.0435627,0.6918034,0.3385281,3.6281102,2.06106,2.55024,2.9781036,3.1218455,3.4609702,-0.14415961503982544,2.0435627,0.2988732,2.8205395,2.2069013,0.64206654,0.29093578,4.268512,2.2170649,2.6761653,3.0091393,3.164182,3.6570518,-0.05222166329622269,2.2069013,0.32868552,3.4885106,2.0889323,0.8489433,0.4064006,4.2929816,2.169943,2.6659853,3.1755931,3.3998454,3.8334088,-0.12852708995342255,2.0889323,0.37564617,3.6927419,2.186052,0.74027777,0.33863685,4.9672947,2.1614833,2.7652884,3.100652,3.3062086,3.8564434,0.15981516242027283,2.186052,0.35235775,4.093088,0.03842843,0.022718167,0.97828096,1.0095373,0.97828096,4.250464,4.2749844,0.9942642
