uid,lp_mean,rp_mean,lc_mean,rc_mean,lp_sbr,rp_sbr,lc_sbr,rc_sbr,put_asym,cau_asym,lr_asym,total_sbr,lr_ratio,rl_ratio,pc_ratio,abs_put_asym,abs_cau_asym,lp_std,rp_std,lc_std,rc_std,put_asym_std,cau_asym_std,lp_voxels,rp_voxels,lc_voxels,rc_voxels
xaji0y6d,0.20614342391490936,0.3191450834274292,0.17704489827156067,0.24079729616641998,0.8453769683837891,1.3087873458862305,0.7260463237762451,0.9874895811080933,-0.21512261033058167,-0.15257492661476135,-0.1874118596315384,3.8677000999450684,0.6843340396881104,1.4612681865692139,1.2571426630020142,0.11300165951251984,0.06375239789485931,0.05306510999798775,0.07602021098136902,0.03453226760029793,0.07386602461338043,0.02295510098338127,0.039333757013082504,714.0,521.0,659.0,842.0
pbhsahxt,0.12581270933151245,0.19551636278629303,0.11493305116891861,0.14453257620334625,0.7101088762283325,1.1035284996032715,0.6487022042274475,0.8157671093940735,-0.21692228317260742,-0.1140783429145813,-0.17097783088684082,3.278106689453125,0.7079717516899109,1.4124757051467896,1.2384214401245117,0.06970365345478058,0.029599525034427643,0.02250121533870697,0.0746484324336052,0.0196688175201416,0.028510408475995064,0.052147217094898224,0.008841590955853462,714.0,521.0,659.0,842.0
hv3a3zmf,0.1722268909215927,0.24917517602443695,0.1545807272195816,0.22240744531154633,0.7418355941772461,1.073276162147522,0.6658279895782471,0.957979142665863,-0.182600200176239,-0.1799168735742569,-0.18133339285850525,3.4389190673828125,0.693000316619873,1.4429931640625,1.1178094148635864,0.07694828510284424,0.06782671809196472,0.03758871555328369,0.05711086466908455,0.044204406440258026,0.05170414224267006,0.019522149115800858,0.007499735802412033,714.0,521.0,659.0,842.0
8mdd4v30,0.17909495532512665,0.24765430390834808,0.11444409191608429,0.17938260734081268,0.8747685551643372,1.2096387147903442,0.5589889287948608,0.8761735558509827,-0.16065450012683868,-0.22100882232189178,-0.18526524305343628,3.5195698738098145,0.6873840093612671,1.4547823667526245,1.4523792266845703,0.06855934858322144,0.0649385154247284,0.05507645756006241,0.06076149642467499,0.018920086324214935,0.0389479398727417,0.005685038864612579,0.020027853548526764,714.0,521.0,659.0,842.0
t9nt3w5u,0.2391769289970398,0.3798636496067047,0.19160336256027222,0.3128467798233032,0.7675014138221741,1.2189549207687378,0.6148412823677063,1.003902554512024,-0.2272653728723526,-0.24034719169139862,-0.23313935101032257,3.6052002906799316,0.621875524520874,1.6080325841903687,1.227156639099121,0.14068672060966492,0.121243417263031,0.05769321694970131,0.07790868729352951,0.052591659128665924,0.09028520435094833,0.0202154703438282,0.03769354522228241,714.0,521.0,659.0,842.0
zbikcidk,0.2842073440551758,0.4043411314487457,0.20478293299674988,0.3236413896083832,0.8119492530822754,1.155158281326294,0.585042417049408,0.9246079921722412,-0.17447371780872345,-0.22492951154708862,-0.19638240337371826,3.4767580032348633,0.6717051267623901,1.4887433052062988,1.303019404411316,0.12013378739356995,0.1188584566116333,0.06788382679224014,0.07106857001781464,0.05079718306660652,0.06938721239566803,0.0031847432255744934,0.018590029329061508,714.0,521.0,659.0,842.0
wnnhj7xv,0.21951653063297272,0.3067403733730316,0.16684800386428833,0.22413769364356995,0.8968100547790527,1.2531532049179077,0.6816387176513672,0.9156892895698547,-0.16574351489543915,-0.14652591943740845,-0.15755198895931244,3.747291326522827,0.7277825474739075,1.374030590057373,1.3459713459014893,0.0872238427400589,0.057289689779281616,0.05878068134188652,0.07454045116901398,0.042649880051612854,0.05117756128311157,0.015759769827127457,0.008527681231498718,714.0,521.0,659.0,842.0
g0fn9xuy,0.15852096676826477,0.24774980545043945,0.09940575808286667,0.1922280490398407,0.7943748235702515,1.2415152788162231,0.4981387257575989,0.9632865786552429,-0.2196284383535385,-0.3182826042175293,-0.26085349917411804,3.4973154067993164,0.5862252712249756,1.7058182954788208,1.393080472946167,0.08922883868217468,0.09282229095697403,0.03887913003563881,0.060464438050985336,0.032829366624355316,0.05649176985025406,0.021585308015346527,0.023662403225898743,714.0,521.0,659.0,842.0
41ibljh7,0.16853488981723785,0.2786886394023895,0.15895695984363556,0.24927718937397003,0.6572926640510559,1.0868966579437256,0.6199383735656738,0.972190797328949,-0.24630522727966309,-0.22124558687210083,-0.23434679210186005,3.3363184928894043,0.6202886700630188,1.6121445894241333,1.0955047607421875,0.11015374958515167,0.09032022953033447,0.038508590310811996,0.10099726170301437,0.039971522986888885,0.061958372592926025,0.06248867139220238,0.02198684960603714,714.0,521.0,659.0,842.0
5lxo6qji,0.25860223174095154,0.31455495953559875,0.1835113912820816,0.32544049620628357,0.8635907173156738,1.0504424571990967,0.6128281950950623,1.086794137954712,-0.09762178361415863,-0.27886489033699036,-0.182866632938385,3.6136555671691895,0.6908063888549805,1.4475780725479126,1.1261497735977173,0.05595272779464722,0.14192910492420197,0.055501069873571396,0.0438547246158123,0.08196417987346649,0.070476233959198,0.011646345257759094,0.011487945914268494,714.0,521.0,659.0,842.0
ujv6oh9s,0.26704147458076477,0.32524192333221436,0.2255876064300537,0.30759087204933167,0.8397759199142456,1.022801160812378,0.7094143033027649,0.9672932028770447,-0.09826436638832092,-0.15380050241947174,-0.12457425147294998,3.5392847061157227,0.7784494161605835,1.2846002578735352,1.110851764678955,0.058200448751449585,0.08200326561927795,0.04966532438993454,0.051152005791664124,0.047810327261686325,0.04287215694785118,0.0014866814017295837,0.004938170313835144,714.0,521.0,659.0,842.0
dbdw2pcn,0.19481457769870758,0.31994926929473877,0.1483599841594696,0.2643733322620392,0.6641448140144348,1.090743064880371,0.5057758688926697,0.9012784361839294,-0.24309098720550537,-0.281084805727005,-0.2599983513355255,3.16194224357605,0.5873022675514221,1.7026927471160889,1.2472038269042969,0.1251346915960312,0.11601334810256958,0.06326410174369812,0.06968246400356293,0.05043266713619232,0.048730529844760895,0.006418362259864807,0.001702137291431427,714.0,521.0,659.0,842.0
9t84azyt,0.2500743269920349,0.3505304157733917,0.2088506817817688,0.2964607775211334,0.8963878750801086,1.2564712762832642,0.7486222982406616,1.0626593828201294,-0.16725794970989227,-0.17337805032730103,-0.17005448043346405,3.9641408920288086,0.7093207836151123,1.4097940921783447,1.188580870628357,0.10045608878135681,0.08761009573936462,0.04584060236811638,0.10104521363973618,0.037524934858083725,0.06343312561511993,0.0552046112716198,0.02590819075703621,714.0,521.0,659.0,842.0
jxepq85j,0.27829068899154663,0.36937379837036133,0.2236841917037964,0.3096991181373596,0.8849256634712219,1.1745573282241821,0.7112845778465271,0.9848001003265381,-0.14063294231891632,-0.16126257181167603,-0.1499498039484024,3.755567789077759,0.7392050623893738,1.352799892425537,1.2142548561096191,0.0910831093788147,0.08601492643356323,0.08035549521446228,0.04244396090507507,0.06366933137178421,0.09107380360364914,0.03791153430938721,0.02740447223186493,714.0,521.0,659.0,842.0
sg65kxvf,0.3223485052585602,0.4880633056163788,0.2812903821468353,0.3924252688884735,0.8636379241943359,1.307621955871582,0.7536347508430481,1.051387906074524,-0.20448195934295654,-0.1649578958749771,-0.18654024600982666,3.9762825965881348,0.6855718493461609,1.4586321115493774,1.202897071838379,0.1657148003578186,0.11113488674163818,0.09784095734357834,0.0960501879453659,0.07840318977832794,0.07409515976905823,0.0017907693982124329,0.004308030009269714,714.0,521.0,659.0,842.0
1t2tala7,0.2686474919319153,0.36202922463417053,0.1903081089258194,0.2965857982635498,0.9627336859703064,1.2973793745040894,0.6819941401481628,1.062854290008545,-0.1480656862258911,-0.21827644109725952,-0.17865468561649323,4.0049614906311035,0.6968485116958618,1.43502676486969,1.2953037023544312,0.09338173270225525,0.10627768933773041,0.05989314615726471,0.06264612823724747,0.03973166272044182,0.05979648232460022,0.0027529820799827576,0.0200648196041584,714.0,521.0,659.0,842.0
53lc58dr,0.25469061732292175,0.42478352785110474,0.17446410655975342,0.25462573766708374,0.7424087524414062,1.238219976425171,0.5085529685020447,0.7422196269035339,-0.250329852104187,-0.18681737780570984,-0.22574639320373535,3.2314014434814453,0.6316576600074768,1.5831298828125,1.5835204124450684,0.17009291052818298,0.08016163110733032,0.06804666668176651,0.07977711409330368,0.05383337661623955,0.08363877981901169,0.01173044741153717,0.02980540320277214,714.0,521.0,659.0,842.0
c11ertj5,0.6612555384635925,0.6318008899688721,0.692443311214447,0.7426939010620117,1.2657305002212524,1.2093504667282104,1.3254281282424927,1.4216142892837524,0.0227790717035532,-0.03501446172595024,-0.007622601464390755,5.222123146057129,0.9848694205284119,1.0153615474700928,0.9009978771209717,0.02945464849472046,0.0502505898475647,0.05732787027955055,0.0964236855506897,0.066508449614048,0.1288011372089386,0.039095815271139145,0.062292687594890594,714.0,521.0,659.0,842.0
9mx2x18h,0.2123292088508606,0.285073459148407,0.2003157138824463,0.22595903277397156,0.7819116711616516,1.0497956275939941,0.737671434879303,0.8321040868759155,-0.14624790847301483,-0.06015664339065552,-0.10651709139347076,3.401482582092285,0.8074713945388794,1.2384284734725952,1.1668565273284912,0.07274425029754639,0.02564331889152527,0.0758163183927536,0.12489613145589828,0.08572766929864883,0.08600188046693802,0.049079813063144684,0.00027421116828918457,714.0,521.0,659.0,842.0
afeyuhz1,0.3070663809776306,0.5085169076919556,0.3287835419178009,0.35544583201408386,0.8157365918159485,1.350899577140808,0.8734292387962341,0.9442588686943054,-0.24700146913528442,-0.0389668308198452,-0.15209411084651947,3.9843244552612305,0.735968291759491,1.3587504625320435,1.191971778869629,0.20145052671432495,0.02666229009628296,0.13209274411201477,0.21045158803462982,0.1754855513572693,0.19319090247154236,0.07835884392261505,0.01770535111427307,714.0,521.0,659.0,842.0
gv0e38da,0.2906961441040039,0.31322789192199707,0.26177358627319336,0.34045612812042236,0.8393516540527344,0.9044094681739807,0.755841076374054,0.9830278754234314,-0.03730884939432144,-0.1306518167257309,-0.0839148461818695,3.4826300144195557,0.8451619744300842,1.1832011938095093,1.0028116703033447,0.022531747817993164,0.078682541847229,0.08889304101467133,0.12124338001012802,0.08495987951755524,0.11565451323986053,0.032350338995456696,0.030694633722305298,714.0,521.0,659.0,842.0
ly8ozcyw,0.3158966302871704,0.36984384059906006,0.320855975151062,0.3631831109523773,0.9115477204322815,1.0672171115875244,0.9258583188056946,1.047996997833252,-0.07866989821195602,-0.06187814846634865,-0.07028452306985855,3.952620029449463,0.8686606884002686,1.1511940956115723,1.002485752105713,0.05394721031188965,0.04232713580131531,0.10964411497116089,0.14761188626289368,0.13446255028247833,0.15384668111801147,0.03796777129173279,0.019384130835533142,714.0,521.0,659.0,842.0
d14ve92m,0.3410790264606476,0.3945549726486206,0.1693340241909027,0.262374609708786,0.9644883871078491,1.1157053709030151,0.4788353741168976,0.7419314980506897,-0.0726935863494873,-0.2155165821313858,-0.12551279366016388,3.3009605407714844,0.7769664525985718,1.2870523929595947,1.7040016651153564,0.05347594618797302,0.0930405855178833,0.111414834856987,0.17656348645687103,0.09103763103485107,0.1418534219264984,0.06514865159988403,0.05081579089164734,714.0,521.0,659.0,842.0
pnsm43d8,0.34632715582847595,0.45900920033454895,0.3021484613418579,0.3382801115512848,1.0818283557891846,1.4338152408599854,0.9438265562057495,1.0566916465759277,-0.13991905748844147,-0.056417837738990784,-0.10293067246675491,4.516161918640137,0.8133494257926941,1.2294803857803345,1.2574940919876099,0.112682044506073,0.03613165020942688,0.09957849979400635,0.10970786958932877,0.04650580883026123,0.0969369113445282,0.010129369795322418,0.05043110251426697,714.0,521.0,659.0,842.0
w3zp08j3,0.34015071392059326,0.40571174025535583,0.4738463759422302,0.4464639127254486,0.8547194004058838,1.0194590091705322,1.1906654834747314,1.1218596696853638,-0.08789949864149094,0.02975348010659218,-0.022913916036486626,4.186703681945801,0.9551975727081299,1.0469012260437012,0.8104459047317505,0.06556102633476257,0.027382463216781616,0.11810445785522461,0.14257265627384186,0.15489314496517181,0.15738078951835632,0.02446819841861725,0.0024876445531845093,714.0,521.0,659.0,842.0
trp0j43d,0.39771661162376404,0.5136512517929077,0.29432764649391174,0.4133739471435547,1.017795443534851,1.314483404159546,0.7532129883766174,1.0578640699386597,-0.1272093504667282,-0.16821515560150146,-0.14513324201107025,4.143355846405029,0.7465206980705261,1.3395441770553589,1.2877837419509888,0.11593464016914368,0.11904630064964294,0.14132392406463623,0.1589527428150177,0.11446543037891388,0.1385977864265442,0.01762881875038147,0.02413235604763031,714.0,521.0,659.0,842.0
5iqvnb4g,0.3454018831253052,0.38789334893226624,0.275628924369812,0.30696994066238403,0.9348097443580627,1.0498104095458984,0.7459734082221985,0.8307960033416748,-0.05794584006071091,-0.05379509553313255,-0.05610820651054382,3.561389446258545,0.8937439918518066,1.1188851594924927,1.258660078048706,0.04249146580696106,0.03134101629257202,0.10193491727113724,0.12887337803840637,0.10885162651538849,0.11993774771690369,0.026938460767269135,0.011086121201515198,714.0,521.0,659.0,842.0
h2m5zja8,0.3724750280380249,0.40486565232276917,0.34145841002464294,0.40992122888565063,1.0342763662338257,1.1242176294326782,0.9481505155563354,1.1382558345794678,-0.04166845232248306,-0.0911160260438919,-0.06597241759300232,4.244900703430176,0.8762199878692627,1.1412628889083862,1.0345497131347656,0.03239062428474426,0.06846281886100769,0.12857893109321594,0.11359645426273346,0.0814725011587143,0.1305685192346573,0.014982476830482483,0.04909601807594299,714.0,521.0,659.0,842.0
dzr1yxr2,0.3111923933029175,0.4328896701335907,0.1745547652244568,0.2837196886539459,1.011942982673645,1.4076811075210571,0.5676214098930359,0.9226065278053284,-0.16355334222316742,-0.2382080852985382,-0.19200794398784637,3.9098520278930664,0.677839994430542,1.4752693176269531,1.6236568689346313,0.12169727683067322,0.10916492342948914,0.15835097432136536,0.13249808549880981,0.1029186099767685,0.10277426987886429,0.025852888822555542,0.00014434009790420532,714.0,521.0,659.0,842.0
dhylurtp,0.2696685492992401,0.3413030803203583,0.1522625833749771,0.22675999999046326,0.9935218691825867,1.257440209388733,0.5609709024429321,0.8354367613792419,-0.11724670976400375,-0.1965508610010147,-0.14760872721672058,3.647369861602783,0.742752730846405,1.3463374376296997,1.6119619607925415,0.07163453102111816,0.07449741661548615,0.07960865646600723,0.081602081656456,0.058308910578489304,0.08921929448843002,0.001993425190448761,0.03091038390994072,714.0,521.0,659.0,842.0
0lzjjege,0.2022927701473236,0.2662489414215088,0.18172302842140198,0.3062606453895569,0.6950631141662598,0.9148118495941162,0.6243870258331299,1.0522891283035278,-0.13650019466876984,-0.2552080452442169,-0.1970607340335846,3.286550998687744,0.670757532119751,1.4908450841903687,0.9601565599441528,0.06395617127418518,0.12453761696815491,0.06355522572994232,0.07716025412082672,0.10128180682659149,0.08966755867004395,0.0136050283908844,0.011614248156547546,714.0,521.0,659.0,842.0
t1ghr09s,0.22640728950500488,0.2210194170475006,0.18951912224292755,0.24491053819656372,0.967250645160675,0.9442327618598938,0.8096581101417542,1.046299695968628,0.012041883543133736,-0.12750346958637238,-0.056702546775341034,3.7674412727355957,0.8926781415939331,1.120219349861145,1.0299150943756104,0.0053878724575042725,0.05539141595363617,0.0777193084359169,0.1301860362291336,0.09462232887744904,0.11078197509050369,0.052466727793216705,0.016159646213054657,714.0,521.0,659.0,842.0
kdgigatj,0.46579474210739136,0.4952276647090912,0.44866201281547546,0.4542675018310547,1.0629403591156006,1.1301060914993286,1.02384352684021,1.0366352796554565,-0.03062664531171322,-0.006208106409758329,-0.018797937780618668,4.253525257110596,0.9630967378616333,1.0383150577545166,1.0643370151519775,0.02943292260169983,0.005605489015579224,0.11904323846101761,0.1225103810429573,0.07544057071208954,0.09152250736951828,0.0034671425819396973,0.01608193665742874,714.0,521.0,659.0,842.0
9tze5r5u,0.4159938395023346,0.42654749751091003,0.4148041009902954,0.4096810221672058,1.0411421060562134,1.0675556659698486,1.038164496421814,1.0253424644470215,-0.012525967322289944,0.006213662680238485,-0.00325764250010252,4.172204971313477,0.9935046434402466,1.0065354108810425,1.0218987464904785,0.01055365800857544,0.0051230788230896,0.11905517429113388,0.1650225669145584,0.12059757858514786,0.13389304280281067,0.04596739262342453,0.013295464217662811,714.0,521.0,659.0,842.0
qpgb7r3o,0.16348718106746674,0.19656133651733398,0.19042128324508667,0.1536584198474884,0.8914961814880371,1.0718495845794678,1.0383678674697876,0.8378998637199402,-0.09186001121997833,0.10684371739625931,0.005238701123744249,3.839613676071167,1.010529637336731,0.9895743727684021,1.0464072227478027,0.03307415544986725,0.03676286339759827,0.03302718326449394,0.11041618138551712,0.04197446256875992,0.06044403091073036,0.07738900184631348,0.018469568341970444,714.0,521.0,659.0,842.0
cwbfuk9e,0.2873535454273224,0.24906198680400848,0.23458339273929596,0.2632332146167755,1.1447694301605225,0.9922220706939697,0.9345417618751526,1.048677921295166,0.0713840052485466,-0.057550836354494095,0.009322624653577805,4.120211124420166,1.018818736076355,0.9815250635147095,1.0775341987609863,0.038291558623313904,0.028649821877479553,0.10624846071004868,0.11025217175483704,0.09937212616205215,0.10768681764602661,0.004003711044788361,0.008314691483974457,714.0,521.0,659.0,842.0
1v2isqp4,0.39328238368034363,0.328624963760376,0.35106462240219116,0.3511554002761841,1.0735591650009155,0.8970611691474915,0.9583156704902649,0.9585634469985962,0.08956457674503326,-0.00012927250645589083,0.04533763602375984,3.8874993324279785,1.094980001449585,0.9132561087608337,1.0280344486236572,0.06465741991996765,9.077787399291992e-05,0.10210039466619492,0.10545262694358826,0.10630037635564804,0.09735280275344849,0.003352232277393341,0.008947573602199554,714.0,521.0,659.0,842.0
9kwv08hh,0.41993534564971924,0.4261021614074707,0.29215899109840393,0.33379438519477844,0.9774897694587708,0.9918443560600281,0.6800628304481506,0.7769781947135925,-0.007289048284292221,-0.06651505827903748,-0.03247451037168503,3.426375150680542,0.9370925426483154,1.0671274662017822,1.3515961170196533,0.006166815757751465,0.04163539409637451,0.1662997454404831,0.13314123451709747,0.1435760110616684,0.19389104843139648,0.03315851092338562,0.05031503736972809,714.0,521.0,659.0,842.0
xfgcaqvk,0.1820998191833496,0.2558622360229492,0.1354493349790573,0.2502214014530182,0.7394033670425415,1.0389103889465332,0.5499823689460754,1.0160062313079834,-0.16842155158519745,-0.297590047121048,-0.22890566289424896,3.3443024158477783,0.6274625658988953,1.5937122106552124,1.135582447052002,0.07376241683959961,0.11477206647396088,0.10372132062911987,0.10608773678541183,0.08092339336872101,0.12007363885641098,0.0023664161562919617,0.03915024548768997,714.0,521.0,659.0,842.0
izzqy72w,0.43024468421936035,0.42107093334198,0.4572051465511322,0.5091937184333801,0.9786781072616577,0.9578105807304382,1.040005087852478,1.1582635641098022,0.010775956325232983,-0.053796131163835526,-0.023554177954792976,4.1347575187683105,0.9539746642112732,1.048243522644043,0.8809144496917725,0.009173750877380371,0.051988571882247925,0.12306816875934601,0.09396782517433167,0.1332045942544937,0.16407962143421173,0.029100343585014343,0.030875027179718018,714.0,521.0,659.0,842.0
x7ptx63c,0.2511149048805237,0.3148627281188965,0.21965180337429047,0.26652705669403076,0.961030900478363,1.2049974203109741,0.8406198024749756,1.0200140476226807,-0.11263291537761688,-0.0964154526591301,-0.10513927042484283,4.0266618728637695,0.8097251057624817,1.2349822521209717,1.1641321182250977,0.0637478232383728,0.046875253319740295,0.07969462871551514,0.09912388026714325,0.08851731568574905,0.12665876746177673,0.019429251551628113,0.03814145177602768,714.0,521.0,659.0,842.0
fl0ukeyz,0.37200620770454407,0.6946961879730225,0.4001444876194,0.43318668007850647,1.0208030939102173,1.9062800407409668,1.0980159044265747,1.1886852979660034,-0.30251145362854004,-0.03965068608522415,-0.18722404539585114,5.213784217834473,0.6846013069152832,1.4607011079788208,1.2800445556640625,0.3226899802684784,0.033042192459106445,0.11499784141778946,0.32098689675331116,0.1309773325920105,0.16271623969078064,0.2059890627861023,0.03173890709877014,714.0,521.0,659.0,842.0
7srcbplj,0.4599386155605316,0.45895346999168396,0.5083714127540588,0.4504111111164093,1.1117424964904785,1.1093612909317017,1.2288119792938232,1.0887130498886108,0.0010721002472564578,0.06045191362500191,0.03139276057481766,4.538628578186035,1.0648192167282104,0.9391244649887085,0.9583936333656311,0.0009851455688476562,0.057960301637649536,0.09117888659238815,0.10523289442062378,0.07648830115795135,0.08867025375366211,0.014054007828235626,0.012181952595710754,714.0,521.0,659.0,842.0
d84u89yj,0.5372076034545898,0.558806836605072,0.5094577670097351,0.5130221843719482,1.1011598110198975,1.1454335451126099,1.044278621673584,1.0515848398208618,-0.019707052037119865,-0.0034860477317124605,-0.011878076009452343,4.342456817626953,0.9765218496322632,1.0240408182144165,1.0719168186187744,0.021599233150482178,0.0035644173622131348,0.15059806406497955,0.1680600494146347,0.12174779921770096,0.12583312392234802,0.01746198534965515,0.004085324704647064,714.0,521.0,659.0,842.0
b1qx6gvw,0.306768536567688,0.3200354278087616,0.2783849239349365,0.2852616310119629,0.9881699085235596,1.0309056043624878,0.8967399597167969,0.9188913702964783,-0.021165898069739342,-0.012200366705656052,-0.016920998692512512,3.8347067832946777,0.9667194485664368,1.034422755241394,1.1120494604110718,0.013266891241073608,0.006876707077026367,0.08556102216243744,0.08958157896995544,0.07358953356742859,0.06621730327606201,0.004020556807518005,0.007372230291366577,714.0,521.0,659.0,842.0
rdmly4ly,0.24603340029716492,0.3889676332473755,0.2654639780521393,0.3240104913711548,0.8518182635307312,1.3466860055923462,0.9190909266471863,1.1217910051345825,-0.2250925451517105,-0.09931968152523041,-0.16454440355300903,4.239386081695557,0.7174085974693298,1.393900990486145,1.07723069190979,0.14293423295021057,0.0585465133190155,0.10036171972751617,0.1354924589395523,0.08960042148828506,0.12784405052661896,0.03513073921203613,0.03824362903833389,714.0,521.0,659.0,842.0
k83tqll8,0.2577015161514282,0.37686222791671753,0.2482823133468628,0.25815117359161377,1.0036758184432983,1.4677735567092896,0.96699059009552,1.0054270029067993,-0.1877833753824234,-0.019486943259835243,-0.1130848228931427,4.443866729736328,0.796806812286377,1.2550047636032104,1.253002643585205,0.1191607117652893,0.009868860244750977,0.10587194561958313,0.11192573606967926,0.09071794152259827,0.12541525065898895,0.00605379045009613,0.034697309136390686,714.0,521.0,659.0,842.0
os9xtogn,0.7444688677787781,0.6160106062889099,0.6522664427757263,0.6097459197044373,1.3625071048736572,1.1274062395095825,1.193760633468628,1.115940809249878,0.09442125260829926,0.0336926095187664,0.06519704312086105,4.799614906311035,1.1394875049591064,0.8775862455368042,1.078023076057434,0.12845826148986816,0.04252052307128906,0.15675444900989532,0.12370412051677704,0.13600748777389526,0.11702191084623337,0.033050328493118286,0.018985576927661896,714.0,521.0,659.0,842.0
1w1ht7pz,0.39188212156295776,0.39613044261932373,0.3386780321598053,0.48268407583236694,0.9153406620025635,0.9252637028694153,0.7910689115524292,1.1274317502975464,-0.0053911772556602955,-0.1753256618976593,-0.09211915731430054,3.7591052055358887,0.8313009738922119,1.2029306888580322,0.9593960642814636,0.004248321056365967,0.14400604367256165,0.17424993216991425,0.1555502861738205,0.13863959908485413,0.17523476481437683,0.01869964599609375,0.036595165729522705,714.0,521.0,659.0,842.0
e9vifttd,0.35076409578323364,0.42274272441864014,0.4112289845943451,0.37021541595458984,0.9212545156478882,1.1103007793426514,1.0800608396530151,0.9723418951034546,-0.09305481612682343,0.052484236657619476,-0.01991385407745838,4.083958148956299,0.9609487056732178,1.040635585784912,0.989841103553772,0.0719786286354065,0.04101356863975525,0.08125276118516922,0.11320550739765167,0.09753266721963882,0.085218645632267,0.03195274621248245,0.012314021587371826,714.0,521.0,659.0,842.0
96qe3rzs,0.3098578453063965,0.3108518719673157,0.28300440311431885,0.33931243419647217,0.9903587698936462,0.9935358166694641,0.9045305252075195,1.0845006704330444,-0.0016014330321922898,-0.09048114717006683,-0.04609878733754158,3.9729256629943848,0.9118638634681702,1.096651315689087,0.9974159002304077,0.0009940266609191895,0.05630803108215332,0.090960793197155,0.10407520830631256,0.11311835050582886,0.08958596736192703,0.013114415109157562,0.023532383143901825,714.0,521.0,659.0,842.0
j49itn7s,0.2576983571052551,0.37846335768699646,0.23392584919929504,0.35802802443504333,0.8628782629966736,1.267248272895813,0.7832782864570618,1.1988224983215332,-0.18983350694179535,-0.2096480280160904,-0.19938431680202484,4.112227439880371,0.6675211191177368,1.4980748891830444,1.0746793746948242,0.12076500058174133,0.12410217523574829,0.13522221148014069,0.1185600534081459,0.09305072575807571,0.12345412373542786,0.01666215807199478,0.030403397977352142,714.0,521.0,659.0,842.0
55j2o7s3,0.30636072158813477,0.3445666432380676,0.30272069573402405,0.3408341109752655,0.9607014656066895,1.0805095434188843,0.9492868781089783,1.0688048601150513,-0.0586945079267025,-0.05922316759824753,-0.05895738676190376,4.059302806854248,0.8886487483978271,1.1253005266189575,1.0114543437957764,0.03820592164993286,0.038113415241241455,0.07079937309026718,0.09574422240257263,0.062090009450912476,0.0829245075583458,0.02494484931230545,0.02083449810743332,714.0,521.0,659.0,842.0
kkv9rftm,0.28527888655662537,0.3485841453075409,0.29802799224853516,0.2931816577911377,1.0181207656860352,1.2440483570098877,1.0636204481124878,1.046324610710144,-0.09987198561429977,0.008197305724024773,-0.047718700021505356,4.372114181518555,0.9089078307151794,1.1002179384231567,1.0721441507339478,0.06330525875091553,0.004846334457397461,0.11243705451488495,0.13940836489200592,0.15082338452339172,0.1025928407907486,0.02697131037712097,0.04823054373264313,714.0,521.0,659.0,842.0
ttqlgzui,0.2330264151096344,0.3260383903980255,0.2311956137418747,0.24367865920066833,0.7850249409675598,1.0983659029006958,0.7788572907447815,0.8209104537963867,-0.16637034714221954,-0.026286998763680458,-0.10203205794095993,3.483158588409424,0.8148276209831238,1.2272485494613647,1.1772876977920532,0.09301197528839111,0.01248304545879364,0.07995166629552841,0.09137589484453201,0.09625338762998581,0.09848964214324951,0.011424228549003601,0.0022362545132637024,714.0,521.0,659.0,842.0
1b0z3nx3,0.45846831798553467,0.4902348518371582,0.4955234229564667,0.6313033103942871,0.9763578772544861,1.0440081357955933,1.0552706718444824,1.3444286584854126,-0.03348413109779358,-0.12049746513366699,-0.08072458952665329,4.420065402984619,0.8506094217300415,1.1756254434585571,0.8419238924980164,0.031766533851623535,0.13577988743782043,0.1412225365638733,0.16956475377082825,0.15546439588069916,0.18401382863521576,0.028342217206954956,0.0285494327545166,714.0,521.0,659.0,842.0
9rbsv55p,0.4056618809700012,0.4969273805618286,0.28996551036834717,0.3029567003250122,1.152336597442627,1.411588430404663,0.8236856460571289,0.8605888485908508,-0.10111509263515472,-0.02191040851175785,-0.06971301883459091,4.248199462890625,0.8696591258049011,1.1498726606369019,1.5222700834274292,0.09126549959182739,0.012991189956665039,0.1560332030057907,0.13126122951507568,0.1279410421848297,0.12378659844398499,0.024771973490715027,0.0041544437408447266,714.0,521.0,659.0,842.0
sq0oxfq8,0.2627972662448883,0.29130592942237854,0.18032635748386383,0.28626590967178345,0.959629237651825,1.06373131275177,0.658478856086731,1.0453271865844727,-0.05145000293850899,-0.22704903781414032,-0.13172206282615662,3.7271666526794434,0.7672168612480164,1.3034071922302246,1.1875507831573486,0.028508663177490234,0.10593955218791962,0.08511313050985336,0.09449946880340576,0.07071904093027115,0.10445918142795563,0.009386338293552399,0.03374014049768448,714.0,521.0,659.0,842.0
myx444nl,0.3024176061153412,0.33354172110557556,0.2906284034252167,0.3506547212600708,0.9976345896720886,1.1003087759017944,0.9587435722351074,1.1567622423171997,-0.04894033819437027,-0.09360330551862717,-0.07136499136686325,4.213449001312256,0.8667760491371155,1.1536967754364014,0.9916965961456299,0.031124114990234375,0.060026317834854126,0.11341898143291473,0.10690241307020187,0.11120864003896713,0.1282220035791397,0.00651656836271286,0.017013363540172577,714.0,521.0,659.0,842.0
z15bcw79,0.400563508272171,0.5209301114082336,0.37837523221969604,0.5129458904266357,0.8696466088294983,1.1309694051742554,0.821474552154541,1.1136353015899658,-0.1306210458278656,-0.1509786993265152,-0.14063049852848053,3.9357259273529053,0.7534154057502747,1.3272861242294312,1.0338503122329712,0.12036660313606262,0.1345706582069397,0.12740449607372284,0.08583831042051315,0.080523282289505,0.11156092584133148,0.041566185653209686,0.031037643551826477,714.0,521.0,659.0,842.0
0pdw5py6,0.32256364822387695,0.3652971088886261,0.2755974531173706,0.38307318091392517,0.9023662209510803,1.0219123363494873,0.770979106426239,1.0716406106948853,-0.0621250718832016,-0.16317041218280792,-0.11155260354280472,3.7668981552124023,0.7992838621139526,1.251116156578064,1.044314980506897,0.042733460664749146,0.10747572779655457,0.10181122273206711,0.1268874853849411,0.1282719075679779,0.15490566194057465,0.025076262652873993,0.02663375437259674,714.0,521.0,659.0,842.0
b2knftu2,0.38204166293144226,0.5203777551651001,0.6211355924606323,0.525384247303009,0.9059301614761353,1.2339646816253662,1.4728903770446777,1.2458364963531494,-0.15329450368881226,0.08351469784975052,-0.020783806219697,4.858621597290039,0.9592778086662292,1.042448878288269,0.7870938181877136,0.13833609223365784,0.09575134515762329,0.14106880128383636,0.16856734454631805,0.22254669666290283,0.14313894510269165,0.02749854326248169,0.07940775156021118,714.0,521.0,659.0,842.0
gc5wi6fq,0.28753700852394104,0.3841654658317566,0.28342729806900024,0.31669601798057556,0.9524309635162354,1.2725008726119995,0.9388180375099182,1.0490165948867798,-0.14385581016540527,-0.055436380207538605,-0.10213428735733032,4.212766170501709,0.814659595489502,1.2275025844573975,1.1192723512649536,0.09662845730781555,0.03326871991157532,0.07320345193147659,0.10232682526111603,0.071477971971035,0.09318826347589493,0.029123373329639435,0.021710291504859924,714.0,521.0,659.0,842.0
jja26yfp,0.3846949636936188,0.5126477479934692,0.3311661183834076,0.5921913385391235,0.8367959856987,1.1151213645935059,0.7203590273857117,1.2881461381912231,-0.14259061217308044,-0.282691091299057,-0.21364188194274902,3.9604225158691406,0.6479318737983704,1.5433685779571533,0.9718247652053833,0.12795278429985046,0.26102522015571594,0.2085040658712387,0.19158753752708435,0.1462416648864746,0.15762411057949066,0.016916528344154358,0.011382445693016052,714.0,521.0,659.0,842.0
mvxpj4hn,0.2421879768371582,0.33186522126197815,0.18233388662338257,0.24725037813186646,0.9545652270317078,1.3080211877822876,0.7186549305915833,0.9745182991027832,-0.15621738135814667,-0.1511143296957016,-0.15403331816196442,3.9557595252990723,0.7330507040023804,1.3641564846038818,1.3362962007522583,0.08967724442481995,0.06491649150848389,0.09836120903491974,0.0627216249704361,0.0775684043765068,0.07713091373443604,0.03563958406448364,0.00043749064207077026,714.0,521.0,659.0,842.0
riuu9k9x,0.42248621582984924,0.4628627896308899,0.3672853410243988,0.4461587965488434,1.0907222032546997,1.1949613094329834,0.9482114315032959,1.1518371105194092,-0.04560520872473717,-0.09696222841739655,-0.07019688934087753,4.385732173919678,0.8688139915466309,1.150991678237915,1.088394284248352,0.04037657380104065,0.07887345552444458,0.09915988892316818,0.07658378779888153,0.058343224227428436,0.09871098399162292,0.02257610112428665,0.04036775976419449,714.0,521.0,659.0,842.0
juy0bvr6,0.3027772307395935,0.4069707989692688,0.2369040697813034,0.3597988784313202,0.9144399166107178,1.2291226387023926,0.715491533279419,1.0866552591323853,-0.14680339395999908,-0.2059560865163803,-0.17382065951824188,3.945709228515625,0.7038366794586182,1.4207795858383179,1.1894475221633911,0.10419356822967529,0.12289480865001678,0.1446119099855423,0.12218870222568512,0.10995306074619293,0.14132335782051086,0.022423207759857178,0.03137029707431793,714.0,521.0,659.0,842.0
k2vmwwyz,0.3481786549091339,0.30243924260139465,0.29142019152641296,0.3387010395526886,1.0875321626663208,0.9446656107902527,0.9102477431297302,1.0579289197921753,0.07030139118432999,-0.07503440231084824,-0.001203550840727985,4.0003743171691895,0.9975942373275757,1.0024083852767944,1.0325264930725098,0.04573941230773926,0.047280848026275635,0.09682023525238037,0.10131212323904037,0.06649801880121231,0.10639622807502747,0.004491887986660004,0.039898209273815155,714.0,521.0,659.0,842.0
x4w6xlpu,0.2325085997581482,0.3443780243396759,0.23345768451690674,0.2784827649593353,0.8093482851982117,1.1987589597702026,0.8126519918441772,0.9693815112113953,-0.19391889870166779,-0.08794966340065002,-0.14409483969211578,3.7901408672332764,0.7481054067611694,1.336704969406128,1.126860499382019,0.11186942458152771,0.04502508044242859,0.1284751296043396,0.10454805940389633,0.12112270295619965,0.11438827961683273,0.023927070200443268,0.006734423339366913,714.0,521.0,659.0,842.0
0dk0get8,0.24606141448020935,0.2856123745441437,0.19147470593452454,0.2503373920917511,0.8647372722625732,1.0037318468093872,0.6729024052619934,0.8797644376754761,-0.07438938319683075,-0.1332298368215561,-0.10109396278858185,3.421135902404785,0.8163737058639526,1.224924087524414,1.2033907175064087,0.039550960063934326,0.05886268615722656,0.06782979518175125,0.07060638070106506,0.05349070578813553,0.07427726686000824,0.0027765855193138123,0.02078656107187271,714.0,521.0,659.0,842.0
t63j3r30,0.4617564380168915,0.410780668258667,0.45898205041885376,0.4419530928134918,0.9595666527748108,0.8536349534988403,0.9538012742996216,0.9184136986732483,0.05842239782214165,0.018901402130723,0.03834550827741623,3.6854166984558105,1.0797477960586548,0.9261400699615479,0.968478262424469,0.05097576975822449,0.01702895760536194,0.14719124138355255,0.15360596776008606,0.0978984460234642,0.10836844146251678,0.006414726376533508,0.010469995439052582,714.0,521.0,659.0,842.0
me8f8409,0.286632239818573,0.33780205249786377,0.29516249895095825,0.39516276121139526,0.8788745999336243,1.0357719659805298,0.9050301313400269,1.2116519212722778,-0.0819457396864891,-0.1448594182729721,-0.11497917771339417,4.0313286781311035,0.7937542200088501,1.2598317861557007,0.9045495390892029,0.05116981267929077,0.10000026226043701,0.05367445945739746,0.07216431945562363,0.054524391889572144,0.09705617278814316,0.018489859998226166,0.042531780898571014,714.0,521.0,659.0,842.0
82n2atqy,0.31580597162246704,0.4185922145843506,0.23533083498477936,0.3514329195022583,0.96417236328125,1.2779841423034668,0.7184774875640869,1.0729433298110962,-0.13995963335037231,-0.1978681981563568,-0.16567853093147278,4.0335774421691895,0.7157377600669861,1.3971554040908813,1.2516058683395386,0.10278624296188354,0.11610208451747894,0.083320751786232,0.10008297860622406,0.08616261929273605,0.10026347637176514,0.016762226819992065,0.014100857079029083,714.0,521.0,659.0,842.0
yv37dia5,0.23345957696437836,0.33240777254104614,0.21994398534297943,0.2782188057899475,0.8617319464683533,1.2269635200500488,0.811843991279602,1.0269445180892944,-0.17486079037189484,-0.11697923392057419,-0.14776167273521423,3.9274840354919434,0.7425205707550049,1.3467587232589722,1.1359062194824219,0.09894819557666779,0.05827482044696808,0.08548591285943985,0.135771244764328,0.11092879623174667,0.08812253922224045,0.05028533190488815,0.022806257009506226,714.0,521.0,659.0,842.0
u6hc36ko,0.24277982115745544,0.35386979579925537,0.1883348971605301,0.2823028862476349,0.9258564710617065,1.3495053052902222,0.7182272672653198,1.076580286026001,-0.18618930876255035,-0.199660524725914,-0.19212980568408966,4.070169448852539,0.6776683330535889,1.4756423234939575,1.2677443027496338,0.11108997464179993,0.0939679890871048,0.07213424146175385,0.10943502932786942,0.08732657134532928,0.11278250813484192,0.03730078786611557,0.025455936789512634,714.0,521.0,659.0,842.0
f8krd5eq,0.1889275312423706,0.2177537977695465,0.2518109977245331,0.1989162713289261,0.8091623783111572,0.9326230883598328,1.078487515449524,0.8519434332847595,-0.07088153064250946,0.1173539087176323,0.028071114793419838,3.6722164154052734,1.0577611923217773,0.9453884959220886,0.9022759795188904,0.028826266527175903,0.052894726395606995,0.06567157804965973,0.07532192021608353,0.07797391712665558,0.08229049295186996,0.009650342166423798,0.004316575825214386,714.0,521.0,659.0,842.0
y08p0fod,0.24755515158176422,0.23479829728603363,0.2402137666940689,0.23647433519363403,0.7843660712242126,0.7439466118812561,0.7611052989959717,0.7492570877075195,0.026447053998708725,0.007844592444598675,0.01720076985657215,3.03867506980896,1.0350013971328735,0.9661781191825867,1.0118826627731323,0.01275685429573059,0.0037394315004348755,0.226518452167511,0.16809239983558655,0.19462424516677856,0.17900043725967407,0.05842605233192444,0.015623807907104492,714.0,521.0,659.0,842.0
ro8bnp84,0.2270253747701645,0.24526382982730865,0.2309868484735489,0.2706133723258972,0.8613929748535156,0.9305944442749023,0.8764238357543945,1.0267771482467651,-0.03861704841256142,-0.07900005578994751,-0.05941629782319069,3.695188522338867,0.8878301382064819,1.1263368129730225,0.9415631294250488,0.018238455057144165,0.03962652385234833,0.06420150399208069,0.07471585273742676,0.1090317890048027,0.09803648293018341,0.01051434874534607,0.010995306074619293,714.0,521.0,659.0,842.0
dyt9moge,0.28716525435447693,0.3115033507347107,0.15665964782238007,0.23446059226989746,1.1308435201644897,1.226685881614685,0.6169185042381287,0.9232950210571289,-0.040653638541698456,-0.1989177018404007,-0.10319267213344574,3.897742986679077,0.8129182457923889,1.230130910873413,1.5306469202041626,0.024338096380233765,0.0778009444475174,0.09015864133834839,0.08580592274665833,0.0835598036646843,0.07573480159044266,0.0043527185916900635,0.007825002074241638,714.0,521.0,659.0,842.0
4qxxva2i,0.295390784740448,0.360801100730896,0.262006551027298,0.30567318201065063,0.9939033389091492,1.2139898538589478,0.8815751671791077,1.0285005569458008,-0.09968153387308121,-0.07692110538482666,-0.0891244038939476,4.117968559265137,0.8363361358642578,1.1956875324249268,1.1559170484542847,0.065410315990448,0.04366663098335266,0.06347490102052689,0.07365147024393082,0.0847538411617279,0.062073562294244766,0.01017656922340393,0.02268027886748314,714.0,521.0,659.0,842.0
euc1hh5l,0.3335418999195099,0.3436446785926819,0.22704337537288666,0.33938148617744446,1.025903344154358,1.0569772720336914,0.6983367204666138,1.0438646078109741,-0.014918728731572628,-0.19832800328731537,-0.09845586121082306,3.8250818252563477,0.8207363486289978,1.218414068222046,1.1955432891845703,0.010102778673171997,0.1123381108045578,0.1286577433347702,0.11101648211479187,0.13232067227363586,0.12860536575317383,0.017641261219978333,0.003715306520462036,714.0,521.0,659.0,842.0
f6a4fejg,0.23003549873828888,0.35398411750793457,0.260965496301651,0.29461026191711426,0.8450247645378113,1.3003442287445068,0.958644688129425,1.0822371244430542,-0.2122332900762558,-0.0605582669377327,-0.13828876614570618,4.186250686645508,0.7570220232009888,1.3209607601165771,1.0511951446533203,0.12394861876964569,0.03364476561546326,0.11907437443733215,0.08282816410064697,0.10515078902244568,0.0923537015914917,0.03624621033668518,0.01279708743095398,714.0,521.0,659.0,842.0
xaa2ilgb,0.48668408393859863,0.3633549213409424,0.3834705054759979,0.37932059168815613,1.3189361095428467,0.9847084879875183,1.0392225980758667,1.027976155281067,0.14508630335330963,0.005440425593405962,0.07904056459665298,4.370843410491943,1.1716468334197998,0.8534973859786987,1.1143783330917358,0.12332916259765625,0.004149913787841797,0.1161055713891983,0.11822555959224701,0.10700621455907822,0.11960329115390778,0.002119988203048706,0.01259707659482956,714.0,521.0,659.0,842.0
0s0r2sds,0.2800171971321106,0.308602899312973,0.21500439941883087,0.29655027389526367,1.0115779638290405,1.1148453950881958,0.7767155170440674,1.0713045597076416,-0.048563845455646515,-0.1594076305627823,-0.10010366141796112,3.9744434356689453,0.8180089592933655,1.2224758863449097,1.1506471633911133,0.028585702180862427,0.0815458744764328,0.10581830888986588,0.08023249357938766,0.07501887530088425,0.09885822981595993,0.02558581531047821,0.023839354515075684,714.0,521.0,659.0,842.0
8b25sq8c,0.30372971296310425,0.34323447942733765,0.27050742506980896,0.35474300384521484,0.9949837327003479,1.124396800994873,0.8861513137817383,1.162097454071045,-0.06106165423989296,-0.1347227245569229,-0.09726368635892868,4.167629241943359,0.822714626789093,1.215484380722046,1.0347263813018799,0.0395047664642334,0.08423557877540588,0.05725153908133507,0.0881081223487854,0.04877322539687157,0.0985412523150444,0.030856583267450333,0.049768026918172836,714.0,521.0,659.0,842.0
royr6ccv,0.48051774501800537,0.5933147072792053,0.5075066685676575,0.5962257981300354,0.9634854793548584,1.1896545886993408,1.0176008939743042,1.1954915523529053,-0.10504139214754105,-0.08038093894720078,-0.09254190325737,4.366232872009277,0.830592691898346,1.203957438468933,0.9729093313217163,0.11279696226119995,0.08871912956237793,0.10415013879537582,0.15944276750087738,0.09498418122529984,0.10432244837284088,0.055292628705501556,0.009338267147541046,714.0,521.0,659.0,842.0
cjwtl9tq,0.30469319224357605,0.4163666069507599,0.34714236855506897,0.3851464092731476,0.8313687443733215,1.1360745429992676,0.9471932053565979,1.0508888959884644,-0.154873788356781,-0.05189754441380501,-0.10298792272806168,3.9655251502990723,0.8132553100585938,1.2296226024627686,0.9846645593643188,0.11167341470718384,0.03800404071807861,0.1369616687297821,0.13269343972206116,0.14615949988365173,0.1136367917060852,0.004268229007720947,0.03252270817756653,714.0,521.0,659.0,842.0
vdz4x1zh,0.2889210283756256,0.4337766170501709,0.2669764459133148,0.2807011604309082,0.8320420980453491,1.2492009401321411,0.7688455581665039,0.8083702921867371,-0.2004370540380478,-0.025059795007109642,-0.12482940405607224,3.658458948135376,0.7780461311340332,1.285266637802124,1.3195650577545166,0.1448555886745453,0.013724714517593384,0.13027073442935944,0.1267639696598053,0.09629149734973907,0.09486223012208939,0.003506764769554138,0.0014292672276496887,714.0,521.0,659.0,842.0
qimqodpx,0.4271603226661682,0.40911731123924255,0.38107752799987793,0.4188302159309387,0.9470952749252319,0.9070904850959778,0.8449209928512573,0.9286258220672607,0.021575359627604485,-0.047196242958307266,-0.0120460893958807,3.627732515335083,0.976193368434906,1.024384617805481,1.0454661846160889,0.01804301142692566,0.03775268793106079,0.1475125104188919,0.12928834557533264,0.13054752349853516,0.1390349119901657,0.018224164843559265,0.008487388491630554,714.0,521.0,659.0,842.0
nf7c3dd0,0.3463350236415863,0.3833330273628235,0.4083894193172455,0.3803507685661316,0.8784286975860596,0.9722687602043152,1.035820722579956,0.964704692363739,-0.050705187022686005,0.035548608750104904,-0.005900486372411251,3.8512229919433594,0.9882669448852539,1.0118696689605713,0.9251044988632202,0.03699800372123718,0.02803865075111389,0.11733685433864594,0.13453499972820282,0.11815053224563599,0.11549589037895203,0.017198145389556885,0.00265464186668396,714.0,521.0,659.0,842.0
3uvulemx,0.23507477343082428,0.23353542387485504,0.28199151158332825,0.23122473061084747,0.8939818739891052,0.8881277441978455,1.0724047422409058,0.8793402910232544,0.003284918377175927,0.09891869127750397,0.05327427387237549,3.7338547706604004,1.112541913986206,0.8988387584686279,0.9130834341049194,0.0015393495559692383,0.050766780972480774,0.05321769788861275,0.05880817025899887,0.04413596913218498,0.04539972171187401,0.005590472370386124,0.0012637525796890259,714.0,521.0,659.0,842.0
15z8vmuh,0.2022799253463745,0.24355821311473846,0.14471502602100372,0.17216230928897858,0.902565062046051,1.086747169494629,0.6457127332687378,0.7681814432144165,-0.09258560091257095,-0.08661773055791855,-0.09010633826255798,3.4032063484191895,0.8346811532974243,1.1980558633804321,1.406969428062439,0.04127828776836395,0.027447283267974854,0.047358188778162,0.031491924077272415,0.05558360368013382,0.043301571160554886,0.015866264700889587,0.012282032519578934,714.0,521.0,659.0,842.0
xid4n1u3,0.21792209148406982,0.24684886634349823,0.14252227544784546,0.18325120210647583,0.8975132703781128,1.016648292541504,0.5869787335395813,0.7547210454940796,-0.06223863735795021,-0.12502184510231018,-0.08811095356941223,3.255861282348633,0.8380456566810608,1.1932462453842163,1.4266647100448608,0.028926774859428406,0.04072892665863037,0.05660606548190117,0.08667691797018051,0.0355011485517025,0.07261727005243301,0.030070852488279343,0.037116121500730515,714.0,521.0,659.0,842.0
493wxa73,0.39578956365585327,0.26735416054725647,0.5231072306632996,0.3303680717945099,1.2855631113052368,0.8683923482894897,1.6991032361984253,1.0730676651000977,0.19367626309394836,0.2258283495903015,0.2117699682712555,4.926126480102539,1.5373282432556152,0.6504773497581482,0.7769913673400879,0.1284354031085968,0.19273915886878967,0.1257578581571579,0.06704812496900558,0.17743882536888123,0.08181057125329971,0.05870973318815231,0.09562825411558151,714.0,521.0,659.0,842.0
jgzlma5u,0.3448618948459625,0.2973812520503998,0.402831107378006,0.30938422679901123,1.142385482788086,0.9851016402244568,1.3344136476516724,1.02486252784729,0.07392927259206772,0.131205752491951,0.104047030210495,4.486763000488281,1.2322582006454468,0.8115158081054688,0.9017529487609863,0.047480642795562744,0.09344688057899475,0.057282593101263046,0.0432170145213604,0.07967551797628403,0.08310845494270325,0.014065578579902649,0.00343293696641922,714.0,521.0,659.0,842.0
ofwb0hpm,0.6051726937294006,0.5133684277534485,0.4472058415412903,0.6306297779083252,1.3963937759399414,1.184561848640442,1.0318963527679443,1.4551342725753784,0.08207493275403976,-0.1701778769493103,-0.041713960468769073,5.067986011505127,0.9199120402336121,1.0870585441589355,1.0377651453018188,0.09180426597595215,0.1834239363670349,0.1219528317451477,0.08934161812067032,0.15179391205310822,0.08339327573776245,0.032611213624477386,0.06840063631534576,714.0,521.0,659.0,842.0
nz1udbfw,0.30881640315055847,0.33413609862327576,0.24703817069530487,0.32036396861076355,0.9885210394859314,1.0695693492889404,0.7907689809799194,1.0254848003387451,-0.03938028961420059,-0.12923051416873932,-0.08150126785039902,3.8743441104888916,0.8492798209190369,1.177464246749878,1.1331493854522705,0.025319695472717285,0.07332579791545868,0.08827151358127594,0.08030209690332413,0.0721515566110611,0.07567260414361954,0.007969416677951813,0.003521047532558441,714.0,521.0,659.0,842.0
yjxrpj1e,0.37593916058540344,0.32716384530067444,0.35497286915779114,0.38713061809539795,1.1475248336791992,0.9986420273780823,1.083526849746704,1.1816859245300293,0.06937140971422195,-0.043333183974027634,0.011498416773974895,4.411379814147949,1.023262858390808,0.9772632122039795,0.9474447965621948,0.048775315284729004,0.03215774893760681,0.04096989333629608,0.040020380169153214,0.06566034257411957,0.05707671493291855,0.000949513167142868,0.00858362764120102,714.0,521.0,659.0,842.0
pkyrybov,0.2623814642429352,0.300631582736969,0.250808447599411,0.30710509419441223,0.9722890853881836,1.114029884338379,0.9294037222862244,1.1380183696746826,-0.06793811917304993,-0.10090550035238266,-0.08434692770242691,4.153740882873535,0.8444266319274902,1.184231162071228,1.009138584136963,0.038250118494033813,0.05629664659500122,0.056301627308130264,0.06597878038883209,0.04820100590586662,0.07474864274263382,0.009677153080701828,0.026547636836767197,714.0,521.0,659.0,842.0
akhejla0,0.29406240582466125,0.28424137830734253,0.31845369935035706,0.3725072741508484,0.9816556572914124,0.9488705396652222,1.063080072402954,1.2435246706008911,0.016982441768050194,-0.07822944223880768,-0.034848928451538086,4.237131118774414,0.9326477646827698,1.0722126960754395,0.8369545936584473,0.009821027517318726,0.05405357480049133,0.06358850002288818,0.055811673402786255,0.0514950305223465,0.045562632381916046,0.007776826620101929,0.0059323981404304504,714.0,521.0,659.0,842.0
gnzs43c5,0.5805090665817261,0.6673303842544556,0.6054784059524536,0.6648958325386047,0.989483118057251,1.1374708414077759,1.0320435762405396,1.1333211660385132,-0.06957726180553436,-0.04677155613899231,-0.05807241424918175,4.292318820953369,0.8902291059494019,1.1233046054840088,0.982260525226593,0.08682131767272949,0.05941742658615112,0.09865524619817734,0.10253048688173294,0.07724247127771378,0.0676184669137001,0.003875240683555603,0.009624004364013672,714.0,521.0,659.0,842.0
ba75uuzp,0.22136442363262177,0.2531600892543793,0.1920623630285263,0.2328403890132904,0.8902506232261658,1.0181217193603516,0.7724079489707947,0.9364029765129089,-0.06700517982244492,-0.0959700271487236,-0.08068869262933731,3.6171834468841553,0.850669801235199,1.1755388975143433,1.1167811155319214,0.03179566562175751,0.0407780259847641,0.03182351216673851,0.024646636098623276,0.031112879514694214,0.04176115244626999,0.007176876068115234,0.010648272931575775,714.0,521.0,659.0,842.0
eal2w37d,0.3818437457084656,0.35362064838409424,0.3263973891735077,0.3014512360095978,1.1930791139602661,1.1048953533172607,1.0198357105255127,0.9418908953666687,0.03837447240948677,0.039732687175273895,0.039000004529953,4.259701251983643,1.0811638832092285,0.9249264597892761,1.171402096748352,0.028223097324371338,0.024946153163909912,0.08422409743070602,0.08933216333389282,0.08438601344823837,0.08833348751068115,0.005108065903186798,0.0039474740624427795,714.0,521.0,659.0,842.0
4ivsolml,0.3352521061897278,0.3822224736213684,0.38332295417785645,0.37489402294158936,0.9696102142333984,1.105457067489624,1.1086399555206299,1.0842618942260742,-0.06546615064144135,0.011116765439510345,-0.02611752599477768,4.267969131469727,0.9490931630134583,1.0536344051361084,0.9462642669677734,0.046970367431640625,0.00842893123626709,0.04979091137647629,0.07352231442928314,0.05979231372475624,0.04799748584628105,0.023731403052806854,0.01179482787847519,714.0,521.0,659.0,842.0
gses6m03,0.29216891527175903,0.31786400079727173,0.2802293598651886,0.27975258231163025,0.8934929370880127,0.9720720648765564,0.8569801449775696,0.855522096157074,-0.04212074726819992,0.0008514143992215395,-0.0215537678450346,3.5780673027038574,0.9578003287315369,1.0440553426742554,1.0893776416778564,0.025695085525512695,0.0004767775535583496,0.03746217489242554,0.06224862113595009,0.03216308727860451,0.05511130392551422,0.02478644624352455,0.022948216646909714,714.0,521.0,659.0,842.0
3ifhv1xg,0.32224035263061523,0.346322625875473,0.4019896388053894,0.40394923090934753,0.9801355004310608,1.053384780883789,1.222703218460083,1.2286635637283325,-0.03602089360356331,-0.0024314371403306723,-0.017661456018686295,4.48488712310791,0.9652888178825378,1.0359565019607544,0.8295445442199707,0.024082273244857788,0.00195959210395813,0.037615057080984116,0.03637923672795296,0.11682792752981186,0.057149745523929596,0.0012358203530311584,0.05967818200588226,714.0,521.0,659.0,842.0
1r11q7uw,0.27869588136672974,0.3217315971851349,0.22615456581115723,0.22801846265792847,0.9892961382865906,1.142061471939087,0.8027884364128113,0.8094047904014587,-0.07167500257492065,-0.0041039264760911465,-0.042574986815452576,3.743551015853882,0.9183254837989807,1.088934302330017,1.3220207691192627,0.04303571581840515,0.0018638968467712402,0.05314798280596733,0.04745505750179291,0.0351480133831501,0.04298209398984909,0.005692925304174423,0.00783408060669899,714.0,521.0,659.0,842.0
w5wfcpkj,0.24526982009410858,0.3186544179916382,0.16701862215995789,0.22092236578464508,0.9925554394721985,1.2895275354385376,0.675889253616333,0.8940263986587524,-0.1301317811012268,-0.13894793391227722,-0.13372503221035004,3.851998805999756,0.7640945315361023,1.3087329864501953,1.4536302089691162,0.0733845978975296,0.053903743624687195,0.05868809297680855,0.08795258402824402,0.04233706742525101,0.08180074393749237,0.02926449105143547,0.039463676512241364,714.0,521.0,659.0,842.0
cslqc3c5,0.28844866156578064,0.33827486634254456,0.21021029353141785,0.31457337737083435,0.9111216068267822,1.068507432937622,0.6639903783798218,0.9936416745185852,-0.07950256019830704,-0.19886839389801025,-0.13390204310417175,3.637261152267456,0.7638194561004639,1.3092052936553955,1.194248914718628,0.049826204776763916,0.1043630838394165,0.06067051738500595,0.06058463454246521,0.05460207909345627,0.06933469325304031,8.588284254074097e-05,0.014732614159584045,714.0,521.0,659.0,842.0
4wsqt26q,0.26809877157211304,0.278896301984787,0.19927743077278137,0.24423757195472717,1.063608169555664,1.1064443588256836,0.7905784249305725,0.9689453840255737,-0.019739685580134392,-0.10137207806110382,-0.056291818618774414,3.9295763969421387,0.893414318561554,1.119296908378601,1.2333152294158936,0.01079753041267395,0.0449601411819458,0.06548034399747849,0.047984641045331955,0.05374884605407715,0.04052825644612312,0.01749570295214653,0.013220589607954025,714.0,521.0,659.0,842.0
3xlrfcd6,0.22762048244476318,0.251791775226593,0.20746199786663055,0.22039060294628143,0.9299330711364746,1.0286837816238403,0.8475764989852905,0.9003956913948059,-0.050418488681316376,-0.030217356979846954,-0.04089197888970375,3.7065889835357666,0.9214268922805786,1.0852683782577515,1.1205053329467773,0.024171292781829834,0.012928605079650879,0.02877873182296753,0.05651533603668213,0.02648092806339264,0.03446967899799347,0.0277366042137146,0.00798875093460083,714.0,521.0,659.0,842.0
mzsgipps,0.21551163494586945,0.2894919216632843,0.24321898818016052,0.29160791635513306,0.8393629789352417,1.1274973154067993,0.9472760558128357,1.1357386112213135,-0.1464942842721939,-0.09047570079565048,-0.11768180131912231,4.049875259399414,0.7894165515899658,1.2667534351348877,0.9442356824874878,0.07398028671741486,0.048388928174972534,0.047018084675073624,0.07016252726316452,0.039030250161886215,0.046105142682790756,0.023144442588090897,0.007074892520904541,714.0,521.0,659.0,842.0
fnkomv2x,0.2605142891407013,0.20679597556591034,0.21560043096542358,0.2481279820203781,1.0350992679595947,0.8216606974601746,0.8566433787345886,0.9858848452568054,0.11495189368724823,-0.07014337927103043,0.02276032045483589,3.6992883682250977,1.0465785264968872,0.9554902911186218,1.0077217817306519,0.053718313574790955,0.03252755105495453,0.044491395354270935,0.058864776045084,0.05378762260079384,0.05618400499224663,0.014373380690813065,0.0023963823914527893,714.0,521.0,659.0,842.0
cdyk0x65,0.3396279811859131,0.29390570521354675,0.2610549032688141,0.27688881754875183,1.2137006521224976,1.0503066778182983,0.9329105019569397,0.9894948601722717,0.07217011600732803,-0.029434090480208397,0.02551334723830223,4.186412811279297,1.0523607730865479,0.9502411484718323,1.1776928901672363,0.04572227597236633,0.015833914279937744,0.05275532603263855,0.036438681185245514,0.0504295751452446,0.05253429338335991,0.016316644847393036,0.0021047182381153107,714.0,521.0,659.0,842.0
mufm8zov,0.3185272216796875,0.42048943042755127,0.4292554259300232,0.5000755786895752,0.7923965454101562,1.0460467338562012,1.0678538084030151,1.244032382965088,-0.13796992599964142,-0.07620543986558914,-0.10356490314006805,4.15032958984375,0.8123074769973755,1.23105788230896,0.7952127456665039,0.10196220874786377,0.070820152759552,0.10765593498945236,0.1411234438419342,0.08881109952926636,0.11912079155445099,0.03346750885248184,0.03030969202518463,714.0,521.0,659.0,842.0
7ln23y30,0.43555721640586853,0.38798272609710693,0.3777187466621399,0.36155298352241516,1.0924354791641235,0.9731123447418213,0.9473689198493958,0.9068230390548706,0.057768210768699646,0.021867115050554276,0.04078560322523117,3.9197397232055664,1.085038185119629,0.9216241836547852,1.113986611366272,0.0475744903087616,0.01616576313972473,0.07580523937940598,0.09798350185155869,0.07496518641710281,0.09746099263429642,0.02217826247215271,0.022495806217193604,714.0,521.0,659.0,842.0
ysxpnngh,0.42225489020347595,0.4404144287109375,0.45474761724472046,0.37069419026374817,0.94978266954422,0.9906291365623474,1.0228689908981323,0.8338066339492798,-0.021050378680229187,0.10182828456163406,0.03903407230973244,3.7970871925354004,1.0812379121780396,0.9248635768890381,1.0450987815856934,0.018159538507461548,0.08405342698097229,0.07397924363613129,0.10662798583507538,0.11948435008525848,0.12267890572547913,0.03264874219894409,0.003194555640220642,714.0,521.0,659.0,842.0
8riec4d1,0.24113276600837708,0.262807160615921,0.20262755453586578,0.17717711627483368,1.037603497505188,1.1308691501617432,0.8719140887260437,0.7623998522758484,-0.043009791523218155,0.0670091062784195,0.004272805992513895,3.8027868270874023,1.008579969406128,0.9914884567260742,1.3268362283706665,0.021674394607543945,0.025450438261032104,0.0584222711622715,0.08040507137775421,0.04273270070552826,0.07222384959459305,0.021982800215482712,0.02949114888906479,714.0,521.0,659.0,842.0
45bm1enf,0.37338119745254517,0.38217300176620483,0.36534950137138367,0.3884991705417633,1.1076139211654663,1.1336942911148071,1.083788275718689,1.1524604558944702,-0.011636217124760151,-0.03070860169827938,-0.02116168849170208,4.477557182312012,0.9585524201393127,1.0432369709014893,1.0022610425949097,0.008791804313659668,0.02314966917037964,0.0709412544965744,0.06332946568727493,0.08093629032373428,0.05842576175928116,0.007611788809299469,0.022510528564453125,714.0,521.0,659.0,842.0
313fpoyi,0.5817186832427979,0.5750226378440857,0.5026980638504028,0.5256381034851074,0.9853799939155579,0.9740374684333801,0.8515260219573975,0.8903844356536865,0.005788709502667189,-0.022307898849248886,-0.007434082217514515,3.7013280391693115,0.9852406978607178,1.0149786472320557,1.1248658895492554,0.006696045398712158,0.02294003963470459,0.07521987706422806,0.06646052747964859,0.10685562342405319,0.09356076270341873,0.008759349584579468,0.01329486072063446,714.0,521.0,659.0,842.0
pk0qtl3q,0.15680991113185883,0.2331223338842392,0.14854630827903748,0.1428707242012024,0.6530485153198242,0.9708582758903503,0.618634045124054,0.5949975848197937,-0.19570636749267578,0.019475746899843216,-0.10367188602685928,2.837538480758667,0.812130331993103,1.2313220500946045,1.3380510807037354,0.07631242275238037,0.005675584077835083,0.06820736080408096,0.07792603224515915,0.051390886306762695,0.050226032733917236,0.009718671441078186,0.001164853572845459,714.0,521.0,659.0,842.0
4n89qkns,0.3030800223350525,0.3525640368461609,0.36538079380989075,0.39713436365127563,0.9572521448135376,1.113543152809143,1.1540237665176392,1.254314661026001,-0.07547378540039062,-0.04164314270019531,-0.05728376284241676,4.479133605957031,0.891638457775116,1.1215275526046753,0.8598427772521973,0.0494840145111084,0.03175356984138489,0.04247481748461723,0.09848304837942123,0.07448749989271164,0.06656832993030548,0.056008230894804,0.007919169962406158,714.0,521.0,659.0,842.0
832ejx5t,0.2510659396648407,0.26733216643333435,0.36275285482406616,0.3373644948005676,0.8221489787101746,0.8754149079322815,1.1878827810287476,1.1047451496124268,-0.03137780725955963,0.03626295551657677,0.007486262358725071,3.990191698074341,1.0150837898254395,0.9851371049880981,0.7404435276985168,0.016266226768493652,0.025388360023498535,0.05870911106467247,0.06508003920316696,0.06041724979877472,0.05512290820479393,0.006370928138494492,0.005294341593980789,714.0,521.0,659.0,842.0
d44k1j6f,0.27377811074256897,0.2973819077014923,0.2607402801513672,0.29961520433425903,0.9868162870407104,1.071894645690918,0.9398221969604492,1.0799444913864136,-0.041325993835926056,-0.06937534362077713,-0.05521685630083084,4.07847785949707,0.8953434228897095,1.1168859004974365,1.0192797183990479,0.02360379695892334,0.038874924182891846,0.02851191908121109,0.050430163741111755,0.034107908606529236,0.04803650081157684,0.021918244659900665,0.013928592205047607,714.0,521.0,659.0,842.0
p8hqmabs,0.25661247968673706,0.19783371686935425,0.3402067720890045,0.2801809012889862,1.0661109685897827,0.8219113349914551,1.4134081602096558,1.1640273332595825,0.1293412297964096,0.0967552661895752,0.11053294688463211,4.465457916259766,1.2485350370407104,0.8009355664253235,0.7325184941291809,0.05877876281738281,0.06002587080001831,0.06071940064430237,0.0476372167468071,0.05424853041768074,0.06118381768465042,0.01308218389749527,0.006935287266969681,714.0,521.0,659.0,842.0
i9nb74x2,0.3369980752468109,0.31743165850639343,0.35705888271331787,0.3255276679992676,1.201393961906433,1.131639838218689,1.272910475730896,1.1605020761489868,0.029898377135396004,0.04619365558028221,0.03821763023734093,4.766446113586426,1.0794708728790283,0.92637699842453,0.9587484002113342,0.01956641674041748,0.03153121471405029,0.05501960217952728,0.07781877368688583,0.0419459342956543,0.06759931892156601,0.02279917150735855,0.025653384625911713,714.0,521.0,659.0,842.0
ek3zezqa,0.23808643221855164,0.30019423365592957,0.17895522713661194,0.25437256693840027,0.9118507504463196,1.1497184038162231,0.6853832602500916,0.9742252826690674,-0.11538159847259521,-0.17404183745384216,-0.14154364168643951,3.721177816390991,0.7520120143890381,1.3297603130340576,1.242199182510376,0.06210780143737793,0.07541733980178833,0.05175288766622543,0.06379333138465881,0.03897403925657272,0.07758907228708267,0.01204044371843338,0.03861503303050995,714.0,521.0,659.0,842.0
cj4t0sek,0.2231258898973465,0.2091268002986908,0.32020679116249084,0.20325396955013275,1.0214927196502686,0.9574034810066223,1.4659388065338135,0.9305170774459839,0.032386280596256256,0.22342190146446228,0.13701994717121124,4.375351905822754,1.3175477981567383,0.7589824795722961,0.8257579207420349,0.0139990895986557,0.1169528216123581,0.03707515075802803,0.06898446381092072,0.0942254438996315,0.058955639600753784,0.031909313052892685,0.035269804298877716,714.0,521.0,659.0,842.0
kbp2qd6v,0.24939751625061035,0.3027091324329376,0.17632998526096344,0.19120708107948303,0.8362094759941101,1.0149589776992798,0.5912200212478638,0.6411016583442688,-0.09656018763780594,-0.0404776968061924,-0.0741468146443367,3.0834901332855225,0.8619409799575806,1.1601670980453491,1.502175211906433,0.05331161618232727,0.014877095818519592,0.06867775321006775,0.07208181172609329,0.06235019490122795,0.06551302969455719,0.003404058516025543,0.003162834793329239,714.0,521.0,659.0,842.0
asifpwio,0.47762420773506165,0.4809558093547821,0.3152785003185272,0.32730206847190857,1.2385880947113037,1.2472277879714966,0.8175888061523438,0.8487686514854431,-0.0034755554515868425,-0.018711348995566368,-0.009590019471943378,4.1521735191345215,0.9810009002685547,1.0193644762039185,1.491763949394226,0.003331601619720459,0.012023568153381348,0.11539949476718903,0.11234187334775925,0.08002787083387375,0.07228320837020874,0.003057621419429779,0.0077446624636650085,714.0,521.0,659.0,842.0
xd9css9t,0.22168907523155212,0.29884281754493713,0.2365160435438156,0.2625489830970764,0.841122567653656,1.1338558197021484,0.8973783850669861,0.9961513876914978,-0.14822068810462952,-0.05216331407427788,-0.10120335221290588,3.8685083389282227,0.8161933422088623,1.2251949310302734,1.043012022972107,0.07715374231338501,0.026032939553260803,0.05194525793194771,0.11520348489284515,0.06780920922756195,0.12105762958526611,0.06325823068618774,0.05324842035770416,714.0,521.0,659.0,842.0
oqw9ja2m,0.26205500960350037,0.26002761721611023,0.24068650603294373,0.21647562086582184,1.0739946365356445,1.065685749053955,0.9864189624786377,0.8871941566467285,0.0038832712452858686,0.05295896157622337,0.02679435908794403,4.013293266296387,1.055061936378479,0.9478077292442322,1.1420050859451294,0.0020273923873901367,0.024210885167121887,0.01746317185461521,0.04238729551434517,0.04331387206912041,0.03352726995944977,0.024924123659729958,0.009786602109670639,714.0,521.0,659.0,842.0
0w10lbt3,0.23398703336715698,0.25923973321914673,0.21033504605293274,0.25198233127593994,0.9039641618728638,1.0015231370925903,0.8125892281532288,0.97348552942276,-0.05119885876774788,-0.09008355438709259,-0.07001237571239471,3.6915619373321533,0.8691354393959045,1.1505638360977173,1.0668551921844482,0.025252699851989746,0.0416472852230072,0.03907924145460129,0.03558305650949478,0.04959867522120476,0.03855089098215103,0.0034961849451065063,0.011047784239053726,714.0,521.0,659.0,842.0
g2qzw3c1,0.269363671541214,0.28794512152671814,0.25259020924568176,0.26442113518714905,1.0886286497116089,1.1637252569198608,1.020838975906372,1.0686534643173218,-0.03334132954478264,-0.022883255034685135,-0.028308462351560593,4.341846466064453,0.944939911365509,1.0582643747329712,1.0779409408569336,0.01858144998550415,0.011830925941467285,0.0678936168551445,0.0763288214802742,0.06078266352415085,0.05519293248653412,0.0084352046251297,0.00558973103761673,714.0,521.0,659.0,842.0
qkbhb7s9,0.21867290139198303,0.20596569776535034,0.27416226267814636,0.23585590720176697,0.8714669346809387,0.8208255171775818,1.0926061868667603,0.9399455785751343,0.029924677684903145,0.07510767877101898,0.05457993596792221,3.724844455718994,1.1154593229293823,0.8964877724647522,0.8325933814048767,0.01270720362663269,0.038306355476379395,0.06596957892179489,0.05330037698149681,0.0669281929731369,0.06492975354194641,0.01266920194029808,0.0019984394311904907,714.0,521.0,659.0,842.0
t64z7w2s,0.1936691701412201,0.1858597993850708,0.18361830711364746,0.1950351893901825,0.8653002381324768,0.83040851354599,0.8203936815261841,0.8714035153388977,0.02057642675936222,-0.030151184648275375,-0.004758098162710667,3.3875057697296143,0.9905261993408203,1.0095590353012085,1.0023094415664673,0.007809370756149292,0.011416882276535034,0.04957294464111328,0.06544005125761032,0.06468568742275238,0.06907487660646439,0.01586710661649704,0.004389189183712006,714.0,521.0,659.0,842.0
ehe2atn2,0.28704413771629333,0.3032623529434204,0.2805333733558655,0.27604639530181885,1.0337448120117188,1.0921522378921509,1.0102972984313965,0.9941381216049194,-0.02747417986392975,0.008061683736741543,-0.010228789411485195,4.1303324699401855,0.9797478318214417,1.0206671953201294,1.0605945587158203,0.016218215227127075,0.004486978054046631,0.04163584113121033,0.05827920138835907,0.036233413964509964,0.05267231911420822,0.016643360257148743,0.016438905149698257,714.0,521.0,659.0,842.0
twdl9zs1,0.3013773560523987,0.34398534893989563,0.2648128271102905,0.2935028374195099,1.015041470527649,1.1585456132888794,0.8918918967247009,0.988520085811615,-0.06602167338132858,-0.05138662829995155,-0.05923338606953621,4.053998947143555,0.888156533241272,1.1259238719940186,1.1559081077575684,0.04260799288749695,0.02869001030921936,0.04567919671535492,0.07041973620653152,0.06555183976888657,0.06542561948299408,0.024740539491176605,0.00012622028589248657,714.0,521.0,659.0,842.0
3c9xqym5,0.4327269494533539,0.35137805342674255,0.3600424528121948,0.40510112047195435,1.1935375928878784,0.9691629409790039,0.9930608868598938,1.1173406839370728,0.10374731570482254,-0.05888908728957176,0.023424429818987846,4.273102283477783,1.047971248626709,0.9542222023010254,1.0247801542282104,0.08134889602661133,0.04505866765975952,0.06419363617897034,0.06888650357723236,0.08905939012765884,0.059609733521938324,0.004692867398262024,0.02944965660572052,714.0,521.0,659.0,842.0
2xg8p6be,0.2938491404056549,0.25063735246658325,0.46924036741256714,0.3334829807281494,0.9674956798553467,0.8252212405204773,1.5449696779251099,1.097989797592163,0.07936231046915054,0.16912080347537994,0.1328442394733429,4.435676574707031,1.3063887357711792,0.7654666304588318,0.6782982349395752,0.043211787939071655,0.13575738668441772,0.07631911337375641,0.041271552443504333,0.10375217348337173,0.07866968214511871,0.035047560930252075,0.02508249133825302,714.0,521.0,659.0,842.0
fflzm764,0.2918567955493927,0.2785232365131378,0.20151226222515106,0.18459387123584747,1.1289477348327637,1.0773714780807495,0.7794809937477112,0.7140380144119263,0.0233765821903944,0.04381786659359932,0.03162815049290657,3.699838161468506,1.0653200149536133,0.9386810660362244,1.4772584438323975,0.013333559036254883,0.01691839098930359,0.060283321887254715,0.05934767425060272,0.05419906601309776,0.062181856483221054,0.0009356476366519928,0.007982790470123291,714.0,521.0,659.0,842.0
jwtektsg,0.29504233598709106,0.3270767629146576,0.3048308193683624,0.3729575276374817,0.8949635028839111,0.9921348094940186,0.9246553182601929,1.131306767463684,-0.0514923520386219,-0.10051309317350388,-0.07705240696668625,3.9430603981018066,0.8569185137748718,1.1669684648513794,0.9178648591041565,0.03203442692756653,0.06812670826911926,0.0730796530842781,0.08255717158317566,0.09537812322378159,0.07880593091249466,0.009477518498897552,0.016572192311286926,714.0,521.0,659.0,842.0
7fxzv4u3,0.3747638165950775,0.34738293290138245,0.31126895546913147,0.32888373732566833,1.2215449810028076,1.1322968006134033,1.0145831108093262,1.0719985961914062,0.037915900349617004,-0.02751648798584938,0.007168831303715706,4.440423488616943,1.0144397020339966,0.9857629537582397,1.128083348274231,0.02738088369369507,0.017614781856536865,0.05229578912258148,0.03362535685300827,0.06765114516019821,0.05431171879172325,0.01867043226957321,0.01333942636847496,714.0,521.0,659.0,842.0
bbxux1ox,0.2903818190097809,0.3145733177661896,0.2993710935115814,0.3192072808742523,0.9795767068862915,1.0611845254898071,1.0099012851715088,1.0768167972564697,-0.03998884558677673,-0.032067324966192245,-0.035984016954898834,4.127479553222656,0.9305301904678345,1.0746526718139648,0.9779749512672424,0.02419149875640869,0.0198361873626709,0.057710785418748856,0.08765269070863724,0.05952770262956619,0.07247112691402435,0.029941905289888382,0.01294342428445816,714.0,521.0,659.0,842.0
rwk8r2yk,0.2443549484014511,0.2810857594013214,0.20381541550159454,0.2816537320613861,1.0148752927780151,1.167428731918335,0.8465031385421753,1.1697876453399658,-0.0699046328663826,-0.1603359431028366,-0.1133325845003128,4.19859504699707,0.7964068055152893,1.2556346654891968,1.0823335647583008,0.0367308109998703,0.07783831655979156,0.04529586806893349,0.054203908890485764,0.045209698379039764,0.05684930831193924,0.008908040821552277,0.011639609932899475,714.0,521.0,659.0,842.0
ccprhvlz,0.28709349036216736,0.3343275785446167,0.2818466126918793,0.33214038610458374,1.0452547073364258,1.217225432395935,1.0261517763137817,1.2092622518539429,-0.07600966840982437,-0.0819132849574089,-0.07894378155469894,4.497894287109375,0.8536632657051086,1.1714181900024414,1.0121062994003296,0.04723408818244934,0.05029377341270447,0.047097526490688324,0.07630790770053864,0.058828819543123245,0.0817563459277153,0.02921038120985031,0.022927526384592056,714.0,521.0,659.0,842.0
049enulq,0.3015075922012329,0.37792980670928955,0.27536019682884216,0.3238447904586792,1.0452709197998047,1.3102126121520996,0.954622745513916,1.12270987033844,-0.11247850209474564,-0.08091472834348679,-0.09768695384263992,4.432816028594971,0.8220117688179016,1.2165236473083496,1.1338961124420166,0.07642221450805664,0.048484593629837036,0.053774669766426086,0.10892494767904282,0.037854816764593124,0.07515224814414978,0.05515027791261673,0.037297431379556656,714.0,521.0,659.0,842.0
jidknwi5,0.4128853976726532,0.42291751503944397,0.4965447187423706,0.4508475661277771,1.1615312099456787,1.189753532409668,1.3968819379806519,1.2683265209197998,-0.012002955190837383,0.048234615474939346,0.020000623539090157,5.01649284362793,1.0408164262771606,0.9607820510864258,0.8822132349014282,0.010032117366790771,0.045697152614593506,0.04740886017680168,0.06482291221618652,0.06805332750082016,0.06240464374423027,0.017414052039384842,0.0056486837565898895,714.0,521.0,659.0,842.0
flul1rsr,0.20212797820568085,0.16430912911891937,0.16600824892520905,0.1506132334470749,0.9288966059684753,0.7550968527793884,0.7629052996635437,0.6921561360359192,0.10320664197206497,0.04862261936068535,0.07790515571832657,3.139054775238037,1.1689708232879639,0.8554482460021973,1.1573312282562256,0.037818849086761475,0.015395015478134155,0.04848789796233177,0.056549545377492905,0.02321794256567955,0.03566284477710724,0.008061647415161133,0.012444902211427689,714.0,521.0,659.0,842.0
la8s8hmb,0.24241816997528076,0.2652713656425476,0.2136552780866623,0.1963900327682495,0.9960630536079407,1.089963674545288,0.8778802752494812,0.8069397211074829,-0.04501402750611305,0.042105596512556076,-0.006088827736675739,3.7708468437194824,0.9878938794136047,1.0122500658035278,1.2381272315979004,0.022853195667266846,0.01726524531841278,0.07169924676418304,0.03682253882288933,0.05004332587122917,0.04005832225084305,0.034876707941293716,0.009985003620386124,714.0,521.0,659.0,842.0
r5xqt4p5,0.1707575023174286,0.29549315571784973,0.14375418424606323,0.17234916985034943,0.7578034400939941,1.3113667964935303,0.6379656195640564,0.7648670673370361,-0.26752859354019165,-0.09046059101819992,-0.19598603248596191,3.4720029830932617,0.6722585558891296,1.4875149726867676,1.474989652633667,0.12473565340042114,0.028594985604286194,0.0610949732363224,0.11211925745010376,0.03337349370121956,0.059890586882829666,0.05102428421378136,0.026517093181610107,714.0,521.0,659.0,842.0
01nouhtc,0.328365683555603,0.3705088794231415,0.28046390414237976,0.3136488199234009,1.0254409313201904,1.1570483446121216,0.875850260257721,0.9794821739196777,-0.06030142679810524,-0.055856164544820786,-0.05825892835855484,4.0378217697143555,0.8898952603340149,1.1237242221832275,1.1763312816619873,0.04214319586753845,0.03318491578102112,0.05364862456917763,0.03916109353303909,0.05959786847233772,0.03683840110898018,0.014487531036138535,0.022759467363357544,714.0,521.0,659.0,842.0
s1k9ye9o,0.30757009983062744,0.32876166701316833,0.32373446226119995,0.2842640280723572,0.9986096620559692,1.0674138069152832,1.0510916709899902,0.9229401350021362,-0.03330264613032341,0.06491853296756744,0.014689736999571323,4.040055274963379,1.0298157930374146,0.9710443019866943,1.0465991497039795,0.021191567182540894,0.03947043418884277,0.041931409388780594,0.04861227795481682,0.07262691110372543,0.05013955011963844,0.006680868566036224,0.02248736098408699,714.0,521.0,659.0,842.0
2m71hssb,0.34197595715522766,0.3786541223526001,0.37162384390830994,0.44942715764045715,0.8846718072891235,0.9795560836791992,0.9613691568374634,1.1626417636871338,-0.05089728534221649,-0.09476051479578018,-0.0742575004696846,3.98823881149292,0.8617498874664307,1.160426378250122,0.8776910901069641,0.036678165197372437,0.07780331373214722,0.09311249107122421,0.12794853746891022,0.0803159698843956,0.11172188818454742,0.034836046397686005,0.031405918300151825,714.0,521.0,659.0,842.0
elrqvslw,0.44855231046676636,0.6175875067710876,0.45429977774620056,0.4603540301322937,1.0170302391052246,1.4002940654754639,1.0300618410110474,1.0437889099121094,-0.15854866802692413,-0.0066191665828228,-0.08839356154203415,4.491175174713135,0.8375697731971741,1.1939280033111572,1.1656198501586914,0.1690351963043213,0.00605425238609314,0.14272771775722504,0.20166026055812836,0.26421016454696655,0.20364150404930115,0.05893254280090332,0.060568660497665405,714.0,521.0,659.0,842.0
f90km3tz,0.38247132301330566,0.38444972038269043,0.3127392828464508,0.3439842164516449,1.133669137954712,1.139533281326294,0.9269790053367615,1.019590973854065,-0.002579658990725875,-0.04757692664861679,-0.02333684265613556,4.2197723388671875,0.9543893337249756,1.0477874279022217,1.1677972078323364,0.0019783973693847656,0.031244933605194092,0.05897481366991997,0.07033567875623703,0.08271881937980652,0.06892383098602295,0.011360865086317062,0.01379498839378357,714.0,521.0,659.0,842.0
k3ny9v20,0.21082442998886108,0.1777786761522293,0.3231380581855774,0.22808820009231567,0.9437620043754578,0.7958316802978516,1.4465373754501343,1.0210437774658203,0.08503706753253937,0.17243315279483795,0.13629654049873352,4.207174777984619,1.315606713294983,0.7601022720336914,0.7049779891967773,0.033045753836631775,0.09504985809326172,0.05638675019145012,0.04224153980612755,0.05802606791257858,0.056667305529117584,0.01414521038532257,0.0013587623834609985,714.0,521.0,659.0,842.0
yar821uz,0.4163523316383362,0.547983705997467,0.3245244026184082,0.49367669224739075,0.8298105001449585,1.092158317565918,0.646793007850647,0.9839217662811279,-0.1364993453025818,-0.20673656463623047,-0.16873899102210999,3.5526835918426514,0.7112452983856201,1.4059815406799316,1.1786037683486938,0.13163137435913086,0.16915228962898254,0.10333947837352753,0.10074930638074875,0.040339358150959015,0.14088459312915802,0.002590171992778778,0.100545234978199,714.0,521.0,659.0,842.0
vgww4fyb,0.3359486162662506,0.46607282757759094,0.2683366537094116,0.2988298535346985,0.9759876728057861,1.354020595550537,0.7795634865760803,0.8681513667106628,-0.16224509477615356,-0.05376400798559189,-0.11730848252773285,3.9777231216430664,0.7900147438049316,1.265795350074768,1.4140820503234863,0.13012421131134033,0.030493199825286865,0.08791110664606094,0.07342883199453354,0.08085266500711441,0.09351407736539841,0.014482274651527405,0.012661412358283997,714.0,521.0,659.0,842.0
8dalfyo1,0.22631630301475525,0.23742321133613586,0.24272403120994568,0.28201723098754883,0.8947201371192932,0.9386302828788757,0.9595865607261658,1.1149284839630127,-0.023950695991516113,-0.0748809427022934,-0.0509873628616333,3.907865524291992,0.9029706120491028,1.1074512004852295,0.8837471604347229,0.011106908321380615,0.03929319977760315,0.04776318743824959,0.043100226670503616,0.09294317662715912,0.08562244474887848,0.004662960767745972,0.00732073187828064,714.0,521.0,659.0,842.0
750cehlx,0.32781782746315,0.3411749601364136,0.24550780653953552,0.31266555190086365,1.0245733261108398,1.0663201808929443,0.7673186659812927,0.9772158265113831,-0.01996600441634655,-0.12031678110361099,-0.0656103864312172,3.83542799949646,0.8768571615219116,1.1404328346252441,1.1985372304916382,0.01335713267326355,0.06715774536132812,0.08043543994426727,0.0698237195611,0.047505564987659454,0.07010334730148315,0.010611720383167267,0.0225977823138237,714.0,521.0,659.0,842.0
slg6mm1z,0.4339940547943115,0.36927202343940735,0.40488699078559875,0.4506358206272125,1.127912163734436,0.9597052931785583,1.0522654056549072,1.1711626052856445,0.08057349175214767,-0.05347464233636856,0.011437959969043732,4.3110456466674805,1.0231393575668335,0.9773815870285034,0.9389172196388245,0.06472203135490417,0.04574882984161377,0.047306258231401443,0.04594321921467781,0.06377935409545898,0.0464109443128109,0.0013630390167236328,0.017368409782648087,714.0,521.0,659.0,842.0
xyvgiui9,0.3516683578491211,0.3663269281387329,0.264291375875473,0.3147827386856079,1.0528656244277954,1.0967520475387573,0.7912662029266357,0.9424331188201904,-0.02041594125330448,-0.08719310909509659,-0.05022850260138512,3.883316993713379,0.9043460488319397,1.1057679653167725,1.23989999294281,0.014658570289611816,0.05049136281013489,0.07686702907085419,0.08306823670864105,0.06245475262403488,0.07075857371091843,0.006201207637786865,0.008303821086883545,714.0,521.0,659.0,842.0
kkhzlm72,0.1974920779466629,0.25588539242744446,0.1974523663520813,0.23958706855773926,0.844465434551239,1.0941520929336548,0.8442956209182739,1.0244613885879517,-0.12879595160484314,-0.0964091569185257,-0.11289983242750168,3.8073744773864746,0.797105073928833,1.2545338869094849,1.0373810529708862,0.058393314480781555,0.04213470220565796,0.036388371139764786,0.06211891397833824,0.04811081290245056,0.05528540909290314,0.025730542838573456,0.007174596190452576,714.0,521.0,659.0,842.0
jeyn9382,0.3380821645259857,0.3596339821815491,0.2904285192489624,0.3397645950317383,0.8487511277198792,0.902856707572937,0.7291172742843628,0.8529748916625977,-0.03088904730975628,-0.07828710973262787,-0.05338302627205849,3.333700180053711,0.8986432552337646,1.1127852201461792,1.1071447134017944,0.021551817655563354,0.04933607578277588,0.08398661017417908,0.07089797407388687,0.1130622923374176,0.13451454043388367,0.013088636100292206,0.021452248096466064,714.0,521.0,659.0,842.0
kkzmpjrh,0.4843755066394806,0.5302025675773621,0.3616415560245514,0.5220098495483398,0.934998631477356,1.0234594345092773,0.6980831027030945,1.0076448917388916,-0.045168545097112656,-0.1814834624528885,-0.10862506181001663,3.6641860008239746,0.8040356040000916,1.2437233924865723,1.1481642723083496,0.04582706093788147,0.16036829352378845,0.11246144771575928,0.07204411923885345,0.10452772676944733,0.0671376958489418,0.04041732847690582,0.037390030920505524,714.0,521.0,659.0,842.0
t7zewviy,0.18930202722549438,0.20260585844516754,0.19219008088111877,0.19776637852191925,0.8259420394897461,0.8839878439903259,0.8385428786277771,0.8628727793693542,-0.03394623473286629,-0.014299757778644562,-0.02414754405617714,3.4113457202911377,0.9528411626815796,1.0494874715805054,1.0050015449523926,0.013303831219673157,0.005576297640800476,0.06438227742910385,0.06481336802244186,0.07087144255638123,0.036661546677351,0.0004310905933380127,0.03420989587903023,714.0,521.0,659.0,842.0
twbozd1a,0.3628104031085968,0.3509337604045868,0.3682795763015747,0.4035002887248993,1.087967038154602,1.0523523092269897,1.1043674945831299,1.209984540939331,0.016639892011880875,-0.045635636895895004,-0.015714377164840698,4.454671382904053,0.9690561890602112,1.0319291353225708,0.9248015284538269,0.01187664270401001,0.035220712423324585,0.043832942843437195,0.06468890607357025,0.05209996551275253,0.05944039300084114,0.020855963230133057,0.007340427488088608,714.0,521.0,659.0,842.0
t7o75rh8,0.3870229721069336,0.3615168035030365,0.4517888128757477,0.389206200838089,1.1074860095977783,1.0344988107681274,1.2928167581558228,1.1137334108352661,0.03407451882958412,0.07441487163305283,0.05541791394352913,4.548534870147705,1.1173369884490967,0.8949828147888184,0.8900634050369263,0.025506168603897095,0.06258261203765869,0.05647359788417816,0.07334063202142715,0.07454496622085571,0.06831195205450058,0.016867034137248993,0.006233014166355133,714.0,521.0,659.0,842.0
lx6dut07,0.2662475109100342,0.42092829942703247,0.211954265832901,0.2540336847305298,1.0182386636734009,1.609800934791565,0.8105992674827576,0.9715280532836914,-0.22509604692459106,-0.09030131995677948,-0.17062628269195557,4.4101667404174805,0.7084859013557434,1.411455512046814,1.474661111831665,0.1546807885169983,0.042079418897628784,0.0569833479821682,0.1782679259777069,0.05251186341047287,0.11947469413280487,0.12128457427024841,0.066962830722332,714.0,521.0,659.0,842.0
6g5g79or,0.4025505781173706,0.45070281624794006,0.3718164563179016,0.4342270791530609,1.0860931873321533,1.216009259223938,1.0031715631484985,1.1715573072433472,-0.056433625519275665,-0.07742825895547867,-0.06663231551647186,4.476831436157227,0.8750593066215515,1.1427768468856812,1.0585684776306152,0.04815223813056946,0.0624106228351593,0.09970506280660629,0.08671891689300537,0.06823791563510895,0.08234711736440659,0.012986145913600922,0.014109201729297638,714.0,521.0,659.0,842.0
7875aud9,0.3304494619369507,0.32163944840431213,0.35142630338668823,0.3420431315898895,1.0801011323928833,1.0513049364089966,1.1486656665802002,1.1179959774017334,0.013510428369045258,0.013530745171010494,0.013520908541977406,4.398067474365234,1.027410864830017,0.9733174443244934,0.9403268694877625,0.00881001353263855,0.009383171796798706,0.03322304040193558,0.049766141921281815,0.04678246006369591,0.06461525708436966,0.016543101519346237,0.017832797020673752,714.0,521.0,659.0,842.0
k9tr74qg,0.2876201272010803,0.30465224385261536,0.2886925935745239,0.32437413930892944,0.9510049819946289,1.0073210000991821,0.954551100730896,1.072530746459961,-0.028757186606526375,-0.058201637119054794,-0.04373345896601677,3.985407829284668,0.9161964654922485,1.0914652347564697,0.966079831123352,0.017032116651535034,0.03568154573440552,0.06012077257037163,0.061424143612384796,0.06624437868595123,0.09986349195241928,0.0013033710420131683,0.03361911326646805,714.0,521.0,659.0,842.0
efqjg02u,0.6031205654144287,0.5230259895324707,0.5529363751411438,0.49366357922554016,1.3082064390182495,1.1344763040542603,1.199353814125061,1.0707874298095703,0.07112263143062592,0.05663361772894859,0.06414337456226349,4.712823867797852,1.1370785236358643,0.8794451951980591,1.0760037899017334,0.08009457588195801,0.05927279591560364,0.06827850639820099,0.07029034197330475,0.08269129693508148,0.14300818741321564,0.0020118355751037598,0.060316890478134155,714.0,521.0,659.0,842.0
1g463sdy,0.30451107025146484,0.3628308176994324,0.2415623813867569,0.32246309518814087,1.0169516801834106,1.2117176055908203,0.80672687292099,1.0769046545028687,-0.0873909741640091,-0.14343425631523132,-0.11306160688400269,4.112300872802734,0.7968444228172302,1.254945993423462,1.183174729347229,0.05831974744796753,0.08090071380138397,0.05629722401499748,0.04605872929096222,0.04491212218999863,0.06175969913601875,0.010238494724035263,0.016847576946020126,714.0,521.0,659.0,842.0
gfliji18,0.36187025904655457,0.49183031916618347,0.4178149104118347,0.40022215247154236,1.0853841304779053,1.4751828908920288,1.253183126449585,1.200415849685669,-0.15223124623298645,0.021506039425730705,-0.06721585243940353,5.014165878295898,0.87403404712677,1.1441173553466797,1.0435951948165894,0.1299600601196289,0.01759275794029236,0.10437741130590439,0.08039698004722595,0.11120116710662842,0.09184712916612625,0.023980431258678436,0.019354037940502167,714.0,521.0,659.0,842.0
k0axycel,0.25331059098243713,0.3496510088443756,0.19971536099910736,0.31866729259490967,1.0579274892807007,1.4602841138839722,0.8340921998023987,1.3308836221694946,-0.15977843105793,-0.22946697473526,-0.19199471175670624,4.683187484741211,0.6778585314750671,1.4752285480499268,1.1631569862365723,0.09634041786193848,0.11895193159580231,0.08413318544626236,0.1434060037136078,0.07460186630487442,0.07693362236022949,0.05927281826734543,0.002331756055355072,714.0,521.0,659.0,842.0
os6zle6k,0.3859114348888397,0.42723649740219116,0.4630858302116394,0.5243270397186279,1.0681631565093994,1.1825467348098755,1.2817740440368652,1.45128333568573,-0.05082102492451668,-0.06202182173728943,-0.05696350336074829,4.983767509460449,0.8922119140625,1.120807409286499,0.8235127329826355,0.04132506251335144,0.061241209506988525,0.09330899268388748,0.10286224633455276,0.14270642399787903,0.1444823294878006,0.009553253650665283,0.0017759054899215698,714.0,521.0,659.0,842.0
whef0vot,0.3543766736984253,0.41532808542251587,0.3510395884513855,0.42216745018959045,1.02223539352417,1.1980559825897217,1.0126092433929443,1.2177847623825073,-0.07918793708086014,-0.09199058264493942,-0.08560387045145035,4.450685501098633,0.842291533946991,1.1872342824935913,0.9954690933227539,0.060951411724090576,0.07112786173820496,0.08258461207151413,0.0509369932115078,0.07375650107860565,0.07225266098976135,0.03164761886000633,0.0015038400888442993,714.0,521.0,659.0,842.0
qtxhi15c,0.4458828568458557,0.5199170708656311,0.39867427945137024,0.5122825503349304,0.9379013776779175,1.0936301946640015,0.8385995626449585,1.077571153640747,-0.07665576785802841,-0.1247129812836647,-0.09998224675655365,3.947702169418335,0.8182103037834167,1.2221770286560059,1.0602025985717773,0.07403421401977539,0.11360827088356018,0.09958682209253311,0.06605105847120285,0.07930710166692734,0.14747415482997894,0.03353576362133026,0.0681670531630516,714.0,521.0,659.0,842.0
qzcuctsu,0.42273443937301636,0.5839015245437622,0.4153313636779785,0.506794810295105,0.9589297771453857,1.3245208263397217,0.9421366453170776,1.1496120691299438,-0.16010449826717377,-0.0991874560713768,-0.13098058104515076,4.375199317932129,0.7683761715888977,1.3014432191848755,1.091645359992981,0.16116708517074585,0.09146344661712646,0.07312382757663727,0.17608299851417542,0.11571047455072403,0.15763594210147858,0.10295917093753815,0.04192546755075455,714.0,521.0,659.0,842.0
flsehuds,0.39429959654808044,0.3878227472305298,0.3316662311553955,0.43012914061546326,1.1262259483337402,1.1077263355255127,0.9473281502723694,1.228564739227295,0.008281108923256397,-0.12925094366073608,-0.059579599648714066,4.409845352172852,0.8875399231910706,1.1267069578170776,1.026681661605835,0.006476849317550659,0.09846290946006775,0.08479252457618713,0.06184440106153488,0.09620245546102524,0.0948454812169075,0.022948123514652252,0.0013569742441177368,714.0,521.0,659.0,842.0
3qsqcq30,0.25236818194389343,0.29177072644233704,0.23037472367286682,0.23275792598724365,0.9224764704704285,1.0665037631988525,0.8420842289924622,0.8507954478263855,-0.07241252064704895,-0.00514581985771656,-0.04148402437567711,3.6818599700927734,0.9203348755836487,1.0865566730499268,1.174906849861145,0.039402544498443604,0.002383202314376831,0.0965617373585701,0.07296239584684372,0.09732624888420105,0.10339754074811935,0.02359934151172638,0.0060712918639183044,714.0,521.0,659.0,842.0
o30ubmc9,0.38530153036117554,0.3657066226005554,0.396462619304657,0.40278860926628113,1.1254630088806152,1.0682264566421509,1.1580644845962524,1.1765426397323608,0.0260914359241724,-0.007914885878562927,0.00855917390435934,4.52829647064209,1.0172648429870605,0.9830256700515747,0.9396384954452515,0.019594907760620117,0.0063259899616241455,0.06755074113607407,0.053244128823280334,0.08474602550268173,0.061290524899959564,0.014306612312793732,0.023455500602722168,714.0,521.0,659.0,842.0
7c7bo119,0.3276434540748596,0.3681566119194031,0.26333087682724,0.35960105061531067,0.9930500388145447,1.1158407926559448,0.7981259226799011,1.0899099111557007,-0.058225199580192566,-0.15454338490962982,-0.10372331738471985,3.996926784515381,0.8120470643043518,1.2314518690109253,1.1169742345809937,0.04051315784454346,0.09627017378807068,0.09371677041053772,0.08262543380260468,0.05671866238117218,0.0763142928481102,0.011091336607933044,0.01959563046693802,714.0,521.0,659.0,842.0
xp9n56ny,0.2467152625322342,0.38500717282295227,0.23429711163043976,0.31269019842147827,0.853381872177124,1.3317301273345947,0.8104277849197388,1.081587553024292,-0.21891209483146667,-0.14331766963005066,-0.18383224308490753,4.077127456665039,0.689427375793457,1.4504740238189697,1.1549103260040283,0.13829191029071808,0.07839308679103851,0.062211811542510986,0.13445211946964264,0.07130146771669388,0.0835350751876831,0.07224030792713165,0.012233607470989227,714.0,521.0,659.0,842.0
xtxmgtt0,0.2754473388195038,0.32574591040611267,0.2709037661552429,0.32313987612724304,0.9608805179595947,1.1363438367843628,0.9450305700302124,1.1272529363632202,-0.0836644247174263,-0.08793297410011292,-0.08578602969646454,4.16950798034668,0.8419821262359619,1.1876696348190308,1.0120338201522827,0.05029857158660889,0.05223610997200012,0.058608848601579666,0.05948586016893387,0.047849565744400024,0.08524733036756516,0.0008770115673542023,0.03739776462316513,714.0,521.0,659.0,842.0
iaakytt3,0.30027562379837036,0.3693878650665283,0.28592929244041443,0.3195037543773651,1.050095558166504,1.2917884588241577,0.9999249577522278,1.1173384189605713,-0.10320428013801575,-0.05545519292354584,-0.08053247630596161,4.4591474533081055,0.8509379029273987,1.1751700639724731,1.1060882806777954,0.06911224126815796,0.033574461936950684,0.05365399643778801,0.05405653268098831,0.05760100856423378,0.064179427921772,0.0004025362432003021,0.006578419357538223,714.0,521.0,659.0,842.0
imj70e3p,0.4816541075706482,0.4934085011482239,0.4542239010334015,0.4578886330127716,1.288182020187378,1.3196191787719727,1.2148200273513794,1.2246214151382446,-0.012055001221597195,-0.004017846193164587,-0.008170475251972675,5.047242641448975,0.983790397644043,1.0164744853973389,1.069014549255371,0.011754393577575684,0.003664731979370117,0.05919215828180313,0.052956804633140564,0.10068544000387192,0.0721299797296524,0.006235353648662567,0.028555460274219513,714.0,521.0,659.0,842.0
15ahdbvz,0.21977606415748596,0.21008466184139252,0.21451611816883087,0.23016248643398285,0.8762385249137878,0.8375992774963379,0.8552672863006592,0.9176487922668457,0.02254539541900158,-0.03518570959568024,-0.006809235084801912,3.4867539405822754,0.9864713549613953,1.013709545135498,0.9666751027107239,0.009691402316093445,0.015646368265151978,0.07029558718204498,0.10206346213817596,0.07369972765445709,0.0984855368733406,0.03176787495613098,0.024785809218883514,714.0,521.0,659.0,842.0
b0oih5cs,0.47526049613952637,0.5296763181686401,0.38668325543403625,0.5351590514183044,1.1172195672988892,1.2451376914978027,0.9089964628219604,1.2580262422561646,-0.05414845049381256,-0.161064013838768,-0.10530085861682892,4.529379844665527,0.8094612956047058,1.2353869676589966,1.0901384353637695,0.05441582202911377,0.1484757959842682,0.12363266944885254,0.17148296535015106,0.13949240744113922,0.15595994889736176,0.04785029590129852,0.016467541456222534,714.0,521.0,659.0,842.0
k30lvylk,0.352466881275177,0.37719959020614624,0.3120807707309723,0.35076335072517395,1.2336244583129883,1.320188283920288,1.0922741889953613,1.227662205696106,-0.033895861357450485,-0.05835839733481407,-0.0455402210354805,4.873749256134033,0.9128853678703308,1.0954245328903198,1.100809931755066,0.02473270893096924,0.03868257999420166,0.08256158977746964,0.09071540087461472,0.08919216692447662,0.09746184945106506,0.00815381109714508,0.00826968252658844,714.0,521.0,659.0,842.0
fxhkc856,0.2770572006702423,0.30605554580688477,0.2800934612751007,0.27023443579673767,1.1005148887634277,1.2157008647918701,1.1125754117965698,1.0734137296676636,-0.049730170518159866,0.0179147869348526,-0.016886046156287193,4.502204895019531,0.9667869806289673,1.0343502759933472,1.0595712661743164,0.028998345136642456,0.009859025478363037,0.071195587515831,0.05677306652069092,0.06643914431333542,0.06186270713806152,0.014422520995140076,0.004576437175273895,714.0,521.0,659.0,842.0
wpr97y2l,0.517733097076416,0.4533787965774536,0.44509196281433105,0.48155608773231506,1.1763505935668945,1.0301300287246704,1.0113012790679932,1.0941520929336548,0.06626860797405243,-0.03935052454471588,0.014696375466883183,4.311933994293213,1.0298300981521606,0.971031904220581,1.0479824542999268,0.0643543004989624,0.03646412491798401,0.09698065370321274,0.09346438944339752,0.09359689056873322,0.08866048604249954,0.003516264259815216,0.004936404526233673,714.0,521.0,659.0,842.0
ofn1r4kz,0.42773061990737915,0.42956429719924927,0.3635638356208801,0.4214223027229309,1.1733274459838867,1.178357481956482,0.9973085522651672,1.1560227870941162,-0.002138908253982663,-0.0737062618136406,-0.03634707257151604,4.505016326904297,0.9298542737960815,1.075434684753418,1.0921132564544678,0.0018336772918701172,0.05785846710205078,0.1194537878036499,0.07475225627422333,0.09726226329803467,0.10956007987260818,0.044701531529426575,0.012297816574573517,714.0,521.0,659.0,842.0
36u8ueih,0.3354354500770569,0.347108393907547,0.31444859504699707,0.36452481150627136,1.0804728269577026,1.1180726289749146,1.0128719806671143,1.1741727590560913,-0.017102088779211044,-0.07375272363424301,-0.04535316675901413,4.385590076446533,0.9132276773452759,1.095013976097107,1.0052571296691895,0.011672943830490112,0.05007621645927429,0.059129323810338974,0.08065279573202133,0.07957915961742401,0.0911175087094307,0.021523471921682358,0.011538349092006683,714.0,521.0,659.0,842.0
x74d0gjy,0.2323027104139328,0.2920655310153961,0.26041755080223083,0.23082415759563446,0.9499393105506897,1.1943233013153076,1.064907431602478,0.9438931941986084,-0.11397087574005127,0.06024189665913582,-0.029705693945288658,4.15306282043457,0.9423006772994995,1.0612281560897827,1.0674320459365845,0.05976282060146332,0.029593393206596375,0.07464916259050369,0.0814778283238411,0.07509326189756393,0.09399887919425964,0.006828665733337402,0.01890561729669571,714.0,521.0,659.0,842.0
v5g10ur5,0.48128601908683777,0.5457292795181274,0.47740310430526733,0.5108614563941956,1.1239122152328491,1.2744019031524658,1.1148446798324585,1.1929775476455688,-0.06274804472923279,-0.0338556282222271,-0.048579685389995575,4.706136226654053,0.9073410630226135,1.1021192073822021,1.0392098426818848,0.06444326043128967,0.03345835208892822,0.15114878118038177,0.1751495599746704,0.13860009610652924,0.11576785147190094,0.024000778794288635,0.022832244634628296,714.0,521.0,659.0,842.0
l8a78e9r,0.2729337811470032,0.2931928038597107,0.2862154245376587,0.3627918064594269,0.9316498637199402,1.0008033514022827,0.976986289024353,1.2383770942687988,-0.0357852578163147,-0.11798985302448273,-0.0796910971403122,4.1478166580200195,0.8523802161216736,1.173181414604187,0.8722949624061584,0.02025902271270752,0.07657638192176819,0.0480186864733696,0.05277199298143387,0.07650543004274368,0.0709148719906807,0.00475330650806427,0.005590558052062988,714.0,521.0,659.0,842.0
ivh6t1nt,0.3882022798061371,0.4572821259498596,0.430721253156662,0.4687410593032837,1.059140682220459,1.2476128339767456,1.175146222114563,1.2788764238357544,-0.08170436322689056,-0.04226943477988243,-0.06137700006365776,4.760776042938232,0.8843435645103455,1.1307796239852905,0.9399875998497009,0.06907984614372253,0.038019806146621704,0.07936834543943405,0.13387812674045563,0.10340922325849533,0.0980941504240036,0.054509781301021576,0.00531507283449173,714.0,521.0,659.0,842.0
mjsrd9q4,0.3698708117008209,0.6444098353385925,0.4645891487598419,0.48832830786705017,0.9124924540519714,1.5897959470748901,1.1461679935455322,1.2047338485717773,-0.27067336440086365,-0.02491205744445324,-0.15162581205368042,4.8531904220581055,0.7366744875907898,1.357448935508728,1.0643939971923828,0.2745390236377716,0.023739159107208252,0.08866769075393677,0.18860410153865814,0.13818006217479706,0.1710938960313797,0.09993641078472137,0.03291383385658264,714.0,521.0,659.0,842.0
6nouhfj7,0.34047484397888184,0.35451051592826843,0.36311572790145874,0.3313731253147125,1.0266445875167847,1.0689668655395508,1.094914436340332,0.9991999268531799,-0.020195607095956802,0.045706357806921005,0.012743610888719559,4.189725875854492,1.0258147716522217,0.9748320579528809,1.0007134675979614,0.014035671949386597,0.031742602586746216,0.06579285860061646,0.059022627770900726,0.06993389129638672,0.055460892617702484,0.006770230829715729,0.014472998678684235,714.0,521.0,659.0,842.0
upfln4rx,0.38820454478263855,0.5460434556007385,0.400437593460083,0.497650682926178,0.8864520788192749,1.2468719482421875,0.9143857955932617,1.1363686323165894,-0.16894736886024475,-0.10824434459209442,-0.13919487595558167,4.184078693389893,0.7556250691413879,1.3234047889709473,1.0402617454528809,0.15783891081809998,0.09721308946609497,0.10046104341745377,0.12170126289129257,0.09721240401268005,0.1433122307062149,0.021240219473838806,0.04609982669353485,714.0,521.0,659.0,842.0
yj38xrg2,0.2550654113292694,0.365601122379303,0.28993353247642517,0.3531859517097473,0.8037067651748657,1.1520028114318848,0.9135755896568298,1.1128828525543213,-0.17809166014194489,-0.09835236519575119,-0.13751377165317535,3.982167959213257,0.7582192420959473,1.3188754320144653,0.9650859236717224,0.11053571105003357,0.06325241923332214,0.10160279273986816,0.1191931962966919,0.103621706366539,0.11493130773305893,0.01759040355682373,0.011309601366519928,714.0,521.0,659.0,842.0
gzr7txcb,0.2353513091802597,0.2482222467660904,0.2136261910200119,0.24032050371170044,0.9655711650848389,1.0183764696121216,0.8764399290084839,0.9859581589698792,-0.02661624178290367,-0.058804817497730255,-0.04220195859670639,3.8463456630706787,0.9190118908882141,1.0881205797195435,1.0652626752853394,0.012870937585830688,0.026694312691688538,0.04730509594082832,0.0841350257396698,0.08405989408493042,0.08448868989944458,0.036829929798841476,0.00042879581451416016,714.0,521.0,659.0,842.0
48y1o4iz,0.4140477478504181,0.3774574100971222,0.42429497838020325,0.41407155990600586,1.075223445892334,0.9802035093307495,1.1018340587615967,1.0752851963043213,0.04622874781489372,0.012194435112178326,0.028722358867526054,4.232546329498291,1.0591421127319336,0.9441580176353455,0.9441028237342834,0.0365903377532959,0.010223418474197388,0.10367965698242188,0.11265631020069122,0.1229698434472084,0.1031298115849495,0.008976653218269348,0.01984003186225891,714.0,521.0,659.0,842.0
asnwywrr,0.18331275880336761,0.3478343188762665,0.30617669224739075,0.28175440430641174,0.5590060353279114,1.060708999633789,0.9336754679679871,0.8592005372047424,-0.3097470700740814,0.04153930023312569,-0.1251915842294693,3.412590980529785,0.7774736881256104,1.28621244430542,0.9034156203269958,0.16452156007289886,0.024422287940979004,0.08815920352935791,0.14175540208816528,0.1396888941526413,0.1365567147731781,0.05359619855880737,0.003132179379463196,714.0,521.0,659.0,842.0
atatj9a3,0.241597980260849,0.35447245836257935,0.27031219005584717,0.3305813670158386,0.8629121780395508,1.2660644054412842,0.9654703736305237,1.1807329654693604,-0.1893640160560608,-0.10029909014701843,-0.14465220272541046,4.275179862976074,0.7472543120384216,1.3382278680801392,0.9919716715812683,0.11287447810173035,0.060269176959991455,0.08578716963529587,0.07991191744804382,0.10377074778079987,0.09683762490749359,0.005875252187252045,0.006933122873306274,714.0,521.0,659.0,842.0
y36ddfgs,0.27641022205352783,0.35167938470840454,0.238624706864357,0.3686691224575043,0.8871279358863831,1.1287014484405518,0.7658568024635315,1.1832293272018433,-0.11983805894851685,-0.21413719654083252,-0.16619408130645752,3.9649152755737305,0.7149792313575745,1.398637294769287,1.0342415571212769,0.07526916265487671,0.13004441559314728,0.07032881677150726,0.054497573524713516,0.05403092876076698,0.09221690893173218,0.015831243246793747,0.038185980170965195,714.0,521.0,659.0,842.0
3jonou9i,0.5140740275382996,0.590831458568573,0.43715861439704895,0.5815721750259399,1.0923405885696411,1.2554402351379395,0.9289053678512573,1.2357654571533203,-0.0694696232676506,-0.14175818860530853,-0.10414721816778183,4.512451648712158,0.8113519549369812,1.2325084209442139,1.0845892429351807,0.07675743103027344,0.144413560628891,0.16569891571998596,0.10135604441165924,0.1549375355243683,0.12288571149110794,0.06434287130832672,0.032051824033260345,714.0,521.0,659.0,842.0
y4x41dnt,0.1970210075378418,0.2933177947998047,0.21453149616718292,0.26251307129859924,0.7726962566375732,1.1503623723983765,0.8413705825805664,1.029549479484558,-0.1963878571987152,-0.10058069229125977,-0.14914274215698242,3.793978691101074,0.740426242351532,1.3505675792694092,1.0278656482696533,0.09629678726196289,0.04798157513141632,0.06938254088163376,0.06476485729217529,0.07206564396619797,0.07411451637744904,0.004617683589458466,0.002048872411251068,714.0,521.0,659.0,842.0
cagrp2u4,0.3389147222042084,0.3486447334289551,0.25351259112358093,0.33262690901756287,1.0506503582000732,1.0808137655258179,0.7858999967575073,1.0311578512191772,-0.014151498675346375,-0.13497500121593475,-0.06975296884775162,3.9485220909118652,0.86958909034729,1.149964690208435,1.1730284690856934,0.009730011224746704,0.07911431789398193,0.08691327273845673,0.08607686311006546,0.08119355887174606,0.1067778542637825,0.0008364096283912659,0.025584295392036438,714.0,521.0,659.0,842.0
dtbh55rb,0.2865808606147766,0.3142111301422119,0.272402822971344,0.32860442996025085,0.9621078968048096,1.0548681020736694,0.9145094752311707,1.10318922996521,-0.045989666134119034,-0.09351220726966858,-0.06975527852773666,4.034674644470215,0.8695850372314453,1.1499699354171753,0.999640166759491,0.027630269527435303,0.05620160698890686,0.0863218903541565,0.11010690033435822,0.09238030761480331,0.10200197994709015,0.02378500998020172,0.009621672332286835,714.0,521.0,659.0,842.0
c76ub7l8,0.4425693452358246,0.47062328457832336,0.5025364756584167,0.5451124906539917,0.9867423176765442,1.0492907762527466,1.12044358253479,1.2153701782226562,-0.03072069026529789,-0.040639545768499374,-0.03602020815014839,4.371847152709961,0.9304633736610413,1.0747312307357788,0.8716582655906677,0.02805393934249878,0.04257601499557495,0.07785694301128387,0.11705155670642853,0.0791831687092781,0.1390841156244278,0.03919461369514465,0.05990094691514969,714.0,521.0,659.0,842.0
v1zocfi4,0.42028847336769104,0.49096956849098206,0.38084229826927185,0.45491060614585876,1.2144200801849365,1.4186525344848633,1.1004407405853271,1.3144605159759521,-0.07756421715021133,-0.08862454444169998,-0.08285541832447052,5.0479736328125,0.8469676375389099,1.1806799173355103,1.0903425216674805,0.07068109512329102,0.07406830787658691,0.08516735583543777,0.14674045145511627,0.0850592628121376,0.08838683366775513,0.0615730956196785,0.003327570855617523,714.0,521.0,659.0,842.0
o6l1f90s,0.19776710867881775,0.2519746720790863,0.23954881727695465,0.25699156522750854,0.8248791694641113,1.0509768724441528,0.9991490840911865,1.0719021558761597,-0.1205301433801651,-0.03512848913669586,-0.07571757584810257,3.9469075202941895,0.8592222332954407,1.163838267326355,0.9057488441467285,0.054207563400268555,0.017442747950553894,0.05482024699449539,0.06777001172304153,0.05336609110236168,0.08713414520025253,0.012949764728546143,0.033768054097890854,714.0,521.0,659.0,842.0
9bp4m18o,0.2614104151725769,0.2982814908027649,0.19714288413524628,0.24652813374996185,0.9787035584449768,1.116746425628662,0.7380900979042053,0.9229852557182312,-0.06587733328342438,-0.11131025850772858,-0.08596714586019516,3.7565252780914307,0.8416746258735657,1.1881027221679688,1.2614991664886475,0.03687107563018799,0.049385249614715576,0.09771957993507385,0.08875379711389542,0.0712699219584465,0.08037706464529037,0.008965782821178436,0.009107142686843872,714.0,521.0,659.0,842.0
1bj9rm7p,0.3308977484703064,0.38511577248573303,0.34442609548568726,0.4059545397758484,0.9995044469833374,1.1632745265960693,1.0403679609298706,1.2262197732925415,-0.07572195678949356,-0.08199620246887207,-0.07893268018960953,4.429366588592529,0.8536825776100159,1.1713923215866089,0.9541991949081421,0.054218024015426636,0.06152844429016113,0.06188813969492912,0.06293997168540955,0.06476623564958572,0.07984759658575058,0.001051831990480423,0.015081360936164856,714.0,521.0,659.0,842.0
yxdw2zcf,0.431689977645874,0.47215718030929565,0.400796115398407,0.47279876470565796,1.0626786947250366,1.1622956991195679,0.9866281747817993,1.1638749837875366,-0.04477212578058243,-0.08242100477218628,-0.06327620893716812,4.3754777908325195,0.8809778094291687,1.1350997686386108,1.0346283912658691,0.04046720266342163,0.07200264930725098,0.08832751959562302,0.10025659948587418,0.1089247539639473,0.0916919857263565,0.01192907989025116,0.01723276823759079,714.0,521.0,659.0,842.0
zw0ldalm,0.31861090660095215,0.3669048845767975,0.2853420078754425,0.3029705882072449,1.139877438545227,1.312656283378601,1.020853042602539,1.0839219093322754,-0.07044900953769684,-0.029964596033096313,-0.05175153166055679,4.557308673858643,0.9015883803367615,1.1091500520706177,1.1652215719223022,0.04829397797584534,0.017628580331802368,0.061365287750959396,0.08837610483169556,0.07522516697645187,0.07330284267663956,0.02701081708073616,0.001922324299812317,714.0,521.0,659.0,842.0
jegqtoam,0.30868881940841675,0.3388672471046448,0.24322567880153656,0.3221386969089508,1.050965428352356,1.153711199760437,0.8280888795852661,1.0967570543289185,-0.046603500843048096,-0.13957878947257996,-0.08994108438491821,4.129522323608398,0.8349601626396179,1.197657823562622,1.145376205444336,0.030178427696228027,0.07891301810741425,0.05702327564358711,0.051899880170822144,0.061914555728435516,0.05901651084423065,0.005123395472764969,0.0028980448842048645,714.0,521.0,659.0,842.0
dvlnknd6,0.23030710220336914,0.34408295154571533,0.15482895076274872,0.27196741104125977,0.8126732707023621,1.2141485214233398,0.5463372468948364,0.9596779346466064,-0.19808080792427063,-0.27445918321609497,-0.2306404560804367,3.532837152481079,0.6251687407493591,1.599561333656311,1.3458143472671509,0.11377584934234619,0.11713846027851105,0.13404062390327454,0.15214914083480835,0.10173609107732773,0.11929584294557571,0.018108516931533813,0.017559751868247986,714.0,521.0,659.0,842.0
69ugnekr,0.32874447107315063,0.4622228741645813,0.31845927238464355,0.34837135672569275,1.0527263879776,1.4801592826843262,1.0197904109954834,1.1155767440795898,-0.16875314712524414,-0.044857025146484375,-0.11208023875951767,4.668252944946289,0.7984302639961243,1.2524540424346924,1.186157464981079,0.13347840309143066,0.029912084341049194,0.09487371146678925,0.09467422217130661,0.07308337837457657,0.08993425965309143,0.0001994892954826355,0.016850881278514862,714.0,521.0,659.0,842.0
cpprcjiw,0.3895186185836792,0.4240146279335022,0.3823550045490265,0.5238099694252014,0.9781104922294617,1.064732551574707,0.9601221084594727,1.31532621383667,-0.04240265116095543,-0.15610270202159882,-0.10231499373912811,4.318291664123535,0.8143624663352966,1.2279515266418457,0.8977750539779663,0.034496009349823,0.14145496487617493,0.13095052540302277,0.21984365582466125,0.20609678328037262,0.2251390665769577,0.08889313042163849,0.019042283296585083,714.0,521.0,659.0,842.0
vhdk8lw2,0.29144448041915894,0.2958226501941681,0.27206945419311523,0.3495582938194275,1.0145447254180908,1.0297855138778687,0.947098433971405,1.216844081878662,-0.007455145474523306,-0.12465452402830124,-0.06772050261497498,4.208272933959961,0.8731479048728943,1.145277500152588,0.9447232484817505,0.004378169775009155,0.07748883962631226,0.055777132511138916,0.05579589679837227,0.07469134777784348,0.0655965730547905,1.876428723335266e-05,0.009094774723052979,714.0,521.0,659.0,842.0
lm349el8,0.4005467891693115,0.670985221862793,0.40735766291618347,0.6099514961242676,0.8488412499427795,1.4219560623168945,0.863274872303009,1.2926130294799805,-0.25238460302352905,-0.1991465836763382,-0.2264566719532013,4.426685333251953,0.6307133436203003,1.5855032205581665,1.0532993078231812,0.27043843269348145,0.2025938332080841,0.15877549350261688,0.1745956391096115,0.08600630611181259,0.15787872672080994,0.01582014560699463,0.07187242060899734,714.0,521.0,659.0,842.0
hl88kzru,0.2652922570705414,0.3137587308883667,0.2795233726501465,0.3252151310443878,1.0031481981277466,1.186414122581482,1.0569602251052856,1.229734182357788,-0.08369968831539154,-0.07555609941482544,-0.07953955978155136,4.476256370544434,0.8526402115821838,1.1728235483169556,0.9575214385986328,0.04846647381782532,0.04569175839424133,0.07186393439769745,0.07124900072813034,0.08462997525930405,0.10789232701063156,0.0006149336695671082,0.023262351751327515,714.0,521.0,659.0,842.0
in3oeuvt,0.3547605276107788,0.4708014726638794,0.22513307631015778,0.3372246026992798,1.0946229696273804,1.4526703357696533,0.6946540474891663,1.040515422821045,-0.14055976271629333,-0.19932390749454498,-0.16436998546123505,4.2824625968933105,0.7176660299301147,1.3934016227722168,1.4680346250534058,0.11604094505310059,0.11209152638912201,0.14827656745910645,0.1647641509771347,0.11534193158149719,0.16516047716140747,0.01648758351802826,0.04981854557991028,714.0,521.0,659.0,842.0
yt8qzpky,0.29960647225379944,0.3646819591522217,0.27114400267601013,0.338066041469574,1.064935326576233,1.2962427139282227,0.9637669920921326,1.201637864112854,-0.09796255081892014,-0.10985033959150314,-0.10364945232868195,4.526582717895508,0.812168300151825,1.2312679290771484,1.0904077291488647,0.06507548689842224,0.06692203879356384,0.0885542631149292,0.12214925140142441,0.13352817296981812,0.09080945700407028,0.03359498828649521,0.04271871596574783,714.0,521.0,659.0,842.0
32orwixz,0.3522229492664337,0.49045947194099426,0.3813617527484894,0.47396767139434814,0.9305586218833923,1.2957738637924194,1.0075421333312988,1.2522032260894775,-0.16404324769973755,-0.10826917737722397,-0.1359485685825348,4.486077785491943,0.7606421709060669,1.3146754503250122,0.9852127432823181,0.13823652267456055,0.09260591864585876,0.1078055128455162,0.09445769339799881,0.12313506007194519,0.11553103476762772,0.013347819447517395,0.007604025304317474,714.0,521.0,659.0,842.0
2c9ros7y,0.3346104025840759,0.32934504747390747,0.3169613480567932,0.3226739466190338,1.0863497257232666,1.0692551136016846,1.0290501117706299,1.0475966930389404,0.007930271327495575,-0.008931010030210018,-0.0003431083750911057,4.2322516441345215,0.9993124604225159,1.0006848573684692,1.0380202531814575,0.005265355110168457,0.005712598562240601,0.07815208286046982,0.06688889861106873,0.08565438538789749,0.05628180131316185,0.011263184249401093,0.02937258407473564,714.0,521.0,659.0,842.0
t2m6twd1,0.4509578347206116,0.5875416398048401,0.47022339701652527,0.524488627910614,1.0211352109909058,1.330411434173584,1.064759612083435,1.187636137008667,-0.13152022659778595,-0.05455365404486656,-0.0938657745718956,4.60394287109375,0.8283771276473999,1.2071772813796997,1.0440192222595215,0.13658380508422852,0.054265230894088745,0.08058414608240128,0.10208793729543686,0.10124821960926056,0.08261287212371826,0.021503791213035583,0.018635347485542297,714.0,521.0,659.0,842.0
xmxb9yo1,0.22588200867176056,0.3539995849132538,0.23007318377494812,0.3271297216415405,0.7907865047454834,1.2393112182617188,0.8054593205451965,1.1452429294586182,-0.2209370881319046,-0.17418494820594788,-0.19802744686603546,3.980799913406372,0.6694096326828003,1.4938480854034424,1.0406990051269531,0.12811757624149323,0.09705653786659241,0.07169431447982788,0.09278445690870285,0.05532732233405113,0.07760655879974365,0.02109014242887497,0.02227923646569252,714.0,521.0,659.0,842.0
8pajssuu,0.26005879044532776,0.3461456894874573,0.21463078260421753,0.2976040244102478,0.9466189742088318,1.2599769830703735,0.7812601923942566,1.0832843780517578,-0.1420094221830368,-0.16198250651359558,-0.15115705132484436,4.071140289306641,0.7373810410499573,1.356145977973938,1.183448076248169,0.08608689904212952,0.08297324180603027,0.07404214143753052,0.10548774152994156,0.09046144038438797,0.10302361845970154,0.03144560009241104,0.012562178075313568,714.0,521.0,659.0,842.0
qo1vsmad,0.3834637701511383,0.6606651544570923,0.3615020513534546,0.4942851960659027,1.0520981550216675,1.8126473426818848,0.9918424487113953,1.3561556339263916,-0.265485554933548,-0.1551588773727417,-0.2157907783985138,5.212743759155273,0.6450192332267761,1.5503380298614502,1.220078468322754,0.277201384305954,0.13278314471244812,0.13123245537281036,0.24172669649124146,0.15196068584918976,0.14368541538715363,0.11049424111843109,0.008275270462036133,714.0,521.0,659.0,842.0
o8e7flqh,0.3890112340450287,0.45345646142959595,0.4271043837070465,0.4173915982246399,1.0616810321807861,1.2375636100769043,1.1656440496444702,1.1391360759735107,-0.0764956921339035,0.011501266621053219,-0.03244433179497719,4.604024887084961,0.9371493458747864,1.0670632123947144,0.9975969791412354,0.06444522738456726,0.009712785482406616,0.12071879208087921,0.08018182963132858,0.09509855508804321,0.15269720554351807,0.04053696244955063,0.057598650455474854,714.0,521.0,659.0,842.0
rrpzlk3e,0.37011027336120605,0.3870452344417572,0.4127388000488281,0.3847595453262329,1.1383174657821655,1.1904029846191406,1.2694264650344849,1.1833730936050415,-0.02236652560532093,0.03508373349905014,0.007103997282683849,4.781519889831543,1.0143083333969116,0.9858909249305725,0.9494121074676514,0.016934961080551147,0.027979254722595215,0.06962478160858154,0.05989771708846092,0.10235528647899628,0.07872462272644043,0.00972706452012062,0.023630663752555847,714.0,521.0,659.0,842.0
4xyf9igf,0.44812148809432983,0.4892937242984772,0.4372979998588562,0.4184492528438568,1.1694918870925903,1.2769417762756348,1.1412451267242432,1.0920542478561401,-0.04392097517848015,0.022026043385267258,-0.012449221685528755,4.679732799530029,0.9754065871238708,1.025211215019226,1.0954334735870361,0.04117223620414734,0.01884874701499939,0.08191458880901337,0.07693299651145935,0.13527421653270721,0.13683460652828217,0.004981592297554016,0.0015603899955749512,714.0,521.0,659.0,842.0
u8iogxpb,0.3644915521144867,0.4670117199420929,0.2803434729576111,0.31541791558265686,1.2296522855758667,1.5755152702331543,0.9457694888114929,1.0640969276428223,-0.12329481542110443,-0.05887320265173912,-0.09640436619520187,4.815033912658691,0.8241433501243591,1.2133777141571045,1.3956960439682007,0.1025201678276062,0.035074442625045776,0.14142026007175446,0.17708241939544678,0.08864960074424744,0.120681032538414,0.03566215932369232,0.032031431794166565,714.0,521.0,659.0,842.0
whvnzh13,0.5659361481666565,0.6494839787483215,0.549184262752533,0.5032168030738831,1.3678536415100098,1.5697866678237915,1.3273648023605347,1.2162625789642334,-0.06873982399702072,0.043678611516952515,-0.016571126878261566,5.481267929077148,0.967397153377533,1.033699870109558,1.1549010276794434,0.08354783058166504,0.0459674596786499,0.1588749885559082,0.15214501321315765,0.1907738596200943,0.15675021708011627,0.006729975342750549,0.03402364253997803,714.0,521.0,659.0,842.0
cd5glqj5,0.2505284547805786,0.37451159954071045,0.2763872444629669,0.32887792587280273,0.8500195145606995,1.270682692527771,0.9377559423446655,1.115851879119873,-0.19835999608039856,-0.08672330528497696,-0.14343897998332977,4.174310207366943,0.7491082549095154,1.3349159955978394,1.0326697826385498,0.12398314476013184,0.052490681409835815,0.08634409308433533,0.07329737395048141,0.0630662739276886,0.09224935621023178,0.013046719133853912,0.029183082282543182,714.0,521.0,659.0,842.0
sxvwvm4w,0.2807929515838623,0.3018491864204407,0.27932313084602356,0.31426718831062317,0.9794934391975403,1.0529441833496094,0.9743661880493164,1.096261978149414,-0.03613916039466858,-0.058868881314992905,-0.04760989546775818,4.103065490722656,0.9091060161590576,1.099977970123291,0.9815543293952942,0.02105623483657837,0.03494405746459961,0.06096658110618591,0.06091824173927307,0.06628275662660599,0.05668794736266136,4.83393669128418e-05,0.009594809263944626,714.0,521.0,659.0,842.0
3zkwdeek,0.34721067547798157,0.49014127254486084,0.2613939940929413,0.33435091376304626,1.224683165550232,1.7288285493850708,0.9219900965690613,1.1793241500854492,-0.17069336771965027,-0.12246314436197281,-0.1506439745426178,5.054825782775879,0.7381560802459717,1.3547232151031494,1.4055520296096802,0.14293059706687927,0.07295691967010498,0.08778247982263565,0.17329184710979462,0.12832136452198029,0.12253013998270035,0.08550936728715897,0.005791224539279938,714.0,521.0,659.0,842.0
gyspengw,0.23789238929748535,0.31914737820625305,0.23735293745994568,0.3045070171356201,0.8608166575431824,1.1548388004302979,0.8588646054267883,1.1018625497817993,-0.14586901664733887,-0.12393230199813843,-0.13505227863788605,3.9763827323913574,0.7620319724082947,1.312276005744934,1.0280122756958008,0.0812549889087677,0.06715407967567444,0.045846909284591675,0.08489007502794266,0.04900863766670227,0.07222916185855865,0.03904316574335098,0.023220524191856384,714.0,521.0,659.0,842.0
yx9trflq,0.31891271471977234,0.3846699297428131,0.2955285310745239,0.36925193667411804,0.9552498459815979,1.1522146463394165,0.885206401348114,1.1060326099395752,-0.09346040338277817,-0.1108987033367157,-0.10193236917257309,4.098703384399414,0.8149921894073486,1.2270019054412842,1.0583667755126953,0.06575721502304077,0.07372340559959412,0.0718831717967987,0.09508675336837769,0.08543439209461212,0.0836024358868599,0.02320358157157898,0.0018319562077522278,714.0,521.0,659.0,842.0
bmae38sr,0.3394674062728882,0.26984018087387085,0.32081952691078186,0.2379889041185379,1.2631807327270508,1.0040931701660156,1.1937906742095947,0.8855724930763245,0.11427251249551773,0.14822694659233093,0.1305159032344818,4.34663724899292,1.3002122640609741,0.7691024541854858,1.090367317199707,0.06962722539901733,0.08283062279224396,0.09755539894104004,0.10839901119470596,0.09049831330776215,0.07807466387748718,0.010843612253665924,0.012423649430274963,714.0,521.0,659.0,842.0
yo4rcb1k,0.5199304819107056,0.46811142563819885,0.391222208738327,0.44230854511260986,1.3485424518585205,1.214139461517334,1.0147120952606201,1.147214651107788,0.0524461604654789,-0.06128900870680809,0.00040227826684713364,4.724608421325684,1.0008037090301514,0.9991946816444397,1.1853679418563843,0.051819056272506714,0.05108633637428284,0.1295502483844757,0.11750148236751556,0.11011552810668945,0.13618800044059753,0.012048766016960144,0.02607247233390808,714.0,521.0,659.0,842.0
jtgq01te,0.2943178117275238,0.37873217463493347,0.22430044412612915,0.3422248959541321,1.0970414876937866,1.4116878509521484,0.8360584378242493,1.2756105661392212,-0.1254204511642456,-0.20815351605415344,-0.1632322520017624,4.62039852142334,0.7193459272384644,1.390147089958191,1.188029408454895,0.08441436290740967,0.11792445182800293,0.08959401398897171,0.09601383656263351,0.07433221489191055,0.08559174090623856,0.006419822573661804,0.011259526014328003,714.0,521.0,659.0,842.0
e13n3bzt,0.22181436419487,0.31583940982818604,0.22573216259479523,0.29747700691223145,0.9157707095146179,1.3039573431015015,0.9319455027580261,1.2281473875045776,-0.17487995326519012,-0.13712432980537415,-0.15625931322574615,4.379820823669434,0.7297143936157227,1.3703938722610474,1.0276057720184326,0.09402504563331604,0.07174484431743622,0.07922783493995667,0.10933640599250793,0.08379372954368591,0.07247236371040344,0.03010857105255127,0.01132136583328247,714.0,521.0,659.0,842.0
9d31k9qm,0.25648102164268494,0.2602695822715759,0.20585723221302032,0.3134266138076782,0.8808636665344238,0.8938751816749573,0.7070003151893616,1.0764387845993042,-0.007331492844969034,-0.20714908838272095,-0.10748466849327087,3.558177947998047,0.8058924674987793,1.2408554553985596,0.9951196908950806,0.003788560628890991,0.1075693815946579,0.0606849305331707,0.056171856820583344,0.09975051134824753,0.08225224912166595,0.004513073712587357,0.017498262226581573,714.0,521.0,659.0,842.0
3p91i3vm,0.3004656136035919,0.3298402726650238,0.2745763659477234,0.30713126063346863,1.1081863641738892,1.2165268659591675,1.0127009153366089,1.1327708959579468,-0.0466037392616272,-0.05596426501870155,-0.0510963574051857,4.470185279846191,0.9027736186981201,1.1076936721801758,1.0835423469543457,0.029374659061431885,0.03255489468574524,0.06455313414335251,0.06384187191724777,0.07839749753475189,0.08250939846038818,0.0007112622261047363,0.0041119009256362915,714.0,521.0,659.0,842.0
zwffhhcm,0.40605244040489197,0.4458182156085968,0.3797461986541748,0.41812416911125183,1.0256952047348022,1.1261441707611084,0.9592452049255371,1.0561885833740234,-0.046680476516485214,-0.04810044541954994,-0.04736723378300667,4.167273044586182,0.9095487594604492,1.0994435548782349,1.0676791667938232,0.039765775203704834,0.038377970457077026,0.08841165900230408,0.08789374679327011,0.05692409723997116,0.05717828869819641,0.0005179122090339661,0.00025419145822525024,714.0,521.0,659.0,842.0
ktlzkj49,0.3366423547267914,0.4069734811782837,0.3221994936466217,0.3962458074092865,0.9604560732841492,1.161113977432251,0.9192498922348022,1.130507469177246,-0.0945797860622406,-0.10306450724601746,-0.09874920547008514,4.171327590942383,0.8202504515647888,1.219136357307434,1.0350333452224731,0.07033112645149231,0.0740463137626648,0.08242444694042206,0.08664833009243011,0.08455325663089752,0.10901612043380737,0.004223883152008057,0.02446286380290985,714.0,521.0,659.0,842.0
yd82795e,0.3848162293434143,0.4747755527496338,0.28624579310417175,0.3812728822231293,0.9887628555297852,1.2199081182479858,0.7354918718338013,0.9796584248542786,-0.10465341806411743,-0.14235848188400269,-0.12113489210605621,3.923821210861206,0.7839056253433228,1.2756603956222534,1.2877399921417236,0.08995932340621948,0.09502708911895752,0.1282944530248642,0.14857906103134155,0.12217351049184799,0.11103148758411407,0.020284608006477356,0.011142022907733917,714.0,521.0,659.0,842.0
5iz31yru,0.2552798390388489,0.2677155137062073,0.2800956666469574,0.2520279288291931,0.9377680420875549,0.9834503531455994,1.0289287567138672,0.9258221387863159,-0.02377774566411972,0.05274655297398567,0.014815409667789936,3.875969409942627,1.0300744771957397,0.9707999229431152,0.982843816280365,0.012435674667358398,0.028067737817764282,0.0534152090549469,0.05180366709828377,0.05367032065987587,0.06356542557477951,0.0016115419566631317,0.00989510491490364,714.0,521.0,659.0,842.0
joqw5dsk,0.33550897240638733,0.47561147809028625,0.3128945529460907,0.3824523091316223,0.8934313654899597,1.266512155532837,0.8332111239433289,1.018437385559082,-0.17272691428661346,-0.10003303736448288,-0.13917338848114014,4.011591911315918,0.755657970905304,1.3233463764190674,1.1664959192276,0.14010250568389893,0.06955775618553162,0.13977986574172974,0.1084330603480339,0.11169131100177765,0.14441965520381927,0.03134680539369583,0.032728344202041626,714.0,521.0,659.0,842.0
7n8la100,0.366610050201416,0.35086217522621155,0.2824198007583618,0.3211766183376312,1.1153196096420288,1.0674105882644653,0.8591917753219604,0.9770997166633606,0.021949077025055885,-0.0642097070813179,-0.017416903749108315,4.019021987915039,0.9657610058784485,1.0354496240615845,1.1886600255966187,0.015747874975204468,0.03875681757926941,0.11571662127971649,0.12271318584680557,0.10684818774461746,0.15272077918052673,0.006996564567089081,0.04587259143590927,714.0,521.0,659.0,842.0
qxmcthph,0.24125134944915771,0.2610483467578888,0.2369043231010437,0.27374228835105896,1.0681023597717285,1.1557503938674927,1.0488566160202026,1.2119508981704712,-0.039412643760442734,-0.07213970273733139,-0.05591106414794922,4.4846601486206055,0.8940971493721008,1.1184422969818115,0.9836522936820984,0.01979699730873108,0.03683796525001526,0.056442152708768845,0.054798901081085205,0.06833504885435104,0.06688647717237473,0.0016432516276836395,0.0014485716819763184,714.0,521.0,659.0,842.0
j3muurmy,0.37997350096702576,0.3663356602191925,0.3634740710258484,0.3729098439216614,1.07057523727417,1.0321506261825562,1.0240880250930786,1.0506733655929565,0.018273690715432167,-0.01281364168971777,0.0028340360149741173,4.177487373352051,1.0056828260421753,0.994346559047699,1.0134769678115845,0.013637840747833252,0.009435772895812988,0.08678220212459564,0.0545581579208374,0.08668513596057892,0.0788056030869484,0.03222404420375824,0.007879532873630524,714.0,521.0,659.0,842.0
bd2qe4pa,0.3691898584365845,0.40626904368400574,0.3278721570968628,0.40374892950057983,1.0207151174545288,1.1232295036315918,0.9064822793006897,1.1162620782852173,-0.04781573265790939,-0.10371033102273941,-0.07495014369487762,4.166688919067383,0.8605502247810364,1.1620440483093262,1.0599173307418823,0.037079185247421265,0.07587677240371704,0.13117241859436035,0.08208506554365158,0.09103039652109146,0.08166548609733582,0.04908735305070877,0.009364910423755646,714.0,521.0,659.0,842.0
8hyexf7j,0.26765555143356323,0.3735743463039398,0.2843562066555023,0.36266982555389404,0.8802670240402222,1.2286133766174316,0.9351922273635864,1.1927504539489746,-0.16518042981624603,-0.12103607505559921,-0.14300911128520966,4.236823081970215,0.7497661113739014,1.3337448835372925,0.9910402297973633,0.10591879487037659,0.07831361889839172,0.11828078329563141,0.08298949152231216,0.07136660069227219,0.0961320698261261,0.035291291773319244,0.024765469133853912,714.0,521.0,659.0,842.0
xjn6fokz,0.28823044896125793,0.40742820501327515,0.23717433214187622,0.34072962403297424,0.9713531732559204,1.373056411743164,0.7992911338806152,1.1482783555984497,-0.17134492099285126,-0.17919085919857025,-0.17490531504154205,4.29197883605957,0.7022637128829956,1.423961877822876,1.2037595510482788,0.11919775605201721,0.10355529189109802,0.08808667212724686,0.09235294163227081,0.07356090843677521,0.08885059505701065,0.004266269505023956,0.015289686620235443,714.0,521.0,659.0,842.0
ixzareiy,0.2819336950778961,0.34889477491378784,0.2516072392463684,0.30338478088378906,1.0059261322021484,1.244840145111084,0.8977227807044983,1.0824626684188843,-0.1061476618051529,-0.09329403936862946,-0.10013192147016525,4.23095178604126,0.8179623484611511,1.222545862197876,1.1366422176361084,0.06696107983589172,0.051777541637420654,0.06514179706573486,0.09086216241121292,0.07113860547542572,0.07417424023151398,0.025720365345478058,0.003035634756088257,714.0,521.0,659.0,842.0
az39pecn,0.24148836731910706,0.38012638688087463,0.2174406349658966,0.3199422061443329,0.8817055225372314,1.3878909349441528,0.7939041256904602,1.1681506633758545,-0.22302848100662231,-0.19074180722236633,-0.20805859565734863,4.231651306152344,0.6555476784706116,1.525436520576477,1.1567425727844238,0.13863801956176758,0.10250157117843628,0.0961722731590271,0.11349321901798248,0.08299637585878372,0.1154099777340889,0.017320945858955383,0.032413601875305176,714.0,521.0,659.0,842.0
0dl5e11e,0.46936658024787903,0.6802288293838501,0.42021769285202026,0.6039635539054871,1.0382295846939087,1.504652738571167,0.9295132160186768,1.3359553813934326,-0.18342286348342896,-0.17940740287303925,-0.18153099715709686,4.808351039886475,0.6927183866500854,1.4435853958129883,1.1224520206451416,0.21086224913597107,0.1837458610534668,0.11859581619501114,0.08990724384784698,0.1594230830669403,0.17486271262168884,0.028688572347164154,0.015439629554748535,714.0,521.0,659.0,842.0
9ftaxp0w,0.4089328944683075,0.4334825873374939,0.3617115616798401,0.4225136935710907,1.130879521369934,1.19877028465271,1.0002917051315308,1.1684364080429077,-0.029141990467905998,-0.0775313675403595,-0.05247119069099426,4.498378276824951,0.9002884030342102,1.1107523441314697,1.0741995573043823,0.0245496928691864,0.06080213189125061,0.07651795446872711,0.1307113915681839,0.08451247960329056,0.09699776023626328,0.05419343709945679,0.012485280632972717,714.0,521.0,659.0,842.0
foy4dd1v,0.4653835892677307,0.617135226726532,0.4389353096485138,0.5032129883766174,1.1235839128494263,1.4899605512619019,1.0597293376922607,1.2149161100387573,-0.1401837170124054,-0.06822451204061508,-0.10669860988855362,4.888189792633057,0.8071759939193726,1.2388848066329956,1.1489886045455933,0.15175163745880127,0.06427767872810364,0.14553838968276978,0.1362917274236679,0.12661048769950867,0.12411825358867645,0.009246662259101868,0.0024922341108322144,714.0,521.0,659.0,842.0
n8lfjdtv,0.28842172026634216,0.4245787560939789,0.2527658939361572,0.3925139605998993,0.9907501935958862,1.458459734916687,0.8682697415351868,1.3483147621154785,-0.19096317887306213,-0.21656934916973114,-0.20312806963920593,4.665794372558594,0.6623324155807495,1.509811282157898,1.1049458980560303,0.13615703582763672,0.13974806666374207,0.07043538987636566,0.1255543977022171,0.06351612508296967,0.06579313427209854,0.05511900782585144,0.0022770091891288757,714.0,521.0,659.0,842.0
v2y4xkss,0.40764757990837097,0.500505268573761,0.3995860517024994,0.46770620346069336,1.0585752725601196,1.299707293510437,1.037641167640686,1.2145349979400635,-0.10224885493516922,-0.07854338735342026,-0.09066895395517349,4.6104583740234375,0.833736002445221,1.1994175910949707,1.0471115112304688,0.09285768866539001,0.06812015175819397,0.13160428404808044,0.12294428050518036,0.17131054401397705,0.19443096220493317,0.008660003542900085,0.023120418190956116,714.0,521.0,659.0,842.0
0kb68rer,0.2930861711502075,0.37298184633255005,0.3123631179332733,0.41372743248939514,0.8487948775291443,1.0801774263381958,0.9046220183372498,1.198179006576538,-0.1199510470032692,-0.1396026611328125,-0.1302005797624588,4.031773567199707,0.76959627866745,1.299378752708435,0.9173333644866943,0.07989567518234253,0.10136431455612183,0.07299653440713882,0.1067526787519455,0.07982578873634338,0.07455989718437195,0.03375614434480667,0.0052658915519714355,714.0,521.0,659.0,842.0
vt997e4u,0.30382364988327026,0.4046582579612732,0.263035386800766,0.34730735421180725,1.0254319906234741,1.365757703781128,0.8877679109573364,1.1721932888031006,-0.14232468605041504,-0.13807295262813568,-0.14035718142986298,4.451150894165039,0.7538353204727173,1.3265455961227417,1.1607916355133057,0.10083460807800293,0.08427196741104126,0.13557718694210052,0.1568603515625,0.16419292986392975,0.1514066904783249,0.021283164620399475,0.012786239385604858,714.0,521.0,659.0,842.0
ny181acj,0.31946060061454773,0.34307917952537537,0.27557438611984253,0.32975757122039795,1.0552507638931274,1.1332682371139526,0.9102845788002014,1.089263916015625,-0.035648491233587265,-0.08950971812009811,-0.0613640658557415,4.188067436218262,0.8843661546707153,1.1307497024536133,1.094504714012146,0.023618578910827637,0.05418318510055542,0.09006234258413315,0.07914204150438309,0.09572620689868927,0.07248237729072571,0.010920301079750061,0.023243829607963562,714.0,521.0,659.0,842.0
bc2swsoz,0.25789883732795715,0.35774409770965576,0.24932493269443512,0.34667518734931946,0.8785974383354187,1.218745470046997,0.8493883013725281,1.1810364723205566,-0.16218021512031555,-0.1633390337228775,-0.16275034844875336,4.127767562866211,0.7200585007667542,1.3887712955474854,1.0329558849334717,0.09984526038169861,0.09735025465488434,0.0839453935623169,0.06868387758731842,0.059236541390419006,0.0956406369805336,0.015261515974998474,0.036404095590114594,714.0,521.0,659.0,842.0
ctwjlsh3,0.28191184997558594,0.3140007555484772,0.31588393449783325,0.36329472064971924,0.9789057374000549,1.0903306007385254,1.0968698263168335,1.2614980936050415,-0.053848251700401306,-0.06980595737695694,-0.062348172068595886,4.4276041984558105,0.8826205730438232,1.132986068725586,0.8774005174636841,0.032088905572891235,0.047410786151885986,0.06762812286615372,0.062374457716941833,0.08871100097894669,0.09450870752334595,0.0052536651492118835,0.0057977065443992615,714.0,521.0,659.0,842.0
tow4ycz0,0.2911970913410187,0.4646866023540497,0.23552188277244568,0.32038742303848267,1.0265991687774658,1.6382267475128174,0.8303192853927612,1.1295080184936523,-0.22951848804950714,-0.15266048908233643,-0.1969478726387024,4.624653339385986,0.6709154844284058,1.4904959201812744,1.3597224950790405,0.173489511013031,0.08486554026603699,0.1016705259680748,0.12490175664424896,0.09440978616476059,0.08858584612607956,0.023231230676174164,0.00582394003868103,714.0,521.0,659.0,842.0
4cdpqvl0,0.5141388177871704,0.5734618306159973,0.4533632695674896,0.5608415603637695,1.1583806276321411,1.2920383214950562,1.0214502811431885,1.2636042833328247,-0.05454479902982712,-0.10597286373376846,-0.07936088740825653,4.7354736328125,0.8529475927352905,1.1724027395248413,1.0723668336868286,0.059323012828826904,0.10747829079627991,0.1437913477420807,0.1198129802942276,0.1425727754831314,0.12443578243255615,0.02397836744785309,0.018136993050575256,714.0,521.0,659.0,842.0
0ezzf8s2,0.36082538962364197,0.5173889994621277,0.3831520080566406,0.42172104120254517,0.8449410796165466,1.2115644216537476,0.8972231149673462,0.9875398278236389,-0.1782747358083725,-0.047919340431690216,-0.1159372329711914,3.9412684440612793,0.7922145128250122,1.2622812986373901,1.0911202430725098,0.15656360983848572,0.03856903314590454,0.13056205213069916,0.10678624361753464,0.08648867160081863,0.10859557241201401,0.02377580851316452,0.022106900811195374,714.0,521.0,659.0,842.0
zge2j51b,0.3823956847190857,0.477215439081192,0.3466847240924835,0.4586923122406006,0.9605041146278381,1.1986730098724365,0.8708050847053528,1.1521464586257935,-0.11030527204275131,-0.13907454907894135,-0.12422139942646027,4.182128429412842,0.7790080308914185,1.2836805582046509,1.0673387050628662,0.09481975436210632,0.11200758814811707,0.10738064348697662,0.07876066118478775,0.08035365492105484,0.09939787536859512,0.028619982302188873,0.019044220447540283,714.0,521.0,659.0,842.0
3jczucqm,0.33670562505722046,0.33304500579833984,0.32428619265556335,0.3628811836242676,1.1099960803985596,1.0979282855987549,1.0690536499023438,1.1962873935699463,0.00546563696116209,-0.05616525560617447,-0.025745386257767677,4.473265647888184,0.9498001933097839,1.0528498888015747,0.9746528267860413,0.0036606192588806152,0.038594990968704224,0.06287301331758499,0.06420771032571793,0.09178617596626282,0.06965791434049606,0.0013346970081329346,0.022128261625766754,714.0,521.0,659.0,842.0
runjdu0i,0.4496292769908905,0.616283118724823,0.4939596354961395,0.47989311814308167,0.9465098977088928,1.2973310947418213,1.0398292541503906,1.0102180242538452,-0.15634839236736298,0.014444177970290184,-0.07480630278587341,4.293888092041016,0.8607996106147766,1.1617083549499512,1.0945302248001099,0.1666538417339325,0.014066517353057861,0.12195339053869247,0.16658882796764374,0.151558980345726,0.18054291605949402,0.04463543742895126,0.028983935713768005,714.0,521.0,659.0,842.0
sb5iqnf7,0.2692892253398895,0.4305942952632904,0.2593004107475281,0.24677519500255585,1.2011089324951172,1.920576810836792,1.1565558910369873,1.1006897687911987,-0.2304738312959671,0.024749642238020897,-0.12337048351764679,5.378931522369385,0.7803552150726318,1.2814632654190063,1.3829596042633057,0.16130506992340088,0.012525215744972229,0.07416855543851852,0.24524253606796265,0.06819058954715729,0.08282168209552765,0.17107397317886353,0.014631092548370361,714.0,521.0,659.0,842.0
4t60ploz,0.27002349495887756,0.34087687730789185,0.2513048052787781,0.3702467978000641,0.8307502865791321,1.048736810684204,0.7731606364250183,1.1390957832336426,-0.11598169803619385,-0.19136269390583038,-0.15399806201457977,3.791743516921997,0.7331039309501648,1.364058494567871,0.9828618764877319,0.07085338234901428,0.11894199252128601,0.10820923745632172,0.08480735868215561,0.0971158817410469,0.09277784824371338,0.023401878774166107,0.004338033497333527,714.0,521.0,659.0,842.0
jcns6g29,0.33454492688179016,0.3706471025943756,0.2742350697517395,0.4007309675216675,1.0968186855316162,1.2151809930801392,0.8990904092788696,1.3138121366500854,-0.05119474232196808,-0.18741047382354736,-0.11781106889247894,4.52490234375,0.7892099618911743,1.267086148262024,1.044779896736145,0.03610217571258545,0.12649589776992798,0.10446473211050034,0.07972884178161621,0.05989440158009529,0.09383585304021835,0.024735890328884125,0.03394145146012306,714.0,521.0,659.0,842.0
8cqk4lta,0.32154735922813416,0.41190019249916077,0.20745407044887543,0.3737303614616394,1.052720069885254,1.3485279083251953,0.6791878342628479,1.2235629558563232,-0.1231890544295311,-0.28609851002693176,-0.19520975649356842,4.303998947143555,0.6733453869819641,1.4851171970367432,1.261985421180725,0.09035283327102661,0.16627629101276398,0.08195546269416809,0.09330049902200699,0.0632176324725151,0.1069093719124794,0.011345036327838898,0.043691739439964294,714.0,521.0,659.0,842.0
hukwqvr1,0.29916393756866455,0.34173378348350525,0.2971540689468384,0.3753235936164856,1.0060747861862183,1.1492352485656738,0.9993156790733337,1.2621961832046509,-0.06642210483551025,-0.11624089628458023,-0.09193050116300583,4.4168219566345215,0.8316171169281006,1.2024726867675781,0.9530380368232727,0.0425698459148407,0.07816952466964722,0.06414758414030075,0.04041144251823425,0.05605286359786987,0.06643056124448776,0.023736141622066498,0.01037769764661789,714.0,521.0,659.0,842.0
h61iaoim,0.3307393491268158,0.39650750160217285,0.312913715839386,0.395684152841568,0.9027486443519592,1.0822619199752808,0.8540938496589661,1.0800145864486694,-0.09043429791927338,-0.11680858582258224,-0.10345025360584259,3.919118881225586,0.8124955892562866,1.2307723760604858,1.0263166427612305,0.06576815247535706,0.082770437002182,0.05800174921751022,0.0933837816119194,0.07453471422195435,0.10003174096345901,0.03538203239440918,0.02549702674150467,714.0,521.0,659.0,842.0
458ax40d,0.2753266394138336,0.38301074504852295,0.20521821081638336,0.2775669991970062,0.95706707239151,1.3313894271850586,0.7133621573448181,0.9648548364639282,-0.16356953978538513,-0.1498567759990692,-0.157768115401268,3.9666733741760254,0.7274603247642517,1.3746403455734253,1.3636207580566406,0.10768410563468933,0.07234878838062286,0.07666731625795364,0.07285652309656143,0.06795354932546616,0.10786449164152145,0.003810793161392212,0.0399109423160553,714.0,521.0,659.0,842.0
tirc9zd7,0.32364362478256226,0.5269266366958618,0.31004536151885986,0.4993434250354767,0.779769778251648,1.269549012184143,0.7470068335533142,1.2030915021896362,-0.23899586498737335,-0.2338775098323822,-0.23650029301643372,3.999417304992676,0.6174675226211548,1.6195143461227417,1.0508784055709839,0.20328301191329956,0.18929806351661682,0.1162717267870903,0.16804510354995728,0.12050525099039078,0.12304531782865524,0.051773376762866974,0.0025400668382644653,714.0,521.0,659.0,842.0
6szn9dde,0.39075762033462524,0.5107515454292297,0.46938759088516235,0.49056464433670044,0.9174562692642212,1.1991889476776123,1.1020708084106445,1.151792287826538,-0.13310323655605316,-0.02206050418317318,-0.07583875209093094,4.370508193969727,0.8590137958526611,1.1641231775283813,0.9391177892684937,0.11999392509460449,0.021177053451538086,0.1040101870894432,0.08603827655315399,0.13371677696704865,0.11437304317951202,0.017971910536289215,0.01934373378753662,714.0,521.0,659.0,842.0
3cup8ijl,0.3421013057231903,0.3588349521160126,0.2579272389411926,0.3347714841365814,1.0982749462127686,1.1519962549209595,0.8280442953109741,1.0747435092926025,-0.02387324348092079,-0.1296512335538864,-0.07233714312314987,4.153059005737305,0.8650836944580078,1.1559538841247559,1.182616114616394,0.016733646392822266,0.0768442451953888,0.10664640367031097,0.1368311196565628,0.11922047287225723,0.10466407984495163,0.03018471598625183,0.014556393027305603,714.0,521.0,659.0,842.0
2z0ljch2,0.42167791724205017,0.5254005193710327,0.40087708830833435,0.43212226033210754,1.163928747177124,1.4502272605895996,1.1065137386322021,1.1927576065063477,-0.1095183715224266,-0.03750919550657272,-0.07582122832536697,4.913427352905273,0.8590439558029175,1.1640821695327759,1.1369484663009644,0.10372260212898254,0.031245172023773193,0.28813332319259644,0.21175748109817505,0.3328845798969269,0.2209683209657669,0.07637584209442139,0.11191625893115997,714.0,521.0,659.0,842.0
vffqot8h,0.3387315571308136,0.36886972188949585,0.2537614405155182,0.3202234208583832,1.0729122161865234,1.1683731079101562,0.8037744164466858,1.0142887830734253,-0.04259195178747177,-0.11579027026891708,-0.07537537813186646,4.0593485832214355,0.8598143458366394,1.1630381345748901,1.2327852249145508,0.03013816475868225,0.06646198034286499,0.06812230497598648,0.05934656038880348,0.05917000770568848,0.080147884786129,0.008775744587182999,0.02097787708044052,714.0,521.0,659.0,842.0
ljefy3zb,0.3638108968734741,0.42320525646209717,0.31384801864624023,0.4209153950214386,0.9549774527549744,1.110883355140686,0.8238284587860107,1.1048725843429565,-0.07546768337488174,-0.1457166075706482,-0.109386146068573,3.9945616722106934,0.8027977347373962,1.2456403970718384,1.0711135864257812,0.05939435958862305,0.10706737637519836,0.08914384245872498,0.08161353319883347,0.0645994022488594,0.12115070223808289,0.00753030925989151,0.05655129998922348,714.0,521.0,659.0,842.0
4ldimsyj,0.3395448923110962,0.4000849723815918,0.34243255853652954,0.41047772765159607,0.8824236989021301,1.0397578477859497,0.8899282813072205,1.0667669773101807,-0.08185175061225891,-0.09037607908248901,-0.08615192025899887,3.8788769245147705,0.8413618803024292,1.1885459423065186,0.9823599457740784,0.060540080070495605,0.06804516911506653,0.08561218529939651,0.06828723102807999,0.09279737621545792,0.12085762619972229,0.01732495427131653,0.028060249984264374,714.0,521.0,659.0,842.0
9boq0iq2,0.45316052436828613,0.5522174835205078,0.43771252036094666,0.4717566668987274,1.1319769620895386,1.3794173002243042,1.0933884382247925,1.178429365158081,-0.0985269844532013,-0.037432942539453506,-0.06951000541448593,4.783211708068848,0.8700143694877625,1.1494039297103882,1.1054545640945435,0.09905695915222168,0.03404414653778076,0.0845278650522232,0.09700766950845718,0.08096691966056824,0.08667141199111938,0.012479804456233978,0.0057044923305511475,714.0,521.0,659.0,842.0
fa39e3nw,0.23037932813167572,0.3270948529243469,0.18815574049949646,0.20541399717330933,0.9889717698097229,1.4041519165039062,0.8077144622802734,0.881800651550293,-0.17348848283290863,-0.043850455433130264,-0.1198405995965004,4.082638740539551,0.7859667539596558,1.272312879562378,1.4164522886276245,0.0967155247926712,0.017258256673812866,0.08442234247922897,0.21191760897636414,0.11386428028345108,0.07680094987154007,0.12749525904655457,0.03706333041191101,714.0,521.0,659.0,842.0
xuj3ac6p,0.3094353675842285,0.3935199975967407,0.3749482333660126,0.3867536187171936,0.8379532694816589,1.0656551122665405,1.0153626203536987,1.047331690788269,-0.11961571872234344,-0.015498675405979156,-0.06546919047832489,3.9663028717041016,0.8771060705184937,1.1401097774505615,0.9228734970092773,0.08408463001251221,0.01180538535118103,0.07162974029779434,0.07620108872652054,0.09591283649206161,0.08809470385313034,0.004571348428726196,0.007818132638931274,714.0,521.0,659.0,842.0
e63lbqgu,0.3892137408256531,0.40431177616119385,0.26825961470603943,0.40058445930480957,1.3438293933868408,1.3959580659866333,0.9262138605117798,1.3830888271331787,-0.0190265029668808,-0.19784078001976013,-0.10081091523170471,5.049090385437012,0.8168413043022156,1.22422456741333,1.1864114999771118,0.015098035335540771,0.13232484459877014,0.12882643938064575,0.08785667270421982,0.1289128214120865,0.13097824156284332,0.040969766676425934,0.002065420150756836,714.0,521.0,659.0,842.0
3obyghgk,0.48224228620529175,0.6645838022232056,0.46451833844184875,0.6241939067840576,0.9800944328308105,1.3506797552108765,0.9440728425979614,1.2685925960540771,-0.15899653732776642,-0.14666450023651123,-0.15299083292484283,4.543439865112305,0.7346184849739075,1.361248254776001,1.0533775091171265,0.18234151601791382,0.15967556834220886,0.11785344779491425,0.21792757511138916,0.10061120986938477,0.20369476079940796,0.10007412731647491,0.1030835509300232,714.0,521.0,659.0,842.0
5bwikotc,0.29840120673179626,0.42706596851348877,0.27677732706069946,0.318481981754303,1.064963936805725,1.5241554975509644,0.9877904653549194,1.1366301774978638,-0.177354097366333,-0.07006120681762695,-0.12899668514728546,4.713540077209473,0.7714831829071045,1.2962003946304321,1.21873939037323,0.1286647617816925,0.041704654693603516,0.0901680737733841,0.0832860916852951,0.1068904921412468,0.08338893949985504,0.006881982088088989,0.023501552641391754,714.0,521.0,659.0,842.0
keh5sw22,0.375193327665329,0.3904513716697693,0.3586704432964325,0.37299853563308716,1.1105979681015015,1.155762791633606,1.0616891384124756,1.104101300239563,-0.019928336143493652,-0.019582726061344147,-0.019759465008974075,4.4321513175964355,0.9612455368041992,1.0403140783309937,1.0464345216751099,0.015258044004440308,0.014328092336654663,0.07513770461082458,0.1023671105504036,0.0991840809583664,0.08277424424886703,0.02722940593957901,0.01640983670949936,714.0,521.0,659.0,842.0
92mtr6sn,0.2340305894613266,0.24648547172546387,0.2414778620004654,0.20399732887744904,0.9072635769844055,0.9555472731590271,0.9361343383789062,0.7908340096473694,-0.025919748470187187,0.08413588255643845,0.02702578343451023,3.5897791385650635,1.0555505752563477,0.9473686814308167,1.0786571502685547,0.012454882264137268,0.03748053312301636,0.06659100949764252,0.07383402436971664,0.06513947993516922,0.08184205740690231,0.007243014872074127,0.016702577471733093,714.0,521.0,659.0,842.0
glh62c9t,0.37441572546958923,0.4465080797672272,0.2718607485294342,0.44522625207901,1.1191412210464478,1.3346277475357056,0.8126009106636047,1.330796241760254,-0.0878184586763382,-0.24176320433616638,-0.15959428250789642,4.597166061401367,0.724740207195282,1.3798010349273682,1.1448019742965698,0.07209235429763794,0.1733655035495758,0.09367647767066956,0.05819990858435631,0.07876665145158768,0.11179813742637634,0.03547656908631325,0.033031485974788666,714.0,521.0,659.0,842.0
199dxj37,0.18144841492176056,0.27550363540649414,0.21424923837184906,0.24115802347660065,0.7518957257270813,1.1416468620300293,0.8878175616264343,0.9993236064910889,-0.20583125948905945,-0.05908716842532158,-0.13258357346057892,3.780683755874634,0.7658723592758179,1.3056946992874146,1.003389835357666,0.09405522048473358,0.026908785104751587,0.07247861474752426,0.07041983306407928,0.055426858365535736,0.06502952426671982,0.002058781683444977,0.009602665901184082,714.0,521.0,659.0,842.0
c9h42m44,0.37992751598358154,0.4059167504310608,0.3179374635219574,0.39485305547714233,1.063055157661438,1.1357742547988892,0.8896040320396423,1.104817509651184,-0.033071693032979965,-0.10790756344795227,-0.06866564601659775,4.193251132965088,0.871491551399231,1.1474549770355225,1.1024882793426514,0.025989234447479248,0.07691559195518494,0.09490611404180527,0.11659818887710571,0.0934765636920929,0.11992374062538147,0.021692074835300446,0.026447176933288574,714.0,521.0,659.0,842.0
gv3z6bz8,0.213389053940773,0.2811112403869629,0.16011787950992584,0.29329681396484375,0.8345782160758972,1.099444031715393,0.6262312531471252,1.1471025943756104,-0.13695047795772552,-0.2937237024307251,-0.21193979680538177,3.7073559761047363,0.6502455472946167,1.5378737449645996,1.0906113386154175,0.06772218644618988,0.1331789344549179,0.09282595664262772,0.11931213736534119,0.05469350516796112,0.1089564636349678,0.02648618072271347,0.05426295846700668,714.0,521.0,659.0,842.0
uug95rlr,0.281025230884552,0.2543225884437561,0.27811357378959656,0.2829321622848511,1.1174463033676147,1.0112680196762085,1.1058685779571533,1.1250288486480713,0.049878958612680435,-0.008588568307459354,0.019959989935159683,4.359611511230469,1.0407310724258423,0.960859477519989,0.9541946053504944,0.0267026424407959,0.004818588495254517,0.0979420393705368,0.12021354585886002,0.08633922040462494,0.10861872136592865,0.02227150648832321,0.02227950096130371,714.0,521.0,659.0,842.0
dihsa7he,0.3812280595302582,0.38481447100639343,0.3554234802722931,0.3966308832168579,1.025638461112976,1.0352871417999268,0.9562150239944458,1.0670775175094604,-0.004681732971221209,-0.05479304492473602,-0.029506558552384377,4.0842180252075195,0.9426770210266113,1.0608059167861938,1.0185985565185547,0.003586411476135254,0.04120740294456482,0.0791919082403183,0.1117938756942749,0.09870152175426483,0.08708164840936661,0.032601967453956604,0.011619873344898224,714.0,521.0,659.0,842.0
z74lav71,0.2372725009918213,0.24025100469589233,0.36842167377471924,0.29237568378448486,0.9136723875999451,0.9251418113708496,1.4186924695968628,1.1258598566055298,-0.006237383931875229,0.11508198827505112,0.06418877094984055,4.383366584777832,1.1371811628341675,0.8793642520904541,0.7226462960243225,0.002978503704071045,0.07604598999023438,0.057290107011795044,0.04423840716481209,0.07139936089515686,0.07667707651853561,0.013051699846982956,0.005277715623378754,714.0,521.0,659.0,842.0
448n7odk,0.36953794956207275,0.4307481050491333,0.2972774803638458,0.3563791811466217,1.2061009407043457,1.4058791399002075,0.9702566862106323,1.1631532907485962,-0.07648524641990662,-0.09041690081357956,-0.08274863660335541,4.745389938354492,0.8471496105194092,1.180425763130188,1.2243198156356812,0.06121015548706055,0.05910170078277588,0.07339610904455185,0.08854284137487411,0.07194986194372177,0.06874032318592072,0.015146732330322266,0.003209538757801056,714.0,521.0,659.0,842.0
ef828xg8,0.41452687978744507,0.4100712239742279,0.3498721718788147,0.38907769322395325,1.1148152351379395,1.102832317352295,0.940934956073761,1.0463730096817017,0.005403420887887478,-0.05305565148591995,-0.022224994376301765,4.204955577850342,0.9565151929855347,1.0454590320587158,1.1159037351608276,0.004455655813217163,0.03920552134513855,0.10475010424852371,0.11575998365879059,0.07405340671539307,0.10985039919614792,0.011009879410266876,0.03579699248075485,714.0,521.0,659.0,842.0
y72ivgly,0.28408053517341614,0.3204249143600464,0.3021088242530823,0.36731407046318054,0.9310269355773926,1.0501396656036377,0.9901116490364075,1.2038110494613647,-0.060122404247522354,-0.09740501642227173,-0.07971370220184326,4.175089359283447,0.8523415327072144,1.1732348203659058,0.903023362159729,0.03634437918663025,0.06520524621009827,0.10541924089193344,0.09192974865436554,0.11578994989395142,0.1301368772983551,0.013489492237567902,0.014346927404403687,714.0,521.0,659.0,842.0
e088o98b,0.35329827666282654,0.3543994128704071,0.4736665189266205,0.4060829281806946,1.1284948587417603,1.1320120096206665,1.5129715204238892,1.2970980405807495,-0.0015559393214061856,0.07682131975889206,0.04188009724020958,5.0705766677856445,1.0874199867248535,0.9196054935455322,0.8044300675392151,0.0011011362075805664,0.0675835907459259,0.08847973495721817,0.07906625419855118,0.13634425401687622,0.09048863500356674,0.009413480758666992,0.04585561901330948,714.0,521.0,659.0,842.0
v78hu7f0,0.1559945046901703,0.23987047374248505,0.18599280714988708,0.2101396769285202,0.7098987698554993,1.091601014137268,0.8464148640632629,0.956302285194397,-0.21187971532344818,-0.06095639616250992,-0.136392742395401,3.604217052459717,0.759952962398529,1.315864086151123,0.9993221759796143,0.08387596905231476,0.024146869778633118,0.08078741282224655,0.06955573707818985,0.07057509571313858,0.05738738551735878,0.011231675744056702,0.0131877101957798,714.0,521.0,659.0,842.0
i9g5dzx5,0.5028924345970154,0.5193238854408264,0.4741567373275757,0.551101565361023,1.193284273147583,1.2322734594345093,1.1250990629196167,1.307676911354065,-0.016074324026703835,-0.07504913955926895,-0.04560559242963791,4.858333587646484,0.9127662777900696,1.0955686569213867,0.9970320463180542,0.016431450843811035,0.07694482803344727,0.10880245268344879,0.11245362460613251,0.10277406871318817,0.1067613810300827,0.003651171922683716,0.003987312316894531,714.0,521.0,659.0,842.0
qjicjdan,0.27307698130607605,0.3074076175689697,0.2665092647075653,0.3376883864402771,0.8706579804420471,0.9801151752471924,0.8497179746627808,1.0766600370407104,-0.05914123356342316,-0.11780748516321182,-0.08906158059835434,3.777151107788086,0.8364419937133789,1.1955360174179077,0.9607512950897217,0.03433063626289368,0.07117912173271179,0.055030036717653275,0.0854058563709259,0.06670430302619934,0.0771096870303154,0.03037581965327263,0.010405384004116058,714.0,521.0,659.0,842.0
085rntdr,0.39789557456970215,0.4858836233615875,0.29554125666618347,0.3798631727695465,0.9259985089302063,1.130767822265625,0.6877954006195068,0.8840327262878418,-0.0995587483048439,-0.12484636902809143,-0.11051285266876221,3.628594398498535,0.8009686470031738,1.2484849691390991,1.308516502380371,0.08798804879188538,0.08432191610336304,0.13855133950710297,0.12021076679229736,0.09497880935668945,0.21396401524543762,0.018340572714805603,0.11898520588874817,714.0,521.0,659.0,842.0
5xyfc4kl,0.354956716299057,0.47831034660339355,0.3528701663017273,0.46967124938964844,0.9520248770713806,1.2828700542449951,0.9464285373687744,1.2596992254257202,-0.1480359435081482,-0.14200006425380707,-0.1450376659631729,4.441022872924805,0.7466664910316467,1.3392826318740845,1.0130383968353271,0.12335363030433655,0.11680108308792114,0.059114668518304825,0.08197523653507233,0.0630015879869461,0.10649905353784561,0.022860568016767502,0.043497465550899506,714.0,521.0,659.0,842.0
8cgn0t6d,0.26718762516975403,0.35752129554748535,0.26540935039520264,0.3053082227706909,0.901596188545227,1.2064175605773926,0.8955955505371094,1.0302300453186035,-0.1446009874343872,-0.06990988552570343,-0.10894227027893066,4.033839225769043,0.8035190105438232,1.2445213794708252,1.0946005582809448,0.09033367037773132,0.03989887237548828,0.05636654049158096,0.07923682034015656,0.07192425429821014,0.08015168458223343,0.022870279848575592,0.008227430284023285,714.0,521.0,659.0,842.0
vwrb7f6f,0.2505088746547699,0.25283220410346985,0.23434779047966003,0.24205422401428223,0.9379196763038635,0.946618378162384,0.8774116635322571,0.9062649607658386,-0.004615806043148041,-0.016176290810108185,-0.010237124748528004,3.668214797973633,0.9797312021255493,1.0206838846206665,1.0565446615219116,0.002323329448699951,0.007706433534622192,0.06198922172188759,0.030497990548610687,0.03369149938225746,0.05907490849494934,0.0314912311732769,0.02538340911269188,714.0,521.0,659.0,842.0
dhgzz0jk,0.3595772087574005,0.5272309184074402,0.40431392192840576,0.4408842623233795,0.8913206458091736,1.306900978088379,1.0022140741348267,1.092864751815796,-0.1890527456998825,-0.04326831176877022,-0.11791180819272995,4.293300628662109,0.789048969745636,1.2673454284667969,1.0492298603057861,0.16765370965003967,0.036570340394973755,0.10257479548454285,0.08428924530744553,0.12078990787267685,0.11341098695993423,0.01828555017709732,0.007378920912742615,714.0,521.0,659.0,842.0
ibu4fmpk,0.4143338203430176,0.45064234733581543,0.4577047526836395,0.4807867705821991,0.9240413904190063,1.0050162076950073,1.0207666158676147,1.0722438097000122,-0.041976284235715866,-0.024594780057668686,-0.032931286841630936,4.022068023681641,0.9362361431121826,1.0681041479110718,0.9216654896736145,0.03630852699279785,0.02308201789855957,0.06863401085138321,0.09117875248193741,0.06618627905845642,0.080063596367836,0.0225447416305542,0.013877317309379578,714.0,521.0,659.0,842.0
xvhagkc4,0.3661530613899231,0.4260651171207428,0.3406430780887604,0.4283285140991211,1.1052988767623901,1.2861541509628296,1.0282924175262451,1.2929866313934326,-0.07562560588121414,-0.11402934044599533,-0.09454157948493958,4.712732315063477,0.8272479176521301,1.2088242769241333,1.0302294492721558,0.0599120557308197,0.08768543601036072,0.05920710787177086,0.06725515425205231,0.06888633221387863,0.08903727680444717,0.008048046380281448,0.020150944590568542,714.0,521.0,659.0,842.0
lorxdtg5,0.2352512627840042,0.350212961435318,0.2567429840564728,0.33288145065307617,0.9174928665161133,1.3658498525619507,1.0013117790222168,1.2982560396194458,-0.1963595598936081,-0.12913022935390472,-0.1626259982585907,4.582910537719727,0.7202423810958862,1.3884165287017822,0.9929426908493042,0.11496169865131378,0.0761384665966034,0.0640575960278511,0.07951797544956207,0.06439065933227539,0.06770475953817368,0.015460379421710968,0.003314100205898285,714.0,521.0,659.0,842.0
nqjqijc1,0.26528677344322205,0.31829747557640076,0.21519987285137177,0.3163752853870392,0.9751985669136047,1.1700667142868042,0.7910782694816589,1.1630007028579712,-0.09083625674247742,-0.19033098220825195,-0.13826364278793335,4.099344253540039,0.7570607662200928,1.3208929300308228,1.0978375673294067,0.05301070213317871,0.10117541253566742,0.07774306833744049,0.10092990100383759,0.05871901288628578,0.07550853490829468,0.023186832666397095,0.016789522022008896,714.0,521.0,659.0,842.0
ydmt8vt4,0.3297364115715027,0.398943692445755,0.30420616269111633,0.3691385090351105,0.9790246486663818,1.1845089197158813,0.9032224416732788,1.0960139036178589,-0.09497608244419098,-0.0964324101805687,-0.09567556530237198,4.1627702713012695,0.825356662273407,1.2115938663482666,1.0821783542633057,0.06920728087425232,0.06493234634399414,0.1210014745593071,0.09122221916913986,0.10015369206666946,0.12294363975524902,0.029779255390167236,0.02278994768857956,714.0,521.0,659.0,842.0
3pt5r5rc,0.23672789335250854,0.32321465015411377,0.2742244601249695,0.3359143137931824,0.8454066514968872,1.1542695760726929,0.9793149828910828,1.1996228694915771,-0.15445619821548462,-0.10110773891210556,-0.1266377717256546,4.178614139556885,0.7751920819282532,1.2899982929229736,0.9177283048629761,0.08648675680160522,0.06168985366821289,0.06333620101213455,0.06458788365125656,0.07869558036327362,0.08314739167690277,0.0012516826391220093,0.00445181131362915,714.0,521.0,659.0,842.0
6zs62ywe,0.2865186035633087,0.3905846178531647,0.3115859925746918,0.3738192021846771,0.7985786199569702,1.0886292457580566,0.8684459328651428,1.0419009923934937,-0.15369275212287903,-0.090797558426857,-0.12205363810062408,3.7975549697875977,0.7824448347091675,1.2780416011810303,0.9878860116004944,0.10406601428985596,0.06223320960998535,0.12732338905334473,0.17384211719036102,0.08651778846979141,0.08305906504392624,0.046518728137016296,0.0034587234258651733,714.0,521.0,659.0,842.0
1g983ep9,0.2659551799297333,0.35623660683631897,0.2677101790904999,0.32001635432243347,0.8547681570053101,1.1449285745620728,0.86040860414505,1.0285183191299438,-0.14510200917720795,-0.08899731934070587,-0.11784885823726654,3.8886237144470215,0.789149284362793,1.2671830654144287,1.0586397647857666,0.0902814269065857,0.052306175231933594,0.10075096040964127,0.09751224517822266,0.0960184633731842,0.14812806248664856,0.0032387152314186096,0.052109599113464355,714.0,521.0,659.0,842.0
p9w4j66c,0.231113001704216,0.23034392297267914,0.1936696171760559,0.22591572999954224,0.9874306321144104,0.9841447472572327,0.8274537324905396,0.9652252793312073,0.0016666280571371317,-0.07685215026140213,-0.03572699800133705,3.764254331588745,0.9310086369514465,1.0740989446640015,1.099790096282959,0.0007690787315368652,0.03224611282348633,0.0649532824754715,0.06471530348062515,0.05762519687414169,0.06429648399353027,0.000237978994846344,0.00667128711938858,714.0,521.0,659.0,842.0
noljq52w,0.2078724503517151,0.3069504201412201,0.22457367181777954,0.30096888542175293,0.8295389413833618,1.2249209880828857,0.8961870670318604,1.2010509967803955,-0.19245022535324097,-0.1453641802072525,-0.168664813041687,4.151698112487793,0.7113532423973083,1.4057656526565552,0.9796006679534912,0.099077969789505,0.07639521360397339,0.06778846681118011,0.06398200988769531,0.06527860462665558,0.09736917167901993,0.0038064569234848022,0.03209056705236435,714.0,521.0,659.0,842.0
spofv177,0.34755682945251465,0.3975478708744049,0.3086163103580475,0.40330827236175537,1.050040364265442,1.2010735273361206,0.9323931336402893,1.2184768915176392,-0.06709255278110504,-0.1330082267522812,-0.09929993748664856,4.401983737945557,0.8193385601043701,1.2204933166503906,1.0466047525405884,0.04999104142189026,0.09469196200370789,0.08169804513454437,0.04205808416008949,0.07663989067077637,0.07760848850011826,0.03963996097445488,0.0009685978293418884,714.0,521.0,659.0,842.0
udktmonr,0.5623903870582581,0.5299047827720642,0.5347899198532104,0.6908320188522339,1.152026653289795,1.0854815244674683,1.0954885482788086,1.4151324033737183,0.029740657657384872,-0.12731656432151794,-0.05330489203333855,4.748129367828369,0.8987846970558167,1.1126116514205933,0.8912163376808167,0.03248560428619385,0.15604209899902344,0.14696486294269562,0.10626806318759918,0.16788946092128754,0.15628068149089813,0.040696799755096436,0.011608779430389404,714.0,521.0,659.0,842.0
vbjfvyb6,0.28590285778045654,0.45453953742980957,0.28084588050842285,0.31374621391296387,1.038782000541687,1.6514962911605835,1.020408272743225,1.1399463415145874,-0.22775094211101532,-0.05533251911401749,-0.1509600430727005,4.850633144378662,0.7376786470413208,1.3555996417999268,1.2452925443649292,0.16863667964935303,0.032900333404541016,0.06730321794748306,0.17949101328849792,0.08052120357751846,0.10850270092487335,0.11218779534101486,0.02798149734735489,714.0,521.0,659.0,842.0
li076a3k,0.41871482133865356,0.6008093357086182,0.43066442012786865,0.6598787903785706,0.9384211301803589,1.3465301990509033,0.9652025103569031,1.4789164066314697,-0.17860719561576843,-0.21018347144126892,-0.19492678344249725,4.72907018661499,0.6737420558929443,1.4842445850372314,0.9348764419555664,0.1820945143699646,0.2292143702507019,0.1847068965435028,0.18679675459861755,0.1471204310655594,0.27640673518180847,0.002089858055114746,0.12928630411624908,714.0,521.0,659.0,842.0
krzd5e9p,0.2674004137516022,0.30921077728271484,0.21341511607170105,0.3133154511451721,0.966934859752655,1.1181235313415527,0.7717210054397583,1.132966160774231,-0.07251036912202835,-0.18966081738471985,-0.1284375935792923,3.989745616912842,0.772360622882843,1.294727087020874,1.0946964025497437,0.04181036353111267,0.09990033507347107,0.04098038747906685,0.03344936668872833,0.0346098318696022,0.057608481496572495,0.007531020790338516,0.02299864962697029,714.0,521.0,659.0,842.0
3jpxgh30,0.2054058313369751,0.3299405574798584,0.22591359913349152,0.2404395192861557,0.7803672552108765,1.2534931898117065,0.858279287815094,0.9134654402732849,-0.2326241284608841,-0.031147832050919533,-0.13882461190223694,3.805605173110962,0.7561951279640198,1.3224045038223267,1.147939682006836,0.1245347261428833,0.014525920152664185,0.07432915270328522,0.14616820216178894,0.071253702044487,0.08235491067171097,0.07183904945850372,0.011101208627223969,714.0,521.0,659.0,842.0
153sflse,0.27452388405799866,0.36501824855804443,0.1908881515264511,0.22915664315223694,0.8573956489562988,1.1400285959243774,0.596183717250824,0.7157042622566223,-0.14149846136569977,-0.09110552072525024,-0.12152162939310074,3.309312105178833,0.7832900285720825,1.2766613960266113,1.5225533246994019,0.09049436450004578,0.03826849162578583,0.10659055411815643,0.08886105567216873,0.09341421723365784,0.10442855954170227,0.0177294984459877,0.011014342308044434,714.0,521.0,659.0,842.0
45bg34iq,0.3549715578556061,0.4480344355106354,0.36572837829589844,0.41486218571662903,1.0140154361724854,1.2798599004745483,1.044743537902832,1.1850996017456055,-0.11589298397302628,-0.06294432282447815,-0.08979347348213196,4.523718357086182,0.8352090120315552,1.197301983833313,1.028714656829834,0.0930628776550293,0.04913380742073059,0.13490897417068481,0.11576223373413086,0.07549378275871277,0.10649145394563675,0.019146740436553955,0.03099767118692398,714.0,521.0,659.0,842.0
7zj3sweb,0.15792521834373474,0.4018833041191101,0.19267602264881134,0.2283201664686203,0.7400305867195129,1.8832073211669922,0.902871310710907,1.0698981285095215,-0.4357876777648926,-0.08466598391532898,-0.28507399559020996,4.596007347106934,0.5563293695449829,1.7974883317947388,1.3297202587127686,0.24395808577537537,0.03564414381980896,0.07464860379695892,0.21379955112934113,0.06419695913791656,0.08736675977706909,0.1391509473323822,0.023169800639152527,714.0,521.0,659.0,842.0
nvg5vmf6,0.29965341091156006,0.35191529989242554,0.3081187605857849,0.3621680438518524,1.0796726942062378,1.267975926399231,1.1101739406585693,1.304917335510254,-0.08020920306444168,-0.0806359350681305,-0.08042562752962112,4.762740135192871,0.8511210083961487,1.174917459487915,0.9720730781555176,0.05226188898086548,0.054049283266067505,0.07234273105859756,0.08333247900009155,0.08630949258804321,0.08811260014772415,0.010989747941493988,0.0018031075596809387,714.0,521.0,659.0,842.0
0yknfu84,0.27284419536590576,0.26482704281806946,0.30738627910614014,0.28350910544395447,1.0206899642944336,0.9906983971595764,1.1499093770980835,1.06058669090271,0.014910855330526829,0.04040839150547981,0.028260892257094383,4.221884727478027,1.0581636428833008,0.9450299739837646,0.9099246263504028,0.008017152547836304,0.02387717366218567,0.07200545072555542,0.08057066053152084,0.09514189511537552,0.0795138031244278,0.008565209805965424,0.015628091990947723,714.0,521.0,659.0,842.0
xyjoa21a,0.2767895460128784,0.5121198892593384,0.19332976639270782,0.22019712626934052,1.1827267408370972,2.1882975101470947,0.8261016011238098,0.940906286239624,-0.2982979118824005,-0.06497108936309814,-0.21805521845817566,5.138031959533691,0.6419605612754822,1.557722568511963,1.907753825187683,0.23533034324645996,0.02686735987663269,0.09250403195619583,0.19555166363716125,0.08320029824972153,0.09947339445352554,0.10304763168096542,0.016273096203804016,714.0,521.0,659.0,842.0
6xvaj2k8,0.41143038868904114,0.5267507433891296,0.340088814496994,0.42893534898757935,1.1546834707260132,1.478331208229065,0.9544626474380493,1.2038114070892334,-0.12291893362998962,-0.11553137749433517,-0.11959122866392136,4.791288375854492,0.7863653302192688,1.2716704607009888,1.2199616432189941,0.1153203547000885,0.08884653449058533,0.19912771880626678,0.1808735430240631,0.214676633477211,0.1857306957244873,0.018254175782203674,0.028945937752723694,714.0,521.0,659.0,842.0
xpnmjqy3,0.3325161039829254,0.40861934423446655,0.23162022233009338,0.4034280776977539,0.8541865944862366,1.049685001373291,0.5949994325637817,1.0363494157791138,-0.10268451273441315,-0.27054256200790405,-0.18014377355575562,3.535220146179199,0.6947077512741089,1.4394499063491821,1.167051911354065,0.07610324025154114,0.17180785536766052,0.16899839043617249,0.12309125810861588,0.1180170550942421,0.18387553095817566,0.04590713232755661,0.06585847586393356,714.0,521.0,659.0,842.0
odsx4nxv,0.32553938031196594,0.31624916195869446,0.28996655344963074,0.29016029834747314,1.1724685430526733,1.1390087604522705,1.0443488359451294,1.0450465679168701,0.014475489966571331,-0.00033396927756257355,0.007444456685334444,4.400872230529785,1.0149989128112793,0.9852194786071777,1.1062880754470825,0.009290218353271484,0.00019374489784240723,0.06420091539621353,0.0697987899184227,0.08311072736978531,0.060339558869600296,0.0055978745222091675,0.022771168500185013,714.0,521.0,659.0,842.0
kdc9x5jz,0.350803405046463,0.4190135896205902,0.35783013701438904,0.4028353691101074,1.0243865251541138,1.223568081855774,1.0449053049087524,1.176325798034668,-0.088605597615242,-0.05916551873087883,-0.073973648250103,4.469185829162598,0.8622419238090515,1.1597641706466675,1.0120295286178589,0.0682101845741272,0.045005232095718384,0.10378502309322357,0.12433261424303055,0.0748101994395256,0.10807981342077255,0.020547591149806976,0.03326961398124695,714.0,521.0,659.0,842.0
6kf1622v,0.31943628191947937,0.4587427079677582,0.30631721019744873,0.41864514350891113,0.9561593532562256,1.3731411695480347,0.9168903827667236,1.2531182765960693,-0.17901568114757538,-0.15494291484355927,-0.16740554571151733,4.499309062957764,0.7131997346878052,1.4021278619766235,1.0734045505523682,0.1393064260482788,0.1123279333114624,0.08010641485452652,0.10812283307313919,0.10918883979320526,0.10469820350408554,0.02801641821861267,0.0044906362891197205,714.0,521.0,659.0,842.0
xyzx9jpn,0.2263985425233841,0.3097354769706726,0.1779320389032364,0.29698455333709717,0.8758289217948914,1.198220133781433,0.6883349418640137,1.1488927602767944,-0.15544019639492035,-0.2506803572177887,-0.2001771777868271,3.9112768173217773,0.666419267654419,1.500550627708435,1.1288989782333374,0.08333693444728851,0.11905251443386078,0.11693520843982697,0.1278836876153946,0.06411223113536835,0.13039368391036987,0.010948479175567627,0.06628145277500153,714.0,521.0,659.0,842.0
bzug0it2,0.31582480669021606,0.3761537969112396,0.3222075402736664,0.37507373094558716,1.1022194623947144,1.3127658367156982,1.124495029449463,1.3089964389801025,-0.08718319237232208,-0.07581748813390732,-0.08147871494293213,4.848476409912109,0.8493185639381409,1.1774110794067383,0.9923937916755676,0.06032899022102356,0.052866190671920776,0.06079178303480148,0.09624151140451431,0.09804932028055191,0.076103076338768,0.03544972836971283,0.021946243941783905,714.0,521.0,659.0,842.0
6ys445gd,0.3165571093559265,0.3738476634025574,0.33335480093955994,0.44202181696891785,0.944812536239624,1.1158047914505005,0.9949477314949036,1.3192808628082275,-0.08298099040985107,-0.14014720916748047,-0.11322116106748581,4.3748459815979,0.7965871095657349,1.2553520202636719,0.8904110193252563,0.05729055404663086,0.10866701602935791,0.09741271287202835,0.13133928179740906,0.1161990612745285,0.11649144440889359,0.03392656892538071,0.0002923831343650818,714.0,521.0,659.0,842.0
ej31gymd,0.2369956374168396,0.33362528681755066,0.2497289776802063,0.2937704920768738,0.810982882976532,1.1416429281234741,0.8545554876327515,1.0052624940872192,-0.16934093832969666,-0.08103307336568832,-0.12626194953918457,3.812443733215332,0.7757843732833862,1.289013147354126,1.0498994588851929,0.09662964940071106,0.04404151439666748,0.0545816533267498,0.07052938640117645,0.0585564486682415,0.07209022343158722,0.01594773307442665,0.013533774763345718,714.0,521.0,659.0,842.0
m0l2ljk4,0.3554551601409912,0.3665403723716736,0.28861600160598755,0.2765197455883026,1.209210753440857,1.246921181678772,0.9818328619003296,0.9406830668449402,-0.015353552997112274,0.021404122933745384,0.000785524258390069,4.378647804260254,1.001570701599121,0.9984285831451416,1.2775590419769287,0.011085212230682373,0.012096256017684937,0.0988847091794014,0.09119268506765366,0.0879104807972908,0.09169325977563858,0.007692024111747742,0.0037827789783477783,714.0,521.0,659.0,842.0
q5v7c6s5,0.2977759540081024,0.4349483251571655,0.2786327004432678,0.3632936477661133,1.060056209564209,1.5483777523040771,0.9919078946113586,1.2932934761047363,-0.18720844388008118,-0.1318855583667755,-0.16137424111366272,4.893635272979736,0.7220966815948486,1.3848519325256348,1.1414443254470825,0.1371723711490631,0.08466094732284546,0.11161301285028458,0.11134514212608337,0.10076683014631271,0.10618317127227783,0.0002678707242012024,0.005416341125965118,714.0,521.0,659.0,842.0
nkb4ehou,0.2926717698574066,0.31243154406547546,0.2212831974029541,0.3184780478477478,1.037054419517517,1.1070713996887207,0.7840958833694458,1.128496527671814,-0.032655153423547745,-0.18006974458694458,-0.10215572267770767,4.056718349456787,0.8146241307258606,1.227555513381958,1.121055245399475,0.019759774208068848,0.0971948504447937,0.0714145228266716,0.09054936468601227,0.06073516234755516,0.0938728079199791,0.019134841859340668,0.033137645572423935,714.0,521.0,659.0,842.0
6qlz2rwg,0.5248159766197205,0.5284716486930847,0.44811302423477173,0.5000342130661011,1.2103649377822876,1.218795895576477,1.0334675312042236,1.1532115936279297,-0.003470722120255232,-0.05476062372326851,-0.027768466621637344,4.615839958190918,0.94596266746521,1.0571221113204956,1.110889196395874,0.003655672073364258,0.051921188831329346,0.12181132286787033,0.11864582449197769,0.13856074213981628,0.09478628635406494,0.003165498375892639,0.04377445578575134,714.0,521.0,659.0,842.0
waj1g1r1,0.5266302824020386,0.47316837310791016,0.4295225441455841,0.5935417413711548,1.0912929773330688,0.9805082082748413,0.890064537525177,1.2299481630325317,0.053472623229026794,-0.16032135486602783,-0.05465386062860489,4.191813945770264,0.896355926990509,1.1156260967254639,0.9772579669952393,0.05346190929412842,0.16401919722557068,0.11813502013683319,0.09210369735956192,0.11641927808523178,0.09886769205331802,0.02603132277727127,0.017551586031913757,714.0,521.0,659.0,842.0
dwwo8nbh,0.40993162989616394,0.5459632277488708,0.409578412771225,0.49263331294059753,0.8661820292472839,1.1536157131195068,0.8654357194900513,1.0409300327301025,-0.14230796694755554,-0.09205689281225204,-0.11790838837623596,3.9261634349823,0.7890545129776001,1.2673368453979492,1.0595004558563232,0.1360315978527069,0.08305490016937256,0.12262920290231705,0.12695884704589844,0.12289061397314072,0.14843837916851044,0.00432964414358139,0.02554776519536972,714.0,521.0,659.0,842.0
nal3gywi,0.3463277816772461,0.4642031788825989,0.32592466473579407,0.41349613666534424,1.0096317529678345,1.3532679080963135,0.9501515626907349,1.2054442167282104,-0.14542967081069946,-0.11843236535787582,-0.1325504332780838,4.518495559692383,0.7659247517585754,1.305607795715332,1.0961686372756958,0.11787539720535278,0.08757147192955017,0.08209085464477539,0.07951962947845459,0.06569517403841019,0.09284358471632004,0.0025712251663208008,0.02714841067790985,714.0,521.0,659.0,842.0
ymenvg3k,0.25271594524383545,0.38468223810195923,0.25453710556030273,0.3256104588508606,0.9417338967323303,1.4334999322891235,0.9485203623771667,1.213371753692627,-0.20703868567943573,-0.12250888347625732,-0.16676127910614014,4.537126064300537,0.7141454815864563,1.4002701044082642,1.0986809730529785,0.13196629285812378,0.07107335329055786,0.08396865427494049,0.09944753348827362,0.07758595049381256,0.08819341659545898,0.01547887921333313,0.010607466101646423,714.0,521.0,659.0,842.0
k0vm59m6,0.3660963773727417,0.38265302777290344,0.32572492957115173,0.31982770562171936,1.2220176458358765,1.2772831916809082,1.08725905418396,1.0675742626190186,-0.022112376987934113,0.009135141968727112,-0.007644963916391134,4.654134273529053,0.9848246574401855,1.0154062509536743,1.1598562002182007,0.016556650400161743,0.005897223949432373,0.0694180279970169,0.08790125697851181,0.08997553586959839,0.05803452432155609,0.018483228981494904,0.0319410115480423,714.0,521.0,659.0,842.0
mg87oi0e,0.287615567445755,0.31073451042175293,0.2826741933822632,0.3161589801311493,1.028504729270935,1.1111774444580078,1.0108345746994019,1.130575180053711,-0.038637757301330566,-0.055916622281074524,-0.04728076979517937,4.281092166900635,0.9097059965133667,1.099252462387085,0.9991914629936218,0.023118942975997925,0.03348478674888611,0.05518202856183052,0.05560709908604622,0.06487584114074707,0.07890953868627548,0.00042507052421569824,0.014033697545528412,714.0,521.0,659.0,842.0
0vgnxb5j,0.27687868475914,0.3760921359062195,0.23429135978221893,0.3037281334400177,1.0867780447006226,1.4762012958526611,0.9196183085441589,1.1921650171279907,-0.15194140374660492,-0.12905971705913544,-0.1416049599647522,4.674762725830078,0.7519181966781616,1.3299272060394287,1.2136541604995728,0.09921345114707947,0.06943677365779877,0.10057178139686584,0.1699308156967163,0.05532391741871834,0.08282145857810974,0.06935903429985046,0.027497541159391403,714.0,521.0,659.0,842.0
tb9xxayp,0.23546209931373596,0.31351619958877563,0.19460304081439972,0.2733883857727051,0.9812024831771851,1.3064645528793335,0.810937225818634,1.1392464637756348,-0.142180398106575,-0.16834747791290283,-0.15422217547893524,4.237850666046143,0.7327671647071838,1.3646843433380127,1.1730495691299438,0.07805410027503967,0.07878534495830536,0.0735861286520958,0.054745763540267944,0.06862808018922806,0.08377646654844284,0.01884036511182785,0.015148386359214783,714.0,521.0,659.0,842.0
ntrfzwkx,0.27725479006767273,0.3029124438762665,0.26503807306289673,0.25364166498184204,0.9585794806480408,1.047288179397583,0.9163414835929871,0.876939594745636,-0.04422450438141823,0.021971913054585457,-0.012978361919522285,3.7991487979888916,0.9743740558624268,1.0262961387634277,1.1185439825057983,0.02565765380859375,0.011396408081054688,0.07368046790361404,0.07877310365438461,0.07452194392681122,0.07779600471258163,0.005092635750770569,0.0032740607857704163,714.0,521.0,659.0,842.0
xjve3dze,0.48810043931007385,0.5134018659591675,0.465752512216568,0.5149155855178833,1.0701723098754883,1.1256463527679443,1.0211739540100098,1.128965139389038,-0.025263449177145958,-0.05013217404484749,-0.0375671349465847,4.3459577560424805,0.927585244178772,1.0780658721923828,1.0212438106536865,0.025301426649093628,0.04916307330131531,0.10347461700439453,0.09569995105266571,0.09911926835775375,0.13897660374641418,0.007774665951728821,0.03985733538866043,714.0,521.0,659.0,842.0
edhhjshz,0.23123374581336975,0.30703121423721313,0.22120581567287445,0.2443423569202423,0.988635241985321,1.3127057552337646,0.9457610249519348,1.0446808338165283,-0.14081786572933197,-0.049697309732437134,-0.09855814278125763,4.291782855987549,0.8205665349960327,1.2186652421951294,1.1561936140060425,0.07579746842384338,0.02313654124736786,0.05929199978709221,0.11224014312028885,0.05332895368337631,0.05425651744008064,0.05294814333319664,0.0009275637567043304,714.0,521.0,659.0,842.0
kbrh7lay,0.17814670503139496,0.296581894159317,0.18164117634296417,0.3123127520084381,0.7033076286315918,1.1708794832229614,0.7171035408973694,1.2329834699630737,-0.2494792640209198,-0.26454147696495056,-0.25716009736061096,3.8242740631103516,0.5908859372138977,1.6923664808273315,0.9610766768455505,0.11843518912792206,0.13067157566547394,0.05332675948739052,0.08718586713075638,0.0740673840045929,0.13791513442993164,0.03385910764336586,0.06384775042533875,714.0,521.0,659.0,842.0
64yfds0d,0.19562357664108276,0.2967950701713562,0.19867725670337677,0.29205602407455444,0.6883220076560974,1.0443044900894165,0.699066698551178,1.0276296138763428,-0.205457866191864,-0.19028376042842865,-0.19788403809070587,3.459322690963745,0.6696092486381531,1.4934018850326538,1.0034323930740356,0.10117149353027344,0.09337876737117767,0.06773840636014938,0.08488108962774277,0.06199008598923683,0.08181815594434738,0.017142683267593384,0.01982806995511055,714.0,521.0,659.0,842.0
ji9kqdgb,0.17679361999034882,0.2770039737224579,0.1630881428718567,0.19102293252944946,0.911660373210907,1.4284086227416992,0.8409861922264099,0.9850357174873352,-0.22082561254501343,-0.07888685911893845,-0.1586131900548935,4.166090965270996,0.7261998057365417,1.3770244121551514,1.2815083265304565,0.10021035373210907,0.027934789657592773,0.0900474563241005,0.13423991203308105,0.05000646412372589,0.04867258295416832,0.04419245570898056,0.0013338811695575714,714.0,521.0,659.0,842.0
k2l0d1b4,0.2337629795074463,0.31834107637405396,0.18990333378314972,0.23265863955020905,0.8851649761199951,1.205427646636963,0.7190864086151123,0.880983293056488,-0.15319202840328217,-0.10118090361356735,-0.13064298033714294,3.690662384033203,0.768903374671936,1.3005480766296387,1.3065603971481323,0.08457809686660767,0.042755305767059326,0.06999074667692184,0.09177156537771225,0.0863325297832489,0.10224859416484833,0.021780818700790405,0.015916064381599426,714.0,521.0,659.0,842.0
xgmpw5d3,0.2286023199558258,0.34716281294822693,0.3570980727672577,0.36240607500076294,0.8550504446029663,1.2985070943832397,1.3356683254241943,1.3555220365524292,-0.20591779053211212,-0.007377295754849911,-0.09563136845827103,4.844748020172119,0.8254302144050598,1.2114856243133545,0.8002238273620605,0.11856049299240112,0.005308002233505249,0.07641390711069107,0.086884044110775,0.08100489526987076,0.07842922955751419,0.010470137000083923,0.0025756657123565674,714.0,521.0,659.0,842.0
go8jn42x,0.30808737874031067,0.37526464462280273,0.29289281368255615,0.3356425166130066,1.0513224601745605,1.2805593013763428,0.9994722604751587,1.1453521251678467,-0.0983053669333458,-0.06801468878984451,-0.08379296213388443,4.476706504821777,0.8453695774078369,1.1829109191894531,1.0872116088867188,0.06717726588249207,0.04274970293045044,0.08832250535488129,0.08748400956392288,0.060955293476581573,0.05933991074562073,0.0008384957909584045,0.001615382730960846,714.0,521.0,659.0,842.0
2ezc7fov,0.4305579662322998,0.48704275488853455,0.43710488080978394,0.42788171768188477,1.1557332277297974,1.3073536157608032,1.173306941986084,1.1485494375228882,-0.06155697628855705,0.010662768967449665,-0.026512939482927322,4.784943103790283,0.9483426213264465,1.0544688701629639,1.0608253479003906,0.05648478865623474,0.00922316312789917,0.12116380780935287,0.10740025341510773,0.0917699784040451,0.14333468675613403,0.013763554394245148,0.05156470835208893,714.0,521.0,659.0,842.0
2ygnmby4,0.2533895969390869,0.30899715423583984,0.23045523464679718,0.33055534958839417,1.0047619342803955,1.2252618074417114,0.9138206839561462,1.310746192932129,-0.09887760877609253,-0.17842788994312286,-0.13860413432121277,4.454590797424316,0.7565353512763977,1.3218104839324951,1.0024511814117432,0.05560755729675293,0.10010011494159698,0.0901392325758934,0.0788215696811676,0.06679245829582214,0.08776585757732391,0.0113176628947258,0.02097339928150177,714.0,521.0,659.0,842.0
9e7eobjl,0.4898412227630615,0.6156492233276367,0.3992525339126587,0.51543790102005,1.2337555885314941,1.550626277923584,1.0055912733078003,1.2982255220413208,-0.11380278319120407,-0.12702137231826782,-0.11978789418935776,5.088198661804199,0.7860518097877502,1.272178292274475,1.2085938453674316,0.1258080005645752,0.11618536710739136,0.19544386863708496,0.11348412930965424,0.2195221185684204,0.16731487214565277,0.08195973932743073,0.05220724642276764,714.0,521.0,659.0,842.0
zy1uu9ym,0.16925938427448273,0.3740241229534149,0.20281246304512024,0.3727867901325226,0.5990931391716003,1.3238574266433716,0.7178542017936707,1.319477915763855,-0.3769014775753021,-0.2952992618083954,-0.33492225408554077,3.960282802581787,0.49821361899375916,2.0071630477905273,0.9438555836677551,0.2047647386789322,0.16997432708740234,0.07849186658859253,0.1351615935564041,0.08119923621416092,0.15989848971366882,0.056669726967811584,0.0786992534995079,714.0,521.0,659.0,842.0
szdximyn,0.35496899485588074,0.40359318256378174,0.2984805703163147,0.3996118903160095,1.097246527671814,1.2475489377975464,0.9226348400115967,1.2352423667907715,-0.06410037726163864,-0.1448678821325302,-0.10280779004096985,4.5026726722717285,0.8135515451431274,1.2291749715805054,1.0866198539733887,0.048624187707901,0.10113131999969482,0.07798762619495392,0.068047434091568,0.10264065861701965,0.06958211958408356,0.009940192103385925,0.033058539032936096,714.0,521.0,659.0,842.0
4u9bxf44,0.213077113032341,0.32500746846199036,0.25172409415245056,0.24962633848190308,0.7012088894844055,1.0695570707321167,0.8283910155296326,0.8214876055717468,-0.20801590383052826,0.004184202291071415,-0.10566561669111252,3.420644760131836,0.8088635802268982,1.236297607421875,1.0732682943344116,0.11193035542964935,0.0020977556705474854,0.07826641947031021,0.08358747512102127,0.07227663695812225,0.08314903825521469,0.00532105565071106,0.010872401297092438,714.0,521.0,659.0,842.0
5cri8bix,0.28575724363327026,0.360626757144928,0.23389866948127747,0.3508043587207794,0.8808739185333252,1.1116663217544556,0.7210149168968201,1.0813878774642944,-0.11582804471254349,-0.19993993639945984,-0.1557770073413849,3.794942855834961,0.730436384677887,1.3690400123596191,1.1054892539978027,0.07486951351165771,0.11690568923950195,0.08226264268159866,0.07303989678621292,0.04712255671620369,0.08502564579248428,0.009222745895385742,0.037903089076280594,714.0,521.0,659.0,842.0
oiq2q4qe,0.39912649989128113,0.47759056091308594,0.3861299455165863,0.4073096215724945,1.1656800508499146,1.3948404788970947,1.1277226209640503,1.1895794868469238,-0.08949747681617737,-0.02669346146285534,-0.059661295264959335,4.8778228759765625,0.8873944878578186,1.126891851425171,1.1049561500549316,0.07846406102180481,0.021179676055908203,0.0779833123087883,0.10039128363132477,0.09422613680362701,0.09153822064399719,0.02240797132253647,0.0026879161596298218,714.0,521.0,659.0,842.0
rxdouadv,0.33051344752311707,0.3926308751106262,0.283708781003952,0.4608786404132843,0.9509872794151306,1.1297179460525513,0.8163160681724548,1.3260873556137085,-0.08589895814657211,-0.23794333636760712,-0.1630319505929947,4.223108768463135,0.7196422219276428,1.389575481414795,0.9711999893188477,0.062117427587509155,0.17716985940933228,0.09550368785858154,0.08861405402421951,0.08393720537424088,0.09516707807779312,0.00688963383436203,0.011229872703552246,714.0,521.0,659.0,842.0
ei3zrrhf,0.263843297958374,0.41547274589538574,0.29043200612068176,0.40182381868362427,0.8612422943115234,1.356194019317627,0.9480336904525757,1.311640977859497,-0.22320865094661713,-0.16091109812259674,-0.19176620244979858,4.477110862731934,0.6781805157661438,1.4745291471481323,0.9813063144683838,0.15162944793701172,0.1113918125629425,0.12198657542467117,0.19334860146045685,0.12182523310184479,0.16319231688976288,0.07136202603578568,0.04136708378791809,714.0,521.0,659.0,842.0
4abufwbu,0.30669131875038147,0.6490235328674316,0.27681857347488403,0.281241238117218,1.279421091079712,2.7075247764587402,1.1548012495040894,1.1732511520385742,-0.3581945598125458,-0.007925058715045452,-0.22906622290611267,6.314998149871826,0.6272507905960083,1.5942542552947998,1.7125638723373413,0.34233221411705017,0.004422664642333984,0.09425906091928482,0.413189172744751,0.08763790130615234,0.08915872126817703,0.31893011927604675,0.0015208199620246887,714.0,521.0,659.0,842.0
cjg8vuaz,0.3381323218345642,0.4851592481136322,0.2538324296474457,0.27960023283958435,1.063840627670288,1.5264205932617188,0.7986141443252563,0.8796854615211487,-0.1785840541124344,-0.04830554127693176,-0.12736165523529053,4.268560886383057,0.7740524411201477,1.291898250579834,1.5433812141418457,0.147026926279068,0.025767803192138672,0.11106420308351517,0.14112325012683868,0.11213671416044235,0.10109369456768036,0.030059047043323517,0.011043019592761993,714.0,521.0,659.0,842.0
xkdq95g3,0.33794471621513367,0.3497512936592102,0.2995562255382538,0.351265013217926,1.0730482339859009,1.110536813735962,0.9511564373970032,1.1153430938720703,-0.017168283462524414,-0.07945147901773453,-0.04745200276374817,4.25008487701416,0.9093939661979675,1.0996299982070923,1.0566571950912476,0.011806577444076538,0.05170878767967224,0.11900575459003448,0.1274874061346054,0.09437373280525208,0.1016838401556015,0.008481651544570923,0.007310107350349426,714.0,521.0,659.0,842.0
v23gxj0m,0.2487618625164032,0.6252070665359497,0.21103188395500183,0.3050764799118042,1.0940994024276733,2.7497732639312744,0.9281561970710754,1.3417812585830688,-0.4307301342487335,-0.18221832811832428,-0.33846279978752136,6.113810062408447,0.49425065517425537,2.0232582092285156,1.693379282951355,0.3764452040195465,0.09404459595680237,0.1101226657629013,0.35001450777053833,0.08951904624700546,0.12834566831588745,0.23989184200763702,0.03882662206888199,714.0,521.0,659.0,842.0
qvindh4s,0.16262127459049225,0.24775080382823944,0.1295236349105835,0.1682501882314682,0.8495883345603943,1.2943336963653564,0.6766750812530518,0.8789956569671631,-0.2074442207813263,-0.13005313277244568,-0.17490170896053314,3.6995928287506104,0.7022680044174194,1.4239493608474731,1.3781287670135498,0.08512952923774719,0.038726553320884705,0.07035011798143387,0.08849246054887772,0.05686429515480995,0.07104331254959106,0.018142342567443848,0.014179017394781113,714.0,521.0,659.0,842.0
pfdrwb2s,0.23012779653072357,0.46977052092552185,0.2221592217683792,0.2501915693283081,1.0858969688415527,2.216691732406616,1.0482958555221558,1.18057119846344,-0.34239599108695984,-0.059346336871385574,-0.22834300994873047,5.5314555168151855,0.628208577632904,1.5918221473693848,1.4817310571670532,0.23964272439479828,0.028032347559928894,0.07865721732378006,0.24418340623378754,0.05025140196084976,0.07029881328344345,0.16552618145942688,0.02004741132259369,714.0,521.0,659.0,842.0
erev361x,0.23361709713935852,0.3457459807395935,0.21298736333847046,0.2631402611732483,1.0096067190170288,1.4941861629486084,0.9204525947570801,1.1371948719024658,-0.1935378462076187,-0.10533476620912552,-0.15374994277954102,4.561440467834473,0.733476459980011,1.3633649349212646,1.2168205976486206,0.11212888360023499,0.05015289783477783,0.08937414735555649,0.1759488433599472,0.08085275441408157,0.10998935252428055,0.08657469600439072,0.029136598110198975,714.0,521.0,659.0,842.0
snbti22n,0.38759538531303406,0.3490201234817505,0.3422462046146393,0.35118263959884644,1.3108032941818237,1.1803462505340576,1.1574375629425049,1.1876596212387085,0.0523681715130806,-0.01288729440420866,0.0207257941365242,4.836246490478516,1.0423274040222168,0.9593887329101562,1.0622782707214355,0.03857526183128357,0.008936434984207153,0.11601812392473221,0.11400055885314941,0.09438242763280869,0.08787521719932556,0.002017565071582794,0.006507210433483124,714.0,521.0,659.0,842.0
v01zderi,0.3197907507419586,0.3746758997440338,0.23133210837841034,0.2903914749622345,1.0908979177474976,1.278126835823059,0.7891401052474976,0.9906085729598999,-0.07903197407722473,-0.11320027709007263,-0.09368965774774551,4.148773670196533,0.8286709189414978,1.2067475318908691,1.331098198890686,0.054885149002075195,0.05905936658382416,0.10833501815795898,0.1165504902601242,0.09416819363832474,0.08182007074356079,0.008215472102165222,0.012348122894763947,714.0,521.0,659.0,842.0
4k5ogz2u,0.3805135190486908,0.47238031029701233,0.4311249256134033,0.4489031434059143,0.8663206100463867,1.0754750967025757,0.9815483689308167,1.0220242738723755,-0.10771174728870392,-0.020201852545142174,-0.06327171623706818,3.9453682899475098,0.8809857368469238,1.1350895166397095,0.9691655039787292,0.09186679124832153,0.017778217792510986,0.12638123333454132,0.18321777880191803,0.1636934131383896,0.1962120682001114,0.05683654546737671,0.0325186550617218,714.0,521.0,659.0,842.0
eaxylnfx,0.358003705739975,0.30241936445236206,0.2185479700565338,0.2987370491027832,1.275343656539917,1.077331304550171,0.7785499691963196,1.064213514328003,0.08416461944580078,-0.1550188511610031,-0.020892033353447914,4.195438385009766,0.9590693712234497,1.0426738262176514,1.2767077684402466,0.055584341287612915,0.08018907904624939,0.0906885638833046,0.07434181869029999,0.054786939173936844,0.07948816567659378,0.016346745193004608,0.024701226502656937,714.0,521.0,659.0,842.0
j4pnjy1o,0.3429078459739685,0.4528539180755615,0.2640162408351898,0.30667904019355774,1.244490385055542,1.6435096263885498,0.9581748843193054,1.11300790309906,-0.13816438615322113,-0.0747556984424591,-0.11168208718299866,4.9591827392578125,0.7990742921829224,1.2514443397521973,1.3943699598312378,0.10994607210159302,0.04266279935836792,0.12982694804668427,0.21369007229804993,0.11235786974430084,0.14056316018104553,0.08386312425136566,0.02820529043674469,714.0,521.0,659.0,842.0
2rntjlmz,0.24537137150764465,0.3188542425632477,0.2478201985359192,0.3148193359375,1.0275511741638184,1.3352781534194946,1.0378061532974243,1.3183810710906982,-0.1302364468574524,-0.1190798208117485,-0.12466607987880707,4.719016075134277,0.7783042192459106,1.2848399877548218,1.002817153930664,0.07348287105560303,0.06699913740158081,0.11039087921380997,0.15156815946102142,0.07715712487697601,0.09979165345430374,0.041177280247211456,0.02263452857732773,714.0,521.0,659.0,842.0
04x0qzfh,0.14485079050064087,0.28398704528808594,0.2623337209224701,0.2725410461425781,0.588962197303772,1.1546891927719116,1.066646933555603,1.1081498861312866,-0.324448823928833,-0.019083542749285698,-0.15496677160263062,3.9184484481811523,0.7316499948501587,1.3667678833007812,0.8017521500587463,0.13913625478744507,0.010207325220108032,0.06196563318371773,0.17959614098072052,0.0977729931473732,0.08377916365861893,0.11763051152229309,0.013993829488754272,714.0,521.0,659.0,842.0
omtzzf8a,0.4061442017555237,0.41870900988578796,0.35370057821273804,0.38123759627342224,1.199419617652893,1.2365258932113647,1.0445438623428345,1.1258658170700073,-0.015232762321829796,-0.03746843338012695,-0.025709722191095352,4.6063551902771,0.9498681426048279,1.0527749061584473,1.1223421096801758,0.012564808130264282,0.027537018060684204,0.09051310271024704,0.09247077256441116,0.0649264007806778,0.10127367824316025,0.0019576698541641235,0.03634727746248245,714.0,521.0,659.0,842.0
df7pchcb,0.3409242033958435,0.35572975873947144,0.39093729853630066,0.4436050355434418,0.9518930912017822,0.9932315945625305,1.0915344953536987,1.2385878562927246,-0.021252350881695747,-0.06310965120792389,-0.04406571015715599,4.275247097015381,0.9155870079994202,1.092192530632019,0.8347726464271545,0.01480555534362793,0.05266773700714111,0.1070721372961998,0.08610847592353821,0.10591273009777069,0.14027629792690277,0.02096366137266159,0.03436356782913208,714.0,521.0,659.0,842.0
n9wszv83,0.17930421233177185,0.2876303493976593,0.24645079672336578,0.2682841122150421,0.7509055733680725,1.204563021659851,1.0321078300476074,1.1235432624816895,-0.23199374973773956,-0.0424165353178978,-0.13258974254131317,4.111119747161865,0.7658628821372986,1.305711269378662,0.9071341753005981,0.10832613706588745,0.02183331549167633,0.052161265164613724,0.10853129625320435,0.06729397922754288,0.07322346419095993,0.05637003108859062,0.005929484963417053,714.0,521.0,659.0,842.0
xphx2kbv,0.17652611434459686,0.21188905835151672,0.1800505667924881,0.1984541416168213,0.8389477729797363,1.0070116519927979,0.8556978702545166,0.94316166639328,-0.09104395657777786,-0.048621658235788345,-0.07010699808597565,3.6448190212249756,0.8689696788787842,1.1507819890975952,1.0261805057525635,0.03536294400691986,0.01840357482433319,0.0646810308098793,0.093802809715271,0.06322336196899414,0.09041579067707062,0.029121778905391693,0.027192428708076477,714.0,521.0,659.0,842.0
sigbiaf9,0.23566876351833344,0.24573737382888794,0.21591365337371826,0.2307094782590866,1.0393238067626953,1.0837273597717285,0.9522017240524292,1.0174528360366821,-0.0209149569272995,-0.03312813490629196,-0.026792697608470917,4.092705726623535,0.9478107690811157,1.0550583600997925,1.0778775215148926,0.010068610310554504,0.014795824885368347,0.0638040155172348,0.08727817982435226,0.06641007959842682,0.09183835983276367,0.023474164307117462,0.025428280234336853,714.0,521.0,659.0,842.0
2movs0cd,0.25817906856536865,0.268111914396286,0.21017271280288696,0.2387518733739853,1.1570841073989868,1.201600193977356,0.9419334530830383,1.0700169801712036,-0.01887325942516327,-0.06366124004125595,-0.039490707218647,4.37063455581665,0.9240171909332275,1.0822263956069946,1.1723345518112183,0.009932845830917358,0.028579160571098328,0.09551368653774261,0.10513786971569061,0.0737384483218193,0.09811968356370926,0.009624183177947998,0.024381235241889954,714.0,521.0,659.0,842.0
k36m8jvh,0.33898037672042847,0.4834250211715698,0.2683672606945038,0.3104025721549988,1.0062652826309204,1.4350500106811523,0.7966498136520386,0.921431839466095,-0.17563657462596893,-0.07262859493494034,-0.13308817148208618,4.159397125244141,0.7650865912437439,1.3070378303527832,1.4209517240524292,0.14444464445114136,0.042035311460494995,0.10555209964513779,0.11694313585758209,0.1393740326166153,0.1088881716132164,0.011391036212444305,0.030485861003398895,714.0,521.0,659.0,842.0
7ujodck8,0.2135118544101715,0.2417476326227188,0.19775284826755524,0.20472590625286102,1.09457266330719,1.2393239736557007,1.0137838125228882,1.04953134059906,-0.06202114373445511,-0.01732523925602436,-0.04104839637875557,4.397212028503418,0.9211381077766418,1.0856083631515503,1.131136417388916,0.028235778212547302,0.006973057985305786,0.04669341817498207,0.0651077926158905,0.047947630286216736,0.06673562526702881,0.018414374440908432,0.018787994980812073,714.0,521.0,659.0,842.0
2853uy8u,0.2223936915397644,0.3056619465351105,0.13805235922336578,0.2614627182483673,0.9698832631111145,1.3330252170562744,0.6020614504814148,1.1402676105499268,-0.15768809616565704,-0.30889958143234253,-0.22281686961650848,4.0452375411987305,0.6355664134025574,1.573392391204834,1.3217381238937378,0.08326825499534607,0.12341035902500153,0.06224178895354271,0.1028662919998169,0.08678213506937027,0.09447838366031647,0.040624503046274185,0.0076962485909461975,714.0,521.0,659.0,842.0
118qqvae,0.6385672092437744,0.38832998275756836,0.6228893399238586,0.5811626315116882,1.7051973342895508,1.0369765758514404,1.6633319854736328,1.5519070625305176,0.2436826229095459,0.03465520963072777,0.13086974620819092,5.957413196563721,1.301149845123291,0.7685496211051941,0.8528671264648438,0.25023722648620605,0.04172670841217041,0.1663782000541687,0.11635997891426086,0.264986515045166,0.26411813497543335,0.05001822113990784,0.000868380069732666,714.0,521.0,659.0,842.0
cw9yil8s,0.305368036031723,0.47947269678115845,0.36273109912872314,0.35046014189720154,0.8403326869010925,1.3194458484649658,0.9981882572174072,0.9644201993942261,-0.22183410823345184,0.017205677926540375,-0.108030766248703,4.122386932373047,0.8050029277801514,1.2422281503677368,1.1004616022109985,0.17410466074943542,0.012270957231521606,0.1767629086971283,0.16093946993350983,0.1626654416322708,0.14021846652030945,0.01582343876361847,0.022446975111961365,714.0,521.0,659.0,842.0
a3idy3c7,0.1732119619846344,0.25331851840019226,0.18570639193058014,0.23451820015907288,0.8393766283988953,1.2275691032409668,0.8999240398406982,1.1364636421203613,-0.18780924379825592,-0.1161561906337738,-0.15224967896938324,4.103333473205566,0.7357330918312073,1.3591818809509277,1.0150035619735718,0.08010655641555786,0.04881180822849274,0.04845748096704483,0.08872837573289871,0.05880111828446388,0.05294760316610336,0.04027089476585388,0.005853515118360519,714.0,521.0,659.0,842.0
rm6j8y6r,0.28423011302948,0.35525619983673096,0.2137690633535385,0.23509575426578522,1.035373330116272,1.2941021919250488,0.7787027955055237,0.8563901782035828,-0.11106722801923752,-0.047512397170066833,-0.0848555788397789,3.9645683765411377,0.8435617685317993,1.1854451894760132,1.4246714115142822,0.07102608680725098,0.021326690912246704,0.1070391833782196,0.11341315507888794,0.07808291167020798,0.07865551114082336,0.006373971700668335,0.000572599470615387,714.0,521.0,659.0,842.0
h05hhiwf,0.21478107571601868,0.2315835803747177,0.20589959621429443,0.2328081578016281,1.1311376094818115,1.2196273803710938,1.084363579750061,1.226076602935791,-0.037642914801836014,-0.061335816979408264,-0.04938693717122078,4.661205291748047,0.9058725833892822,1.1039029359817505,1.0174509286880493,0.016802504658699036,0.02690856158733368,0.07380595803260803,0.09737882018089294,0.05114973708987236,0.1489509791135788,0.023572862148284912,0.09780123829841614,714.0,521.0,659.0,842.0
d7yxw1tb,0.27616479992866516,0.3146321773529053,0.29151487350463867,0.3340098261833191,0.9092430472373962,1.0358927249908447,0.9597814679145813,1.09969162940979,-0.06511088460683823,-0.0679347813129425,-0.06656322628259659,4.004609107971191,0.8751803636550903,1.1426178216934204,0.9444806575775146,0.03846737742424011,0.04249495267868042,0.09971103817224503,0.10516474395990372,0.11699609458446503,0.11778490990400314,0.005453705787658691,0.0007888153195381165,714.0,521.0,659.0,842.0
rwr965r9,0.27906787395477295,0.48381635546684265,0.2831534445285797,0.2737748324871063,1.1588844060897827,2.0091428756713867,1.175850510597229,1.136904001235962,-0.26838698983192444,0.01683986186981201,-0.1480284184217453,5.480781555175781,0.7421159744262695,1.3474940061569214,1.3698045015335083,0.2047484815120697,0.009378612041473389,0.0820998102426529,0.20726260542869568,0.0839899554848671,0.09180557727813721,0.12516279518604279,0.007815621793270111,714.0,521.0,659.0,842.0
6khub2rt,0.19441473484039307,0.37784960865974426,0.18308250606060028,0.20530249178409576,1.022416114807129,1.98708975315094,0.9628205895423889,1.079674243927002,-0.320541650056839,-0.05721108615398407,-0.21407878398895264,5.052000522613525,0.6473381519317627,1.5447808504104614,1.4734420776367188,0.1834348738193512,0.022219985723495483,0.07041413336992264,0.2510838806629181,0.039974380284547806,0.09614590555429459,0.18066975474357605,0.05617152526974678,714.0,521.0,659.0,842.0
soyg9zqy,0.3175317645072937,0.3880208730697632,0.28049740195274353,0.39197838306427,0.9099351167678833,1.1119322776794434,0.8038076162338257,1.1232731342315674,-0.09990609437227249,-0.16577668488025665,-0.13205097615718842,3.9489481449127197,0.7667037844657898,1.3042808771133423,1.049185037612915,0.07048910856246948,0.11148098111152649,0.10481679439544678,0.09483259916305542,0.08916839957237244,0.11498573422431946,0.009984195232391357,0.02581733465194702,714.0,521.0,659.0,842.0
ahulwjti,0.18557468056678772,0.2893279194831848,0.23147663474082947,0.21879710257053375,0.8543269038200378,1.331973910331726,1.0656448602676392,1.0072723627090454,-0.2184721976518631,0.028159543871879578,-0.09843917191028595,4.259217739105225,0.8207635283470154,1.2183723449707031,1.0546951293945312,0.1037532389163971,0.012679532170295715,0.0650419145822525,0.12844839692115784,0.08048352599143982,0.08811812847852707,0.06340648233890533,0.00763460248708725,714.0,521.0,659.0,842.0
qwnrhzn4,0.2047138810157776,0.3462449610233307,0.3501514792442322,0.3197612166404724,0.7773428559303284,1.3147670030593872,1.3296009302139282,1.2142025232315063,-0.25688090920448303,0.045364443212747574,-0.0910339504480362,4.635913372039795,0.8331221342086792,1.2003002166748047,0.8224325776100159,0.1415310800075531,0.030390262603759766,0.10759728401899338,0.23131416738033295,0.15282602608203888,0.13108289241790771,0.12371688336133957,0.021743133664131165,714.0,521.0,659.0,842.0
kgeuidji,0.39027297496795654,0.4448058307170868,0.4461081922054291,0.45821306109428406,1.0392446517944336,1.1844583749771118,1.1879264116287231,1.2201600074768066,-0.06530256569385529,-0.013385569676756859,-0.038310710340738297,4.631789207458496,0.9262046217918396,1.0796725749969482,0.9234305620193481,0.05453285574913025,0.01210486888885498,0.08715943992137909,0.15700408816337585,0.10016241669654846,0.1776755303144455,0.06984464824199677,0.07751311361789703,714.0,521.0,659.0,842.0
pnf8f3gr,0.2566559314727783,0.3156142830848694,0.2442610263824463,0.30543747544288635,0.9259346127510071,1.1386380195617676,0.8812176585197449,1.1019232273101807,-0.10302519053220749,-0.11129071563482285,-0.10707493126392365,4.047713279724121,0.8065609931945801,1.239827275276184,1.0410600900650024,0.058958351612091064,0.061176449060440063,0.08048169314861298,0.1254534125328064,0.06955592334270477,0.15629643201828003,0.04497171938419342,0.08674050867557526,714.0,521.0,659.0,842.0
94sz2kuu,0.17530466616153717,0.2546690106391907,0.1525128185749054,0.20305883884429932,0.7234039902687073,1.0509051084518433,0.6293522119522095,0.8379330635070801,-0.18457911908626556,-0.14215384423732758,-0.16537578403949738,3.2415943145751953,0.7161827087402344,1.3962843418121338,1.2092427015304565,0.0793643444776535,0.05054602026939392,0.07850102335214615,0.06514833122491837,0.05470383167266846,0.08922507613897324,0.013352692127227783,0.03452124446630478,714.0,521.0,659.0,842.0
oyc3rwqm,0.20217478275299072,0.2555639147758484,0.28318899869918823,0.2619137763977051,0.7133215069770813,0.9016912579536438,0.9991592168807983,0.924095094203949,-0.11663644015789032,0.039029672741889954,-0.03202288597822189,3.538267135620117,0.9379396438598633,1.066162347793579,0.8397275805473328,0.053389132022857666,0.021275222301483154,0.07096295058727264,0.07184920459985733,0.0813746228814125,0.0751756876707077,0.0008862540125846863,0.0061989352107048035,714.0,521.0,659.0,842.0
mu7jae58,0.2917619049549103,0.38497671484947205,0.24855688214302063,0.3828633427619934,0.8505004048347473,1.1222261190414429,0.7245556116104126,1.1160656213760376,-0.13774102926254272,-0.21270500123500824,-0.17392465472221375,3.813347816467285,0.7036857604980469,1.4210844039916992,1.071770429611206,0.09321480989456177,0.13430646061897278,0.09673644602298737,0.13485494256019592,0.115582674741745,0.14850491285324097,0.03811849653720856,0.03292223811149597,714.0,521.0,659.0,842.0
huxg2myr,0.2598392367362976,0.40030092000961304,0.18649029731750488,0.2641739249229431,1.1569513082504272,1.782366156578064,0.8303602933883667,1.176251769065857,-0.21277521550655365,-0.17237545549869537,-0.19638483226299286,4.945929527282715,0.6717016696929932,1.4887505769729614,1.4648126363754272,0.14046168327331543,0.07768362760543823,0.05424050986766815,0.18797340989112854,0.0715988501906395,0.10661698132753372,0.1337329000234604,0.035018131136894226,714.0,521.0,659.0,842.0
06nkwfg3,0.23083090782165527,0.2718408703804016,0.2674638330936432,0.28241220116615295,0.8815840482711792,1.0382083654403687,1.0214916467666626,1.0785821676254272,-0.08158381283283234,-0.027184927836060524,-0.05316462367773056,4.019866466522217,0.8990365862846375,1.1122974157333374,0.9141530394554138,0.04100996255874634,0.014948368072509766,0.05629883334040642,0.06515064090490341,0.0613936148583889,0.06365843117237091,0.008851807564496994,0.00226481631398201,714.0,521.0,659.0,842.0
mwu4cfil,0.4140619933605194,0.3976260721683502,0.41706573963165283,0.4378551244735718,1.0582691431045532,1.0162618160247803,1.065946102142334,1.1190801858901978,0.020249035209417343,-0.024317292496562004,-0.002612131414934993,4.259557247161865,0.9947881102561951,1.0052367448806763,0.9494295120239258,0.01643592119216919,0.020789384841918945,0.059210341423749924,0.06947299093008041,0.06554071605205536,0.07961501181125641,0.01026264950633049,0.01407429575920105,714.0,521.0,659.0,842.0
kjxjq5nv,0.31716641783714294,0.48543184995651245,0.367394357919693,0.3533554971218109,1.0341540575027466,1.5828009843826294,1.197927474975586,1.1521522998809814,-0.20965062081813812,0.019478105008602142,-0.10124175995588303,4.967034816741943,0.816130518913269,1.2252908945083618,1.1135585308074951,0.1682654321193695,0.01403886079788208,0.0960472822189331,0.224262997508049,0.09429793059825897,0.12205758690834045,0.1282157152891159,0.027759656310081482,714.0,521.0,659.0,842.0
8oga0x7z,0.2786804735660553,0.304959237575531,0.3043452799320221,0.27678921818733215,0.9400029182434082,1.0286425352096558,1.0265716314315796,0.9336236715316772,-0.04502557963132858,0.047417618334293365,0.0010965790133923292,3.9288406372070312,1.002193808555603,0.997807502746582,1.0043091773986816,0.026278764009475708,0.02755606174468994,0.08266180008649826,0.09851057827472687,0.10701514780521393,0.12872283160686493,0.015848778188228607,0.021707683801651,714.0,521.0,659.0,842.0
cgdc5tao,0.3795602023601532,0.4348584711551666,0.25875788927078247,0.4139508605003357,1.220867395401001,1.3987360000610352,0.8323029279708862,1.3314859867095947,-0.06789898127317429,-0.23069825768470764,-0.14154212176799774,4.783391952514648,0.7520149350166321,1.3297572135925293,1.2106539011001587,0.05529826879501343,0.15519297122955322,0.09832288324832916,0.13280820846557617,0.11818595230579376,0.1070016473531723,0.03448532521724701,0.01118430495262146,714.0,521.0,659.0,842.0
1cjfx5li,0.14701460301876068,0.28046485781669617,0.15884073078632355,0.22944046556949615,0.6911686658859253,1.3185664415359497,0.7467675805091858,1.0786824226379395,-0.3121786117553711,-0.18182583153247833,-0.25013431906700134,3.8351850509643555,0.599826455116272,1.667140007019043,1.1009503602981567,0.13345025479793549,0.07059973478317261,0.0626613199710846,0.18212102353572845,0.07820994406938553,0.10732904076576233,0.11945970356464386,0.0291190966963768,714.0,521.0,659.0,842.0
kwe4bx4l,0.35024943947792053,0.42628806829452515,0.3074687123298645,0.38696780800819397,0.9224603176116943,1.122725009918213,0.8097876906394958,1.019166350364685,-0.09791996330022812,-0.11447983235120773,-0.1057378426194191,3.8741393089294434,0.8087458610534668,1.2364789247512817,1.11822509765625,0.07603862881660461,0.07949909567832947,0.13805274665355682,0.13493026793003082,0.14249718189239502,0.22841884195804596,0.003122478723526001,0.08592166006565094,714.0,521.0,659.0,842.0
r9tjq8zg,0.2603320777416229,0.3905982971191406,0.27697446942329407,0.3183320462703705,0.8246044516563416,1.2372239828109741,0.8773193955421448,1.0083199739456177,-0.20012280344963074,-0.06947262585163116,-0.13771353662014008,3.947467803955078,0.7579104900360107,1.3194125890731812,1.093435525894165,0.1302662193775177,0.041357576847076416,0.13748504221439362,0.18791109323501587,0.13145138323307037,0.14066670835018158,0.05042605102062225,0.009215325117111206,714.0,521.0,659.0,842.0
vwwusxlm,0.3749903738498688,0.38221731781959534,0.4066973328590393,0.3738027811050415,1.2273515462875366,1.2510054111480713,1.3311290740966797,1.2234644889831543,-0.009544190019369125,0.04214542359113693,0.016692152246832848,5.032950401306152,1.033949613571167,0.967162549495697,0.9701557755470276,0.0072269439697265625,0.0328945517539978,0.06845796853303909,0.08547207713127136,0.09536594897508621,0.12973183393478394,0.01701410859823227,0.03436588495969772,714.0,521.0,659.0,842.0
t2pnjka3,0.31908631324768066,0.3388669192790985,0.3014061748981476,0.3501867353916168,1.0940521955490112,1.1618740558624268,1.0334322452545166,1.2006863355636597,-0.030063800513744354,-0.07486343383789062,-0.05235489457845688,4.490044593811035,0.9004981517791748,1.1104929447174072,1.0097596645355225,0.019780606031417847,0.04878056049346924,0.11744983494281769,0.13959486782550812,0.11740002036094666,0.07671085745096207,0.02214503288269043,0.04068916290998459,714.0,521.0,659.0,842.0
4mqa78ra,0.24256153404712677,0.2663954198360443,0.2527901530265808,0.2209160178899765,0.8468846678733826,0.9300987720489502,0.8825970888137817,0.7713109850883484,-0.04682878777384758,0.06728657335042953,0.008182093501091003,3.430891752243042,1.0164971351623535,0.9837666153907776,1.0744125843048096,0.02383388578891754,0.03187413513660431,0.055122166872024536,0.05723755061626434,0.08595093339681625,0.059131741523742676,0.002115383744239807,0.026819191873073578,714.0,521.0,659.0,842.0
pkianouo,0.21276836097240448,0.28642892837524414,0.2088547796010971,0.2660340666770935,0.9115694165229797,1.2271554470062256,0.8948023319244385,1.1397771835327148,-0.14755772054195404,-0.12040536105632782,-0.1343204826116562,4.173304557800293,0.7631685137748718,1.3103209733963013,1.0511853694915771,0.07366056740283966,0.0571792870759964,0.09320492297410965,0.145726278424263,0.057116538286209106,0.10571007430553436,0.05252135545015335,0.048593536019325256,714.0,521.0,659.0,842.0
f0onjpi1,0.16434895992279053,0.28916043043136597,0.17728722095489502,0.2531874477863312,0.8257534503936768,1.452855110168457,0.8907603621482849,1.2721127271652222,-0.2752119302749634,-0.17631711065769196,-0.22705328464508057,4.441481590270996,0.6299195289611816,1.5874966382980347,1.0535075664520264,0.12481147050857544,0.07590022683143616,0.06348461657762527,0.16643233597278595,0.06953966617584229,0.08853200078010559,0.10294771939516068,0.018992334604263306,714.0,521.0,659.0,842.0
63yk03o4,0.2416616678237915,0.3063863515853882,0.16496886312961578,0.23202818632125854,0.9491246938705444,1.203330397605896,0.6479141712188721,0.9112892150878906,-0.11810016632080078,-0.1689160019159317,-0.1394471973180771,3.711658477783203,0.7552354335784912,1.3240846395492554,1.380480408668518,0.06472468376159668,0.06705932319164276,0.0753725990653038,0.08826110512018204,0.05857238918542862,0.09799390286207199,0.012888506054878235,0.03942151367664337,714.0,521.0,659.0,842.0
gkwwjwga,0.1736423671245575,0.2683047354221344,0.21423543989658356,0.27547988295555115,0.7353739738464355,1.1362683773040771,0.9072853326797485,1.1666550636291504,-0.2141934037208557,-0.1250610500574112,-0.1673423945903778,3.945582866668701,0.7132917642593384,1.4019445180892944,0.9024552702903748,0.0946623682975769,0.06124444305896759,0.06008527800440788,0.1300327181816101,0.07609444111585617,0.08512742072343826,0.06994743645191193,0.009032979607582092,714.0,521.0,659.0,842.0
btgdjz0i,0.20204764604568481,0.23270472884178162,0.166195809841156,0.156690314412117,0.8112245202064514,0.934313178062439,0.6672788262367249,0.6291140913963318,-0.07051602751016617,0.029439065605401993,-0.027917765080928802,3.041930675506592,0.9456784129142761,1.057436227798462,1.346453070640564,0.030657082796096802,0.009505495429039001,0.10110905021429062,0.08658900111913681,0.044255949556827545,0.06570503860712051,0.014520049095153809,0.02144908905029297,714.0,521.0,659.0,842.0
frml29q2,0.2808707654476166,0.45309683680534363,0.3320487439632416,0.43183451890945435,0.8617950677871704,1.3902359008789062,1.0188243389129639,1.324996829032898,-0.23465046286582947,-0.13062945008277893,-0.18160128593444824,4.595851898193359,0.6926173567771912,1.44379460811615,0.9608361721038818,0.17222607135772705,0.09978577494621277,0.11739329248666763,0.16456547379493713,0.15472768247127533,0.1354372352361679,0.0471721813082695,0.019290447235107422,714.0,521.0,659.0,842.0
l48c1cqg,0.21069113910198212,0.4092789590358734,0.21428845822811127,0.3467205762863159,1.1459757089614868,2.2261199951171875,1.1655420064926147,1.8858569860458374,-0.3203178644180298,-0.23606014251708984,-0.2802926003932953,6.423494815826416,0.5621418952941895,1.7789037227630615,1.1050962209701538,0.1985878199338913,0.13243211805820465,0.046902190893888474,0.2907816171646118,0.05755668133497238,0.31051602959632874,0.24387942254543304,0.25295934081077576,714.0,521.0,659.0,842.0
433e1i1p,0.2971285879611969,0.4183405339717865,0.3374258577823639,0.35696256160736084,0.8749145269393921,1.2318310737609863,0.993572473526001,1.0510995388031006,-0.16941580176353455,-0.028135083615779877,-0.09983178228139877,4.1514177322387695,0.8184587359428406,1.2218050956726074,1.0303572416305542,0.1212119460105896,0.019536703824996948,0.0971311628818512,0.19662998616695404,0.132515549659729,0.17491473257541656,0.09949882328510284,0.04239918291568756,714.0,521.0,659.0,842.0
0bq1s9ry,0.19479326903820038,0.34890303015708923,0.17959582805633545,0.24574850499629974,0.7216773629188538,1.2926288843154907,0.6653732657432556,0.9104582071304321,-0.2834477126598358,-0.15552698075771332,-0.22729921340942383,3.5901379585266113,0.6295930743217468,1.5883204936981201,1.2782466411590576,0.15410976111888885,0.0661526769399643,0.08725467324256897,0.1442243754863739,0.06972236931324005,0.10780022293329239,0.05696970224380493,0.03807785362005234,714.0,521.0,659.0,842.0
llwb7sjw,0.2398788034915924,0.25646281242370605,0.27482402324676514,0.18999835848808289,1.1122254133224487,1.1891189813613892,1.2742528915405273,0.8809490203857422,-0.03341241925954819,0.18249009549617767,0.07099886983633041,4.456546306610107,1.152847409248352,0.8674137592315674,1.0678068399429321,0.016584008932113647,0.08482566475868225,0.10932060331106186,0.1240215003490448,0.1080063208937645,0.0793054923415184,0.01470089703798294,0.028700828552246094,714.0,521.0,659.0,842.0
h55hewlg,0.4760749042034149,0.45904311537742615,0.41847601532936096,0.5072813034057617,1.1510621309280396,1.1098823547363281,1.0117985010147095,1.2265135049819946,0.01821349747478962,-0.09592707455158234,-0.038569748401641846,4.499256134033203,0.9257242679595947,1.0802329778671265,1.0101103782653809,0.01703178882598877,0.08880528807640076,0.14758415520191193,0.13312168419361115,0.15017148852348328,0.14710566401481628,0.014462471008300781,0.003065824508666992,714.0,521.0,659.0,842.0
je2ab2rv,0.2864256203174591,0.4806869626045227,0.33590060472488403,0.44742757081985474,0.662919282913208,1.1125285625457764,0.7774269580841064,1.0355511903762817,-0.25323671102523804,-0.14237560331821442,-0.19722655415534973,3.588426113128662,0.6705266833305359,1.4913609027862549,0.9792978763580322,0.1942613422870636,0.1115269660949707,0.11921133100986481,0.13436591625213623,0.10352213680744171,0.1769636869430542,0.015154585242271423,0.07344155013561249,714.0,521.0,659.0,842.0
ndfdw79w,0.2604227364063263,0.21793346107006073,0.28398770093917847,0.2468406707048416,1.0613932609558105,0.8882216215133667,1.1574358940124512,1.0060374736785889,0.08882331848144531,0.069979228079319,0.07891149073839188,4.113088607788086,1.1713416576385498,0.8537184596061707,0.9011486768722534,0.042489275336265564,0.03714703023433685,0.07415856420993805,0.0746954083442688,0.07653157413005829,0.08108954131603241,0.0005368441343307495,0.004557967185974121,714.0,521.0,659.0,842.0
cxz2ei92,0.328317254781723,0.5194075703620911,0.3013317584991455,0.352251797914505,1.0891637802124023,1.7230892181396484,0.9996418356895447,1.1685645580291748,-0.22541524469852448,-0.07790888100862503,-0.16119952499866486,4.980459213256836,0.7223559021949768,1.3843553066253662,1.297039270401001,0.19109031558036804,0.0509200394153595,0.09243740141391754,0.19552890956401825,0.07236593216657639,0.0905279740691185,0.10309150815010071,0.018162041902542114,714.0,521.0,659.0,842.0
12pgyme6,0.43982556462287903,0.5671359896659851,0.41944387555122375,0.6046825051307678,1.041902780532837,1.343488335609436,0.9936205744743347,1.4324322938919067,-0.12643015384674072,-0.18087460100650787,-0.15388251841068268,4.811444282531738,0.7332780361175537,1.3637365102767944,0.9832386374473572,0.12731042504310608,0.18523862957954407,0.1489294469356537,0.15652279555797577,0.13784177601337433,0.1848183274269104,0.0075933486223220825,0.04697655141353607,714.0,521.0,659.0,842.0
rpkzggm0,0.3380792737007141,0.5178901553153992,0.4220495820045471,0.49403485655784607,0.8343079686164856,1.2780431509017944,1.0415289402008057,1.2191733121871948,-0.21006669104099274,-0.07857921719551086,-0.1420927494764328,4.373053550720215,0.7511704564094543,1.3312528133392334,0.9343773126602173,0.17981088161468506,0.07198527455329895,0.101934514939785,0.14796093106269836,0.15823866426944733,0.15589192509651184,0.04602641612291336,0.002346739172935486,714.0,521.0,659.0,842.0
j36tcfkj,0.43768152594566345,0.5167504549026489,0.3967433273792267,0.4261886477470398,1.078019142150879,1.2727675437927246,0.97718745470047,1.0497119426727295,-0.08284387737512589,-0.03578094393014908,-0.06105344370007515,4.377686023712158,0.8849181532859802,1.1300454139709473,1.1597930192947388,0.07906892895698547,0.02944532036781311,0.11124887317419052,0.1427706480026245,0.21399593353271484,0.1757689118385315,0.03152177482843399,0.03822702169418335,714.0,521.0,659.0,842.0
nawnga41,0.25943854451179504,0.5097545385360718,0.19131532311439514,0.4021274447441101,0.8454456329345703,1.6611632108688354,0.6234490275382996,1.310433268547058,-0.325426310300827,-0.35523518919944763,-0.3384086787700653,4.440491199493408,0.49431106448173523,2.023010730743408,1.2961513996124268,0.25031599402427673,0.21081212162971497,0.11742144823074341,0.235588937997818,0.10149926692247391,0.1557888388633728,0.11816748976707458,0.054289571940898895,714.0,521.0,659.0,842.0
izxtnsrt,0.24186091125011444,0.2615830600261688,0.2687971293926239,0.2541850507259369,0.9802538752555847,1.0601869821548462,1.0894254446029663,1.0302032232284546,-0.039174389094114304,0.02793986350297928,-0.004978517536073923,4.160069465637207,0.9900903105735779,1.0100048780441284,0.9626388549804688,0.019722148776054382,0.014612078666687012,0.07524671405553818,0.06802010536193848,0.09352542459964752,0.07341237366199493,0.007226608693599701,0.020113050937652588,714.0,521.0,659.0,842.0
wlxdsc4e,0.2169763445854187,0.2672405540943146,0.1869981735944748,0.23433564603328705,0.9535204172134399,1.1744107007980347,0.8217788934707642,1.0298073291778564,-0.10380493849515915,-0.112351194024086,-0.10778141766786575,3.9795172214508057,0.8054084777832031,1.2416003942489624,1.1492449045181274,0.050264209508895874,0.047337472438812256,0.07153652608394623,0.10600680112838745,0.05553281307220459,0.09266074001789093,0.03447027504444122,0.03712792694568634,714.0,521.0,659.0,842.0
5hrdu4xs,0.21090416610240936,0.359805166721344,0.26477906107902527,0.3267727196216583,0.765790581703186,1.3064483404159546,0.9614096879959106,1.1865079402923584,-0.2609046697616577,-0.10479818284511566,-0.1814519315958023,4.220156669616699,0.6928310394287109,1.4433480501174927,0.9647648334503174,0.14890100061893463,0.06199365854263306,0.10670193284749985,0.16063742339611053,0.10783422738313675,0.1405109167098999,0.05393549054861069,0.03267668932676315,714.0,521.0,659.0,842.0
zjnvc7hr,0.3613070249557495,0.4442974925041199,0.39796462655067444,0.43323028087615967,0.9573150277137756,1.1772056818008423,1.0544426441192627,1.147882103919983,-0.10301625728607178,-0.042427610605955124,-0.07224836945533752,4.336845397949219,0.8652384281158447,1.155747890472412,0.9692113995552063,0.08299046754837036,0.03526565432548523,0.14035628736019135,0.1076429933309555,0.14095978438854218,0.11364763230085373,0.03271329402923584,0.027312152087688446,714.0,521.0,659.0,842.0
6c2cu7on,0.38246452808380127,0.5185266733169556,0.2657723128795624,0.38925376534461975,1.432396650314331,1.9419732093811035,0.9953638315200806,1.4578235149383545,-0.15101367235183716,-0.18851350247859955,-0.16679979860782623,5.827557563781738,0.7140891551971436,1.4003815650939941,1.3755022287368774,0.1360621452331543,0.12348145246505737,0.10374116897583008,0.2570357322692871,0.0948421061038971,0.2893008887767792,0.15329456329345703,0.19445878267288208,714.0,521.0,659.0,842.0
z3jbck88,0.18093881011009216,0.3526948094367981,0.18882082402706146,0.25349369645118713,0.8991369605064392,1.7526417970657349,0.9383049607276917,1.2596830129623413,-0.321860671043396,-0.1462143361568451,-0.24225535988807678,4.849766731262207,0.6099736094474792,1.639407992362976,1.2064546346664429,0.17175599932670593,0.06467287242412567,0.058426227420568466,0.22776509821414948,0.07402768731117249,0.06776310503482819,0.1693388670682907,0.006264582276344299,714.0,521.0,659.0,842.0
d0tgsiwg,0.5905072689056396,0.6339306831359863,0.6408291459083557,0.6902620196342468,1.1801270246505737,1.2669085264205933,1.2806950807571411,1.3794865608215332,-0.035463929176330566,-0.03713707998394966,-0.036335479468107224,5.107217311859131,0.9298763275146484,1.07541024684906,0.9198746681213379,0.04342341423034668,0.04943287372589111,0.14169476926326752,0.13225680589675903,0.20887653529644012,0.19546568393707275,0.009437963366508484,0.01341085135936737,714.0,521.0,659.0,842.0
0odwmqx5,0.1629779189825058,0.34867504239082336,0.252159059047699,0.3105144798755646,0.7481314539909363,1.6005527973175049,1.157507300376892,1.4253811836242676,-0.36293497681617737,-0.10371078550815582,-0.22716772556304932,4.931572914123535,0.6297678351402283,1.5878804922103882,0.9093230366706848,0.18569712340831757,0.0583554208278656,0.06383911520242691,0.16691432893276215,0.07735271006822586,0.09597603976726532,0.10307521373033524,0.01862332969903946,714.0,521.0,659.0,842.0
ggomf9pm,0.3889525234699249,0.42345061898231506,0.20456284284591675,0.2943885326385498,1.2263293266296387,1.335098385810852,0.6449666619300842,0.9281783103942871,-0.042464204132556915,-0.18002857267856598,-0.094805508852005,4.134572505950928,0.8268072009086609,1.2094680070877075,1.6282178163528442,0.03449809551239014,0.08982568979263306,0.09930667281150818,0.09292709827423096,0.06922052800655365,0.07695940136909485,0.006379574537277222,0.007738873362541199,714.0,521.0,659.0,842.0
l9ln1p0v,0.32998284697532654,0.43379947543144226,0.3635469675064087,0.31328555941581726,0.9330005049705505,1.2265337705612183,1.0279003381729126,0.885790228843689,-0.13592419028282166,0.07425962388515472,-0.03717520460486412,4.073225021362305,0.9283131957054138,1.0772196054458618,1.1284639835357666,0.10381662845611572,0.05026140809059143,0.10771498829126358,0.12090549618005753,0.14273971319198608,0.13389362394809723,0.013190507888793945,0.008846089243888855,714.0,521.0,659.0,842.0
uh17j8qo,0.35845625400543213,0.39200618863105774,0.3208630681037903,0.35143810510635376,1.082450032234192,1.183762550354004,0.968927800655365,1.0612568855285645,-0.044705621898174286,-0.04547811672091484,-0.04507070407271385,4.2963972091674805,0.9137448072433472,1.094394326210022,1.1162575483322144,0.03354993462562561,0.030575037002563477,0.08898092061281204,0.1055711954832077,0.0682009905576706,0.09184493869543076,0.01659027487039566,0.023643948137760162,714.0,521.0,659.0,842.0
09vs9kkh,0.2392929494380951,0.27644121646881104,0.24042955040931702,0.23945435881614685,0.8741260766983032,1.009826898574829,0.8782780170440674,0.8747156858444214,-0.0720297247171402,0.0020321363117545843,-0.03633227199316025,3.636946678161621,0.9298810958862305,1.0754019021987915,1.0747039318084717,0.03714826703071594,0.000975191593170166,0.058659087866544724,0.09394242614507675,0.07654543966054916,0.09994813054800034,0.03528333827853203,0.023402690887451172,714.0,521.0,659.0,842.0
4a3yjtu7,0.330325186252594,0.31108489632606506,0.3183605372905731,0.2439904510974884,1.0952115058898926,1.0314191579818726,1.0555419921875,0.8089638352394104,0.02999681420624256,0.13224828243255615,0.07776482403278351,3.9911365509033203,1.168642282485962,0.8556909561157227,1.1405847072601318,0.01924028992652893,0.07437008619308472,0.1640934944152832,0.11136466264724731,0.12861335277557373,0.13586576282978058,0.05272883176803589,0.007252410054206848,714.0,521.0,659.0,842.0
fbmenui3,0.218852236866951,0.29946646094322205,0.19277703762054443,0.20628196001052856,0.893447995185852,1.222549557685852,0.78699791431427,0.8421307802200317,-0.1555299162864685,-0.03384183347225189,-0.1025957241654396,3.745126247406006,0.8138996362686157,1.228647232055664,1.2988489866256714,0.08061422407627106,0.01350492238998413,0.10949200391769409,0.17995060980319977,0.10563527047634125,0.09588472545146942,0.07045860588550568,0.009750545024871826,714.0,521.0,659.0,842.0
do7002g3,0.15474174916744232,0.2990264594554901,0.2377239614725113,0.248118057847023,0.7657487988471985,1.4797502756118774,1.1763912439346313,1.2278270721435547,-0.3179693818092346,-0.02139393985271454,-0.16462001204490662,4.649717330932617,0.7172967195510864,1.394116997718811,0.9339810609817505,0.1442847102880478,0.010394096374511719,0.05290121212601662,0.16708426177501678,0.07296513020992279,0.06351611763238907,0.11418305337429047,0.009449012577533722,714.0,521.0,659.0,842.0
yu6vk0uc,0.20583610236644745,0.24388110637664795,0.1935749500989914,0.2025105506181717,0.9277300238609314,1.0992038249969482,0.8724673986434937,0.9127413630485535,-0.08459742367267609,-0.022559719160199165,-0.05554550141096115,3.8121426105499268,0.8947527408599854,1.1176217794418335,1.1354014873504639,0.0380450040102005,0.008935600519180298,0.07567382603883743,0.10124794393777847,0.05792873352766037,0.08605940639972687,0.02557411789894104,0.028130672872066498,714.0,521.0,659.0,842.0
c1m3o55i,0.31607913970947266,0.321772962808609,0.3575488030910492,0.357403963804245,1.0638452768325806,1.0830093622207642,1.2034220695495605,1.2029346227645874,-0.008926543407142162,0.00020258552103769034,-0.004101810976862907,4.553211212158203,0.9918283820152283,1.0082359313964844,0.8921584486961365,0.0056938230991363525,0.00014483928680419922,0.04428298398852348,0.07615640014410019,0.06647460907697678,0.045126039534807205,0.031873416155576706,0.02134856954216957,714.0,521.0,659.0,842.0
xva1nkbt,0.1991962194442749,0.31948205828666687,0.1437583565711975,0.27551332116127014,0.8468296527862549,1.358192801475525,0.6111503839492798,1.1712714433670044,-0.231907919049263,-0.3142464756965637,-0.2687142491340637,3.9874439239501953,0.576397716999054,1.7349050045013428,1.2370905876159668,0.12028583884239197,0.13175496459007263,0.07860993593931198,0.14533847570419312,0.08542830497026443,0.10646729916334152,0.06672853976488113,0.021038994193077087,714.0,521.0,659.0,842.0
fshb0oqv,0.2039119154214859,0.2823185920715332,0.31042230129241943,0.27151989936828613,0.8423629403114319,1.1662620306015015,1.2823587656021118,1.1216524839401245,-0.16125379502773285,0.06684913486242294,-0.03698302060365677,4.4126362800598145,0.9286701083183289,1.076804518699646,0.835529088973999,0.0784066766500473,0.0389024019241333,0.07155273109674454,0.14327365159988403,0.10264739394187927,0.0706048458814621,0.0717209205031395,0.032042548060417175,714.0,521.0,659.0,842.0
shkoecub,0.43350544571876526,0.48655009269714355,0.46264177560806274,0.4231072962284088,1.0529093742370605,1.1817455291748047,1.1236764192581177,1.0276540517807007,-0.05765368416905403,0.0446338951587677,-0.007481485605239868,4.385985374450684,0.9851470589637756,1.015074610710144,1.0387303829193115,0.053044646978378296,0.03953447937965393,0.11375883221626282,0.11833721399307251,0.161319762468338,0.13789832592010498,0.004578381776809692,0.023421436548233032,714.0,521.0,659.0,842.0
ods1eeur,0.2911481559276581,0.42769503593444824,0.22917349636554718,0.3147798776626587,0.9883158206939697,1.451830506324768,0.7779399752616882,1.0685347318649292,-0.18995335698127747,-0.15737786889076233,-0.1759214997291565,4.28662109375,0.700792670249939,1.4269509315490723,1.3215137720108032,0.13654688000679016,0.08560638129711151,0.08359455317258835,0.1201930046081543,0.09510240703821182,0.0982876569032669,0.03659845143556595,0.0031852498650550842,714.0,521.0,659.0,842.0
xhw0ic1l,0.3668140172958374,0.3759041428565979,0.32404574751853943,0.3660402297973633,1.123372197151184,1.1512107849121094,0.9923938512802124,1.121002435684204,-0.012238980270922184,-0.06085389479994774,-0.03565354272723198,4.387979507446289,0.9311464428901672,1.073941946029663,1.0762673616409302,0.009090125560760498,0.04199448227882385,0.053615752607584,0.06387337297201157,0.0743660107254982,0.08774808794260025,0.010257620364427567,0.01338207721710205,714.0,521.0,659.0,842.0
7dypmlva,0.45214810967445374,0.5235589146614075,0.42407336831092834,0.4977497160434723,0.9553638696670532,1.1062510013580322,0.8960435390472412,1.0517175197601318,-0.07318869978189468,-0.07992451637983322,-0.07646103203296661,4.009376049041748,0.8579391241073608,1.165581464767456,1.0584524869918823,0.07141080498695374,0.07367634773254395,0.0664152279496193,0.09439551830291748,0.07724181562662125,0.11334419250488281,0.027980290353298187,0.036102376878261566,714.0,521.0,659.0,842.0
k9w9pfb3,0.2765187621116638,0.3108820915222168,0.2471616566181183,0.2711941599845886,1.2149152755737305,1.3658943176269531,1.085931658744812,1.1915210485458374,-0.05850054696202278,-0.04636285454034805,-0.0528106689453125,4.858262538909912,0.8996751308441162,1.1115082502365112,1.1331977844238281,0.03436332941055298,0.024032503366470337,0.048012249171733856,0.10926555097103119,0.0609804168343544,0.04644196480512619,0.06125330179929733,0.01453845202922821,714.0,521.0,659.0,842.0
hn14eb87,0.47754132747650146,0.4782676696777344,0.4172295331954956,0.42179420590400696,1.1978040933609009,1.1996259689331055,1.0465255975723267,1.0579750537872314,-0.000759923190344125,-0.005440450739115477,-0.002947897184640169,4.501930236816406,0.9941204190254211,1.0059120655059814,1.1391905546188354,0.0007263422012329102,0.0045646727085113525,0.11171715706586838,0.12011638283729553,0.16875414550304413,0.19145888090133667,0.008399225771427155,0.02270473539829254,714.0,521.0,659.0,842.0
53ayeqah,0.28925976157188416,0.38634049892425537,0.2025170773267746,0.29939448833465576,0.8679885864257812,1.1593010425567627,0.6076977252960205,0.898400068283081,-0.14369530975818634,-0.19301649928092957,-0.16471852362155914,3.5333874225616455,0.7171518206596375,1.394399881362915,1.3460516929626465,0.09708073735237122,0.09687741100788116,0.12019471079111099,0.12711960077285767,0.10171753168106079,0.2326345145702362,0.006924889981746674,0.13091698288917542,714.0,521.0,659.0,842.0
thsjr0fz,0.34223464131355286,0.433962881565094,0.24399502575397491,0.3224208652973175,1.0627880096435547,1.3476442098617554,0.7577111124992371,1.0012575387954712,-0.11817625910043716,-0.13845956325531006,-0.12673340737819672,4.169401168823242,0.7750415802001953,1.2902493476867676,1.3703643083572388,0.09172824025154114,0.07842583954334259,0.09751806408166885,0.15159936249256134,0.12058758735656738,0.18179620802402496,0.05408129841089249,0.06120862066745758,714.0,521.0,659.0,842.0
auxbgk2w,0.162806898355484,0.2072175145149231,0.10549972951412201,0.1929139643907547,0.723913848400116,0.9213837385177612,0.4690999686717987,0.8577836155891418,-0.12002044171094894,-0.29292869567871094,-0.19721296429634094,2.9721810817718506,0.670544445514679,1.4913160800933838,1.2399671077728271,0.04441061615943909,0.08741423487663269,0.0663803443312645,0.08969583362340927,0.04864710569381714,0.09124951809644699,0.023315489292144775,0.04260241240262985,714.0,521.0,659.0,842.0
bxanj4x5,0.34608137607574463,0.25621819496154785,0.4352865219116211,0.3631773889064789,1.2913588285446167,0.9560458064079285,1.6242165565490723,1.3551504611968994,0.14919988811016083,0.09030970185995102,0.1156313493847847,5.226771354675293,1.2614984512329102,0.7927057147026062,0.7543218731880188,0.08986318111419678,0.07210913300514221,0.1387094259262085,0.0815134197473526,0.09121580421924591,0.10371226817369461,0.057196006178855896,0.0124964639544487,714.0,521.0,659.0,842.0
a5xin9dl,0.4966661334037781,0.48275160789489746,0.6609330177307129,0.5991731286048889,1.026614785194397,0.9978532195091248,1.3661563396453857,1.2384978532791138,0.014206921681761742,0.04901162162423134,0.03379044309258461,4.629122257232666,1.0699434280395508,0.9346272945404053,0.7772496342658997,0.013914525508880615,0.061759889125823975,0.09031885117292404,0.08412051200866699,0.1266011744737625,0.12114410847425461,0.0061983391642570496,0.005457065999507904,714.0,521.0,659.0,842.0
5tgsq7ai,0.24966943264007568,0.36803215742111206,0.23685026168823242,0.2644050717353821,1.0415995121002197,1.5353987216949463,0.9881190657615662,1.103075385093689,-0.19161765277385712,-0.054971493780612946,-0.13040484488010406,4.6681928634643555,0.7692762017250061,1.2999184131622314,1.232306718826294,0.11836272478103638,0.027554810047149658,0.07642059028148651,0.1678469181060791,0.047010697424411774,0.07870033383369446,0.09142632782459259,0.031689636409282684,714.0,521.0,659.0,842.0
tmofmmwi,0.18801914155483246,0.23519842326641083,0.1899452656507492,0.20764531195163727,0.8019947409629822,1.0032377243041992,0.8102105855941772,0.8857100605964661,-0.1114773377776146,-0.044518161565065384,-0.07904312759637833,3.5011532306671143,0.8534919023513794,1.1716514825820923,1.0644530057907104,0.04717928171157837,0.01770004630088806,0.06466405838727951,0.06346581131219864,0.061145100742578506,0.06629703938961029,0.0011982470750808716,0.005151938647031784,714.0,521.0,659.0,842.0
9s3w563b,0.5128791928291321,0.6753652691841125,0.4553503692150116,0.536676824092865,1.2236171960830688,1.6112732887268066,1.086366057395935,1.280393123626709,-0.13674454391002655,-0.08197998255491257,-0.11182664334774017,5.2016496658325195,0.7988408803939819,1.2518115043640137,1.1977930068969727,0.16248607635498047,0.0813264548778534,0.14982514083385468,0.15023845434188843,0.13280083239078522,0.12495897710323334,0.00041331350803375244,0.00784185528755188,714.0,521.0,659.0,842.0
tkf6xdn8,0.34363335371017456,0.2815561592578888,0.2634810507297516,0.3272453546524048,1.197076439857483,0.9808251857757568,0.9178589582443237,1.1399873495101929,0.09929323941469193,-0.10794201493263245,-0.0013874713331460953,4.235748291015625,0.9972272515296936,1.002777099609375,1.0583385229110718,0.06207719445228577,0.0637643039226532,0.08280738443136215,0.09518904983997345,0.08108412474393845,0.09570035338401794,0.012381665408611298,0.014616228640079498,714.0,521.0,659.0,842.0
wwiif86l,0.26992523670196533,0.23851388692855835,0.4381619393825531,0.42489710450172424,0.789119303226471,0.6972890496253967,1.2809548377990723,1.2421754598617554,0.06177983805537224,0.015369538217782974,0.03257470577955246,4.009538650512695,1.0673415660858154,0.9369044899940491,0.5891121029853821,0.03141134977340698,0.013264834880828857,0.12026761472225189,0.10733106732368469,0.19285881519317627,0.1468871384859085,0.0129365473985672,0.04597167670726776,714.0,521.0,659.0,842.0
thet25lz,0.27688923478126526,0.31460922956466675,0.31994062662124634,0.3001808524131775,0.9394073486328125,1.067380666732788,1.0854686498641968,1.0184292793273926,-0.0637701228260994,0.03186430782079697,-0.014823275618255138,4.1106858253479,0.9707848429679871,1.0300909280776978,0.9538413882255554,0.03771999478340149,0.019759774208068848,0.061728451400995255,0.10399719327688217,0.07760445028543472,0.08640746772289276,0.04226874187588692,0.008803017437458038,714.0,521.0,659.0,842.0
se99f77l,0.3083666265010834,0.5304317474365234,0.26613757014274597,0.31334158778190613,0.9918048977851868,1.7060368061065674,0.8559828400611877,1.0078059434890747,-0.2647416293621063,-0.08145924657583237,-0.18985635042190552,4.5616302490234375,0.6808741688728333,1.4686957597732544,1.4475014209747314,0.22206512093544006,0.047204017639160156,0.07068996876478195,0.2254071831703186,0.07369503378868103,0.05769897997379303,0.15471720695495605,0.015996053814888,714.0,521.0,659.0,842.0
u8el5015,0.18087880313396454,0.24297848343849182,0.17973683774471283,0.188127800822258,0.8770160675048828,1.1781150102615356,0.8714790940284729,0.9121638536453247,-0.14651048183441162,-0.02280985750257969,-0.08903446048498154,3.838773727416992,0.8364869952201843,1.195469617843628,1.1522066593170166,0.06209968030452728,0.008390963077545166,0.07029550522565842,0.1236150786280632,0.08360165357589722,0.09355270862579346,0.053319573402404785,0.00995105504989624,714.0,521.0,659.0,842.0
oop767j2,0.2729238271713257,0.3524445593357086,0.28164902329444885,0.2921311855316162,1.0956239700317383,1.4148515462875366,1.130650281906128,1.1727298498153687,-0.1271580159664154,-0.01826857030391693,-0.07505560666322708,4.8138556480407715,0.8603674173355103,1.1622902154922485,1.0899074077606201,0.07952073216438293,0.010482162237167358,0.10200659930706024,0.15331532061100006,0.11151128262281418,0.11195123940706253,0.05130872130393982,0.00043995678424835205,714.0,521.0,659.0,842.0
dg1wjuii,0.21496902406215668,0.3464869260787964,0.2080545872449875,0.2945370078086853,0.834040105342865,1.3443052768707275,0.8072133660316467,1.1427491903305054,-0.2342439591884613,-0.1720726042985916,-0.20487818121910095,4.128307819366455,0.6599175333976746,1.5153348445892334,1.1171194314956665,0.1315179020166397,0.08648242056369781,0.051159974187612534,0.17932724952697754,0.11492945998907089,0.12134923785924911,0.1281672716140747,0.006419777870178223,714.0,521.0,659.0,842.0
ymyrsvzn,0.3001818358898163,0.3536236882209778,0.16394533216953278,0.27242669463157654,0.9856675267219543,1.1611474752426147,0.5383256673812866,0.8945316076278687,-0.08173955231904984,-0.24859775602817535,-0.1485290378332138,3.579672336578369,0.741356372833252,1.3488737344741821,1.4982719421386719,0.0534418523311615,0.10848136246204376,0.09132461249828339,0.12660281360149384,0.07966348528862,0.1174989640712738,0.03527820110321045,0.03783547878265381,714.0,521.0,659.0,842.0
4regb1aj,0.25756368041038513,0.33376604318618774,0.20950429141521454,0.2720288634300232,0.9206942319869995,1.193089246749878,0.7488998174667358,0.9724018573760986,-0.12886589765548706,-0.1298445165157318,-0.12930527329444885,3.835085153579712,0.7709988355636597,1.297013759613037,1.2280118465423584,0.07620236277580261,0.06252457201480865,0.10101764649152756,0.0920514389872551,0.08739662170410156,0.10812731832265854,0.008966207504272461,0.020730696618556976,714.0,521.0,659.0,842.0
o091c795,0.40180647373199463,0.5552391409873962,0.4296034574508667,0.37416791915893555,0.970794677734375,1.3414995670318604,1.037954330444336,0.9040178656578064,-0.16031891107559204,0.06896919757127762,-0.05565432086586952,4.254266262054443,0.8945585489273071,1.1178672313690186,1.1906923055648804,0.1534326672554016,0.05543553829193115,0.1004999652504921,0.14424636960029602,0.10989389568567276,0.08163677155971527,0.043746404349803925,0.02825712412595749,714.0,521.0,659.0,842.0
rlqiob0n,0.20103690028190613,0.26495498418807983,0.2182011902332306,0.18330584466457367,0.9581980109214783,1.2628494501113892,1.0400078296661377,0.8736868500709534,-0.137165367603302,0.08691070228815079,-0.03345562517642975,4.134742259979248,0.9352526664733887,1.0692248344421387,1.1606041193008423,0.0639180839061737,0.03489534556865692,0.06348642706871033,0.15056674182415009,0.0797603651881218,0.06834586709737778,0.08708031475543976,0.011414498090744019,714.0,521.0,659.0,842.0
lw0vs52s,0.259426087141037,0.2744513154029846,0.1769610196352005,0.1870502531528473,0.9785363674163818,1.035210371017456,0.6674841046333313,0.7055399417877197,-0.028143541887402534,-0.027716737240552902,-0.02797052636742592,3.386770725250244,0.945578932762146,1.0575484037399292,1.4666465520858765,0.015025228261947632,0.01008923351764679,0.13570564985275269,0.09752824157476425,0.054374463856220245,0.07777895778417587,0.038177408277988434,0.023404493927955627,714.0,521.0,659.0,842.0
q3b9so0u,0.4212903082370758,0.41206660866737366,0.5582321882247925,0.4240998327732086,1.092488408088684,1.068569540977478,1.4476054906845093,1.0997740030288696,0.011068113148212433,0.13654468953609467,0.07895402610301971,4.708437442779541,1.171442985534668,0.8536461591720581,0.848344624042511,0.009223699569702148,0.13413235545158386,0.07667962461709976,0.12678584456443787,0.09363988786935806,0.09880366176366806,0.050106219947338104,0.0051637738943099976,714.0,521.0,659.0,842.0
swbkok3q,0.23509462177753448,0.22519460320472717,0.30186304450035095,0.24907106161117554,1.0533937215805054,1.009034514427185,1.3525644540786743,1.116018295288086,0.02150820754468441,0.09582251310348511,0.061996154487133026,4.53101110458374,1.1321851015090942,0.8832442164421082,0.8354690670967102,0.009900018572807312,0.052791982889175415,0.051031444221735,0.13481204211711884,0.09280646592378616,0.11624673008918762,0.08378060162067413,0.02344026416540146,714.0,521.0,659.0,842.0
pwbsf3q0,0.46185773611068726,0.4037368893623352,0.5814980268478394,0.46670761704444885,1.1973553895950317,1.0466784238815308,1.5075199604034424,1.2099285125732422,0.06714549660682678,0.10951124876737595,0.09034959971904755,4.961482048034668,1.1986455917358398,0.8342732191085815,0.825786292552948,0.05812084674835205,0.1147904098033905,0.12341263145208359,0.10443732887506485,0.10701736807823181,0.16060423851013184,0.018975302577018738,0.053586870431900024,714.0,521.0,659.0,842.0
e27zeoqg,0.21949708461761475,0.3123866319656372,0.41466692090034485,0.3096684515476227,0.7344716191291809,1.0452946424484253,1.3875404596328735,1.0361990928649902,-0.17464224994182587,0.14495815336704254,0.009639172814786434,4.203505992889404,1.019464373588562,0.9809041023254395,0.7343048453330994,0.09288954734802246,0.10499846935272217,0.09162981063127518,0.12150595337152481,0.14090341329574585,0.1497836410999298,0.029876142740249634,0.00888022780418396,714.0,521.0,659.0,842.0
vzhqjy62,0.28831908106803894,0.6538926959037781,0.31412214040756226,0.3802621364593506,0.8980370759963989,2.0367014408111572,0.9784067273139954,1.1844152212142944,-0.38799476623535156,-0.095249705016613,-0.2637874186038971,5.097560405731201,0.5825439095497131,1.7166043519973755,1.3569004535675049,0.36557361483573914,0.06613999605178833,0.08408243954181671,0.3194755017757416,0.07951384782791138,0.16303275525569916,0.23539306223392487,0.08351890742778778,714.0,521.0,659.0,842.0
zeeqnsn2,0.3817204535007477,0.535892128944397,0.38434675335884094,0.5287931561470032,0.7670766711235046,1.0768884420394897,0.7723543047904968,1.0626229047775269,-0.16801372170448303,-0.15818631649017334,-0.16311214864253998,3.6789422035217285,0.7195238471031189,1.3898048400878906,1.0048969984054565,0.1541716754436493,0.14444640278816223,0.08698948472738266,0.13682343065738678,0.06680475920438766,0.1408010572195053,0.04983394593000412,0.07399629801511765,714.0,521.0,659.0,842.0
s8nn16ux,0.1847279816865921,0.27871832251548767,0.28203707933425903,0.2570060193538666,0.79398512840271,1.1979678869247437,1.2122323513031006,1.1046456098556519,-0.20280694961547852,0.046436015516519547,-0.06878799200057983,4.308831214904785,0.8712767362594604,1.1477363109588623,0.8597558736801147,0.09399034082889557,0.025031059980392456,0.061810001730918884,0.10071814805269241,0.08395648747682571,0.09517154842615128,0.03890814632177353,0.011215060949325562,714.0,521.0,659.0,842.0
f5gzpl1q,0.2594980001449585,0.37179529666900635,0.2809044122695923,0.23526903986930847,1.1255664825439453,1.612653374671936,1.2184163331985474,1.0204739570617676,-0.17788422107696533,0.08841075003147125,-0.05809484049677849,4.977109909057617,0.8901881575584412,1.1233540773391724,1.2230230569839478,0.11229729652404785,0.045635372400283813,0.10015029460191727,0.18788492679595947,0.09693987667560577,0.08992427587509155,0.0877346321940422,0.007015600800514221,714.0,521.0,659.0,842.0
weehwjq4,0.17890168726444244,0.330310195684433,0.15754130482673645,0.2403850555419922,0.7815623879432678,1.4430161714553833,0.6882458925247192,1.0501629114151,-0.2973383069038391,-0.20818811655044556,-0.25823187828063965,3.9629874229431152,0.5895307660102844,1.6962562799453735,1.2796603441238403,0.15140850841999054,0.08284375071525574,0.07719939947128296,0.21192459762096405,0.10791169852018356,0.11172506958246231,0.1347251981496811,0.0038133710622787476,714.0,521.0,659.0,842.0
ta5ivroc,0.33238789439201355,0.3440508544445038,0.2651914656162262,0.3097296357154846,1.149203896522522,1.1895276308059692,0.9168777465820312,1.0708647966384888,-0.01724168285727501,-0.07746817916631699,-0.04491198807954788,4.326474189758301,0.9140353202819824,1.0940461158752441,1.176574468612671,0.011662960052490234,0.04453817009925842,0.08080384135246277,0.11053603142499924,0.11590281128883362,0.10951168835163116,0.02973219007253647,0.006391122937202454,714.0,521.0,659.0,842.0
vitwu3bf,0.23066198825836182,0.28863659501075745,0.14529156684875488,0.16362644731998444,0.8132801055908203,1.0176899433135986,0.5122765898704529,0.5769226551055908,-0.11164000630378723,-0.059351738542318344,-0.09213701635599136,2.9201693534851074,0.8312699794769287,1.202972650527954,1.6810184717178345,0.05797460675239563,0.018334880471229553,0.10550446808338165,0.13621129095554352,0.11644357442855835,0.09855617582798004,0.030706822872161865,0.017887398600578308,714.0,521.0,659.0,842.0
xb4y4k7b,0.1943582445383072,0.2910624146461487,0.18463453650474548,0.1937083750963211,0.9612827301025391,1.4395750761032104,0.9131899476051331,0.9580685496330261,-0.1992168426513672,-0.023983042687177658,-0.12246158719062805,4.272116184234619,0.7817963361740112,1.279099464416504,1.283014178276062,0.09670417010784149,0.009073838591575623,0.07180329412221909,0.07204349339008331,0.07231350243091583,0.07140669971704483,0.0002401992678642273,0.0009068027138710022,714.0,521.0,659.0,842.0
pgyvyv2g,0.22858038544654846,0.5083523392677307,0.21971957385540009,0.2629067003726959,0.9668834805488586,2.1503047943115234,0.9294027090072632,1.1120821237564087,-0.3796432912349701,-0.08948339521884918,-0.26481613516807556,5.15867280960083,0.5812565088272095,1.7204047441482544,1.5269190073013306,0.27977195382118225,0.04318712651729584,0.07096806168556213,0.2850106358528137,0.09937954694032669,0.11391432583332062,0.2140425741672516,0.014534778892993927,714.0,521.0,659.0,842.0
qu7dknnc,0.29906290769577026,0.321335107088089,0.2713607847690582,0.31271257996559143,1.0248616933822632,1.1011865139007568,0.9299290180206299,1.0716378688812256,-0.03589979559183121,-0.0707988515496254,-0.052823103964328766,4.127614974975586,0.8996528387069702,1.1115361452102661,1.0621901750564575,0.022272199392318726,0.0413517951965332,0.06298404932022095,0.11449196934700012,0.06934230774641037,0.10399255901575089,0.051507920026779175,0.034650251269340515,714.0,521.0,659.0,842.0
ptkezjss,0.1683168113231659,0.2471301108598709,0.12399323284626007,0.1785052865743637,0.8092249631881714,1.18813955783844,0.5961283445358276,0.8582085967063904,-0.18970680236816406,-0.18020541965961456,-0.18570372462272644,3.4517016410827637,0.6867600083351135,1.4561042785644531,1.373380422592163,0.07881329953670502,0.05451205372810364,0.10720641911029816,0.13678359985351562,0.05435342714190483,0.0791953057050705,0.029577180743217468,0.024841878563165665,714.0,521.0,659.0,842.0
zwd0w9ry,0.22131268680095673,0.28818845748901367,0.2315419763326645,0.22814226150512695,0.9458252191543579,1.2316325902938843,0.9895421862602234,0.9750128388404846,-0.1312570869922638,0.007395744789391756,-0.06549417227506638,4.142013072967529,0.8770614862442017,1.140166163444519,1.1083695888519287,0.06687577068805695,0.0033997148275375366,0.048432644456624985,0.1327517181634903,0.05116249993443489,0.056064002215862274,0.08431906998157501,0.004901502281427383,714.0,521.0,659.0,842.0
79kvls9m,0.251446008682251,0.24265393614768982,0.24171772599220276,0.24716389179229736,1.1244527101516724,1.0851351022720337,1.0809483528137207,1.1053032875061035,0.017794081941246986,-0.011140027083456516,0.003403831273317337,4.395839691162109,1.006828784942627,0.9932133555412292,1.0106719732284546,0.008792072534561157,0.0054461658000946045,0.07487864792346954,0.09247572720050812,0.06798429787158966,0.07462310045957565,0.017597079277038574,0.006638802587985992,714.0,521.0,659.0,842.0
euswrgvz,0.16611619293689728,0.31099385023117065,0.1459507942199707,0.14891071617603302,0.8456483483314514,1.5831775665283203,0.7429922819137573,0.7580603361129761,-0.30365604162216187,-0.010038312524557114,-0.1915062665939331,3.9298787117004395,0.6785457730293274,1.4737318754196167,1.6180763244628906,0.14487765729427338,0.002959921956062317,0.07003220915794373,0.15101036429405212,0.06063838675618172,0.08946608006954193,0.0809781551361084,0.028827693313360214,714.0,521.0,659.0,842.0
9aawe429,0.21825097501277924,0.2718397080898285,0.23325634002685547,0.24225406348705292,0.8728509545326233,1.0871683359146118,0.932861864566803,0.9688464999198914,-0.10934430360794067,-0.01892220228910446,-0.0648159608244896,3.861727714538574,0.8782569766044617,1.1386140584945679,1.0306601524353027,0.053588733077049255,0.008997723460197449,0.04914112761616707,0.04981226846575737,0.046810705214738846,0.05029085651040077,0.0006711408495903015,0.0034801512956619263,714.0,521.0,659.0,842.0
omuwahk2,0.3986857533454895,0.4709959924221039,0.3594813346862793,0.541504979133606,1.0126113891601562,1.196270227432251,0.913037121295929,1.3753541707992554,-0.08314553648233414,-0.2020268589258194,-0.14363719522953033,4.497272968292236,0.748805582523346,1.3354570865631104,0.9652541279792786,0.07231023907661438,0.18202364444732666,0.07426657527685165,0.07908099889755249,0.10020169615745544,0.10043836385011673,0.004814423620700836,0.0002366676926612854,714.0,521.0,659.0,842.0
lslaym0w,0.30918949842453003,0.3123341202735901,0.38667529821395874,0.33697324991226196,1.0450634956359863,1.055692434310913,1.3069663047790527,1.1389728784561157,-0.005059529095888138,0.0686824843287468,0.03461073338985443,4.546695232391357,1.0717015266418457,0.9330927729606628,0.8588737845420837,0.0031446218490600586,0.04970204830169678,0.07399392873048782,0.10973672568798065,0.10680762678384781,0.11649799346923828,0.03574279695749283,0.009690366685390472,714.0,521.0,659.0,842.0
bglmy62x,0.24795378744602203,0.3193155825138092,0.2393789142370224,0.20944882929325104,1.0584214925765991,1.363038182258606,1.0218186378479004,0.894058346748352,-0.1257985532283783,0.06668486446142197,-0.040775321424007416,4.337336540222168,0.9216424822807312,1.085015058517456,1.2638882398605347,0.07136179506778717,0.029930084943771362,0.06695423275232315,0.1275510936975479,0.1046937108039856,0.11076618731021881,0.06059686094522476,0.006072476506233215,714.0,521.0,659.0,842.0
rw6tm2o0,0.35134944319725037,0.44421106576919556,0.3886154592037201,0.3947458565235138,1.0618369579315186,1.3424804210662842,1.1744611263275146,1.1929882764816284,-0.11672463268041611,-0.00782574899494648,-0.0626959428191185,4.771766662597656,0.8820047378540039,1.1337778568267822,1.0155714750289917,0.09286162257194519,0.006130397319793701,0.10600713640451431,0.1012917309999466,0.13288018107414246,0.12896282970905304,0.0047154054045677185,0.0039173513650894165,714.0,521.0,659.0,842.0
4k0lthy2,0.20211197435855865,0.3884395658969879,0.2739461064338684,0.3666701912879944,0.7112541198730469,1.3669612407684326,0.96404629945755,1.290352463722229,-0.3155139684677124,-0.14474177360534668,-0.22665594518184662,4.332613945007324,0.6304479837417603,1.5861682891845703,0.9218476414680481,0.18632759153842926,0.09272408485412598,0.06153160333633423,0.18399304151535034,0.10115678608417511,0.10524351894855499,0.12246143817901611,0.004086732864379883,714.0,521.0,659.0,842.0
5m8kb9w4,0.273933470249176,0.2534157335758209,0.327151358127594,0.3035079836845398,1.1128807067871094,1.0295253992080688,1.3290833234786987,1.2330299615859985,0.03890722990036011,0.0374898687005043,0.038135334849357605,4.704519271850586,1.07929265499115,0.9265294671058655,0.8361858129501343,0.020517736673355103,0.0236433744430542,0.06877078115940094,0.09691543132066727,0.09448470175266266,0.0685521587729454,0.028144650161266327,0.025932542979717255,714.0,521.0,659.0,842.0
uov51zlb,0.38297364115715027,0.5290278792381287,0.3473905622959137,0.4460444748401642,1.0700880289077759,1.4781863689422607,0.9706634283065796,1.2463178634643555,-0.16014675796031952,-0.1243375763297081,-0.14348703622817993,4.765255928039551,0.749035120010376,1.335047721862793,1.149432897567749,0.1460542380809784,0.09865391254425049,0.11667933315038681,0.22659187018871307,0.14981293678283691,0.17967301607131958,0.10991253703832626,0.029860079288482666,714.0,521.0,659.0,842.0
oriq8hke,0.233794167637825,0.3891483545303345,0.24148759245872498,0.3467702269554138,0.8710187673568726,1.449803113937378,0.8996812105178833,1.2919200658798218,-0.24938727915287018,-0.17897333204746246,-0.21518868207931519,4.512423038482666,0.6458338499069214,1.5483804941177368,1.0589599609375,0.15535418689250946,0.10528263449668884,0.07343314588069916,0.14709258079528809,0.12095195055007935,0.14789290726184845,0.07365943491458893,0.026940956711769104,714.0,521.0,659.0,842.0
226parsg,0.190238356590271,0.2611986994743347,0.19085806608200073,0.23910287022590637,0.8779295682907104,1.2054039239883423,0.8807894587516785,1.1034340858459473,-0.1571873277425766,-0.11220714449882507,-0.1352454125881195,4.067557334899902,0.7617318034172058,1.3127918243408203,1.0499465465545654,0.07096034288406372,0.04824480414390564,0.06275364011526108,0.06696802377700806,0.05876819044351578,0.08456853032112122,0.004214383661746979,0.025800339877605438,714.0,521.0,659.0,842.0
70s1f537,0.1784980148077011,0.25243186950683594,0.1850002557039261,0.20326632261276245,0.8747588396072388,1.237083911895752,0.9066241383552551,0.9961400032043457,-0.17156776785850525,-0.04704504832625389,-0.1125490814447403,4.014606475830078,0.7976714968681335,1.2536425590515137,1.109878659248352,0.07393385469913483,0.018266066908836365,0.057652298361063004,0.1350279003381729,0.05940333753824234,0.07072492688894272,0.07737560570240021,0.011321589350700378,714.0,521.0,659.0,842.0
ye0qzsa7,0.238718643784523,0.29986193776130676,0.2531105577945709,0.24151839315891266,1.1096266508102417,1.3938366174697876,1.176524043083191,1.122640609741211,-0.11352651566267014,0.023436034098267555,-0.047958407551050186,4.802628040313721,0.9084709286689758,1.1007463932037354,1.088855504989624,0.06114329397678375,0.011592164635658264,0.03795604035258293,0.10033214837312698,0.06262622773647308,0.05288699269294739,0.06237610802054405,0.009739235043525696,714.0,521.0,659.0,842.0
yvdqbsxl,0.26169344782829285,0.35908395051956177,0.16154810786247253,0.22896812856197357,0.9930121302604675,1.3625664710998535,0.6130043864250183,0.8688338994979858,-0.15688449144363403,-0.17264288663864136,-0.16296985745429993,3.8374171257019043,0.7197335362434387,1.389397382736206,1.5896285772323608,0.09739050269126892,0.06742002069950104,0.11105435341596603,0.0989583283662796,0.08622249215841293,0.12076885998249054,0.012096025049686432,0.034546367824077606,714.0,521.0,659.0,842.0
ul6lgjlp,0.29109883308410645,0.19973763823509216,0.32510724663734436,0.2604418694972992,1.2650660276412964,0.8680258393287659,1.4128608703613281,1.1318360567092896,0.18613329529762268,0.11043525487184525,0.14495402574539185,4.677788734436035,1.3390529155731201,0.7467936277389526,0.8382484316825867,0.09136119484901428,0.06466537714004517,0.12804532051086426,0.09914134442806244,0.10310688614845276,0.07629949599504471,0.02890397608280182,0.02680739015340805,714.0,521.0,659.0,842.0
efjawshm,0.3021467626094818,0.3244583308696747,0.271314412355423,0.31313151121139526,0.988867998123169,1.061889410018921,0.8879596590995789,1.0248188972473145,-0.03560700640082359,-0.07154986262321472,-0.0529528371989727,3.963536024093628,0.8994187712669373,1.1118253469467163,1.0721334218978882,0.02231156826019287,0.04181709885597229,0.05387511104345322,0.07335905730724335,0.04537519812583923,0.06979545950889587,0.01948394626379013,0.02442026138305664,714.0,521.0,659.0,842.0
lfzkicwm,0.17531466484069824,0.24469290673732758,0.19715003669261932,0.24828587472438812,0.7677879929542542,1.0716290473937988,0.8634157180786133,1.0873643159866333,-0.1651829034090042,-0.11479927599430084,-0.13925106823444366,3.7901968955993652,0.7555375099182129,1.3235547542572021,0.9429114460945129,0.06937824189662933,0.0511358380317688,0.07059706002473831,0.09585775434970856,0.060562267899513245,0.07987503707408905,0.025260694324970245,0.019312769174575806,714.0,521.0,659.0,842.0
peqydbpg,0.28589460253715515,0.30524319410324097,0.22505517303943634,0.26379039883613586,1.0376842021942139,1.1079118251800537,0.8168611526489258,0.9574546813964844,-0.03273104876279831,-0.07923799753189087,-0.05378210172057152,3.9199118614196777,0.8979238867759705,1.1136759519577026,1.2092499732971191,0.019348591566085815,0.038735225796699524,0.09055174142122269,0.15704526007175446,0.11044321954250336,0.1404080092906952,0.06649351865053177,0.029964789748191833,714.0,521.0,659.0,842.0
vv4zwl3z,0.16546840965747833,0.18537113070487976,0.14320485293865204,0.19316928088665009,0.8165065050125122,0.9147167801856995,0.7066466212272644,0.9531968832015991,-0.056728675961494446,-0.14853781461715698,-0.10166711360216141,3.3910670280456543,0.8154280185699463,1.2263425588607788,1.0430008172988892,0.019902721047401428,0.04996442794799805,0.06639066338539124,0.0750608742237091,0.04872388765215874,0.08449466526508331,0.008670210838317871,0.035770777612924576,714.0,521.0,659.0,842.0
yt91qe37,0.243534117937088,0.29919689893722534,0.1892973929643631,0.2359381765127182,1.0389599800109863,1.2764272689819336,0.8075764179229736,1.0065542459487915,-0.10256033390760422,-0.10968196392059326,-0.10568903386592865,4.129518032073975,0.8088251352310181,1.2363560199737549,1.276303768157959,0.05566278100013733,0.0466407835483551,0.061403144150972366,0.12465856969356537,0.07941935956478119,0.09536316245794296,0.0632554292678833,0.015943802893161774,714.0,521.0,659.0,842.0
qqyzqii4,0.2736262083053589,0.40151655673980713,0.24859601259231567,0.2577541768550873,1.067598581314087,1.5665842294692993,0.9699390530586243,1.0056711435317993,-0.18942683935165405,-0.018086586147546768,-0.11599597334861755,4.609793186187744,0.7921198010444641,1.2624309062957764,1.3333488702774048,0.12789034843444824,0.009158164262771606,0.07191303372383118,0.1715780794620514,0.0707259476184845,0.0972365066409111,0.09966504573822021,0.026510559022426605,714.0,521.0,659.0,842.0
w6ozx25q,0.29877769947052,0.3509055972099304,0.3209778964519501,0.2797352969646454,1.0223264694213867,1.2006922960281372,1.0982887744903564,0.9571691751480103,-0.08023573458194733,0.06865593791007996,-0.008705423213541508,4.278476715087891,0.9827378392219543,1.0175621509552002,1.0815181732177734,0.0521278977394104,0.04124259948730469,0.10671591758728027,0.12100840359926224,0.09944875538349152,0.13951633870601654,0.014292486011981964,0.040067583322525024,714.0,521.0,659.0,842.0
brmqg1ve,0.21131429076194763,0.44818106293678284,0.31464043259620667,0.4053642749786377,0.7146558165550232,1.5157289505004883,1.0641003847122192,1.370924472808838,-0.3591631054878235,-0.12600433826446533,-0.2374703586101532,4.665409564971924,0.6161993741989136,1.622846245765686,0.9159585237503052,0.2368667721748352,0.09072384238243103,0.1342337429523468,0.1827419400215149,0.12786749005317688,0.11694139987230301,0.04850819706916809,0.01092609018087387,714.0,521.0,659.0,842.0
d32lx2to,0.1925184279680252,0.2824184000492096,0.2227277010679245,0.2377231866121292,0.8650481104850769,1.2689980268478394,1.0007882118225098,1.068167805671692,-0.18928785622119904,-0.03256688639521599,-0.11214104294776917,4.203001976013184,0.7983313202857971,1.2526073455810547,1.0314581394195557,0.08989997208118439,0.014995485544204712,0.061828698962926865,0.12402777373790741,0.0529666505753994,0.05851615220308304,0.062199074774980545,0.0055495016276836395,714.0,521.0,659.0,842.0
owt9nm3v,0.20066379010677338,0.33672648668289185,0.216460183262825,0.25696316361427307,0.8268731832504272,1.3875452280044556,0.8919652104377747,1.0588654279708862,-0.25319111347198486,-0.08555322140455246,-0.17467664182186127,4.165248870849609,0.7025947570800781,1.4232896566390991,1.13511323928833,0.13606269657611847,0.04050298035144806,0.07947737723588943,0.1807321310043335,0.06254880130290985,0.09848102927207947,0.10125475376844406,0.03593222796916962,714.0,521.0,659.0,842.0
2p2tixc7,0.24796442687511444,0.3403303921222687,0.17842654883861542,0.2828093469142914,1.1427407264709473,1.5684080123901367,0.8222763538360596,1.3033230304718018,-0.15700598061084747,-0.226310595870018,-0.18746338784694672,4.836748123168945,0.6842610836029053,1.4614245891571045,1.2754721641540527,0.09236596524715424,0.10438279807567596,0.06843011826276779,0.1741340607404709,0.05596886947751045,0.0726277157664299,0.1057039424777031,0.01665884628891945,714.0,521.0,659.0,842.0
urvqt3g8,0.22902239859104156,0.49469709396362305,0.2942247986793518,0.25857090950012207,0.8750189542770386,1.8900742530822754,1.1241357326507568,0.9879140257835388,-0.3670957386493683,0.06449728459119797,-0.1801941990852356,4.877142906188965,0.6946352124214172,1.4395997524261475,1.3091963529586792,0.2656747102737427,0.035653889179229736,0.12246095389127731,0.3071773052215576,0.10423970967531204,0.10046861320734024,0.1847163438796997,0.0037710964679718018,714.0,521.0,659.0,842.0
cd31nrxd,0.2146691083908081,0.21946069598197937,0.166158065199852,0.1605565994977951,1.1110622882843018,1.135862112045288,0.8599838018417358,0.8309923410415649,-0.011037197895348072,0.01714477129280567,0.001064484124071896,3.9379005432128906,1.0021286010742188,0.9978706240653992,1.3287694454193115,0.004791587591171265,0.005601465702056885,0.10217700153589249,0.07586246728897095,0.08395057171583176,0.07640472054481506,0.02631453424692154,0.007545851171016693,714.0,521.0,659.0,842.0
356wafft,0.2200036495923996,0.30122822523117065,0.20691704750061035,0.285511314868927,0.8790223598480225,1.203554391860962,0.8267349600791931,1.1407575607299805,-0.15583163499832153,-0.15960516035556793,-0.1576649397611618,4.050069332122803,0.7276141047477722,1.3743492364883423,1.0584906339645386,0.08122457563877106,0.07859426736831665,0.08662200719118118,0.10538958013057709,0.05450918897986412,0.0887184590101242,0.018767572939395905,0.034209270030260086,714.0,521.0,659.0,842.0
ouhylu6k,0.2143479734659195,0.3623485565185547,0.20656688511371613,0.22098927199840546,0.9891993999481201,1.672210693359375,0.9532902836799622,1.0198484659194946,-0.2566346824169159,-0.03373206779360771,-0.16173502802848816,4.634548664093018,0.7215614914894104,1.3858774900436401,1.3488173484802246,0.1480005830526352,0.014422386884689331,0.05530508980154991,0.23295606672763824,0.058315303176641464,0.11219946295022964,0.17765097320079803,0.05388415977358818,714.0,521.0,659.0,842.0
7p9mda9o,0.17492634057998657,0.2918708920478821,0.15466313064098358,0.2611473500728607,0.9335313439369202,1.5576306581497192,0.8253924250602722,1.3936679363250732,-0.2505248188972473,-0.2560877203941345,-0.25314584374427795,4.710222244262695,0.5959819555282593,1.6778948307037354,1.122617483139038,0.11694455146789551,0.10648421943187714,0.06853286921977997,0.1457204818725586,0.04565682262182236,0.07794174551963806,0.07718761265277863,0.032284922897815704,714.0,521.0,659.0,842.0
ekntbz3m,0.3837217092514038,0.35712262988090515,0.42929768562316895,0.4226055443286896,1.091353416442871,1.015702247619629,1.2209773063659668,1.2019439935684204,0.0359036847949028,0.007855509407818317,0.020901743322610855,4.529976844787598,1.0426945686340332,0.9590511918067932,0.8696334362030029,0.026599079370498657,0.00669214129447937,0.08443157374858856,0.08277495950460434,0.10926241427659988,0.1113186627626419,0.0016566142439842224,0.0020562484860420227,714.0,521.0,659.0,842.0
55izolnn,0.43786299228668213,0.3467155694961548,0.4450146555900574,0.4474276304244995,1.255929946899414,0.9944902062416077,1.2764431238174438,1.2833644151687622,0.11617358773946762,-0.002703784964978695,0.05291192606091499,4.810227394104004,1.1117346286773682,0.8994930386543274,0.8791354894638062,0.09114742279052734,0.0024129748344421387,0.11550410836935043,0.09994229674339294,0.09555856883525848,0.11106257140636444,0.015561811625957489,0.015504002571105957,714.0,521.0,659.0,842.0
txrgn74f,0.4180296063423157,0.40959563851356506,0.36745980381965637,0.3897894620895386,1.255827784538269,1.230490803718567,1.1039079427719116,1.1709898710250854,0.010190551169216633,-0.029487818479537964,-0.008767648600041866,4.761216640472412,0.9826158285140991,1.0176891088485718,1.0929349660873413,0.00843396782875061,0.022329658269882202,0.09623808413743973,0.12317375093698502,0.1417931616306305,0.16388770937919617,0.026935666799545288,0.022094547748565674,714.0,521.0,659.0,842.0
9yecazrp,0.23576320707798004,0.2513434886932373,0.20706745982170105,0.2418539822101593,1.0612797737121582,1.1314138174057007,0.9321069121360779,1.0886971950531006,-0.031985290348529816,-0.07748893648386002,-0.05380899831652641,4.213498115539551,0.897875189781189,1.1137356758117676,1.0850574970245361,0.015580281615257263,0.03478652238845825,0.047727640718221664,0.0836966410279274,0.04681512340903282,0.07667935639619827,0.035969000309705734,0.02986423298716545,714.0,521.0,659.0,842.0
9dxoq2vp,0.4202735424041748,0.5459944009780884,0.32948482036590576,0.5612772107124329,1.1271185874938965,1.4642854928970337,0.8836351037025452,1.5052719116210938,-0.13010959327220917,-0.2602177858352661,-0.19251875579357147,4.980310916900635,0.6771217584609985,1.476836085319519,1.0847642421722412,0.12572085857391357,0.2317923903465271,0.13825853168964386,0.15842190384864807,0.14906147122383118,0.17040586471557617,0.02016337215900421,0.021344393491744995,714.0,521.0,659.0,842.0
gstqmgvu,0.27189961075782776,0.4874420464038849,0.338312029838562,0.5793326497077942,0.6907604932785034,1.238345742225647,0.859481155872345,1.4717936515808105,-0.2838539779186249,-0.2626510560512543,-0.27225199341773987,4.260380744934082,0.5720149278640747,1.748201608657837,0.8274889588356018,0.21554243564605713,0.24102061986923218,0.10160348564386368,0.12333880364894867,0.1437305361032486,0.16253049671649933,0.02173531800508499,0.018799960613250732,714.0,521.0,659.0,842.0
4isotn9u,0.21496152877807617,0.27039188146591187,0.23629529774188995,0.20674733817577362,0.9603843688964844,1.2080307006835938,1.0556973218917847,0.9236857891082764,-0.11420592665672302,0.06669311225414276,-0.027878614142537117,4.147798538208008,0.9457529783248901,1.0573539733886719,1.095497965812683,0.05543035268783569,0.029547959566116333,0.0893157571554184,0.17146195471286774,0.0915450006723404,0.0812150090932846,0.08214619755744934,0.010329991579055786,714.0,521.0,659.0,842.0
zeryf099,0.24897244572639465,0.3764863908290863,0.23751863837242126,0.3430251479148865,0.882308840751648,1.3341928720474243,0.841718852519989,1.2156128883361816,-0.20387230813503265,-0.18173708021640778,-0.19321702420711517,4.273833274841309,0.6761398315429688,1.4789788722991943,1.0773653984069824,0.12751394510269165,0.10550650954246521,0.10832683742046356,0.16508743166923523,0.08770637214183807,0.13362574577331543,0.05676059424877167,0.045919373631477356,714.0,521.0,659.0,842.0
2qc6dr08,0.5894301533699036,0.6522601246833801,0.5787330269813538,0.728116512298584,1.1055774688720703,1.2234258651733398,1.0855132341384888,1.365707516670227,-0.050600316375494,-0.11430802196264267,-0.08326859772205353,4.780223846435547,0.8462635278701782,1.181663155555725,0.9501395225524902,0.06282997131347656,0.14938348531723022,0.11771609634160995,0.13768009841442108,0.14070621132850647,0.1908244788646698,0.019964002072811127,0.05011826753616333,714.0,521.0,659.0,842.0
cw2lbm2q,0.3056652247905731,0.5359059572219849,0.3044217824935913,0.34337881207466125,0.9952556490898132,1.7449268102645874,0.9912069439888,1.1180522441864014,-0.2735840380191803,-0.06013728678226471,-0.1807456910610199,4.8494415283203125,0.6938439011573792,1.4412423372268677,1.2991187572479248,0.23024073243141174,0.038957029581069946,0.09008730947971344,0.23218797147274017,0.1220766231417656,0.12170042097568512,0.14210066199302673,0.00037620216608047485,714.0,521.0,659.0,842.0
sq0p82kb,0.25806599855422974,0.5155211091041565,0.2518264353275299,0.40939563512802124,0.7152836322784424,1.4288740158081055,0.6979894042015076,1.1347252130508423,-0.33280643820762634,-0.23829959332942963,-0.2892538011074066,3.976872444152832,0.55128413438797,1.8139411211013794,1.169933557510376,0.25745511054992676,0.15756919980049133,0.14305253326892853,0.19555598497390747,0.11625029891729355,0.12166799604892731,0.05250345170497894,0.0054176971316337585,714.0,521.0,659.0,842.0
700ucrgb,0.197071835398674,0.2505500614643097,0.21796394884586334,0.2035216987133026,0.8929495215415955,1.1352639198303223,0.9876134991645813,0.9221743941307068,-0.11947160214185715,0.03426502272486687,-0.044914960861206055,3.9380013942718506,0.9140292406082153,1.0940518379211426,1.062007188796997,0.05347822606563568,0.01444225013256073,0.07073570787906647,0.10635878890752792,0.07786459475755692,0.07247912138700485,0.035623081028461456,0.005385473370552063,714.0,521.0,659.0,842.0
93wkcs4k,0.23775498569011688,0.25864121317863464,0.14114731550216675,0.1574053168296814,0.9514517188072205,1.0350345373153687,0.564845621585846,0.6299071311950684,-0.04207563400268555,-0.05445588007569313,-0.046725232154130936,3.181238889694214,0.9107187986373901,1.0980281829833984,1.6626700162887573,0.02088622748851776,0.01625800132751465,0.0772477313876152,0.07491491734981537,0.05748497694730759,0.07319193333387375,0.002332814037799835,0.015706956386566162,714.0,521.0,659.0,842.0
ek4aegvf,0.3125440776348114,0.40230152010917664,0.3138315677642822,0.3589688539505005,1.1088237762451172,1.4272595643997192,1.1133915185928345,1.273526668548584,-0.12556181848049164,-0.06708856672048569,-0.09721112251281738,4.923001289367676,0.8228020668029785,1.215355634689331,1.0624911785125732,0.08975744247436523,0.04513728618621826,0.09415014088153839,0.10836681723594666,0.0700429379940033,0.04876621067523956,0.014216676354408264,0.021276727318763733,714.0,521.0,659.0,842.0
q3jzr25m,0.26468920707702637,0.3128519356250763,0.3179691731929779,0.28327512741088867,0.7865201830863953,0.9296350479125977,0.9448408484458923,0.8417479991912842,-0.08339258283376694,0.057703640311956406,-0.011425838805735111,3.502744197845459,0.977404773235321,1.0231140851974487,0.9605748057365417,0.04816272854804993,0.03469404578208923,0.1305454522371292,0.12397605180740356,0.10000359266996384,0.11088284105062485,0.006569400429725647,0.01087924838066101,714.0,521.0,659.0,842.0
df7fr91i,0.20640863478183746,0.22373206913471222,0.21391229331493378,0.17530974745750427,0.8697383403778076,0.942733645439148,0.9013563394546509,0.7386978268623352,-0.04027378186583519,0.09917847067117691,0.02597026713192463,3.452526092529297,1.0533227920532227,0.949371874332428,1.1051265001296997,0.017323434352874756,0.038602545857429504,0.090693898499012,0.08763986080884933,0.07956311851739883,0.09347279369831085,0.0030540376901626587,0.013909675180912018,714.0,521.0,659.0,842.0
pwh0mx1e,0.21529924869537354,0.24143540859222412,0.18488304316997528,0.1981038749217987,1.0217499732971191,1.145784854888916,0.8774031400680542,0.9401454925537109,-0.05722381919622421,-0.0345202311873436,-0.04686902463436127,3.98508358001709,0.9104564785957336,1.0983448028564453,1.1925562620162964,0.026136159896850586,0.013220831751823425,0.04361947253346443,0.09689848124980927,0.06583753973245621,0.06809442490339279,0.05327900871634483,0.0022568851709365845,714.0,521.0,659.0,842.0
gok01tnz,0.2845541536808014,0.34926658868789673,0.16903606057167053,0.23432350158691406,0.9805153012275696,1.2035011053085327,0.5824636220932007,0.8074307441711426,-0.10209878534078598,-0.16185875236988068,-0.1253395974636078,3.573910713195801,0.7772397398948669,1.2865991592407227,1.571350336074829,0.06471243500709534,0.06528744101524353,0.09756163507699966,0.11109619587659836,0.061156172305345535,0.13002268970012665,0.013534560799598694,0.06886652112007141,714.0,521.0,659.0,842.0
rf5a7qy8,0.2830948233604431,0.558295488357544,0.28546929359436035,0.336373507976532,1.005549669265747,1.9830594062805176,1.0139837265014648,1.19479501247406,-0.32707807421684265,-0.08186012506484985,-0.22286583483219147,5.197388172149658,0.635501503944397,1.573555827140808,1.3530572652816772,0.27520066499710083,0.05090421438217163,0.0856834426522255,0.25234222412109375,0.19144941866397858,0.1492367833852768,0.16665878891944885,0.04221263527870178,714.0,521.0,659.0,842.0
yb7w8p74,0.2684086263179779,0.26832762360572815,0.4042130410671234,0.37340548634529114,0.8973451852798462,0.8970743417739868,1.3513672351837158,1.2483712434768677,0.0001509168796474114,0.03961777314543724,0.02350091189146042,4.394157886505127,1.0481313467025757,0.9540759325027466,0.6902298927307129,8.100271224975586e-05,0.030807554721832275,0.1032009944319725,0.11020801961421967,0.14762352406978607,0.08699643611907959,0.007007025182247162,0.06062708795070648,714.0,521.0,659.0,842.0
mjdxo100,0.22502799332141876,0.2849046587944031,0.16161499917507172,0.24735529720783234,0.9640147686004639,1.2205250263214111,0.6923549175262451,1.0596643686294556,-0.1174205020070076,-0.20964868366718292,-0.1584680825471878,3.9365592002868652,0.7264162302017212,1.376615047454834,1.2468665838241577,0.059876665472984314,0.08574029803276062,0.05635017529129982,0.12081573158502579,0.05823874473571777,0.10027758032083511,0.06446555256843567,0.04203883558511734,714.0,521.0,659.0,842.0
vhmygty3,0.2492031455039978,0.31713706254959106,0.28239011764526367,0.38969215750694275,0.7699560523033142,0.979849636554718,0.8724929690361023,1.2040210962295532,-0.11995227634906769,-0.1596558541059494,-0.14149920642375946,3.826319694519043,0.7520805597305298,1.3296403884887695,0.8426637053489685,0.06793391704559326,0.10730203986167908,0.050200022757053375,0.10107652097940445,0.06253714114427567,0.11696546524763107,0.050876498222351074,0.05442832410335541,714.0,521.0,659.0,842.0
addqhkga,0.4146007001399994,0.35675284266471863,0.37892603874206543,0.3396027386188507,1.2245923280715942,1.0537290573120117,1.1192213296890259,1.0030733346939087,0.07499516010284424,0.05472744628787041,0.0652206689119339,4.400615692138672,1.1395407915115356,0.8775440454483032,1.0735164880752563,0.05784785747528076,0.03932330012321472,0.11919733136892319,0.12233713269233704,0.11850976198911667,0.09621439129114151,0.003139801323413849,0.02229537069797516,714.0,521.0,659.0,842.0
d7x48wze,0.23566590249538422,0.2706138789653778,0.23507829010486603,0.2565106749534607,1.0670702457427979,1.2253109216690063,1.064409613609314,1.161453127861023,-0.069028839468956,-0.04359809309244156,-0.056500691920518875,4.51824426651001,0.8930400013923645,1.119766116142273,1.0298821926116943,0.03494797646999359,0.021432384848594666,0.07502291351556778,0.08399687707424164,0.08406355232000351,0.13481299579143524,0.008973963558673859,0.05074944347143173,714.0,521.0,659.0,842.0
4ex6u86z,0.23048371076583862,0.4052232503890991,0.15212209522724152,0.27587592601776123,0.8884217143058777,1.5619721412658691,0.5863692760467529,1.0633903741836548,-0.27487391233444214,-0.2891451120376587,-0.2806164622306824,4.10015344619751,0.5617467164993286,1.7801543474197388,1.485300064086914,0.1747395396232605,0.12375383079051971,0.0804857686161995,0.1628446877002716,0.08031892031431198,0.12087242305278778,0.08235891908407211,0.0405535027384758,714.0,521.0,659.0,842.0
jq7w7jp6,0.3565993905067444,0.32777681946754456,0.33782273530960083,0.3369080722332001,1.133939504623413,1.0422875881195068,1.0742322206497192,1.0713237524032593,0.04211503267288208,0.0013555950718000531,0.02187996357679367,4.321783065795898,1.0447372198104858,0.957175612449646,1.0142937898635864,0.02882257103919983,0.0009146630764007568,0.11747243255376816,0.09208591282367706,0.13179470598697662,0.14530402421951294,0.025386519730091095,0.013509318232536316,714.0,521.0,659.0,842.0
1lfc1nlc,0.17392732203006744,0.31433117389678955,0.15844251215457916,0.18975123763084412,0.8658369183540344,1.564788818359375,0.7887511253356934,0.9446107745170593,-0.2875598967075348,-0.08991727232933044,-0.20528654754161835,4.163987636566162,0.6593548059463501,1.5166264772415161,1.402256727218628,0.1404038518667221,0.031308725476264954,0.05695507675409317,0.20450586080551147,0.07304731756448746,0.08086754381656647,0.1475507915019989,0.00782022625207901,714.0,521.0,659.0,842.0
8jpr7vgr,0.34120461344718933,0.47727569937705994,0.3710165023803711,0.37870150804519653,1.0015265941619873,1.400931477546692,1.0890324115753174,1.1115899085998535,-0.16624824702739716,-0.01025051437318325,-0.0916694924235344,4.603080749511719,0.8320552706718445,1.2018401622772217,1.0917160511016846,0.1360710859298706,0.0076850056648254395,0.04801497235894203,0.18391886353492737,0.06753009557723999,0.0883304551243782,0.13590389490127563,0.020800359547138214,714.0,521.0,659.0,842.0
f1hx6zdc,0.5753524303436279,0.513683021068573,0.4255973994731903,0.6407050490379333,1.1520137786865234,1.0285346508026123,0.8521630764007568,1.2828677892684937,0.05662749707698822,-0.20173212885856628,-0.07118983566761017,4.315579414367676,0.8670819401741028,1.1532914638519287,1.0213186740875244,0.06166940927505493,0.21510764956474304,0.11022898554801941,0.06622444093227386,0.16608929634094238,0.12362754344940186,0.044004544615745544,0.04246175289154053,714.0,521.0,659.0,842.0
ujq6fx7x,0.26493528485298157,0.37117329239845276,0.329904705286026,0.3395184278488159,0.9769953489303589,1.3687666654586792,1.2165814638137817,1.2520338296890259,-0.16701211035251617,-0.014361183159053326,-0.08873903006315231,4.814377307891846,0.8369861841201782,1.1947591304779053,0.9502325654029846,0.10623800754547119,0.009613722562789917,0.07621247321367264,0.09045014530420303,0.07228324562311172,0.06578338891267776,0.014237672090530396,0.00649985671043396,714.0,521.0,659.0,842.0
jz6us7rp,0.18682537972927094,0.475445032119751,0.15101885795593262,0.20519140362739563,0.9769542813301086,2.4862148761749268,0.789713442325592,1.072994589805603,-0.4358026385307312,-0.15207982063293457,-0.33657175302505493,5.3258771896362305,0.4963645040988922,2.014639377593994,1.8592067956924438,0.28861963748931885,0.05417254567146301,0.13094083964824677,0.3534410893917084,0.0908537209033966,0.09775160998106003,0.2225002497434616,0.006897889077663422,714.0,521.0,659.0,842.0
422ta83r,0.18800728023052216,0.33999305963516235,0.21821816265583038,0.27086949348449707,0.878744900226593,1.5891255140304565,1.0199503898620605,1.2660423517227173,-0.28785109519958496,-0.10765191912651062,-0.20119884610176086,4.753863334655762,0.6650019288063049,1.5037487745285034,1.079559564590454,0.1519857794046402,0.05265133082866669,0.062486112117767334,0.18796098232269287,0.09600014984607697,0.06096863001585007,0.12547487020492554,0.0350315198302269,714.0,521.0,659.0,842.0
t8cq1xgb,0.37983301281929016,0.5028948187828064,0.4138452708721161,0.4317145049571991,0.9799319505691528,1.2974193096160889,1.0676802396774292,1.1137810945510864,-0.13941064476966858,-0.021132998168468475,-0.0815436840057373,4.458812713623047,0.8492076992988586,1.1775654554367065,1.0439555644989014,0.12306180596351624,0.017869234085083008,0.09138800203800201,0.11126421391963959,0.11108417809009552,0.07240331918001175,0.019876211881637573,0.03868085891008377,714.0,521.0,659.0,842.0
ngz6wmdw,0.26183560490608215,0.3370363116264343,0.22584743797779083,0.33577603101730347,0.756315290927887,0.9735334515571594,0.6523630619049072,0.9698930978775024,-0.1255703866481781,-0.19573326408863068,-0.15952594578266144,3.352104663848877,0.7248415350914001,1.3796069622039795,1.0663210153579712,0.07520070672035217,0.10992859303951263,0.10339385271072388,0.1279076486825943,0.08111054450273514,0.08444071561098099,0.024513795971870422,0.0033301711082458496,714.0,521.0,659.0,842.0
0fgzvrct,0.3448542654514313,0.3737959861755371,0.3858282268047333,0.3799966871738434,1.0014170408248901,1.0854604244232178,1.1204006671905518,1.1034666299819946,-0.04027227684855461,0.007614706642925739,-0.015567883849143982,4.310744762420654,0.9693402051925659,1.0316267013549805,0.9383988976478577,0.028941720724105835,0.005831539630889893,0.05956663191318512,0.11105048656463623,0.09215451776981354,0.09319151192903519,0.05148385465145111,0.0010369941592216492,714.0,521.0,659.0,842.0
lt4q9bc2,0.3839566111564636,0.49441400170326233,0.4261283278465271,0.4251576364040375,0.8743550181388855,1.1258912086486816,0.9703894257545471,0.968178927898407,-0.12575244903564453,0.001140263513661921,-0.06329964101314545,3.938814640045166,0.880936324596405,1.1351531744003296,1.0318150520324707,0.1104573905467987,0.000970691442489624,0.05479450151324272,0.1103474497795105,0.05839848145842552,0.07214418798685074,0.055552948266267776,0.013745706528425217,714.0,521.0,659.0,842.0
be3yqy5f,0.35518839955329895,0.3957788348197937,0.3047059178352356,0.3928208649158478,0.9628632664680481,1.0728979110717773,0.8260126709938049,1.064879298210144,-0.05405079945921898,-0.1263246387243271,-0.08885455876588821,3.9266529083251953,0.836791455745697,1.1950374841690063,1.0766125917434692,0.04059043526649475,0.08811494708061218,0.11573517322540283,0.10124970972537994,0.05249810591340065,0.10686914622783661,0.014485463500022888,0.05437104031443596,714.0,521.0,659.0,842.0
u7bfxq7b,0.33195430040359497,0.40696126222610474,0.29005494713783264,0.40175583958625793,1.1093475818634033,1.3600109815597534,0.9693254828453064,1.3426152467727661,-0.10150937736034393,-0.16146138310432434,-0.13049855828285217,4.781299114227295,0.7691298723220825,1.3001668453216553,1.0680875778198242,0.07500696182250977,0.11170089244842529,0.07263168692588806,0.05120231956243515,0.07063203305006027,0.0918860211968422,0.02142936736345291,0.02125398814678192,714.0,521.0,659.0,842.0
zegbl2qg,0.250653475522995,0.40896719694137573,0.2592604458332062,0.36740005016326904,0.7951704263687134,1.2974032163619995,0.8224750757217407,1.1655360460281372,-0.24000686407089233,-0.17256462574005127,-0.20714999735355377,4.080584526062012,0.6567938923835754,1.5225427150726318,1.0525949001312256,0.15831372141838074,0.10813960433006287,0.0635768249630928,0.11536318063735962,0.06573307514190674,0.08418292552232742,0.051786355674266815,0.018449850380420685,714.0,521.0,659.0,842.0
v3dr2h2p,0.3014858365058899,0.4398699402809143,0.3115209937095642,0.37064945697784424,0.9064181447029114,1.3224704265594482,0.9365888833999634,1.1143587827682495,-0.18666329979896545,-0.08667683601379395,-0.13874870538711548,4.279836177825928,0.7563126087188721,1.3222006559371948,1.0867587327957153,0.13838410377502441,0.05912846326828003,0.07911694794893265,0.06353184580802917,0.061517998576164246,0.08159028738737106,0.015585102140903473,0.020072288811206818,714.0,521.0,659.0,842.0
39yl9ue4,0.33108338713645935,0.3593553602695465,0.44351038336753845,0.44934210181236267,0.9331645965576172,1.0128496885299683,1.2500420808792114,1.2664788961410522,-0.04094777628779411,-0.006531551480293274,-0.021539732813835144,4.462535381317139,0.9578276872634888,1.044026494026184,0.7732945680618286,0.028271973133087158,0.005831718444824219,0.05865393206477165,0.06383191794157028,0.08023840934038162,0.0731491670012474,0.00517798587679863,0.007089242339134216,714.0,521.0,659.0,842.0
21vmefoz,0.5083420872688293,0.5391135215759277,0.4846852123737335,0.5677618384361267,1.0379012823104858,1.1007285118103027,0.9896001219749451,1.159220814704895,-0.029377290979027748,-0.07893656194210052,-0.054215867072343826,4.287450790405273,0.8971438407897949,1.114646315574646,0.9952563047409058,0.03077143430709839,0.08307662606239319,0.0580592043697834,0.11877544224262238,0.061941660940647125,0.11559455841779709,0.060716237872838974,0.05365289747714996,714.0,521.0,659.0,842.0
tp7bd4w1,0.23661060631275177,0.32185930013656616,0.22728797793388367,0.29217132925987244,0.9555812478065491,1.2998687028884888,0.9179306626319885,1.179970145225525,-0.15264661610126495,-0.1249053105711937,-0.13927803933620453,4.353350639343262,0.7554962635040283,1.3236281871795654,1.0750963687896729,0.08524869382381439,0.06488335132598877,0.06480544805526733,0.08614540100097656,0.09020174294710159,0.08925434947013855,0.02133995294570923,0.0009473934769630432,714.0,521.0,659.0,842.0
aragdx5o,0.3596486449241638,0.4072011709213257,0.30523771047592163,0.36372843384742737,0.9983184933662415,1.1303155422210693,0.8472837805747986,1.009643316268921,-0.06201013922691345,-0.08743436634540558,-0.07385566830635071,3.9855611324310303,0.8624464869499207,1.1594890356063843,1.146319031715393,0.047552525997161865,0.05849072337150574,0.0669664591550827,0.0707225650548935,0.06419529765844345,0.07851402461528778,0.003756105899810791,0.01431872695684433,714.0,521.0,659.0,842.0
31yhxso7,0.35789018869400024,0.5302397012710571,0.4238024652004242,0.43304526805877686,0.9970493912696838,1.4771994352340698,1.1806750297546387,1.206424593925476,-0.19405868649482727,-0.01078697107732296,-0.1040656641125679,4.861348628997803,0.8114855289459229,1.2323049306869507,1.0365071296691895,0.17234951257705688,0.009242802858352661,0.11098014563322067,0.08390335738658905,0.11162035912275314,0.10982711613178253,0.027076788246631622,0.0017932429909706116,714.0,521.0,659.0,842.0
vbgr8w2m,0.4380601644515991,0.4750004708766937,0.40068691968917847,0.39679154753685,1.1006821393966675,1.1934993267059326,1.006777048110962,0.9969894289970398,-0.040457624942064285,0.0048846048302948475,-0.01931842230260372,4.297947883605957,0.962094247341156,1.0393967628479004,1.1449331045150757,0.036940306425094604,0.003895372152328491,0.09878437966108322,0.09690713882446289,0.08428303897380829,0.08735262602567673,0.0018772408366203308,0.0030695870518684387,714.0,521.0,659.0,842.0
aietdn1t,0.26298344135284424,0.3057604730129242,0.2635468542575836,0.30403798818588257,0.9047307968139648,1.0518947839736938,0.9066690802574158,1.045969009399414,-0.07521302998065948,-0.07133921980857849,-0.07327817380428314,3.9092636108398438,0.8634482622146606,1.1581428050994873,1.0020402669906616,0.042777031660079956,0.04049113392829895,0.06188914552330971,0.07244086265563965,0.06309852004051208,0.08761486411094666,0.01055171713232994,0.02451634407043457,714.0,521.0,659.0,842.0
h1xjg2y8,0.2290538251399994,0.28782421350479126,0.2656623125076294,0.2898331582546234,0.7376565337181091,0.9269236922264099,0.8555523753166199,0.9333933591842651,-0.11370240896940231,-0.043512146919965744,-0.07734350860118866,3.453526020050049,0.8564164638519287,1.1676517724990845,0.9304792881011963,0.05877038836479187,0.02417084574699402,0.05853641405701637,0.09076733887195587,0.07787324488162994,0.08255081623792648,0.0322309248149395,0.004677571356296539,714.0,521.0,659.0,842.0
rgybxkpm,0.2099677324295044,0.26464083790779114,0.17233474552631378,0.24281077086925507,0.9034714698791504,1.1387248039245605,0.741540253162384,1.0447920560836792,-0.11519595980644226,-0.1697618067264557,-0.14065571129322052,3.82852840423584,0.7533757090568542,1.32735276222229,1.1432315111160278,0.05467310547828674,0.07047602534294128,0.0297545175999403,0.07711365818977356,0.04431930184364319,0.05438658222556114,0.04735913872718811,0.010067280381917953,714.0,521.0,659.0,842.0
21b07g2r,0.32409611344337463,0.38338831067085266,0.2627550959587097,0.34970027208328247,1.0192058086395264,1.2056658267974854,0.8263028264045715,1.0997248888015747,-0.08380695432424545,-0.14196141064167023,-0.11079085618257523,4.150899410247803,0.800517737865448,1.249187707901001,1.1551588773727417,0.05929219722747803,0.08694517612457275,0.06699063628911972,0.07716391235589981,0.07933764159679413,0.07205012440681458,0.01017327606678009,0.007287517189979553,714.0,521.0,659.0,842.0
e6zvlhyl,0.32065653800964355,0.3569687306880951,0.33034050464630127,0.37998631596565247,0.964451789855957,1.07366943359375,0.9935786128044128,1.1429003477096558,-0.05358733981847763,-0.06989140808582306,-0.06193149462342262,4.174600124359131,0.8833593726158142,1.1320388317108154,0.9539613723754883,0.03631219267845154,0.049645811319351196,0.042760349810123444,0.047732673585414886,0.028357379138469696,0.056672532111406326,0.004972323775291443,0.02831515297293663,714.0,521.0,659.0,842.0
2ld05nhq,0.411034494638443,0.4551764726638794,0.3549823760986328,0.38025686144828796,1.0432100296020508,1.1552428007125854,0.9009491205215454,0.9650960564613342,-0.050959788262844086,-0.03437581658363342,-0.043346013873815536,4.064497947692871,0.9169084429740906,1.09061861038208,1.1781331300735474,0.0441419780254364,0.02527448534965515,0.08177243173122406,0.076151043176651,0.05470582842826843,0.10465633869171143,0.005621388554573059,0.04995051026344299,714.0,521.0,659.0,842.0
r6f7qnez,0.23469527065753937,0.26116129755973816,0.18696722388267517,0.28670433163642883,0.9723820686340332,1.0820353031158447,0.7746366858482361,1.1878643035888672,-0.05337424948811531,-0.21056129038333893,-0.13016949594020844,4.016918182373047,0.7696444392204285,1.2992957830429077,1.046834111213684,0.02646602690219879,0.09973710775375366,0.03350277617573738,0.048959240317344666,0.03718181326985359,0.04583604261279106,0.015456464141607285,0.00865422934293747,714.0,521.0,659.0,842.0
w9heyce4,0.20936046540737152,0.2898440361022949,0.16682617366313934,0.2607887387275696,0.7515872120857239,1.04051673412323,0.5988925099372864,0.936210572719574,-0.16122332215309143,-0.21973587572574615,-0.18821999430656433,3.327207088470459,0.6831884384155273,1.4637184143066406,1.1674132347106934,0.0804835706949234,0.09396256506443024,0.08319993317127228,0.08838982880115509,0.06638999283313751,0.09254005551338196,0.0051898956298828125,0.026150062680244446,714.0,521.0,659.0,842.0
qgm5v2ww,0.3070748746395111,0.33415043354034424,0.2257024049758911,0.2955246865749359,1.0741099119186401,1.1688169240951538,0.78947913646698,1.0337088108062744,-0.04222464933991432,-0.13395723700523376,-0.08335632085800171,4.06611442565918,0.8461132049560547,1.1818708181381226,1.230220079421997,0.02707555890083313,0.0698222815990448,0.06720996648073196,0.09077445417642593,0.061852868646383286,0.08285272121429443,0.02356448769569397,0.020999852567911148,714.0,521.0,659.0,842.0
g84d4r9v,0.35365480184555054,0.34370753169059753,0.33262330293655396,0.32971683144569397,1.0685458183288574,1.0384907722473145,1.0050004720687866,0.9962188005447388,0.014264114201068878,0.004388178698718548,0.00945334229618311,4.108255863189697,1.0190856456756592,0.9812688827514648,1.0528748035430908,0.009947270154953003,0.0029064714908599854,0.07750917971134186,0.07299069315195084,0.07209987193346024,0.06770748645067215,0.004518486559391022,0.004392385482788086,714.0,521.0,659.0,842.0
4k00ilu6,0.20500847697257996,0.36546438932418823,0.2052786946296692,0.28310316801071167,0.6919171214103699,1.233466386795044,0.6928291320800781,0.955491840839386,-0.28126779198646545,-0.15935134887695312,-0.22503575682640076,3.573704481124878,0.63260418176651,1.5807609558105469,1.1680852174758911,0.16045591235160828,0.07782447338104248,0.04775168374180794,0.1275404691696167,0.06924553960561752,0.07912187278270721,0.07978878915309906,0.009876333177089691,714.0,521.0,659.0,842.0
vfua9bq1,0.33363619446754456,0.41282546520233154,0.24984699487686157,0.3926770091056824,0.9434627294540405,1.1673955917358398,0.7065220475196838,1.1104193925857544,-0.10608604550361633,-0.2222948670387268,-0.1598426252603531,3.927799701690674,0.7243708372116089,1.3805042505264282,1.1617627143859863,0.07918927073478699,0.1428300142288208,0.04933343455195427,0.09401095658540726,0.0435984842479229,0.13583102822303772,0.04467752203345299,0.09223254024982452,714.0,521.0,659.0,842.0
btr23qiu,0.41054463386535645,0.35278528928756714,0.4065100848674774,0.36143800616264343,1.1538472175598145,0.9915128946304321,1.1425079107284546,1.0158315896987915,0.07566750049591064,0.058691490441560745,0.06715398281812668,4.303699493408203,1.143975019454956,0.8741426467895508,0.9939850568771362,0.05775934457778931,0.045072078704833984,0.05446137860417366,0.057376135140657425,0.05916344001889229,0.06162353977560997,0.0029147565364837646,0.002460099756717682,714.0,521.0,659.0,842.0
a08ekxdr,0.6630251407623291,0.6760540008544922,0.657200276851654,0.5830361843109131,1.2056224346160889,1.229313611984253,1.195030689239502,1.0601731538772583,-0.009729709476232529,0.05979830026626587,0.02370212785899639,4.6901397705078125,1.0485543012619019,0.953692615032196,1.079695701599121,0.013028860092163086,0.07416409254074097,0.09841129928827286,0.14920444786548615,0.11356589198112488,0.14450323581695557,0.05079314857721329,0.03093734383583069,714.0,521.0,659.0,842.0
kz40aq15,0.19415432214736938,0.29728811979293823,0.21192096173763275,0.31386882066726685,0.666057825088501,1.0198643207550049,0.7270073294639587,1.0767453908920288,-0.20985892415046692,-0.19389432668685913,-0.20160731673240662,3.4896750450134277,0.6644359230995178,1.5050297975540161,0.9346729516983032,0.10313379764556885,0.1019478589296341,0.056337255984544754,0.11746921390295029,0.05842131748795509,0.12009013444185257,0.06113195791840553,0.061668816953897476,714.0,521.0,659.0,842.0
o2nqw4c6,0.2444358468055725,0.3205101490020752,0.2946024239063263,0.3060230016708374,0.9991247653961182,1.310076355934143,1.204179286956787,1.250860571861267,-0.13465741276741028,-0.019014444202184677,-0.0750659927725792,4.7642412185668945,0.8603494167327881,1.1623144149780273,0.9405946731567383,0.07607430219650269,0.011420577764511108,0.06006073206663132,0.08316031098365784,0.044339943677186966,0.06442256271839142,0.02309957891702652,0.020082619041204453,714.0,521.0,659.0,842.0
lbpj8t22,0.3647032380104065,0.317838579416275,0.393934965133667,0.34127452969551086,1.1280680894851685,0.9831104278564453,1.2184851169586182,1.0556004047393799,0.06866185367107391,0.07162634283304214,0.07019921392202377,4.385263919830322,1.1509966850280762,0.868809700012207,0.9283624887466431,0.04686465859413147,0.05266043543815613,0.06038597971200943,0.07279036194086075,0.11024836450815201,0.07094503194093704,0.012404382228851318,0.039303332567214966,714.0,521.0,659.0,842.0
c50b8y5d,0.4462336599826813,0.5271188020706177,0.35207638144493103,0.4709762930870056,0.9999228715896606,1.1811707019805908,0.7889347076416016,1.0553662776947021,-0.08309945464134216,-0.14446191489696503,-0.11121375113725662,4.025394439697266,0.799832820892334,1.250258445739746,1.182611107826233,0.0808851420879364,0.11889991164207458,0.08551321923732758,0.08984589576721191,0.05978985130786896,0.12095018476247787,0.004332676529884338,0.06116033345460892,714.0,521.0,659.0,842.0
nwnguczh,0.25808244943618774,0.36867183446884155,0.21223102509975433,0.3802674412727356,0.8733278512954712,1.2475523948669434,0.7181707620620728,1.2867909669876099,-0.17644746601581573,-0.28360599279403687,-0.22852157056331635,4.1258416175842285,0.6279719471931458,1.5924222469329834,1.0578140020370483,0.11058938503265381,0.16803641617298126,0.0534345768392086,0.10612209141254425,0.062021803110837936,0.1272401362657547,0.05268751457333565,0.06521832942962646,714.0,521.0,659.0,842.0
9ier7u8h,0.3667791783809662,0.5123902559280396,0.3742658197879791,0.41079914569854736,0.9575710296630859,1.33772611618042,0.9771168231964111,1.0724964141845703,-0.1656232625246048,-0.04653535783290863,-0.10944630205631256,4.344910621643066,0.8027000427246094,1.245792269706726,1.119866967201233,0.14561107754707336,0.03653332591056824,0.12549644708633423,0.11490339040756226,0.10120563209056854,0.13767506182193756,0.010593056678771973,0.03646942973136902,714.0,521.0,659.0,842.0
0imjyjcm,0.22869734466075897,0.23511657118797302,0.2914542257785797,0.25896865129470825,0.8511859774589539,0.8750776648521423,1.084760069847107,0.9638524055480957,-0.01384006068110466,0.059019189327955246,0.025700416415929794,3.774876117706299,1.0527546405792236,0.9498851895332336,0.8426485061645508,0.00641922652721405,0.03248557448387146,0.0542847104370594,0.06516608595848083,0.047301117330789566,0.049427565187215805,0.010881375521421432,0.002126447856426239,714.0,521.0,659.0,842.0
rsezytkw,0.271107941865921,0.396417498588562,0.2315257489681244,0.33162057399749756,0.9195252060890198,1.3445415496826172,0.7852730751037598,1.124767780303955,-0.18772223591804504,-0.17774179577827454,-0.18315541744232178,4.174107551574707,0.6903938055038452,1.4484436511993408,1.1853476762771606,0.125309556722641,0.10009482502937317,0.07934371381998062,0.08227258920669556,0.07766638696193695,0.08021162450313568,0.0029288753867149353,0.0025452375411987305,714.0,521.0,659.0,842.0
2837c6qc,0.34549298882484436,0.40189218521118164,0.33785098791122437,0.4070400893688202,1.0101364850997925,1.1750338077545166,0.9877931475639343,1.1900850534439087,-0.07546192407608032,-0.09288473427295685,-0.08415882289409637,4.363048553466797,0.844747006893158,1.1837831735610962,1.0033469200134277,0.05639919638633728,0.06918910145759583,0.06922072917222977,0.08081180602312088,0.07118705660104752,0.06178274005651474,0.011591076850891113,0.009404316544532776,714.0,521.0,659.0,842.0
6k8djzr5,0.30614665150642395,0.2908025085926056,0.30423301458358765,0.3472658395767212,1.0134602785110474,0.9626653790473938,1.0071253776550293,1.1495802402496338,0.02570422738790512,-0.06605193018913269,-0.022178417071700096,4.132831573486328,0.95660400390625,1.0453611612319946,0.916269063949585,0.01534414291381836,0.043032824993133545,0.0629296824336052,0.055467527359724045,0.04760296270251274,0.07008886337280273,0.007462155073881149,0.022485900670289993,714.0,521.0,659.0,842.0
swk8temp,0.32969677448272705,0.5581071376800537,0.3340403437614441,0.739872932434082,1.2539153099060059,2.1226141452789307,1.270434856414795,2.813912868499756,-0.25727540254592896,-0.3779003620147705,-0.32330992817878723,7.460876941680908,0.5113611817359924,1.9555604457855225,0.8266990184783936,0.22841036319732666,0.40583258867263794,0.12789005041122437,0.22153401374816895,0.14219041168689728,0.3365917503833771,0.09364396333694458,0.1944013386964798,714.0,521.0,659.0,842.0
xkc5i8xo,0.2778860032558441,0.3007412850856781,0.22547942399978638,0.2812507748603821,0.9766905307769775,1.0570203065872192,0.7924962639808655,0.9885167479515076,-0.03949907422065735,-0.11006101220846176,-0.07244301587343216,3.8147239685058594,0.8648993372917175,1.15619957447052,1.141882061958313,0.022855281829833984,0.0557713508605957,0.050090957432985306,0.08326767385005951,0.062883161008358,0.06485775113105774,0.033176716417074203,0.0019745901226997375,714.0,521.0,659.0,842.0
mxlvz4qk,0.3296044170856476,0.385018914937973,0.367668092250824,0.4106609523296356,0.8796185255050659,1.0275037288665771,0.9811994433403015,1.0959348678588867,-0.07754353433847427,-0.055237315595149994,-0.06591454148292542,3.9842565059661865,0.8763218522071838,1.1411300897598267,0.9181495308876038,0.05541449785232544,0.042992860078811646,0.08569648861885071,0.14629490673542023,0.09470895677804947,0.12179997563362122,0.06059841811656952,0.027091018855571747,714.0,521.0,659.0,842.0
e2gjr81b,0.26050451397895813,0.37604328989982605,0.24413631856441498,0.3206210732460022,0.8397520780563354,1.2121983766555786,0.7869881987571716,1.0335414409637451,-0.1815081089735031,-0.13542915880680084,-0.15984562039375305,3.8724801540374756,0.7243661880493164,1.3805124759674072,1.127115249633789,0.11553877592086792,0.07648475468158722,0.06631949543952942,0.10925912857055664,0.08000516146421432,0.11504396796226501,0.04293963313102722,0.03503880649805069,714.0,521.0,659.0,842.0
mqf7zk94,0.34298765659332275,0.45320963859558105,0.2673940360546112,0.4138997197151184,0.9153441190719604,1.2094976902008057,0.7136045694351196,1.104589819908142,-0.13843533396720886,-0.21504008769989014,-0.17375905811786652,3.9430360794067383,0.7039262056350708,1.4205994606018066,1.1686532497406006,0.1102219820022583,0.1465056836605072,0.08832740038633347,0.10465426743030548,0.08308663219213486,0.1172119528055191,0.016326867043972015,0.03412532061338425,714.0,521.0,659.0,842.0
yxfiblej,0.2984473705291748,0.3911270499229431,0.26306387782096863,0.36095482110977173,0.946008026599884,1.2397807836532593,0.8338506817817688,1.1441419124603271,-0.13440106809139252,-0.15687155723571777,-0.1450757086277008,4.16378116607666,0.7466082572937012,1.3393863439559937,1.1050523519515991,0.09267967939376831,0.0978909432888031,0.06426628679037094,0.04384613409638405,0.04245815798640251,0.06057293340563774,0.020420152693986893,0.01811477541923523,714.0,521.0,659.0,842.0
gublmntf,0.33653631806373596,0.3865511119365692,0.32495495676994324,0.40752753615379333,0.8686946034431458,0.9977967739105225,0.8387998342514038,1.0519428253173828,-0.06916829198598862,-0.11272960901260376,-0.09108959883451462,3.7572340965270996,0.8330288529396057,1.2004352807998657,0.9871723055839539,0.05001479387283325,0.0825725793838501,0.05149981752038002,0.07431253045797348,0.06861057132482529,0.13161733746528625,0.02281271293759346,0.06300676614046097,714.0,521.0,659.0,842.0
k7orfqla,0.4228021502494812,0.5377081036567688,0.49444180727005005,0.5659273266792297,0.8933346271514893,1.1361182928085327,1.044701337814331,1.1957423686981201,-0.11962998658418655,-0.06741563230752945,-0.09223281592130661,4.269896507263184,0.8311106562614441,1.2032068967819214,0.9058254957199097,0.1149059534072876,0.07148551940917969,0.09812860935926437,0.10301101207733154,0.0923122838139534,0.11994791775941849,0.004882402718067169,0.027635633945465088,714.0,521.0,659.0,842.0
09lzrk79,0.3105196952819824,0.3118073642253876,0.24362847208976746,0.3131512403488159,1.0858986377716064,1.0904017686843872,0.8519776463508606,1.0951013565063477,-0.002069115871563554,-0.12486560642719269,-0.06005425378680229,4.123379707336426,0.8866943717002869,1.1277804374694824,1.117723822593689,0.0012876689434051514,0.06952276825904846,0.04265045002102852,0.04730432480573654,0.049759507179260254,0.04172360152006149,0.004653874784708023,0.008035905659198761,714.0,521.0,659.0,842.0
ufu6py06,0.22748766839504242,0.3186414837837219,0.25452056527137756,0.33011236786842346,0.7809584736824036,1.0938868522644043,0.8737616539001465,1.1332660913467407,-0.16690859198570251,-0.1292976588010788,-0.14746294915676117,3.88187313079834,0.7429742813110352,1.34593665599823,0.9341386556625366,0.0911538153886795,0.0755918025970459,0.08138144761323929,0.12840799987316132,0.08372806757688522,0.1146303340792656,0.04702655225992203,0.03090226650238037,714.0,521.0,659.0,842.0
ftlo4qdb,0.43403348326683044,0.4605138599872589,0.48492079973220825,0.4390000104904175,1.078282356262207,1.1440683603286743,1.2047032117843628,1.0906208753585815,-0.02960195019841194,0.049702029675245285,0.010690538212656975,4.517674922943115,1.021610975265503,0.9788439869880676,0.9682067632675171,0.026480376720428467,0.04592078924179077,0.06323894113302231,0.0477413609623909,0.0871196910738945,0.0693051889538765,0.015497580170631409,0.017814502120018005,714.0,521.0,659.0,842.0
xvh7katq,0.21044212579727173,0.26130375266075134,0.23532451689243317,0.23939721286296844,0.862781822681427,1.0713070631027222,0.9647959470748901,0.9814934134483337,-0.10781549662351608,-0.008579104207456112,-0.05804136022925377,3.880378246307373,0.8902833461761475,1.1232330799102783,0.9937292337417603,0.050861626863479614,0.004072695970535278,0.024883616715669632,0.03705248236656189,0.03486493229866028,0.04351584613323212,0.012168865650892258,0.008650913834571838,714.0,521.0,659.0,842.0
ydshlv76,0.3577178120613098,0.4476828873157501,0.3685753345489502,0.3661932647228241,1.061883807182312,1.3289448022842407,1.0941144227981567,1.0870431661605835,-0.11170211434364319,0.0032419273629784584,-0.05686579644680023,4.571986198425293,0.8923866748809814,1.1205874681472778,1.0961267948150635,0.08996507525444031,0.0023820698261260986,0.05459238216280937,0.171190544962883,0.07830020785331726,0.0715169832110405,0.11659815907478333,0.006783224642276764,714.0,521.0,659.0,842.0
mf4nnkm9,0.2623549699783325,0.39891600608825684,0.2259931117296219,0.3635822832584381,0.8277803659439087,1.2586567401885986,0.7130517363548279,1.147171974182129,-0.2065126597881317,-0.23336952924728394,-0.21917158365249634,3.9466609954833984,0.6404570937156677,1.5613795518875122,1.1216034889221191,0.13656103610992432,0.13758917152881622,0.053862590342760086,0.07881560921669006,0.0468272902071476,0.08169008791446686,0.024953018873929977,0.03486279770731926,714.0,521.0,659.0,842.0
5d0p92k3,0.3864375948905945,0.5166703462600708,0.2971501350402832,0.415756493806839,0.984152615070343,1.3158204555511475,0.7567614912986755,1.0588200092315674,-0.14420491456985474,-0.16636988520622253,-0.15398311614990234,4.1155548095703125,0.733126699924469,1.3640172481536865,1.2667951583862305,0.13023275136947632,0.11860635876655579,0.1305420696735382,0.11946262419223785,0.07599004358053207,0.13386113941669464,0.011079445481300354,0.05787109583616257,714.0,521.0,659.0,842.0
8p6fvdhr,0.3413858115673065,0.4017351567745209,0.2894313931465149,0.4089604914188385,0.9677659273147583,1.1388452053070068,0.8204846978187561,1.159327745437622,-0.08121055364608765,-0.17114877700805664,-0.1247844323515892,4.086423873901367,0.7781174182891846,1.2851494550704956,1.0640442371368408,0.060349345207214355,0.11952909827232361,0.06970517337322235,0.08332205563783646,0.07453250139951706,0.07654421776533127,0.013616882264614105,0.002011716365814209,714.0,521.0,659.0,842.0
59c81do6,0.4299478828907013,0.46716979146003723,0.21692262589931488,0.41384872794151306,1.0333584547042847,1.1228195428848267,0.521362841129303,0.9946649670600891,-0.04149050638079643,-0.31219837069511414,-0.15324927866458893,3.672205686569214,0.7342294454574585,1.3619683980941772,1.4222526550292969,0.03722190856933594,0.19692610204219818,0.11929440498352051,0.12460330128669739,0.13266155123710632,0.16117452085018158,0.00530889630317688,0.028512969613075256,714.0,521.0,659.0,842.0
ouz1egnt,0.5223948955535889,0.4828241467475891,0.5097041130065918,0.5712699294090271,1.1204259395599365,1.035555124282837,1.0932068824768066,1.2252525091171265,0.039365265518426895,-0.05695396661758423,-0.0105431554839015,4.474440574645996,0.9791327714920044,1.0213100910186768,0.9299187660217285,0.039570748805999756,0.0615658164024353,0.06833062320947647,0.07334238290786743,0.09833183884620667,0.07777716219425201,0.005011759698390961,0.02055467665195465,714.0,521.0,659.0,842.0
b34kuqaa,0.24674437940120697,0.26864004135131836,0.2260315716266632,0.2627316415309906,0.936179518699646,1.019254446029663,0.8575924634933472,0.9968371987342834,-0.04248405247926712,-0.07508747279644012,-0.058353688567876816,3.809863567352295,0.8897256255149841,1.1239374876022339,1.054464340209961,0.02189566195011139,0.03670006990432739,0.04855410009622574,0.04360850900411606,0.03678019717335701,0.037184156477451324,0.00494559109210968,0.0004039593040943146,714.0,521.0,659.0,842.0
j84rx6pr,0.2704361379146576,0.34348607063293457,0.24577799439430237,0.37995225191116333,0.9700559377670288,1.232086420059204,0.8816070556640625,1.3628908395767212,-0.11898870766162872,-0.2144279181957245,-0.16716301441192627,4.4466400146484375,0.7135555148124695,1.401427984237671,0.9811276197433472,0.07304993271827698,0.13417425751686096,0.0739935040473938,0.07934395968914032,0.08407733589410782,0.0956031009554863,0.005350455641746521,0.011525765061378479,714.0,521.0,659.0,842.0
yiej9c0u,0.2867549955844879,0.32714229822158813,0.25247353315353394,0.3068220913410187,0.9664894342422485,1.1026122570037842,0.8509459495544434,1.0341242551803589,-0.06578826159238815,-0.0971730425953865,-0.08075038343667984,3.954172134399414,0.8505645990371704,1.1756855249404907,1.0976238250732422,0.04038730263710022,0.05434855818748474,0.044854506850242615,0.07197914272546768,0.061890095472335815,0.05340617895126343,0.027124635875225067,0.008483916521072388,714.0,521.0,659.0,842.0
u5wryesu,0.29288485646247864,0.358664870262146,0.30543360114097595,0.40181437134742737,0.8020066022872925,0.9821320176124573,0.8363687992095947,1.1002882719039917,-0.1009591594338417,-0.13627558946609497,-0.11934126913547516,3.7207956314086914,0.7867639660835266,1.27102530002594,0.9212451577186584,0.06578001379966736,0.09638077020645142,0.08500395715236664,0.09944649785757065,0.07864130288362503,0.10841637849807739,0.01444254070520401,0.029775075614452362,714.0,521.0,659.0,842.0
4fcl5efj,0.5576964616775513,0.5341712236404419,0.5521090030670166,0.5770370364189148,1.110867977142334,1.064008355140686,1.099738359451294,1.1493921279907227,0.02154584974050522,-0.022076871246099472,-0.0006315743084996939,4.424006462097168,0.9987367987632751,1.00126314163208,0.9669845104217529,0.023525238037109375,0.024928033351898193,0.101930633187294,0.08950293064117432,0.07426054775714874,0.08035900443792343,0.01242770254611969,0.006098456680774689,714.0,521.0,659.0,842.0
p6mkt7s1,0.46165937185287476,0.45729970932006836,0.3891519010066986,0.4695621728897095,1.1173429489135742,1.106791377067566,0.9418548345565796,1.136469841003418,0.004744125995784998,-0.09364021569490433,-0.042780980467796326,4.302459239959717,0.9179472327232361,1.08938467502594,1.0701559782028198,0.0043596625328063965,0.08041027188301086,0.08366590738296509,0.05549362301826477,0.0614752322435379,0.09740109741687775,0.028172284364700317,0.035925865173339844,714.0,521.0,659.0,842.0
gd1t53yk,0.39305830001831055,0.4193490147590637,0.3508725166320801,0.3478887975215912,1.1381525993347168,1.2142808437347412,1.0159980058670044,1.007358193397522,-0.032361455261707306,0.004270005505532026,-0.015423131175339222,4.375789642333984,0.969620943069458,1.0313280820846558,1.16263747215271,0.026290714740753174,0.0029837191104888916,0.0693005695939064,0.09238885343074799,0.09667887538671494,0.06866405159235,0.023088283836841583,0.02801482379436493,714.0,521.0,659.0,842.0
yydu3asn,0.24408558011054993,0.31296560168266296,0.22376731038093567,0.28424587845802307,0.9516323208808899,1.2201793193817139,0.8724161386489868,1.1082078218460083,-0.1236509308218956,-0.11904896795749664,-0.12145600467920303,4.152435302734375,0.7833943367004395,1.276491403579712,1.0965267419815063,0.06888002157211304,0.0604785680770874,0.04927497357130051,0.09479857981204987,0.06126559525728226,0.07483789324760437,0.04552360624074936,0.013572297990322113,714.0,521.0,659.0,842.0
rm6dfhg6,0.3216682970523834,0.40717166662216187,0.2395419180393219,0.4037436842918396,0.9955350756645203,1.2601604461669922,0.741361141204834,1.2495511770248413,-0.1173141598701477,-0.2552544176578522,-0.1819840371608734,4.246607780456543,0.6920691728591919,1.444937825202942,1.1329941749572754,0.08550336956977844,0.1642017662525177,0.05666925758123398,0.09379623085260391,0.0712343081831932,0.09113682806491852,0.037126973271369934,0.01990251988172531,714.0,521.0,659.0,842.0
w3stt1eq,0.3892490565776825,0.3840387761592865,0.343790739774704,0.38737592101097107,1.1611628532409668,1.1456201076507568,1.0255568027496338,1.1555750370025635,0.006737819407135248,-0.05961037799715996,-0.025507502257823944,4.4879150390625,0.9502525925636292,1.0523488521575928,1.0576066970825195,0.005210280418395996,0.04358518123626709,0.05694953724741936,0.054357677698135376,0.04541560262441635,0.07464195042848587,0.0025918595492839813,0.02922634780406952,714.0,521.0,659.0,842.0
c37rln36,0.45890897512435913,0.49794894456863403,0.447219580411911,0.5136218070983887,1.0385743379592896,1.126927137374878,1.0121195316314697,1.162397027015686,-0.04080013185739517,-0.06910834461450577,-0.054983656853437424,4.340018272399902,0.895763099193573,1.1163643598556519,0.9958531260490417,0.0390399694442749,0.06640222668647766,0.0980854257941246,0.06605205684900284,0.06374173611402512,0.0852293074131012,0.032033368945121765,0.02148757129907608,714.0,521.0,659.0,842.0
v1mzb3i4,0.24868085980415344,0.37317734956741333,0.29920727014541626,0.3673056662082672,0.7958199381828308,1.1942293643951416,0.9575128555297852,1.1754390001296997,-0.2002004235982895,-0.10217099636793137,-0.14948700368404388,4.1230010986328125,0.7399054169654846,1.3515198230743408,0.9330010414123535,0.12449648976325989,0.06809839606285095,0.061362747102975845,0.10622819513082504,0.05079825967550278,0.08933708816766739,0.0448654480278492,0.03853882849216461,714.0,521.0,659.0,842.0
fieecy2c,0.305962473154068,0.33399516344070435,0.26784494519233704,0.33480772376060486,0.9608188271522522,1.0488502979278564,0.8411177396774292,1.051401972770691,-0.04380390793085098,-0.11111319810152054,-0.0764482393860817,3.902188777923584,0.8579607009887695,1.165550708770752,1.0618995428085327,0.028032690286636353,0.06696277856826782,0.033851705491542816,0.06613203883171082,0.06471314281225204,0.1006099060177803,0.032280333340168,0.03589676320552826,714.0,521.0,659.0,842.0
11bd2sce,0.2244931161403656,0.31209561228752136,0.20120906829833984,0.3345562219619751,0.8232036232948303,1.1444370746612549,0.7378223538398743,1.2267988920211792,-0.16325786709785461,-0.24889051914215088,-0.20604154467582703,3.9322619438171387,0.6583163738250732,1.519020438194275,1.0015350580215454,0.08760249614715576,0.13334715366363525,0.05568888410925865,0.11869686841964722,0.04400872066617012,0.07197366654872894,0.06300798058509827,0.027964945882558823,714.0,521.0,659.0,842.0
jcy127h6,0.5133111476898193,0.7246362566947937,0.5268186330795288,0.6266453862190247,1.0135902166366577,1.430875301361084,1.0402623414993286,1.2373813390731812,-0.1707059144973755,-0.08654510229825974,-0.1301121860742569,4.722109317779541,0.7697352170944214,1.2991459369659424,1.0732423067092896,0.21132510900497437,0.09982675313949585,0.20211654901504517,0.16551454365253448,0.1166633814573288,0.17487208545207977,0.03660200536251068,0.05820870399475098,714.0,521.0,659.0,842.0
gmd478mf,0.2600729465484619,0.3411533236503601,0.3496006727218628,0.3829597532749176,0.7443394660949707,0.9763948321342468,1.0005714893341064,1.0960465669631958,-0.1348581165075302,-0.045537590980529785,-0.08580037951469421,3.817352294921875,0.8419579267501831,1.1877042055130005,0.8207179307937622,0.0810803771018982,0.03335908055305481,0.09278367459774017,0.10608915984630585,0.12157730758190155,0.17109018564224243,0.013305485248565674,0.04951287806034088,714.0,521.0,659.0,842.0
s0iuduah,0.2288777083158493,0.32338833808898926,0.20044301450252533,0.2862093150615692,0.8579215407371521,1.2121837139129639,0.7513374090194702,1.0728224515914917,-0.17113210260868073,-0.17623695731163025,-0.17352354526519775,3.8942651748657227,0.7042677998542786,1.4199087619781494,1.1348243951797485,0.09451062977313995,0.08576630055904388,0.06922274082899094,0.10284195095300674,0.051793087273836136,0.08993992954492569,0.03361921012401581,0.038146842271089554,714.0,521.0,659.0,842.0
gk6t9dhs,0.4837992787361145,0.6468745470046997,0.4348532557487488,0.5778979659080505,1.0244436264038086,1.3697551488876343,0.9208006262779236,1.2236974239349365,-0.1442282646894455,-0.14124354720115662,-0.14281804859638214,4.538697242736816,0.750059187412262,1.3332256078720093,1.1164368391036987,0.1630752682685852,0.14304471015930176,0.12861938774585724,0.10799471288919449,0.11515002697706223,0.1113424152135849,0.02062467485666275,0.0038076117634773254,714.0,521.0,659.0,842.0
znvp8gmn,0.33116614818573,0.3580400049686432,0.2697908580303192,0.3822399079799652,0.9717154502868652,1.0505694150924683,0.7916266322135925,1.121577262878418,-0.03899242356419563,-0.1724594682455063,-0.10387633740901947,3.9354889392852783,0.8117959499359131,1.2318329811096191,1.0570130348205566,0.026873856782913208,0.112449049949646,0.11563234776258469,0.1846495270729065,0.07498571276664734,0.16033615171909332,0.06901717931032181,0.08535043895244598,714.0,521.0,659.0,842.0
hie9ede1,0.21169191598892212,0.3070206046104431,0.20473289489746094,0.29295074939727783,0.6857792735099792,0.9945980310440063,0.6632353663444519,0.9490184783935547,-0.1837790608406067,-0.1772565245628357,-0.18058545887470245,3.292631149291992,0.6940733194351196,1.44076406955719,1.0422513484954834,0.095328688621521,0.0882178544998169,0.0803442895412445,0.12520112097263336,0.06483089178800583,0.15180763602256775,0.044856831431388855,0.08697674423456192,714.0,521.0,659.0,842.0
zublekvl,0.36514633893966675,0.41119974851608276,0.2935706675052643,0.3841809928417206,1.0674149990081787,1.202040672302246,0.8581812381744385,1.1230580806732178,-0.05932064354419708,-0.13369232416152954,-0.09398514032363892,4.25069522857666,0.8281772136688232,1.2074675559997559,1.1454710960388184,0.046053409576416016,0.0906103253364563,0.08585803210735321,0.05886063724756241,0.05353067070245743,0.05307087302207947,0.026997394859790802,0.0004597976803779602,714.0,521.0,659.0,842.0
9ptk4gc4,0.21786490082740784,0.23934921622276306,0.1879233866930008,0.2149050533771515,0.8107877969741821,0.8907420635223389,0.6993600130081177,0.7997726798057556,-0.04698951169848442,-0.06698036938905716,-0.056352920830249786,3.200662612915039,0.8933045268058777,1.1194337606430054,1.1350066661834717,0.021484315395355225,0.026981666684150696,0.03739475831389427,0.05992686003446579,0.05542626604437828,0.05618515983223915,0.022532101720571518,0.0007588937878608704,714.0,521.0,659.0,842.0
ryg9rdpx,0.3699723780155182,0.3946651518344879,0.3138992190361023,0.3819619119167328,1.079835057258606,1.1519056558609009,0.9161748886108398,1.1148288249969482,-0.03229339420795441,-0.09781060367822647,-0.06350938975811005,4.262744426727295,0.8805651664733887,1.1356310844421387,1.0988348722457886,0.024692773818969727,0.0680626928806305,0.09478843957185745,0.10533129423856735,0.09531800448894501,0.10631736367940903,0.0105428546667099,0.01099935919046402,714.0,521.0,659.0,842.0
dfovd79c,0.21654126048088074,0.4181827902793884,0.1941758245229721,0.2838137447834015,0.9307496547698975,1.7974565029144287,0.8346173167228699,1.2199039459228516,-0.31768327951431274,-0.1875307261943817,-0.2617737948894501,4.782727241516113,0.5850690603256226,1.709193229675293,1.327900767326355,0.2016415297985077,0.08963792026042938,0.07538237422704697,0.2365555316209793,0.10059645771980286,0.1483297497034073,0.16117316484451294,0.04773329198360443,714.0,521.0,659.0,842.0
9mv9e40k,0.2994629144668579,0.336861789226532,0.24772146344184875,0.3036208152770996,1.0347414016723633,1.1639665365219116,0.8559578657150269,1.0491082668304443,-0.058773163706064224,-0.10138756781816483,-0.07855585217475891,4.103774070739746,0.8543299436569214,1.170503854751587,1.1541352272033691,0.03739887475967407,0.055899351835250854,0.05384974926710129,0.04456575959920883,0.056552812457084656,0.05756564065814018,0.009283989667892456,0.0010128282010555267,714.0,521.0,659.0,842.0
zuj2xorv,0.33200523257255554,0.3772623836994171,0.28649795055389404,0.35308709740638733,1.0246878862380981,1.1643677949905396,0.8842360377311707,1.0897541046142578,-0.06380819529294968,-0.1041128858923912,-0.08291950076818466,4.163045883178711,0.8468580842018127,1.180831789970398,1.108947992324829,0.04525715112686157,0.06658914685249329,0.06438971310853958,0.059872206300497055,0.057555124163627625,0.06890901923179626,0.004517506808042526,0.01135389506816864,714.0,521.0,659.0,842.0
ork1djrw,0.31148386001586914,0.3681025505065918,0.3100583255290985,0.34055307507514954,1.0195972919464111,1.2049304246902466,1.014931082725525,1.1147512197494507,-0.08331333100795746,-0.04687083885073662,-0.06548899412155151,4.354210376739502,0.8770710825920105,1.1401549577713013,1.044533371925354,0.056618690490722656,0.030494749546051025,0.050599776208400726,0.05810699611902237,0.05655520781874657,0.06859144568443298,0.007507219910621643,0.012036237865686417,714.0,521.0,659.0,842.0
edbcy8ny,0.4507874548435211,0.41800686717033386,0.4387819170951843,0.47240278124809265,1.0840198993682861,1.0051915645599365,1.0551499128341675,1.1359988451004028,0.03773108124732971,-0.0368979275226593,-0.00047205400187522173,4.280360221862793,0.9990552067756653,1.0009434223175049,0.9534767270088196,0.032780587673187256,0.033620864152908325,0.05355758219957352,0.06713312119245529,0.08395998924970627,0.09177079051733017,0.013575538992881775,0.007810801267623901,714.0,521.0,659.0,842.0
fwdc112h,0.2978472113609314,0.3259051740169525,0.2789084017276764,0.32236266136169434,1.0105316638946533,1.1057262420654297,0.9462763071060181,1.0937073230743408,-0.044982463121414185,-0.07227054983377457,-0.05837615951895714,4.156241416931152,0.889685869216919,1.1239885091781616,1.0373879671096802,0.028057962656021118,0.043454259634017944,0.048105861991643906,0.07234939932823181,0.06141974776983261,0.06848791241645813,0.024243537336587906,0.007068164646625519,714.0,521.0,659.0,842.0
xrjm4t8b,0.32831087708473206,0.3856944441795349,0.3083219528198242,0.34086480736732483,0.9562402367591858,1.1233758926391602,0.898020327091217,0.9928048849105835,-0.08036842197179794,-0.050128571689128876,-0.06596753001213074,3.9704413414001465,0.8762284517288208,1.1412514448165894,1.099844217300415,0.057383567094802856,0.03254285454750061,0.0513102151453495,0.07512186467647552,0.031453587114810944,0.07405827194452286,0.023811649531126022,0.042604684829711914,714.0,521.0,659.0,842.0
p6nlnqbu,0.2724357545375824,0.3536764085292816,0.2570142149925232,0.3158322870731354,0.9155462384223938,1.1885631084442139,0.8637206554412842,1.0613844394683838,-0.1297539472579956,-0.10267665982246399,-0.11681690812110901,4.029214382171631,0.7908024787902832,1.2645338773727417,1.0929821729660034,0.08124065399169922,0.05881807208061218,0.07595796138048172,0.07922576367855072,0.03692030534148216,0.0668889582157135,0.0032678022980690002,0.02996865287423134,714.0,521.0,659.0,842.0
4kzrezrd,0.20950205624103546,0.2894831597805023,0.16089071333408356,0.27127572894096375,0.7792523503303528,1.076745629310608,0.5984402298927307,1.0090222358703613,-0.16028718650341034,-0.25542184710502625,-0.2044413685798645,3.4634604454040527,0.6605193614959717,1.5139533281326294,1.1546107530593872,0.07998110353946686,0.11038501560688019,0.06107546016573906,0.08276788145303726,0.044623520225286484,0.08966318517923355,0.021692421287298203,0.04503966495394707,714.0,521.0,659.0,842.0
yxyur4so,0.3631303608417511,0.40463492274284363,0.3076600432395935,0.4459013342857361,1.0109565258026123,1.1265054941177368,0.8565269708633423,1.2413913011550903,-0.054058849811553955,-0.1834503561258316,-0.11815061420202255,4.235380172729492,0.7886667251586914,1.2679592370986938,1.0188477039337158,0.04150456190109253,0.13824129104614258,0.05510368570685387,0.04273694008588791,0.07582220435142517,0.10718190670013428,0.012366745620965958,0.031359702348709106,714.0,521.0,659.0,842.0
r8wm9lbb,0.26221227645874023,0.3350664973258972,0.2534455358982086,0.3347031772136688,0.903930127620697,1.155082106590271,0.8737083673477173,1.153829574584961,-0.12197670340538025,-0.13815808296203613,-0.13000521063804626,4.086550235748291,0.7699019908905029,1.298862099647522,1.0155216455459595,0.07285422086715698,0.0812576413154602,0.048040058463811874,0.056951846927404404,0.05585784092545509,0.06145376339554787,0.00891178846359253,0.0055959224700927734,714.0,521.0,659.0,842.0
4m0a6mdm,0.2308957874774933,0.3035467267036438,0.2581178843975067,0.2952478229999542,0.8542887568473816,1.123089075088501,0.9550074934959412,1.0923840999603271,-0.13593752682209015,-0.06709825247526169,-0.10091926902532578,4.0247697830200195,0.8166621327400208,1.224492073059082,0.9658017158508301,0.07265093922615051,0.03712993860244751,0.045655522495508194,0.09419487416744232,0.06430593132972717,0.092555932700634,0.04853935167193413,0.02825000137090683,714.0,521.0,659.0,842.0
mmxixv6c,0.2792911231517792,0.40845343470573425,0.2907237410545349,0.3441242575645447,0.8957318067550659,1.3099762201309204,0.9323980212211609,1.103662133216858,-0.18780536949634552,-0.08411530405282974,-0.13803397119045258,4.2417683601379395,0.7574155926704407,1.3202749490737915,1.083319902420044,0.12916231155395508,0.053400516510009766,0.07777711749076843,0.12249085307121277,0.09950197488069534,0.1048271656036377,0.044713735580444336,0.005325190722942352,714.0,521.0,659.0,842.0
kmalq5u6,0.37552428245544434,0.4791276752948761,0.37540942430496216,0.41550225019454956,0.9229189157485962,1.177543044090271,0.9226366281509399,1.021172046661377,-0.12122276425361633,-0.05069184675812721,-0.0873233750462532,4.0442705154418945,0.8393781781196594,1.1913551092147827,1.0805895328521729,0.10360339283943176,0.0400928258895874,0.10995273292064667,0.10836161673069,0.0756729394197464,0.10177607834339142,0.001591116189956665,0.02610313892364502,714.0,521.0,659.0,842.0
jzv9nou3,0.29928234219551086,0.3576236963272095,0.24857757985591888,0.31750085949897766,0.9458377957344055,1.1302170753479004,0.7855928540229797,1.0034147500991821,-0.0888121947646141,-0.12175548821687698,-0.10406062006950378,3.8650622367858887,0.8114933967590332,1.2322918176651,1.160448431968689,0.05834135413169861,0.06892327964305878,0.0401691272854805,0.04899897426366806,0.05697281286120415,0.06838775426149368,0.008829846978187561,0.011414941400289536,714.0,521.0,659.0,842.0
dyms1mwn,0.32713577151298523,0.423416405916214,0.3036901354789734,0.3856220841407776,0.8809348344802856,1.1402063369750977,0.8177987337112427,1.0384310483932495,-0.12827956676483154,-0.11886025965213776,-0.12377035617828369,3.877370834350586,0.7797219157218933,1.2825047969818115,1.0888404846191406,0.09628063440322876,0.0819319486618042,0.053126197308301926,0.0657123252749443,0.06342190504074097,0.07280896604061127,0.01258612796664238,0.0093870609998703,714.0,521.0,659.0,842.0
pr424tkb,0.2538153827190399,0.2528168857097626,0.2485516369342804,0.2558164894580841,1.0166555643081665,1.0126560926437378,0.9955716133117676,1.024670958518982,0.0019708476029336452,-0.014403840526938438,-0.006198167335242033,4.049554347991943,0.987678050994873,1.0124716758728027,1.0044870376586914,0.0009984970092773438,0.007264852523803711,0.07635677605867386,0.07515300810337067,0.045820653438568115,0.06017189472913742,0.0012037679553031921,0.014351241290569305,714.0,521.0,659.0,842.0
9oi0d4dm,0.3426455557346344,0.3928277790546417,0.3318556249141693,0.40534621477127075,0.9847943186759949,1.1290225982666016,0.9537830948829651,1.1650017499923706,-0.06823109835386276,-0.09968842566013336,-0.08397830277681351,4.232601642608643,0.8450542092323303,1.1833527088165283,0.9976539611816406,0.050182223320007324,0.07349058985710144,0.05562225729227066,0.06916361302137375,0.05574830248951912,0.06512550264596939,0.013541355729103088,0.009377200156450272,714.0,521.0,659.0,842.0
c2rh2xk2,0.42960286140441895,0.4352555274963379,0.3029290735721588,0.3028244376182556,1.143946886062622,1.158998727798462,0.8066397905349731,0.8063611388206482,-0.006535936612635851,0.0001727365597616881,-0.003772617783397436,3.9159464836120605,0.9924817681312561,1.0075724124908447,1.4277373552322388,0.005652666091918945,0.00010463595390319824,0.12294988334178925,0.10560024529695511,0.09470575302839279,0.102615125477314,0.017349638044834137,0.007909372448921204,714.0,521.0,659.0,842.0
pthowq1g,0.2212999016046524,0.33272266387939453,0.24148346483707428,0.2868436574935913,0.6500687599182129,0.9773733019828796,0.7093580365180969,0.8426036238670349,-0.20111556351184845,-0.08585610240697861,-0.1448541283607483,3.179403781890869,0.7469460368156433,1.3387796878814697,1.0486334562301636,0.11142276227474213,0.04536019265651703,0.04785143956542015,0.08619725704193115,0.044656917452812195,0.08229167759418488,0.038345817476511,0.03763476014137268,714.0,521.0,659.0,842.0
az5uh80q,0.21969474852085114,0.43662652373313904,0.2186119705438614,0.31362131237983704,0.8728393912315369,1.7347015142440796,0.8685375452041626,1.2460062503814697,-0.33052629232406616,-0.1785103678703308,-0.26245397329330444,4.722084999084473,0.5842151045799255,1.711691975593567,1.2331435680389404,0.2169317752122879,0.09500934183597565,0.06294939666986465,0.22979047894477844,0.045182809233665466,0.14348338544368744,0.16684108972549438,0.09830057621002197,714.0,521.0,659.0,842.0
7tw1puws,0.3763730227947235,0.39012089371681213,0.3176023066043854,0.3369520902633667,1.1861990690231323,1.2295275926589966,1.0009738206863403,1.0619577169418335,-0.017936022952198982,-0.02956172078847885,-0.023290976881980896,4.478658199310303,0.9544769525527954,1.0476912260055542,1.171014666557312,0.013747870922088623,0.019349783658981323,0.07962188869714737,0.1417698860168457,0.06811539828777313,0.10463523119688034,0.062147997319698334,0.03651983290910721,714.0,521.0,659.0,842.0
nffykpl3,0.24695536494255066,0.3413211405277252,0.310528963804245,0.2986827492713928,0.8196349740028381,1.1328312158584595,1.0306332111358643,0.9913160800933838,-0.1604102998971939,0.01944512128829956,-0.06891050934791565,3.9744155406951904,0.8710625767707825,1.1480193138122559,0.9656340479850769,0.09436577558517456,0.011846214532852173,0.04804656282067299,0.08356611430644989,0.05973073095083237,0.0649692639708519,0.0355195514857769,0.005238533020019531,714.0,521.0,659.0,842.0
cho3xjvo,0.3539259433746338,0.4941061735153198,0.36354348063468933,0.5139368772506714,0.921151876449585,1.285994529724121,0.9461831450462341,1.3376072645187378,-0.1653004139661789,-0.17139211297035217,-0.16839833557605743,4.490936756134033,0.7117441892623901,1.4049959182739258,0.9664388298988342,0.14018023014068604,0.15039339661598206,0.07622795552015305,0.10339972376823425,0.11448489129543304,0.11638777703046799,0.027171768248081207,0.0019028857350349426,714.0,521.0,659.0,842.0
egi3qupx,0.22588667273521423,0.2875373363494873,0.2291632741689682,0.2775501310825348,0.8803504705429077,1.1206222772598267,0.8931204080581665,1.081699013710022,-0.1200772374868393,-0.09549137949943542,-0.10786528885364532,3.9757919311523438,0.8052720427513123,1.2418113946914673,1.0132414102554321,0.06165066361427307,0.04838685691356659,0.06395704299211502,0.0601278692483902,0.06321994215250015,0.06906525045633316,0.003829173743724823,0.005845308303833008,714.0,521.0,659.0,842.0
bfej2xg4,0.2984035611152649,0.3274998664855957,0.27553990483283997,0.3175930976867676,0.912152111530304,1.0010929107666016,0.8422631025314331,0.9708101749420166,-0.04648681730031967,-0.07089998573064804,-0.05836528539657593,3.726318120956421,0.889705240726471,1.1239639520645142,1.0552479028701782,0.02909630537033081,0.04205319285392761,0.05745578929781914,0.07913931459188461,0.039032500237226486,0.06436511129140854,0.021683525294065475,0.025332611054182053,714.0,521.0,659.0,842.0
8ra4dv56,0.29649296402931213,0.3532966375350952,0.31246641278266907,0.4047475755214691,0.8333916068077087,0.993057131767273,0.8782902359962463,1.1376769542694092,-0.08741842955350876,-0.1286659687757492,-0.10905952006578445,3.8424158096313477,0.8033285140991211,1.2448170185089111,0.905989944934845,0.05680367350578308,0.09228116273880005,0.0472121499478817,0.10052061080932617,0.041477788239717484,0.06699537485837936,0.05330846086144447,0.02551758661866188,714.0,521.0,659.0,842.0
onxd70fe,0.5501241087913513,0.5876764059066772,0.4477461278438568,0.5603439211845398,1.1525626182556152,1.2312382459640503,0.9380708932876587,1.1739740371704102,-0.033004261553287506,-0.1116940826177597,-0.06997095048427582,4.495845794677734,0.8692088723182678,1.150469422340393,1.1286684274673462,0.03755229711532593,0.11259779334068298,0.09478139132261276,0.07145759463310242,0.09728892147541046,0.12895247340202332,0.023323796689510345,0.031663551926612854,714.0,521.0,659.0,842.0
07s387j5,0.3178340196609497,0.3443821370601654,0.3236266076564789,0.3693568706512451,1.0256366729736328,1.1113063097000122,1.044329047203064,1.1918987035751343,-0.040089741349220276,-0.06599030643701553,-0.053334079682826996,4.373170852661133,0.8987314701080322,1.1126760244369507,0.9556002616882324,0.026548117399215698,0.045730262994766235,0.07778742164373398,0.0608966238796711,0.060741931200027466,0.07128382474184036,0.01689079776406288,0.010541893541812897,714.0,521.0,659.0,842.0
ie3lvo0i,0.41465336084365845,0.354754239320755,0.32460567355155945,0.3367488980293274,1.1805684566497803,1.0100284814834595,0.9241918325424194,0.9587650299072266,0.07785085588693619,-0.018361113965511322,0.03337787836790085,4.073554039001465,1.0690593719482422,0.9353991150856018,1.1633796691894531,0.05989912152290344,0.012143224477767944,0.11156084388494492,0.12088867276906967,0.08778371661901474,0.10173793882131577,0.009327828884124756,0.013954222202301025,714.0,521.0,659.0,842.0
pfg8pjvr,0.2968957722187042,0.34716784954071045,0.33357685804367065,0.31212517619132996,1.0141470432281494,1.1858681440353394,1.1394435167312622,1.066168189048767,-0.07805439829826355,0.03322220966219902,-0.02234543301165104,4.4056267738342285,0.9562844634056091,1.0457106828689575,0.9974610209465027,0.050272077322006226,0.021451681852340698,0.0632275640964508,0.07601886242628098,0.05162447690963745,0.07465382665395737,0.01279129832983017,0.023029349744319916,714.0,521.0,659.0,842.0
n8lpy857,0.3054400384426117,0.37311166524887085,0.29220807552337646,0.3709242045879364,0.9322502017021179,1.1387944221496582,0.8918642401695251,1.1321179866790771,-0.09972935914993286,-0.11870332062244415,-0.1091073527932167,4.095026969909668,0.8032507300376892,1.244937539100647,1.023250699043274,0.06767162680625916,0.07871612906455994,0.06858126074075699,0.1090853288769722,0.06973262131214142,0.07930609583854675,0.04050406813621521,0.009573474526405334,714.0,521.0,659.0,842.0
nz3a8v4x,0.37208664417266846,0.3378702998161316,0.30557361245155334,0.3695669174194336,1.1016244888305664,1.000321388244629,0.9047016501426697,1.094164490699768,0.04819488897919655,-0.09478502720594406,-0.02149810455739498,4.100811958312988,0.9579072594642639,1.0439393520355225,1.051567554473877,0.034216344356536865,0.06399330496788025,0.05894472822546959,0.0556970052421093,0.06822460144758224,0.0641288086771965,0.0032477229833602905,0.004095792770385742,714.0,521.0,659.0,842.0
7y2itl8n,0.28534644842147827,0.44270724058151245,0.3441905975341797,0.3261992633342743,0.8662053346633911,1.3438940048217773,1.0448342561721802,0.990219235420227,-0.21613869071006775,0.026837080717086792,-0.09966032952070236,4.245152473449707,0.8187422752380371,1.2213820219039917,1.086013674736023,0.15736079216003418,0.017991334199905396,0.1534075289964676,0.14698314666748047,0.1675039827823639,0.14493615925312042,0.006424382328987122,0.02256782352924347,714.0,521.0,659.0,842.0
3e54n6o9,0.30356457829475403,0.3916233479976654,0.2802831530570984,0.3806261420249939,0.9019563794136047,1.1635981798171997,0.8327822089195251,1.1309230327606201,-0.12666882574558258,-0.1518254280090332,-0.13892924785614014,4.02925968170166,0.7560341954231262,1.3226875066757202,1.0518642663955688,0.08805876970291138,0.10034298896789551,0.061155155301094055,0.07180589437484741,0.09790226817131042,0.08531995862722397,0.010650739073753357,0.012582309544086456,714.0,521.0,659.0,842.0
jd3ih66w,0.38771966099739075,0.3059564530849457,0.39598849415779114,0.3646080493927002,1.2134754657745361,0.9575749635696411,1.2393550872802734,1.1411412954330444,0.11786925792694092,0.041257619857788086,0.07780077308416367,4.551547050476074,1.168727159500122,0.8556293249130249,0.9120146632194519,0.08176320791244507,0.03138044476509094,0.07889455556869507,0.0359492190182209,0.07381759583950043,0.06611108034849167,0.04294533655047417,0.0077065154910087585,714.0,521.0,659.0,842.0
51ob537q,0.25757405161857605,0.39442238211631775,0.21524353325366974,0.37007731199264526,0.6690660119056702,1.0245387554168701,0.559109628200531,0.961300790309906,-0.20989090204238892,-0.2645275890827179,-0.23573729395866394,3.214015245437622,0.6184659004211426,1.6168984174728394,1.1139110326766968,0.1368483304977417,0.15483377873897552,0.13037125766277313,0.10350855439901352,0.08122715353965759,0.09605724364519119,0.026862703263759613,0.0148300901055336,714.0,521.0,659.0,842.0
o4z533zs,0.27806946635246277,0.3215633034706116,0.28813016414642334,0.3334212005138397,0.9476580619812012,1.0958846807479858,0.9819447994232178,1.136296272277832,-0.0725340023636818,-0.07286760956048965,-0.07270381599664688,4.1617841720581055,0.8644461035728455,1.156806230545044,0.9647340178489685,0.043493837118148804,0.04529103636741638,0.04086153581738472,0.0779719278216362,0.05087727680802345,0.07061290740966797,0.03711039200425148,0.019735630601644516,714.0,521.0,659.0,842.0
mv30qabx,0.2696784436702728,0.33484429121017456,0.22091184556484222,0.28306639194488525,0.9984689950942993,1.2397418022155762,0.8179134726524353,1.0480371713638306,-0.10779700428247452,-0.1233275830745697,-0.11485808342695236,4.104161262512207,0.7939488291740417,1.2595223188400269,1.1994991302490234,0.06516584753990173,0.06215454638004303,0.05106796696782112,0.10757875442504883,0.04749814793467522,0.10108800232410431,0.05651078745722771,0.05358985438942909,714.0,521.0,659.0,842.0
w2eowlcf,0.352790892124176,0.4309000074863434,0.28876858949661255,0.37193652987480164,1.0162609815597534,1.2412647008895874,0.8318362832069397,1.0714125633239746,-0.09966813772916794,-0.12587736546993256,-0.11165701597929001,4.160774230957031,0.7991149425506592,1.2513809204101562,1.1861414909362793,0.07810911536216736,0.08316794037818909,0.04521186277270317,0.07992895692586899,0.06373435258865356,0.07977501302957535,0.03471709415316582,0.016040660440921783,714.0,521.0,659.0,842.0
s8314y2l,0.3082163631916046,0.3961184322834015,0.3094938099384308,0.4140471816062927,0.8014083504676819,1.0299668312072754,0.8047299385070801,1.0765842199325562,-0.12480136007070541,-0.14450213313102722,-0.13478437066078186,3.7126893997192383,0.762448251247406,1.3115606307983398,0.9734538793563843,0.08790206909179688,0.10455337166786194,0.04944068565964699,0.07796768844127655,0.05872689560055733,0.12048990279436111,0.028527002781629562,0.06176300719380379,714.0,521.0,659.0,842.0
r0jy32ho,0.2855166494846344,0.2958613634109497,0.20163866877555847,0.20701943337917328,1.1788958311080933,1.221609115600586,0.8325643539428711,0.8547815084457397,-0.017793407663702965,-0.013166878372430801,-0.015883740037679672,4.087851047515869,0.9687272310256958,1.032278060913086,1.4226478338241577,0.010344713926315308,0.005380764603614807,0.0773986279964447,0.08117099851369858,0.050485171377658844,0.06163191795349121,0.0037723705172538757,0.011146746575832367,714.0,521.0,659.0,842.0
g585i87x,0.35063600540161133,0.45815515518188477,0.39082154631614685,0.46613603830337524,0.8382085561752319,1.095237135887146,0.9342736005783081,1.1143157482147217,-0.13293792307376862,-0.08788580447435379,-0.10976055264472961,3.982034921646118,0.8021895885467529,1.2465850114822388,0.9437925815582275,0.10751914978027344,0.0753144919872284,0.0816340297460556,0.10793830454349518,0.06905026733875275,0.09743373841047287,0.026304274797439575,0.028383471071720123,714.0,521.0,659.0,842.0
w69hzgop,0.2556198835372925,0.3473021388053894,0.24359917640686035,0.37769120931625366,0.7612788081169128,1.0343239307403564,0.7254791259765625,1.1248276233673096,-0.15206295251846313,-0.21582792699337006,-0.18442396819591522,3.645909547805786,0.6885833740234375,1.4522520303726196,0.9704335331916809,0.09168225526809692,0.1340920329093933,0.09796269237995148,0.11232365667819977,0.05289706587791443,0.11197643727064133,0.014360964298248291,0.0590793713927269,714.0,521.0,659.0,842.0
jdn8ezp7,0.34561336040496826,0.490559458732605,0.3368050456047058,0.44404295086860657,0.9135680198669434,1.2967075109481812,0.8902847766876221,1.173749327659607,-0.1733444631099701,-0.13733500242233276,-0.15595582127571106,4.2743096351623535,0.7301689982414246,1.3695424795150757,1.0708508491516113,0.14494609832763672,0.10723790526390076,0.07574974745512009,0.11294952780008316,0.13464277982711792,0.10829218477010727,0.037199780344963074,0.02635059505701065,714.0,521.0,659.0,842.0
qyezg52k,0.5121374130249023,0.5548719167709351,0.4622253179550171,0.6130312085151672,1.1217825412750244,1.2153879404067993,1.0124553442001343,1.3427796363830566,-0.0400506965816021,-0.14025095105171204,-0.09034377336502075,4.692405700683594,0.8342831134796143,1.1986316442489624,0.9923290610313416,0.042734503746032715,0.15080589056015015,0.07498518377542496,0.10405343770980835,0.07870319485664368,0.11694883555173874,0.029068253934383392,0.03824564069509506,714.0,521.0,659.0,842.0
re4v9kyp,0.3445950150489807,0.37803688645362854,0.23236949741840363,0.3574349880218506,0.9461947679519653,1.0380200147628784,0.6380440592765808,0.9814509749412537,-0.046277813613414764,-0.2120453119277954,-0.12077327072620392,3.6037099361419678,0.7844810485839844,1.2747241258621216,1.2252038717269897,0.03344187140464783,0.12506549060344696,0.07762305438518524,0.05400246009230614,0.052829042077064514,0.10082153230905533,0.023620594292879105,0.047992490231990814,714.0,521.0,659.0,842.0
ofkjw6ny,0.2949507236480713,0.35366371273994446,0.29253631830215454,0.3483735918998718,1.0593948364257812,1.2702783346176147,1.0507228374481201,1.2512774467468262,-0.09052049368619919,-0.08712173998355865,-0.08883136510848999,4.631673812866211,0.8368304371833801,1.1949814558029175,1.0120196342468262,0.05871298909187317,0.055837273597717285,0.08607112616300583,0.09264642745256424,0.08160338550806046,0.11520238220691681,0.006575301289558411,0.033598996698856354,714.0,521.0,659.0,842.0
qaelyyzz,0.35158029198646545,0.3330308794975281,0.29418519139289856,0.38666611909866333,1.1135547161102295,1.054803490638733,0.9317681789398193,1.2246814966201782,0.027094772085547447,-0.1358311027288437,-0.05414389818906784,4.324808120727539,0.8972728252410889,1.1144849061965942,1.0055208206176758,0.018549412488937378,0.09248092770576477,0.07434089481830597,0.05695957690477371,0.08106253296136856,0.07835499197244644,0.017381317913532257,0.002707540988922119,714.0,521.0,659.0,842.0
0jdcli69,0.40153181552886963,0.5258604884147644,0.38525477051734924,0.5275683403015137,0.9337922930717468,1.2229279279708862,0.8959388136863708,1.2268997430801392,-0.1340625137090683,-0.15590471029281616,-0.14489726722240448,4.2795586585998535,0.746880829334259,1.338898777961731,1.0159595012664795,0.12432867288589478,0.14231356978416443,0.0768580511212349,0.08685099333524704,0.09602741152048111,0.10821806639432907,0.009992942214012146,0.012190654873847961,714.0,521.0,659.0,842.0
78v0bjwk,0.30033570528030396,0.4566969871520996,0.2833748459815979,0.39250054955482483,0.784243643283844,1.1925379037857056,0.7399550080299377,1.0249066352844238,-0.2065446823835373,-0.1614580601453781,-0.18527831137180328,3.741643190383911,0.6873664259910583,1.4548238515853882,1.1200755834579468,0.15636128187179565,0.10912570357322693,0.1046823188662529,0.09479480981826782,0.09216944873332977,0.08511074632406235,0.009887509047985077,0.0070587024092674255,714.0,521.0,659.0,842.0
on8uujs7,0.37587231397628784,0.4641292989253998,0.36279037594795227,0.44505423307418823,0.886326789855957,1.0944414138793945,0.8554788827896118,1.0494613647460938,-0.10506751388311386,-0.10183115303516388,-0.10348094254732132,3.8857083320617676,0.812445342540741,1.230849027633667,1.0398045778274536,0.08825698494911194,0.08226385712623596,0.07170405238866806,0.07737861573696136,0.05521954596042633,0.09997310489416122,0.0056745633482933044,0.044753558933734894,714.0,521.0,659.0,842.0
5eltfebe,0.42714831233024597,0.5119197368621826,0.3428112864494324,0.4425685405731201,1.0168519020080566,1.2186552286148071,0.8160825371742249,1.0535606145858765,-0.09027176350355148,-0.12701767683029175,-0.10700735449790955,4.10515022277832,0.8066717982292175,1.2396585941314697,1.1956850290298462,0.08477142453193665,0.09975725412368774,0.09463900327682495,0.10319531708955765,0.05514800548553467,0.1167815700173378,0.008556313812732697,0.06163356453180313,714.0,521.0,659.0,842.0
5407k5w1,0.2728739380836487,0.406669020652771,0.3133295774459839,0.3852209150791168,0.8526656627655029,1.2707432508468628,0.9790798425674438,1.2037229537963867,-0.19688951969146729,-0.10291487723588943,-0.1492542028427124,4.306211471557617,0.7402579188346863,1.3508764505386353,0.9727886915206909,0.13379508256912231,0.07189133763313293,0.044712428003549576,0.15898513793945312,0.09244633466005325,0.20875492691993713,0.11427271366119385,0.11630859225988388,714.0,521.0,659.0,842.0
jl6l91f4,0.21913275122642517,0.27909690141677856,0.21600106358528137,0.2380857914686203,0.983093798160553,1.2521106004714966,0.9690441489219666,1.0681227445602417,-0.12035419046878815,-0.04863536357879639,-0.08615707606077194,4.272371292114258,0.8413525223731995,1.1885573863983154,1.0972098112106323,0.059964150190353394,0.022084727883338928,0.04053948447108269,0.05990496277809143,0.032287631183862686,0.046783801168203354,0.019365478307008743,0.014496169984340668,714.0,521.0,659.0,842.0
x2bfibjz,0.19791775941848755,0.33358967304229736,0.22594350576400757,0.30674514174461365,0.750357985496521,1.264725685119629,0.8566109538078308,1.162951111793518,-0.2552582323551178,-0.1516861468553543,-0.2034149318933487,4.034646034240723,0.6619358658790588,1.5107144117355347,0.9977806806564331,0.13567191362380981,0.08080163598060608,0.10617116093635559,0.09739390760660172,0.10488598048686981,0.07801458984613419,0.008777253329753876,0.026871390640735626,714.0,521.0,659.0,842.0
p97bmzrr,0.3476118743419647,0.5556869506835938,0.34383291006088257,0.525644838809967,0.8898091912269592,1.4224351644515991,0.8801358938217163,1.345534086227417,-0.23034994304180145,-0.2091045081615448,-0.2199300229549408,4.537914276123047,0.6394375562667847,1.5638706684112549,1.038896918296814,0.20807507634162903,0.18181192874908447,0.08871843665838242,0.11156806349754333,0.10396547615528107,0.1078396886587143,0.02284962683916092,0.0038742125034332275,714.0,521.0,659.0,842.0
45ed5ggs,0.31565895676612854,0.3401578366756439,0.31619101762771606,0.3800335228443146,1.1412419080734253,1.2298158407211304,1.1431655883789062,1.3739835023880005,-0.03735622763633728,-0.09169801324605942,-0.06533919274806976,4.888206958770752,0.8773350119590759,1.1398119926452637,0.9419602155685425,0.02449887990951538,0.06384250521659851,0.04718653857707977,0.06817574054002762,0.05351295322179794,0.1538039594888687,0.020989201962947845,0.10029100626707077,714.0,521.0,659.0,842.0
j6vv8suo,0.1957646608352661,0.2367696762084961,0.20546841621398926,0.2655990719795227,0.7707737684249878,0.9322205781936646,0.8089798092842102,1.0457290410995483,-0.09480153769254684,-0.12764737010002136,-0.1119249165058136,3.5577030181884766,0.7986807823181152,1.252058982849121,0.9181984066963196,0.04100501537322998,0.06013065576553345,0.06933484971523285,0.07789459824562073,0.06419435143470764,0.05878761038184166,0.008559748530387878,0.005406741052865982,714.0,521.0,659.0,842.0
c1y5ayyo,0.25233086943626404,0.32094332575798035,0.24550111591815948,0.3533358573913574,0.8699417114257812,1.1064915657043457,0.8463953137397766,1.21816885471344,-0.11968502402305603,-0.1800733208656311,-0.15053781867027283,4.040997505187988,0.7383161783218384,1.3544285297393799,0.9573110342025757,0.06861245632171631,0.10783474147319794,0.0470883809030056,0.05643341690301895,0.0486227311193943,0.0779109075665474,0.009345036000013351,0.02928817644715309,714.0,521.0,659.0,842.0
v84fc3xq,0.44457143545150757,0.5603550672531128,0.4448152482509613,0.5005174875259399,1.071969747543335,1.3511521816253662,1.0725575685501099,1.2068692445755005,-0.11521591991186142,-0.05892335623502731,-0.08792975544929504,4.702548503875732,0.838353157043457,1.1928123235702515,1.06303870677948,0.11578363180160522,0.05570223927497864,0.09029901027679443,0.0800599753856659,0.08104744553565979,0.07997935265302658,0.01023903489112854,0.0010680928826332092,714.0,521.0,659.0,842.0
8va8x8l0,0.42786991596221924,0.4842205345630646,0.4504300653934479,0.5093779563903809,1.0391192436218262,1.1759716272354126,1.0939085483551025,1.2370686531066895,-0.06178176403045654,-0.061416272073984146,-0.0615943968296051,4.54606819152832,0.8839577436447144,1.1312733888626099,0.9502832293510437,0.05635061860084534,0.05894789099693298,0.08855164051055908,0.061681199818849564,0.09418044239282608,0.10015077143907547,0.02687044069170952,0.00597032904624939,714.0,521.0,659.0,842.0
08uhbxlb,0.3143902122974396,0.4045182764530182,0.32939159870147705,0.35848549008369446,0.8926704525947571,1.1485774517059326,0.9352649450302124,1.0178732872009277,-0.12536774575710297,-0.04229512810707092,-0.08474774658679962,3.9943861961364746,0.8437454104423523,1.1851881742477417,1.0451103448867798,0.09012806415557861,0.029093891382217407,0.06748643517494202,0.06734475493431091,0.06439513713121414,0.06952789425849915,0.00014168024063110352,0.005132757127285004,714.0,521.0,659.0,842.0
c8nog85d,0.33694925904273987,0.46636104583740234,0.2911427319049835,0.3047448992729187,1.3095965385437012,1.8125720024108887,1.1315635442733765,1.1844301223754883,-0.1610979288816452,-0.02282669208943844,-0.10221131145954132,5.438162326812744,0.8145328760147095,1.2276939153671265,1.3480877876281738,0.12941178679466248,0.01360216736793518,0.06369560956954956,0.14665094017982483,0.06089871749281883,0.06788872182369232,0.08295533061027527,0.006990004330873489,714.0,521.0,659.0,842.0
4f2k1xer,0.34895244240760803,0.3888607919216156,0.43768221139907837,0.5128203630447388,1.0828685760498047,1.2067121267318726,1.3582146167755127,1.5913832187652588,-0.05408996716141701,-0.07905088365077972,-0.06814271956682205,5.239178657531738,0.8724079132080078,1.1462500095367432,0.7762340307235718,0.03990834951400757,0.0751381516456604,0.06471860408782959,0.0626891702413559,0.07621805369853973,0.12368988245725632,0.002029433846473694,0.04747182875871658,714.0,521.0,659.0,842.0
p3lyex3s,0.297114759683609,0.37156543135643005,0.3150535523891449,0.36266177892684937,1.0728564262390137,1.341691493988037,1.137631893157959,1.3095412254333496,-0.11133956164121628,-0.07024801522493362,-0.09065596759319305,4.861721038818359,0.8337575793266296,1.1993857622146606,0.9866667985916138,0.07445067167282104,0.04760822653770447,0.06017760559916496,0.09295237809419632,0.05504053831100464,0.057499926537275314,0.03277477249503136,0.0024593882262706757,714.0,521.0,659.0,842.0
r5rup13w,0.31594759225845337,0.4146280288696289,0.2504831850528717,0.39202165603637695,0.9619554877281189,1.2624046802520752,0.7626380920410156,1.1935757398605347,-0.1350719928741455,-0.2202913463115692,-0.17494875192642212,4.1805739402771,0.7022008299827576,1.4240896701812744,1.1370723247528076,0.09868043661117554,0.14153847098350525,0.08911008387804031,0.06230827793478966,0.056541722267866135,0.11135605722665787,0.026801805943250656,0.05481433495879173,714.0,521.0,659.0,842.0
ppbmqiyf,0.3504059910774231,0.4087076187133789,0.33339014649391174,0.43175116181373596,0.8807328939437866,1.0272719860076904,0.8379641771316528,1.085191011428833,-0.07680214196443558,-0.12855257093906403,-0.10277971625328064,3.831160068511963,0.8135977387428284,1.2291053533554077,0.9921208024024963,0.05830162763595581,0.09836101531982422,0.06457443535327911,0.05197927728295326,0.0647365003824234,0.10347535461187363,0.012595158070325851,0.038738854229450226,714.0,521.0,659.0,842.0
rwskp6rf,0.21147198975086212,0.290663480758667,0.1874646246433258,0.2704126238822937,0.9279904961585999,1.2755019664764404,0.8226402997970581,1.1866363286972046,-0.15770910680294037,-0.18115732073783875,-0.16889287531375885,4.212769031524658,0.7110192179679871,1.4064255952835083,1.096657156944275,0.07919149100780487,0.0829479992389679,0.042390305548906326,0.08225150406360626,0.04621977359056473,0.05969870463013649,0.039861198514699936,0.013478931039571762,714.0,521.0,659.0,842.0
e64skbcb,0.25664186477661133,0.37231579422950745,0.29752421379089355,0.29247599840164185,0.8553786277770996,1.2409158945083618,0.9916380643844604,0.9748125672340393,-0.18391340970993042,0.008556279353797436,-0.09075428545475006,4.062745094299316,0.8335921168327332,1.199623465538025,1.0660276412963867,0.11567392945289612,0.005048215389251709,0.04211360961198807,0.0858219787478447,0.047834575176239014,0.06868840008974075,0.04370836913585663,0.02085382491350174,714.0,521.0,659.0,842.0
dpdxujjc,0.3496986925601959,0.36925044655799866,0.31612303853034973,0.3832344114780426,1.1393327713012695,1.2030330896377563,1.0299419164657593,1.2485934495925903,-0.02719486691057682,-0.09596133977174759,-0.06110319867730141,4.620901107788086,0.8848295211791992,1.1301579475402832,1.0280123949050903,0.019551753997802734,0.06711137294769287,0.07133063673973083,0.10245293378829956,0.08297239243984222,0.11152837425470352,0.031122297048568726,0.028555981814861298,714.0,521.0,659.0,842.0
sexggoc5,0.38518479466438293,0.5165292620658875,0.3973664343357086,0.5005298256874084,0.8894352316856384,1.1927244663238525,0.9175639748573303,1.1557799577713013,-0.14566071331501007,-0.11489441990852356,-0.1303102821111679,4.155503749847412,0.7694247961044312,1.2996692657470703,1.0042507648468018,0.13134446740150452,0.10316339135169983,0.07481224834918976,0.08664948493242264,0.11256133019924164,0.12235890328884125,0.01183723658323288,0.00979757308959961,714.0,521.0,659.0,842.0
kvqywj85,0.3218498229980469,0.548295795917511,0.2570551633834839,0.38244274258613586,1.2605366706848145,2.147420644760132,1.0067659616470337,1.4978511333465576,-0.2602388560771942,-0.19607160985469818,-0.23305724561214447,5.912574768066406,0.6219838261604309,1.6077542304992676,1.3606679439544678,0.2264459729194641,0.12538757920265198,0.07885971665382385,0.24276503920555115,0.10243506729602814,0.18426921963691711,0.1639053225517273,0.08183415234088898,714.0,521.0,659.0,842.0
gg0v5dta,0.47122377157211304,0.5111285448074341,0.4583447575569153,0.5052292346954346,1.0431455373764038,1.1314826011657715,1.0146353244781494,1.118423342704773,-0.04062160849571228,-0.048656802624464035,-0.044600460678339005,4.307686805725098,0.9146067500114441,1.093363881111145,1.0194871425628662,0.039904773235321045,0.04688447713851929,0.05509582534432411,0.07186950743198395,0.09093862771987915,0.10886937379837036,0.016773682087659836,0.01793074607849121,714.0,521.0,659.0,842.0
egry58vr,0.3484104871749878,0.4292010962963104,0.2645723521709442,0.4036906063556671,0.9578636884689331,1.1799763441085815,0.7273726463317871,1.1098419427871704,-0.10389570146799088,-0.2081785947084427,-0.15209388732910156,3.9750547409057617,0.7359685897827148,1.3587497472763062,1.163629412651062,0.08079060912132263,0.1391182541847229,0.08187559992074966,0.10967849940061569,0.10651477426290512,0.11534618586301804,0.027802899479866028,0.008831411600112915,714.0,521.0,659.0,842.0
w9myyoke,0.4986376464366913,0.5599584579467773,0.4531780183315277,0.48693540692329407,1.1452926397323608,1.2861368656158447,1.0408790111541748,1.1184144020080566,-0.0579264871776104,-0.035907745361328125,-0.04756975919008255,4.590723037719727,0.9091798663139343,1.0998902320861816,1.1260290145874023,0.06132081151008606,0.03375738859176636,0.0694505125284195,0.08220253884792328,0.09582523256540298,0.11997195333242416,0.012752026319503784,0.02414672076702118,714.0,521.0,659.0,842.0
aea84hxx,0.28431200981140137,0.3506244122982025,0.2682185173034668,0.3472689390182495,1.031132459640503,1.2716318368911743,0.9727651476860046,1.2594623565673828,-0.10443926602602005,-0.12843525409698486,-0.11625076830387115,4.534992218017578,0.7917107939720154,1.2630833387374878,1.03159761428833,0.06631240248680115,0.07905042171478271,0.05555840581655502,0.11849197000265121,0.06556767225265503,0.13913726806640625,0.06293356418609619,0.07356959581375122,714.0,521.0,659.0,842.0
pw2gkqra,0.3330056369304657,0.4704616963863373,0.3172217309474945,0.40993279218673706,0.7640975713729858,1.0794970989227295,0.727880597114563,0.9406106472015381,-0.1710783690214157,-0.12749825417995453,-0.15037479996681213,3.5120859146118164,0.738562822341919,1.3539773225784302,1.1049456596374512,0.13745605945587158,0.09271106123924255,0.06982558220624924,0.13559570908546448,0.11834083497524261,0.12902383506298065,0.06577012687921524,0.010683000087738037,714.0,521.0,659.0,842.0
ffz8q4vh,0.18287432193756104,0.3276119530200958,0.20481610298156738,0.29049545526504517,0.752694845199585,1.3484222888946533,0.8430052995681763,1.195654034614563,-0.2835283875465393,-0.17298036813735962,-0.22908857464790344,4.139776229858398,0.6272206902503967,1.5943282842636108,1.0306345224380493,0.1447376310825348,0.08567935228347778,0.04509987682104111,0.0982634574174881,0.03573284670710564,0.06929364055395126,0.05316358059644699,0.03356079384684563,714.0,521.0,659.0,842.0
u4bawz94,0.24746856093406677,0.3323412239551544,0.24893663823604584,0.28519344329833984,1.0242704153060913,1.375557780265808,1.0303468704223633,1.1804134845733643,-0.14637993276119232,-0.06787997484207153,-0.10873958468437195,4.610588550567627,0.8038486242294312,1.2440106868743896,1.085519552230835,0.08487266302108765,0.036256805062294006,0.05281289666891098,0.10828695446252823,0.06670092791318893,0.09352815896272659,0.05547405779361725,0.02682723104953766,714.0,521.0,659.0,842.0
0vtkrrvw,0.36194008588790894,0.45473000407218933,0.2572321593761444,0.42685002088546753,1.0180933475494385,1.2791000604629517,0.7235627174377441,1.2006770372390747,-0.11361969262361526,-0.24794918298721313,-0.174850732088089,4.221433162689209,0.7023429870605469,1.4238018989562988,1.193816900253296,0.0927899181842804,0.16961786150932312,0.10347798466682434,0.1412971317768097,0.09908479452133179,0.15647348761558533,0.03781914710998535,0.05738869309425354,714.0,521.0,659.0,842.0
y3rztplc,0.3747432827949524,0.465694397687912,0.4504855275154114,0.4829888641834259,0.9142272472381592,1.1361124515533447,1.0990087985992432,1.1783041954040527,-0.10821862518787384,-0.03481970354914665,-0.06959442049264908,4.327652931213379,0.869866669178009,1.1495988368988037,0.9003318548202515,0.0909511148929596,0.032503336668014526,0.08006826788187027,0.08243794739246368,0.06349912285804749,0.10820116102695465,0.0023696795105934143,0.044702038168907166,714.0,521.0,659.0,842.0
6prr7mza,0.29129403829574585,0.41826239228248596,0.28566887974739075,0.38961321115493774,0.7978314161300659,1.145587682723999,0.7824245095252991,1.067119836807251,-0.17894019186496735,-0.1539270430803299,-0.16674327850341797,3.7929635047912598,0.7141720652580261,1.4002184867858887,1.0507539510726929,0.1269683539867401,0.103944331407547,0.08762779086828232,0.08674627542495728,0.07267383486032486,0.09797746688127518,0.0008815154433250427,0.025303632020950317,714.0,521.0,659.0,842.0
kgmih6mv,0.24273830652236938,0.37402787804603577,0.3101418912410736,0.5322892665863037,0.8807802796363831,1.3571667671203613,1.1253553628921509,1.9314210414886475,-0.21286728978157043,-0.26369762420654297,-0.24221311509609222,5.2947235107421875,0.6100288033485413,1.6392619609832764,0.7321256399154663,0.13128957152366638,0.2221473753452301,0.10856841504573822,0.1651609241962433,0.08976829797029495,0.24079309403896332,0.056592509150505066,0.15102478861808777,714.0,521.0,659.0,842.0
4xekz83y,0.2572895288467407,0.2993559241294861,0.2097017914056778,0.260947048664093,0.9971669316291809,1.1602020263671875,0.812732994556427,1.0113422870635986,-0.07557111978530884,-0.10888192057609558,-0.09083237498998642,3.9814441204071045,0.8334606289863586,1.1998119354248047,1.182716727256775,0.04206639528274536,0.05124525725841522,0.08348199725151062,0.055464744567871094,0.06949827820062637,0.057469259947538376,0.028017252683639526,0.012029018253087997,714.0,521.0,659.0,842.0
0224wk0y,0.5316763520240784,0.4843435287475586,0.5661395788192749,0.4804651141166687,1.1441519260406494,1.0422930717468262,1.2183157205581665,1.0339468717575073,0.046586472541093826,0.08185935765504837,0.06448448449373245,4.4387078285217285,1.1378575563430786,0.8788428902626038,0.9707762002944946,0.047332823276519775,0.0856744647026062,0.0793919786810875,0.05844051390886307,0.08016360551118851,0.09236989170312881,0.020951464772224426,0.012206286191940308,714.0,521.0,659.0,842.0
ehvdo9kh,0.4921022653579712,0.5065180659294128,0.3931822180747986,0.4908834993839264,1.183039665222168,1.217695951461792,0.9452306628227234,1.1801096200942993,-0.014435702003538609,-0.11051346361637115,-0.05955164507031441,4.526075839996338,0.8875899314880371,1.1266440153121948,1.1295757293701172,0.01441580057144165,0.09770128130912781,0.12599702179431915,0.10462111979722977,0.11347361654043198,0.15682411193847656,0.021375901997089386,0.043350495398044586,714.0,521.0,659.0,842.0
ba5mf36b,0.3213891088962555,0.3760725259780884,0.32942309975624084,0.37820732593536377,1.0622187852859497,1.2429522275924683,1.0887718200683594,1.2500079870224,-0.07840336859226227,-0.0689401626586914,-0.07363758236169815,4.643950939178467,0.8628247380256653,1.1589804887771606,0.9856283664703369,0.054683417081832886,0.048784226179122925,0.05274972319602966,0.04331459477543831,0.0478108711540699,0.06383567303419113,0.009435128420591354,0.01602480188012123,714.0,521.0,659.0,842.0
cpweijmm,0.6247937083244324,0.6457301378250122,0.6123538613319397,0.6758792996406555,1.0972156524658203,1.1339826583862305,1.0753697156906128,1.1869282722473145,-0.01647856831550598,-0.04931202903389931,-0.03300895541906357,4.493496417999268,0.9360909461975098,1.0682706832885742,0.9862522482872009,0.020936429500579834,0.06352543830871582,0.08183960616588593,0.06714114546775818,0.08612297475337982,0.11589019745588303,0.014698460698127747,0.029767222702503204,714.0,521.0,659.0,842.0
b5jfysyz,0.24973967671394348,0.29112082719802856,0.21389883756637573,0.2895558476448059,0.9262309670448303,1.0797048807144165,0.793304979801178,1.0739006996154785,-0.07650969177484512,-0.15027540922164917,-0.11207157373428345,3.8731415271759033,0.7984438538551331,1.2524313926696777,1.074296236038208,0.04138115048408508,0.07565701007843018,0.0805971696972847,0.08890605717897415,0.07736271619796753,0.09393555670976639,0.008308887481689453,0.01657284051179886,714.0,521.0,659.0,842.0
7pq4ddv2,0.30421268939971924,0.38583022356033325,0.31195372343063354,0.33462846279144287,0.9689283967018127,1.228883147239685,0.9935838580131531,1.0658037662506104,-0.11827874928712845,-0.03506855666637421,-0.07802651822566986,4.257199287414551,0.8552406430244446,1.1692579984664917,1.0672143697738647,0.08161753416061401,0.022674739360809326,0.046390097588300705,0.07990449666976929,0.0569000206887722,0.06464068591594696,0.03351439908146858,0.007740665227174759,714.0,521.0,659.0,842.0
83bdw56f,0.27162986993789673,0.33389022946357727,0.1904856562614441,0.242032989859581,0.934675395488739,1.1489125490188599,0.6554590463638306,0.8328328132629395,-0.10282111912965775,-0.11917916685342789,-0.10963711887598038,3.5718798637390137,0.8023894429206848,1.2462726831436157,1.3999828100204468,0.06226035952568054,0.0515473335981369,0.05707521736621857,0.06377580761909485,0.04004991427063942,0.09973224997520447,0.006700590252876282,0.05968233570456505,714.0,521.0,659.0,842.0
kps0dxme,0.29536259174346924,0.35705021023750305,0.26216262578964233,0.34688523411750793,0.8653203248977661,1.0460457801818848,0.7680547833442688,1.016265630722046,-0.0945529043674469,-0.1391064077615738,-0.11606395989656448,3.6956865787506104,0.7920107245445251,1.26260507106781,1.0711992979049683,0.061687618494033813,0.0847226083278656,0.08596733957529068,0.09218581020832062,0.08903072774410248,0.12699297070503235,0.006218470633029938,0.03796224296092987,714.0,521.0,659.0,842.0
4po1i3ms,0.38843560218811035,0.533872663974762,0.37467464804649353,0.4804045259952545,0.9878336787223816,1.3576958179473877,0.9528380632400513,1.221720576286316,-0.1576879471540451,-0.12364908307790756,-0.1413123458623886,4.520088195800781,0.7523678541183472,1.3291341066360474,1.0786219835281372,0.1454370617866516,0.10572987794876099,0.10051064938306808,0.12926937639713287,0.09283728152513504,0.10753758996725082,0.02875872701406479,0.014700308442115784,714.0,521.0,659.0,842.0
dn1mxf1p,0.2813156843185425,0.35156285762786865,0.24284346401691437,0.31022894382476807,0.966821551322937,1.2082459926605225,0.8346008062362671,1.066190242767334,-0.11099611967802048,-0.12183821946382523,-0.11605248600244522,4.0758585929870605,0.7920290231704712,1.262575626373291,1.1442939043045044,0.07024717330932617,0.0673854798078537,0.058184731751680374,0.09036403149366379,0.046287450939416885,0.06701935827732086,0.032179299741983414,0.020731907337903976,714.0,521.0,659.0,842.0
i2ooq42n,0.3780129551887512,0.31780266761779785,0.2311478704214096,0.3265789747238159,1.1909260749816895,1.0012341737747192,0.7282290458679199,1.0288838148117065,0.08653183281421661,-0.17110693454742432,-0.028096994385123253,3.949273109436035,0.9453402161598206,1.057816743850708,1.2475898265838623,0.06021028757095337,0.09543110430240631,0.1281079202890396,0.09628401696681976,0.1430795043706894,0.08998739719390869,0.03182390332221985,0.0530921071767807,714.0,521.0,659.0,842.0
bfa37dl9,0.36085787415504456,0.4855308532714844,0.38724130392074585,0.4328938126564026,0.9778420925140381,1.315677285194397,1.0493351221084595,1.1730430126190186,-0.14729973673820496,-0.0556645505130291,-0.10220397263765335,4.515897750854492,0.8145451545715332,1.2276759147644043,1.0320099592208862,0.12467297911643982,0.04565250873565674,0.05691905319690704,0.09646592289209366,0.06620370596647263,0.06994535028934479,0.039546869695186615,0.003741644322872162,714.0,521.0,659.0,842.0
fc1xx6cw,0.5040696859359741,0.5482879877090454,0.4577363431453705,0.5323179960250854,1.031241536140442,1.1217046976089478,0.936451256275177,1.089032769203186,-0.042018283158540726,-0.07533078640699387,-0.05816645547747612,4.178430080413818,0.8900609612464905,1.123516321182251,1.0629280805587769,0.04421830177307129,0.07458165287971497,0.12071526050567627,0.11386474221944809,0.117050401866436,0.13463500142097473,0.00685051828622818,0.017584599554538727,714.0,521.0,659.0,842.0
zxskoytk,0.4898920953273773,0.47439131140708923,0.5133217573165894,0.49401190876960754,0.9424186944961548,0.9125993847846985,0.9874909520149231,0.9503440856933594,0.016074908897280693,0.01916925050318241,0.017655884847044945,3.7928531169891357,1.0359454154968262,0.9652999639511108,0.9572622776031494,0.015500783920288086,0.01930984854698181,0.10990720987319946,0.09709704667329788,0.09342458099126816,0.11315818130970001,0.01281016319990158,0.019733600318431854,714.0,521.0,659.0,842.0
06akt7zq,0.31466567516326904,0.4936547577381134,0.25019562244415283,0.4095311462879181,0.9157958030700684,1.4367215633392334,0.7281636595726013,1.1918901205062866,-0.22143305838108063,-0.2415170818567276,-0.2304587960243225,4.272571086883545,0.6254090666770935,1.5989488363265991,1.2252333164215088,0.17898908257484436,0.15933552384376526,0.0786774531006813,0.13325995206832886,0.04660044237971306,0.14057768881320953,0.05458249896764755,0.09397724270820618,714.0,521.0,659.0,842.0
ht2xz52o,0.27341926097869873,0.3468829393386841,0.27340593934059143,0.36732354760169983,0.8954928517341614,1.1360983848571777,0.8954492211341858,1.2030447721481323,-0.11843188107013702,-0.14657895267009735,-0.1327335089445114,4.130084991455078,0.7656391263008118,1.3060940504074097,0.9681171774864197,0.07346367835998535,0.0939176082611084,0.06030282750725746,0.09295833855867386,0.04862235113978386,0.08827051520347595,0.0326555110514164,0.03964816406369209,714.0,521.0,659.0,842.0
hkbm00e9,0.24301600456237793,0.3089820444583893,0.25555041432380676,0.2756422162055969,0.9182711243629456,1.167533278465271,0.9656341671943665,1.0415539741516113,-0.11950390785932541,-0.0378238745033741,-0.07944842427968979,4.092992782592773,0.8527964949607849,1.1726082563400269,1.0391652584075928,0.06596603989601135,0.02009180188179016,0.042626745998859406,0.07921747118234634,0.06736370921134949,0.07955758273601532,0.03659072518348694,0.012193873524665833,714.0,521.0,659.0,842.0
kdts1fb2,0.3359505236148834,0.4879039227962494,0.25648751854896545,0.4342361390590668,1.0783329010009766,1.5660724639892578,0.8232728242874146,1.3938097953796387,-0.18444181978702545,-0.25733643770217896,-0.21768558025360107,4.861487865447998,0.6424592137336731,1.5565146207809448,1.1927392482757568,0.15195339918136597,0.17774862051010132,0.09637568891048431,0.13666315376758575,0.06699968129396439,0.15922053158283234,0.04028746485710144,0.09222085028886795,714.0,521.0,659.0,842.0
vi109dcn,0.3167863190174103,0.36266088485717773,0.2860645651817322,0.3515358865261078,1.0715420246124268,1.2267144918441772,0.9676244854927063,1.1890836954116821,-0.06751738488674164,-0.10268377512693405,-0.08454196900129318,4.454964637756348,0.8440951704978943,1.184696912765503,1.0656299591064453,0.045874565839767456,0.06547132134437561,0.08651160448789597,0.07672114670276642,0.09808632731437683,0.08135168254375458,0.009790457785129547,0.016734644770622253,714.0,521.0,659.0,842.0
wmbxek0q,0.42868462204933167,0.4586264193058014,0.3886333405971527,0.45211973786354065,1.093552827835083,1.1699328422546387,0.9913840293884277,1.153334617614746,-0.03374438360333443,-0.07551125437021255,-0.05406520888209343,4.408204078674316,0.8974147439002991,1.114309310913086,1.0553752183914185,0.029941797256469727,0.06348639726638794,0.09990857541561127,0.04675326496362686,0.1002451553940773,0.08410979807376862,0.053155310451984406,0.016135357320308685,714.0,521.0,659.0,842.0
929u6wtv,0.39998510479927063,0.5237789154052734,0.4210192561149597,0.5357527136802673,0.9567199945449829,1.2528210878372192,1.0070313215255737,1.2814611196517944,-0.13401006162166595,-0.1199171170592308,-0.1268399953842163,4.49803352355957,0.7748740911483765,1.290529489517212,0.9654996395111084,0.12379381060600281,0.11473345756530762,0.06895634531974792,0.10816483944654465,0.10781553387641907,0.10788834095001221,0.03920849412679672,7.280707359313965e-05,714.0,521.0,659.0,842.0
mk2zyzsi,0.4652692973613739,0.5102428793907166,0.40014514327049255,0.5207535624504089,1.054555058479309,1.1564898490905762,0.9069480299949646,1.1803127527236938,-0.04610248655080795,-0.13096803426742554,-0.08731330931186676,4.298305511474609,0.8393953442573547,1.1913312673568726,1.0593034029006958,0.04497358202934265,0.12060841917991638,0.1312129646539688,0.11521332710981369,0.10164450854063034,0.09451981633901596,0.01599963754415512,0.00712469220161438,714.0,521.0,659.0,842.0
lu3ndz3c,0.3129706382751465,0.6659590005874634,0.3363702893257141,0.39572668075561523,1.089479923248291,2.318265438079834,1.1709363460540771,1.3775614500045776,-0.36058565974235535,-0.08107711374759674,-0.2409924566745758,5.956243515014648,0.6116126179695129,1.6350178718566895,1.3371565341949463,0.3529883623123169,0.05935639142990112,0.10166950523853302,0.2308700531721115,0.12197840958833694,0.08722212165594101,0.1292005479335785,0.034756287932395935,714.0,521.0,659.0,842.0
c5rqnsvs,0.370298832654953,0.32143527269363403,0.4427568018436432,0.3979894518852234,1.066848874092102,0.9260706305503845,1.2756038904190063,1.1466269493103027,0.07063912600278854,0.05324709415435791,0.06109758839011192,4.415150165557861,1.1301453113555908,0.8848395943641663,0.8227609992027283,0.04886355996131897,0.0447673499584198,0.09104716777801514,0.05392339825630188,0.06855098903179169,0.06049405783414841,0.03712376952171326,0.00805693119764328,714.0,521.0,659.0,842.0
ojrpp7r9,0.26606497168540955,0.3903975784778595,0.311353474855423,0.4102732539176941,0.8544299602508545,1.253706455230713,0.9998675584793091,1.3175344467163086,-0.18939757347106934,-0.1370786726474762,-0.16200129687786102,4.425538539886475,0.7211673855781555,1.38663649559021,0.9096968770027161,0.12433260679244995,0.09891977906227112,0.07897519320249557,0.1216995045542717,0.08257626742124557,0.09990930557250977,0.04272431135177612,0.01733303815126419,714.0,521.0,659.0,842.0
3fezez5e,0.3313254714012146,0.3767731785774231,0.26463207602500916,0.3771708011627197,1.0149736404418945,1.1541969776153564,0.8106669187545776,1.1554150581359863,-0.06418263912200928,-0.17534752190113068,-0.11703547090291977,4.135252475738525,0.790452241897583,1.2650947570800781,1.1032943725585938,0.045447707176208496,0.11253872513771057,0.05407703295350075,0.07972054183483124,0.04083506390452385,0.06978518515825272,0.02564350888133049,0.028950121253728867,714.0,521.0,659.0,842.0
hr07n8vo,0.23039261996746063,0.3577190339565277,0.2556784451007843,0.3025887906551361,0.8665064573287964,1.3453810214996338,0.9616064429283142,1.1380362510681152,-0.21650004386901855,-0.08402832597494125,-0.1519887000322342,4.311530113220215,0.7361268401145935,1.3584566116333008,1.0534570217132568,0.12732641398906708,0.04691034555435181,0.08431942760944366,0.08525935560464859,0.1071636751294136,0.06607742607593536,0.0009399279952049255,0.04108624905347824,714.0,521.0,659.0,842.0
eubfn9kr,0.22470805048942566,0.2937205135822296,0.19867397844791412,0.26449131965637207,0.8644996881484985,1.1300053596496582,0.7643410563468933,1.0175544023513794,-0.13311830163002014,-0.14210304617881775,-0.13735784590244293,3.776400566101074,0.7584599256515503,1.318455696105957,1.1193140745162964,0.06901246309280396,0.06581734120845795,0.07796509563922882,0.05100333318114281,0.061027269810438156,0.06254594773054123,0.026961762458086014,0.0015186779201030731,714.0,521.0,659.0,842.0
2fvb66h3,0.34668147563934326,0.49464261531829834,0.3706459105014801,0.4751695692539215,1.0585265159606934,1.5102980136871338,1.131697416305542,1.450840711593628,-0.17586678266525269,-0.12357722967863083,-0.14965251088142395,5.151362419128418,0.7396551966667175,1.3519779443740845,0.9946886897087097,0.14796113967895508,0.1045236587524414,0.09624432772397995,0.18782873451709747,0.09527979046106339,0.20167432725429535,0.09158440679311752,0.10639453679323196,714.0,521.0,659.0,842.0
rem5puu6,0.30030694603919983,0.4534261226654053,0.22316902875900269,0.3305390477180481,0.6610596776008606,0.9981178641319275,0.49125751852989197,0.7276089787483215,-0.20314748585224152,-0.19391052424907684,-0.1992357075214386,2.8780438899993896,0.6677277684211731,1.497611403465271,1.361243724822998,0.15311917662620544,0.10737001895904541,0.07741077244281769,0.07359512150287628,0.05649992823600769,0.10461385548114777,0.0038156509399414062,0.048113927245140076,714.0,521.0,659.0,842.0
2rzv1sqq,0.41270574927330017,0.5470468401908875,0.29366281628608704,0.5114800333976746,0.8889728784561157,1.1783452033996582,0.6325530409812927,1.1017338037490845,-0.13997456431388855,-0.2705320417881012,-0.1995348334312439,3.801604747772217,0.6673122048377991,1.4985454082489014,1.192026138305664,0.13434109091758728,0.21781721711158752,0.12627877295017242,0.177678182721138,0.14337225258350372,0.17245744168758392,0.051399409770965576,0.0290851891040802,714.0,521.0,659.0,842.0
q5l2xoio,0.37469756603240967,0.4537855386734009,0.3239666521549225,0.35086748003959656,1.111665964126587,1.3463069200515747,0.9611557126045227,1.0409660339355469,-0.09546106308698654,-0.03986281529068947,-0.07050327956676483,4.460094451904297,0.868278980255127,1.151700496673584,1.2276822328567505,0.07908797264099121,0.026900827884674072,0.057169102132320404,0.05398302152752876,0.048844896256923676,0.06552039086818695,0.0031860806047916412,0.016675494611263275,714.0,521.0,659.0,842.0
t860x5zu,0.24691800773143768,0.3641912341117859,0.2586847245693207,0.3806796073913574,0.824062168598175,1.2154488563537598,0.8633323311805725,1.270477056503296,-0.19190190732479095,-0.19080621004104614,-0.19134187698364258,4.173320293426514,0.6787781119346619,1.4732304811477661,0.9558060169219971,0.1172732263803482,0.12199488282203674,0.07866731286048889,0.10880886018276215,0.07079912722110748,0.08578627556562424,0.030141547322273254,0.014987148344516754,714.0,521.0,659.0,842.0
2zueugwu,0.16587235033512115,0.2321733683347702,0.18080905079841614,0.19518162310123444,0.7100912928581238,0.9939227104187012,0.7740345597267151,0.8355628252029419,-0.1665659099817276,-0.038225769996643066,-0.10422438383102417,3.3136115074157715,0.8112239241600037,1.232698678970337,1.0586556196212769,0.06630101799964905,0.014372572302818298,0.0516413189470768,0.11505521088838577,0.05600552260875702,0.058250073343515396,0.06341388821601868,0.002244550734758377,714.0,521.0,659.0,842.0
bugr6e7g,0.36160337924957275,0.3869832754135132,0.31382524967193604,0.40147221088409424,1.0318907499313354,1.1043161153793335,0.8955484628677368,1.145662546157837,-0.033903706818819046,-0.12253201007843018,-0.0772101953625679,4.177417755126953,0.8566466569900513,1.1673392057418823,1.0465375185012817,0.02537989616394043,0.0876469612121582,0.11058231443166733,0.09395452588796616,0.060523517429828644,0.1101934164762497,0.016627788543701172,0.04966989904642105,714.0,521.0,659.0,842.0
a2iz5p3v,0.38913485407829285,0.39732247591018677,0.38750624656677246,0.43619149923324585,0.9988667964935303,1.0198835134506226,0.9946863651275635,1.1196560859680176,-0.010410751216113567,-0.05910565331578255,-0.035321325063705444,4.133092880249023,0.9317662715911865,1.073227882385254,0.95478755235672,0.008187621831893921,0.04868525266647339,0.12610292434692383,0.07430481165647507,0.1220104992389679,0.11223563551902771,0.05179811269044876,0.009774863719940186,714.0,521.0,659.0,842.0
ob5apo4l,0.43435975909233093,0.5544126629829407,0.42099910974502563,0.5575459599494934,1.0432020425796509,1.3315330743789673,1.0111137628555298,1.33905827999115,-0.12141599506139755,-0.13954053819179535,-0.13043123483657837,4.724907398223877,0.7692355513572693,1.2999892234802246,1.0104504823684692,0.12005290389060974,0.13654685020446777,0.1471598893404007,0.11254079639911652,0.12056154012680054,0.11680564284324646,0.03461909294128418,0.003755897283554077,714.0,521.0,659.0,842.0
jedgfjdl,0.3212634027004242,0.3489423394203186,0.24056412279605865,0.2610665261745453,1.06918466091156,1.1613019704818726,0.8006124496459961,0.8688457608222961,-0.04129910469055176,-0.040871430188417435,-0.04111602529883385,3.89994478225708,0.9210138916969299,1.0857561826705933,1.3360514640808105,0.02767893671989441,0.020502403378486633,0.09728256613016129,0.07515320926904678,0.10696204006671906,0.08173416554927826,0.022129356861114502,0.025227874517440796,714.0,521.0,659.0,842.0
ogwlacol,0.3276068866252899,0.3447827398777008,0.3128458857536316,0.3959672152996063,1.0045371055603027,1.0572031736373901,0.9592755436897278,1.2141494750976562,-0.025544457137584686,-0.1172681674361229,-0.07261580228805542,4.235165596008301,0.8645992875099182,1.1566017866134644,0.9486120939254761,0.01717585325241089,0.08312132954597473,0.05936213955283165,0.07397045195102692,0.07868395000696182,0.10265800356864929,0.014608312398195267,0.02397405356168747,714.0,521.0,659.0,842.0
oln3eh1v,0.27262723445892334,0.35429760813713074,0.2587966322898865,0.3235105872154236,0.9595822691917419,1.2470422983169556,0.9109018445014954,1.1386793851852417,-0.13027118146419525,-0.11113350838422775,-0.1210554912686348,4.2562055587768555,0.7840316891670227,1.2754542827606201,1.07662034034729,0.0816703736782074,0.06471395492553711,0.077703557908535,0.12151278555393219,0.07767985016107559,0.12942175567150116,0.043809227645397186,0.05174190551042557,714.0,521.0,659.0,842.0
r1necqor,0.423598051071167,0.47302114963531494,0.36219581961631775,0.5125008225440979,0.9140170812606812,1.0206595659255981,0.7815266847610474,1.1058467626571655,-0.05512155219912529,-0.17183652520179749,-0.11275683343410492,3.822050094604492,0.7973369359970093,1.2541719675064087,1.025061845779419,0.04942309856414795,0.15030500292778015,0.09509839862585068,0.13070838153362274,0.1391153633594513,0.1545710265636444,0.035609982907772064,0.015455663204193115,714.0,521.0,659.0,842.0
oi5j8yit,0.2794371545314789,0.40168440341949463,0.26825693249702454,0.37410101294517517,0.9198498129844666,1.3222627639770508,0.8830468654632568,1.23146390914917,-0.17947906255722046,-0.16477404534816742,-0.17234206199645996,4.356623649597168,0.7059856057167053,1.4164549112319946,1.0603442192077637,0.12224724888801575,0.10584408044815063,0.06924493610858917,0.08902819454669952,0.07164386659860611,0.10873151570558548,0.01978325843811035,0.03708764910697937,714.0,521.0,659.0,842.0
2kodwh8n,0.3095034062862396,0.40708082914352417,0.3250252306461334,0.3816964626312256,0.9158409833908081,1.2045789957046509,0.9617710709571838,1.1294649839401245,-0.13617001473903656,-0.08018878102302551,-0.10837343335151672,4.211656093597412,0.8044448494911194,1.2430896759033203,1.0139539241790771,0.09757742285728455,0.05667123198509216,0.04394935816526413,0.07331288605928421,0.041454315185546875,0.07290150225162506,0.02936352789402008,0.031447187066078186,714.0,521.0,659.0,842.0
92tp6qaq,0.43950921297073364,0.5007770657539368,0.3457046151161194,0.4225395619869232,0.9803710579872131,1.1170353889465332,0.7711301445960999,0.9425185322761536,-0.0651586502790451,-0.10001357644796371,-0.08083127439022064,3.8110549449920654,0.8504265546798706,1.1758776903152466,1.223940372467041,0.061267852783203125,0.07683494687080383,0.1063915491104126,0.12057501822710037,0.0995786190032959,0.1797616183757782,0.014183469116687775,0.0801829993724823,714.0,521.0,659.0,842.0
3k8a7rv4,0.3504137396812439,0.4744679927825928,0.2865699231624603,0.41659095883369446,1.0226160287857056,1.384644865989685,0.8362999558448792,1.215741753578186,-0.150390163064003,-0.18490910530090332,-0.16627490520477295,4.4593024253845215,0.7148606181144714,1.3988703489303589,1.1731035709381104,0.12405425310134888,0.13002103567123413,0.05921871215105057,0.10854741185903549,0.0774015560746193,0.14170169830322266,0.049328699707984924,0.06430014222860336,714.0,521.0,659.0,842.0
nmwvsb0u,0.30772948265075684,0.3707970082759857,0.26312100887298584,0.33407557010650635,0.9627788066864014,1.16009521484375,0.8232143521308899,1.0452065467834473,-0.09294763207435608,-0.11881253868341446,-0.10505572706460953,3.9912948608398438,0.8098621964454651,1.2347739934921265,1.1361843347549438,0.06306752562522888,0.07095456123352051,0.12035796791315079,0.10948775708675385,0.09842947870492935,0.11707915365695953,0.010870210826396942,0.018649674952030182,714.0,521.0,659.0,842.0
koefukpv,0.2936495542526245,0.32786381244659424,0.26493144035339355,0.31624507904052734,1.1050602197647095,1.23381507396698,0.9969883561134338,1.190091609954834,-0.055049825459718704,-0.08829253911972046,-0.07111378759145737,4.5259552001953125,0.867213785648346,1.1531143188476562,1.0694036483764648,0.03421425819396973,0.05131363868713379,0.041686952114105225,0.060662027448415756,0.04674946144223213,0.057009678333997726,0.01897507533431053,0.010260216891765594,714.0,521.0,659.0,842.0
8lymj1qi,0.18836206197738647,0.30395132303237915,0.14774635434150696,0.22624658048152924,0.8777368068695068,1.416364073753357,0.6884741187095642,1.0542725324630737,-0.2347874939441681,-0.20989705622196198,-0.22404232621192932,4.0368475914001465,0.6339288949966431,1.5774562358856201,1.316367268562317,0.11558926105499268,0.07850022614002228,0.052827879786491394,0.11618930846452713,0.06419709324836731,0.0933120921254158,0.06336142867803574,0.029114998877048492,714.0,521.0,659.0,842.0
9mqvayxa,0.2674926817417145,0.228571355342865,0.27773571014404297,0.2914761006832123,0.9609789252281189,0.82115238904953,0.9977774024009705,1.04714035987854,0.07846012711524963,-0.0241392832249403,0.023637928068637848,3.8270490169525146,1.048418402671814,0.9538140296936035,0.8714912533760071,0.03892132639884949,0.013740390539169312,0.05946483463048935,0.04793110489845276,0.05707605928182602,0.04168861359357834,0.01153372973203659,0.01538744568824768,714.0,521.0,659.0,842.0
r6yo6z1t,0.3251400589942932,0.3485337495803833,0.3695356845855713,0.39649996161460876,0.9800875782966614,1.0506044626235962,1.113911747932434,1.1951916217803955,-0.03472549468278885,-0.03519972041249275,-0.03497786819934845,4.339795112609863,0.9324071407318115,1.072489857673645,0.8794276118278503,0.023393690586090088,0.026964277029037476,0.050480134785175323,0.0674516037106514,0.06871601939201355,0.08859811723232269,0.016971468925476074,0.019882097840309143,714.0,521.0,659.0,842.0
2xcb3yym,0.2722083628177643,0.36418572068214417,0.24018628895282745,0.38069868087768555,0.7504964470863342,1.0040841102600098,0.6622094511985779,1.0496114492416382,-0.14452870190143585,-0.22630949318408966,-0.18491482734680176,3.4664015769958496,0.6878839135169983,1.4537287950515747,1.024977445602417,0.09197735786437988,0.1405123919248581,0.08128617703914642,0.1255822330713272,0.07186786085367203,0.12084707617759705,0.044296056032180786,0.04897921532392502,714.0,521.0,659.0,842.0
33mg1zaq,0.553736686706543,0.49705320596694946,0.4517481327056885,0.5170009136199951,1.166210412979126,1.0468307733535767,0.951414942741394,1.0888421535491943,0.05394364148378372,-0.06735770404338837,-0.004243164788931608,4.253298759460449,0.9915485978126526,1.008521556854248,1.0846861600875854,0.056683480739593506,0.06525278091430664,0.09949556738138199,0.13146212697029114,0.09682780504226685,0.13147921860218048,0.03196655958890915,0.034651413559913635,714.0,521.0,659.0,842.0
7qhak7md,0.48952776193618774,0.5184631943702698,0.42092058062553406,0.496567964553833,0.9728407263755798,1.0303442478179932,0.8364973664283752,0.9868317246437073,-0.028706016018986702,-0.08245039731264114,-0.05431516468524933,3.8265140056610107,0.8969650864601135,1.1148682832717896,1.0986402034759521,0.02893543243408203,0.07564738392829895,0.05993505194783211,0.06626182049512863,0.0612579770386219,0.07463892549276352,0.006326768547296524,0.013380948454141617,714.0,521.0,659.0,842.0
wkzirnk6,0.2519887387752533,0.34112608432769775,0.17790891230106354,0.31902292370796204,0.9177102446556091,1.2423368692398071,0.6479211449623108,1.1618400812149048,-0.15028657019138336,-0.2839699685573578,-0.21123051643371582,3.9698081016540527,0.6512120962142944,1.535591959953308,1.1935513019561768,0.08913734555244446,0.1411140114068985,0.08026327937841415,0.13169950246810913,0.08316410332918167,0.09932155162096024,0.05143622308969498,0.016157448291778564,714.0,521.0,659.0,842.0
zhh3o5ur,0.26791781187057495,0.33018648624420166,0.3032643496990204,0.4613369107246399,0.8251644968986511,1.016946792602539,0.9340289235115051,1.4208792448043823,-0.10410988330841064,-0.20673829317092896,-0.16169385612010956,4.197019577026367,0.721622884273529,1.3857611417770386,0.7822424173355103,0.06226867437362671,0.1580725610256195,0.07014920562505722,0.08923204988241196,0.05696463957428932,0.12478678673505783,0.019082844257354736,0.06782214343547821,714.0,521.0,659.0,842.0
txuyucec,0.31380337476730347,0.3746025562286377,0.3277694284915924,0.3796289265155792,0.8788526654243469,1.0491297245025635,0.9179666638374329,1.0632067918777466,-0.08831866085529327,-0.07331006973981857,-0.08071228116750717,3.90915584564209,0.8506301045417786,1.1755956411361694,0.9731503129005432,0.06079918146133423,0.051859498023986816,0.07307694107294083,0.09484726935625076,0.07684243470430374,0.08479964733123779,0.021770328283309937,0.007957212626934052,714.0,521.0,659.0,842.0
juis2gy9,0.5072281360626221,0.6173353791236877,0.5043339729309082,0.576590895652771,1.026343822479248,1.2491388320922852,1.020487666130066,1.16669499874115,-0.09791101515293121,-0.06684725731611252,-0.08268651366233826,4.462665557861328,0.847256064414978,1.1802786588668823,1.0403705835342407,0.11010724306106567,0.07225692272186279,0.1114160567522049,0.09236171841621399,0.1362559050321579,0.11239392310380936,0.019054338335990906,0.02386198192834854,714.0,521.0,659.0,842.0
ytjuq7x7,0.3440904915332794,0.35251444578170776,0.34264683723449707,0.3726000189781189,1.1137480735778809,1.1410146951675415,1.1090753078460693,1.2060273885726929,-0.012092853896319866,-0.04187804460525513,-0.02718213200569153,4.5698652267456055,0.9470729827880859,1.0558817386627197,0.973935067653656,0.008423954248428345,0.029953181743621826,0.0595528669655323,0.08900591731071472,0.0635930746793747,0.09743978083133698,0.02945305034518242,0.03384670615196228,714.0,521.0,659.0,842.0
b7p9jyqn,0.20865774154663086,0.29638251662254333,0.24380038678646088,0.3136344850063324,0.8037577867507935,1.1416771411895752,0.9391286373138428,1.2081323862075806,-0.17369821667671204,-0.12527737021446228,-0.14829401671886444,4.092695713043213,0.741712749004364,1.3482255935668945,0.9060060977935791,0.08772477507591248,0.06983409821987152,0.06320354342460632,0.09010928869247437,0.08408711850643158,0.08168244361877441,0.026905745267868042,0.0024046748876571655,714.0,521.0,659.0,842.0
15ikpqah,0.3200787603855133,0.3330990970134735,0.24236419796943665,0.2887203097343445,1.174773931503296,1.2225620746612549,0.8895409107208252,1.0596801042556763,-0.019933799281716347,-0.0872855857014656,-0.05013785511255264,4.346557140350342,0.9045103192329407,1.1055667400360107,1.2298920154571533,0.013020336627960205,0.04635611176490784,0.09370482712984085,0.10139088332653046,0.057105548679828644,0.09701019525527954,0.007686056196689606,0.0399046465754509,714.0,521.0,659.0,842.0
cua09pci,0.4275831878185272,0.5031603574752808,0.38142120838165283,0.5633375644683838,0.8809422850608826,1.0366525650024414,0.7858355045318604,1.1606346368789673,-0.08120076358318329,-0.19255302846431732,-0.1372930109500885,3.864065170288086,0.7585609555244446,1.3182827234268188,0.9851642847061157,0.07557716965675354,0.18191635608673096,0.13823199272155762,0.14446716010570526,0.1350940316915512,0.17893549799919128,0.006235167384147644,0.043841466307640076,714.0,521.0,659.0,842.0
flwdr3vw,0.2650190591812134,0.3648645281791687,0.2566113770008087,0.2701511085033417,0.8443924188613892,1.1625157594680786,0.8176041841506958,0.8607439398765564,-0.1585139036178589,-0.02570362575352192,-0.09802921861410141,3.6852564811706543,0.8214437365531921,1.2173645496368408,1.1957616806030273,0.09984546899795532,0.013539731502532959,0.06572410464286804,0.07611428946256638,0.07554835826158524,0.07816287875175476,0.010390184819698334,0.002614520490169525,714.0,521.0,659.0,842.0
mjdimbm2,0.34869512915611267,0.5321055054664612,0.3526192903518677,0.5151139497756958,0.8174456357955933,1.2474143505096436,0.826645016670227,1.2075811624526978,-0.20823119580745697,-0.18726316094398499,-0.19782565534114838,4.099085807800293,0.6696913242340088,1.4932217597961426,1.0150580406188965,0.1834103763103485,0.16249465942382812,0.11703283339738846,0.10272052139043808,0.12019724398851395,0.1752532720565796,0.014312312006950378,0.05505602806806564,714.0,521.0,659.0,842.0
71w1wudc,0.2635074853897095,0.35734906792640686,0.2342895120382309,0.303555965423584,0.9601627588272095,1.302100658416748,0.8536989688873291,1.1060905456542969,-0.15114833414554596,-0.12878479063510895,-0.14076773822307587,4.222052574157715,0.7532039284706116,1.3276569843292236,1.154337763786316,0.09384158253669739,0.06926645338535309,0.03831976279616356,0.12226802110671997,0.046797338873147964,0.10784292221069336,0.08394825458526611,0.061045583337545395,714.0,521.0,659.0,842.0
bl4ce7pk,0.3205149173736572,0.4229394197463989,0.30464068055152893,0.3609779477119446,0.8264153003692627,1.0905065536499023,0.7854852080345154,0.9307451248168945,-0.1377681940793991,-0.08463882654905319,-0.11267103254795074,3.6331522464752197,0.7974753379821777,1.2539535760879517,1.1169356107711792,0.1024245023727417,0.05633726716041565,0.06122875213623047,0.10279533267021179,0.06680548936128616,0.08974671363830566,0.04156658053398132,0.0229412242770195,714.0,521.0,659.0,842.0
wcyuknd1,0.27634257078170776,0.3968854248523712,0.2553982138633728,0.2987755835056305,1.0546743869781494,1.5147318840026855,0.9747392535209656,1.1402910947799683,-0.17905177175998688,-0.07827379554510117,-0.1335504800081253,4.684436798095703,0.7643665671348572,1.308268427848816,1.214829683303833,0.12054285407066345,0.04337736964225769,0.08765159547328949,0.12044265866279602,0.08635600656270981,0.11445354670286179,0.03279106318950653,0.028097540140151978,714.0,521.0,659.0,842.0
ivxan25w,0.25408002734184265,0.4489095211029053,0.2611352205276489,0.35304632782936096,0.9759056568145752,1.7242337465286255,1.0030041933059692,1.3560291528701782,-0.27714380621910095,-0.14964787662029266,-0.21769407391548157,5.059172630310059,0.6424476504325867,1.5565420389175415,1.1445939540863037,0.19482949376106262,0.09191110730171204,0.08577099442481995,0.160494863986969,0.05841275677084923,0.15344618260860443,0.07472386956214905,0.0950334221124649,714.0,521.0,659.0,842.0
m72qlgdv,0.24450264871120453,0.340088427066803,0.18893995881080627,0.3175027370452881,0.841629683971405,1.1706560850143433,0.6503711938858032,1.0929113626480103,-0.16350850462913513,-0.25385403633117676,-0.20544587075710297,3.755568027496338,0.6591358780860901,1.517132043838501,1.154306173324585,0.09558577835559845,0.1285627782344818,0.06667477637529373,0.06104789301753044,0.040777210146188736,0.07197219878435135,0.00562688335776329,0.031194988638162613,714.0,521.0,659.0,842.0
c2guwjp0,0.20868797600269318,0.24901552498340607,0.1974804699420929,0.256405234336853,0.813236653804779,0.9703891277313232,0.7695620656013489,0.999186098575592,-0.08810826390981674,-0.12982262670993805,-0.10887818038463593,3.5523738861083984,0.803622841835022,1.2443592548370361,1.0084091424942017,0.04032754898071289,0.05892476439476013,0.05230897665023804,0.04524775221943855,0.055590640753507614,0.06178084388375282,0.007061224430799484,0.006190203130245209,714.0,521.0,659.0,842.0
qi2clp81,0.2860490083694458,0.4427872896194458,0.3113572299480438,0.3661994934082031,0.8920226693153381,1.380799412727356,0.9709444642066956,1.1419659852981567,-0.2150525003671646,-0.0809410884976387,-0.15044185519218445,4.385732650756836,0.738461434841156,1.3541629314422607,1.075681447982788,0.15673828125,0.0548422634601593,0.06150057166814804,0.14248038828372955,0.04914098232984543,0.10173308104276657,0.08097981661558151,0.05259209871292114,714.0,521.0,659.0,842.0
l51flmna,0.36629995703697205,0.40598127245903015,0.35209527611732483,0.5133221745491028,0.9831640720367432,1.0896703004837036,0.9450380802154541,1.3777776956558228,-0.05138188228011131,-0.18629933893680573,-0.12267706543207169,4.395650386810303,0.7814552187919617,1.279660701751709,0.8923789262771606,0.039681315422058105,0.16122689843177795,0.07033006846904755,0.06507307291030884,0.11060354858636856,0.08045594394207001,0.0052569955587387085,0.030147604644298553,714.0,521.0,659.0,842.0
vycs44ph,0.4708173871040344,0.43153443932533264,0.3995591998100281,0.4657958149909973,1.2654647827148438,1.1598799228668213,1.0739367008209229,1.2519677877426147,0.04353391006588936,-0.07654261589050293,-0.015247823670506477,4.751249313354492,0.9699612259864807,1.0309666395187378,1.0427521467208862,0.03928294777870178,0.06623661518096924,0.09344814717769623,0.11637740582227707,0.08368480205535889,0.2048267424106598,0.02292925864458084,0.1211419403553009,714.0,521.0,659.0,842.0
h62myz9v,0.19739685952663422,0.2790800631046295,0.17794999480247498,0.25853824615478516,0.8940932750701904,1.264070749282837,0.8060102462768555,1.1710282564163208,-0.17143124341964722,-0.18462826311588287,-0.1777409166097641,4.135202407836914,0.6981647610664368,1.4323201179504395,1.0916119813919067,0.0816832035779953,0.08058825135231018,0.05373716726899147,0.10296759009361267,0.05860079079866409,0.06804895401000977,0.0492304228246212,0.009448163211345673,714.0,521.0,659.0,842.0
lu8wpfq2,0.21185973286628723,0.3245201110839844,0.24819131195545197,0.33585527539253235,0.6900665163993835,1.0570223331451416,0.8084052801132202,1.0939431190490723,-0.21003803610801697,-0.1500972956418991,-0.17879275977611542,3.649437427520752,0.6966497898101807,1.4354361295700073,0.9183837175369263,0.11266037821769714,0.08766396343708038,0.055742472410202026,0.10209619998931885,0.06261220574378967,0.06848924607038498,0.04635372757911682,0.005877040326595306,714.0,521.0,659.0,842.0
bhaiiwi0,0.49557188153266907,0.5712981820106506,0.48560631275177,0.5975087285041809,1.0481257438659668,1.2082855701446533,1.0270488262176514,1.2637203931808472,-0.07097980380058289,-0.10331525653600693,-0.08726975321769714,4.547180652618408,0.8394691944122314,1.1912267208099365,0.985000729560852,0.07572630047798157,0.11190241575241089,0.09749798476696014,0.1181672140955925,0.0911974310874939,0.13299819827079773,0.020669229328632355,0.04180076718330383,714.0,521.0,659.0,842.0
8l0hg9nc,0.2145153433084488,0.3006238639354706,0.2063349485397339,0.29711270332336426,0.8259259462356567,1.1574605703353882,0.7944298386573792,1.143941879272461,-0.16715548932552338,-0.18031184375286102,-0.17365838587284088,3.9217581748962402,0.7040719389915466,1.4203035831451416,1.0232208967208862,0.08610852062702179,0.09077775478363037,0.0703963190317154,0.0883011519908905,0.044730957597494125,0.10452678054571152,0.01790483295917511,0.05979582294821739,714.0,521.0,659.0,842.0
bekgv1bb,0.29698410630226135,0.46082884073257446,0.4214993417263031,0.41751807928085327,0.7491592764854431,1.1624668836593628,1.063256025314331,1.0532130002975464,-0.21620705723762512,0.004745143000036478,-0.10011293739080429,4.028095245361328,0.8179941177368164,1.2224994897842407,0.9032137989997864,0.1638447344303131,0.003981262445449829,0.0828394964337349,0.11947733908891678,0.09308288991451263,0.12839923799037933,0.036637842655181885,0.0353163480758667,714.0,521.0,659.0,842.0
hg5zmtga,0.3902670741081238,0.5056530237197876,0.32988664507865906,0.5074489116668701,0.8096805810928345,1.049069881439209,0.6844103336334229,1.0527957677841187,-0.12879030406475067,-0.2120560258626938,-0.16901609301567078,3.595956802368164,0.7108396291732788,1.4067836999893188,1.069964051246643,0.11538594961166382,0.17756226658821106,0.09741038084030151,0.11616183817386627,0.10194443166255951,0.12195391952991486,0.01875145733356476,0.020009487867355347,714.0,521.0,659.0,842.0
46ayn2d7,0.27547597885131836,0.31846675276756287,0.37184464931488037,0.30867999792099,0.9477797746658325,1.0956902503967285,1.279337763786316,1.0620187520980835,-0.072381891310215,0.09281744062900543,0.01582927256822586,4.38482666015625,1.0321661233901978,0.9688332080841064,0.8727705478668213,0.04299077391624451,0.06316465139389038,0.07141169905662537,0.11395831406116486,0.0928705483675003,0.05848890170454979,0.04254661500453949,0.034381646662950516,714.0,521.0,659.0,842.0
ki3x7995,0.3376658260822296,0.4072476625442505,0.30745357275009155,0.38782328367233276,1.0962685346603394,1.3221734762191772,0.998181164264679,1.2591100931167603,-0.09340915828943253,-0.11559365689754486,-0.10411916673183441,4.6757330894470215,0.8113975524902344,1.2324379682540894,1.0713895559310913,0.06958183646202087,0.08036971092224121,0.06364279240369797,0.15876050293445587,0.06556039303541183,0.12013713270425797,0.0951177105307579,0.05457673966884613,714.0,521.0,659.0,842.0
5cf72gnn,0.22127364575862885,0.36393076181411743,0.2067650705575943,0.3029883801937103,0.8803672790527344,1.4479480981826782,0.822642982006073,1.2054804563522339,-0.2437727153301239,-0.1887640357017517,-0.21816381812095642,4.356438636779785,0.6418140530586243,1.5580775737762451,1.1480122804641724,0.1426571160554886,0.09622330963611603,0.04068003222346306,0.1256328672170639,0.03571763262152672,0.07951947301626205,0.08495283126831055,0.043801840394735336,714.0,521.0,659.0,842.0
v9ibwgt2,0.3552398979663849,0.4775806963443756,0.28338196873664856,0.4516485929489136,0.9067948460578918,1.2190852165222168,0.7233684062957764,1.1528903245925903,-0.14689916372299194,-0.22892436385154724,-0.1853538453578949,4.002138614654541,0.6872590184211731,1.4550516605377197,1.1330406665802002,0.12234079837799072,0.16826662421226501,0.08395253866910934,0.07236942648887634,0.0658184140920639,0.09067225456237793,0.011583112180233002,0.024853840470314026,714.0,521.0,659.0,842.0
lb25485h,0.23367711901664734,0.32787322998046875,0.17085984349250793,0.28106099367141724,0.9870617389678955,1.3849499225616455,0.721718966960907,1.1872131824493408,-0.16774263978004456,-0.24385002255439758,-0.20168021321296692,4.280943870544434,0.6643349528312683,1.5052584409713745,1.24258291721344,0.09419611096382141,0.1102011501789093,0.07202353328466415,0.09961511939764023,0.04126729816198349,0.07263850420713425,0.027591586112976074,0.03137120604515076,714.0,521.0,659.0,842.0
cqxcs1xs,0.28754550218582153,0.3008527159690857,0.284347265958786,0.35953548550605774,0.9731314182281494,1.0181666612625122,0.9623077511787415,1.2167649269104004,-0.022615959867835045,-0.11677297204732895,-0.07181432098150253,4.170371055603027,0.8659934401512146,1.1547393798828125,0.9138267636299133,0.01330721378326416,0.07518821954727173,0.07809431850910187,0.12095366418361664,0.06199602037668228,0.11366918683052063,0.04285934567451477,0.05167316645383835,714.0,521.0,659.0,842.0
rqlnzzrj,0.2315046787261963,0.2940029501914978,0.1995595395565033,0.2846411168575287,0.8931048512458801,1.1342123746871948,0.7698660492897034,1.0980960130691528,-0.11892910301685333,-0.17571516335010529,-0.14616070687770844,3.8952794075012207,0.7449544668197632,1.3423583507537842,1.0853073596954346,0.062498271465301514,0.08508157730102539,0.03672681003808975,0.08208584785461426,0.048748526722192764,0.07423337548971176,0.045359037816524506,0.025484848767518997,714.0,521.0,659.0,842.0
o7vbhh5o,0.36406341195106506,0.3827335238456726,0.34431716799736023,0.39116013050079346,1.0032289028167725,1.0546770095825195,0.9488152861595154,1.0778977870941162,-0.02500021830201149,-0.06369046866893768,-0.04419764503836632,4.084619045257568,0.9153449535369873,1.092481255531311,1.0153894424438477,0.018670111894607544,0.04684296250343323,0.049644894897937775,0.1019587591290474,0.06922536343336105,0.08704161643981934,0.05231386423110962,0.017816253006458282,714.0,521.0,659.0,842.0
l5u7nted,0.37981417775154114,0.3924556374549866,0.368791401386261,0.42744559049606323,1.0648884773254395,1.100331425666809,1.033983826637268,1.1984331607818604,-0.016369204968214035,-0.07366414368152618,-0.04545442387461662,4.397636413574219,0.9130425453186035,1.0952364206314087,0.9698982238769531,0.012641459703445435,0.058654189109802246,0.06873974949121475,0.047289732843637466,0.0761810764670372,0.07287128269672394,0.021450016647577286,0.003309793770313263,714.0,521.0,659.0,842.0
qmvqwpqo,0.24717314541339874,0.3143732249736786,0.2395370751619339,0.29630735516548157,0.8362441658973694,1.0635976791381836,0.8104096055030823,1.002476692199707,-0.11966946721076965,-0.10594524443149567,-0.11296819150447845,3.7127280235290527,0.7969950437545776,1.254708170890808,1.047963261604309,0.06720007956027985,0.05677028000354767,0.060946471989154816,0.07535421848297119,0.04963993653655052,0.07670728117227554,0.014407746493816376,0.02706734463572502,714.0,521.0,659.0,842.0
2lngixmc,0.42813998460769653,0.5994669795036316,0.39648839831352234,0.5749461054801941,0.957674503326416,1.3409031629562378,0.8868754506111145,1.286054253578186,-0.1667240858078003,-0.1837051510810852,-0.1749761402606964,4.471507549285889,0.7021615505218506,1.4241708517074585,1.0578231811523438,0.17132699489593506,0.17845770716667175,0.1201726645231247,0.18164363503456116,0.09436044842004776,0.14633280038833618,0.06147097051143646,0.05197235196828842,714.0,521.0,659.0,842.0
4sx27dcb,0.4679168462753296,0.5938103795051575,0.4528132379055023,0.528540313243866,0.9759326577186584,1.2385084629058838,0.9444311261177063,1.1023749113082886,-0.11857415735721588,-0.0771658718585968,-0.09868453443050385,4.261247158050537,0.8203579783439636,1.218977689743042,1.0818997621536255,0.12589353322982788,0.07572707533836365,0.0517769455909729,0.08406192809343338,0.0767473429441452,0.09070029109716415,0.03228498250246048,0.013952948153018951,714.0,521.0,659.0,842.0
om2zkf5b,0.32192426919937134,0.4427947700023651,0.27877652645111084,0.35681045055389404,0.8725979328155518,1.200225830078125,0.7556430101394653,0.9671593308448792,-0.15805849432945251,-0.1227743849158287,-0.14204347133636475,3.795626163482666,0.7512457370758057,1.3311184644699097,1.2031677961349487,0.12087050080299377,0.0780339241027832,0.10455184429883957,0.13235490024089813,0.1129729226231575,0.09335469454526901,0.027803055942058563,0.01961822807788849,714.0,521.0,659.0,842.0
1sa3y5t3,0.21875178813934326,0.30989083647727966,0.2022535353899002,0.2121688574552536,0.8363470435142517,1.1847962141036987,0.773269772529602,0.8111787438392639,-0.17240166664123535,-0.02392558380961418,-0.10715514421463013,3.6055917739868164,0.8064298033714294,1.2400281429290771,1.275610089302063,0.0911390483379364,0.009915322065353394,0.06330759078264236,0.11917557567358017,0.06058675795793533,0.07608726620674133,0.055867984890937805,0.015500508248806,714.0,521.0,659.0,842.0
7szpf9s9,0.23192428052425385,0.33448511362075806,0.1643431931734085,0.20076274871826172,0.8279204964637756,1.1940408945083618,0.5866703391075134,0.7166804075241089,-0.18107157945632935,-0.09975037723779678,-0.1491980105638504,3.3253121376037598,0.7403424978256226,1.3507202863693237,1.5513520240783691,0.10256083309650421,0.03641955554485321,0.06762246787548065,0.11589934676885605,0.07183149456977844,0.07396560907363892,0.0482768788933754,0.0021341145038604736,714.0,521.0,659.0,842.0
ehwhg0u4,0.37848061323165894,0.489653617143631,0.24158886075019836,0.3457631468772888,1.0422003269195557,1.348331093788147,0.6652494072914124,0.9521081447601318,-0.1280595362186432,-0.17736229300498962,-0.14795546233654022,4.0078887939453125,0.7422268390655518,1.3472932577133179,1.4780449867248535,0.11117300391197205,0.10417428612709045,0.12968310713768005,0.2010452151298523,0.13225089013576508,0.18249371647834778,0.07136210799217224,0.0502428263425827,714.0,521.0,659.0,842.0
3qlx3f2x,0.36863601207733154,0.4350632131099701,0.41832074522972107,0.44905412197113037,0.7588561177253723,0.895599901676178,0.8611346483230591,0.9244009256362915,-0.08265171200037003,-0.035432592034339905,-0.05814255774021149,3.4399914741516113,0.8901033997535706,1.123462200164795,0.9265869855880737,0.06642720103263855,0.030733376741409302,0.12461864948272705,0.14218002557754517,0.14298489689826965,0.14879021048545837,0.017561376094818115,0.005805313587188721,714.0,521.0,659.0,842.0
hdcv4bkt,0.43677330017089844,0.518608808517456,0.3663118779659271,0.46796494722366333,0.8526107668876648,1.0123591423034668,0.7150653600692749,0.9134989380836487,-0.0856572687625885,-0.12184558808803558,-0.10252704471349716,3.4935340881347656,0.8140135407447815,1.228477954864502,1.1451606750488281,0.08183550834655762,0.1016530692577362,0.15057504177093506,0.1951284557580948,0.15799373388290405,0.14737597107887268,0.04455341398715973,0.010617762804031372,714.0,521.0,659.0,842.0
cv1ltwbj,0.2298223078250885,0.29293131828308105,0.16758377850055695,0.23837950825691223,0.7783100605010986,0.9920333623886108,0.5675347447395325,0.8072896599769592,-0.12072397023439407,-0.17438904941082,-0.14418230950832367,3.145167827606201,0.7479715347290039,1.3369433879852295,1.2876836061477661,0.06310901045799255,0.07079572975635529,0.06615936756134033,0.08359068632125854,0.06808368116617203,0.07859860360622406,0.017431318759918213,0.010514922440052032,714.0,521.0,659.0,842.0
9uu2bl7a,0.23657315969467163,0.25532257556915283,0.217552050948143,0.271516352891922,0.7978641390800476,0.8610982298851013,0.7337137460708618,0.9157131910324097,-0.038116566836833954,-0.11034078896045685,-0.07412462681531906,3.308389186859131,0.8619795441627502,1.1601154804229736,1.0057790279388428,0.0187494158744812,0.05396430194377899,0.06603068858385086,0.05837029963731766,0.07469210773706436,0.08414518088102341,0.007660388946533203,0.009453073143959045,714.0,521.0,659.0,842.0
mkoh109z,0.1917075216770172,0.2948380410671234,0.15577176213264465,0.19052280485630035,0.7903773784637451,1.215566873550415,0.6422203779220581,0.785493016242981,-0.21196432411670685,-0.10035080462694168,-0.1655556708574295,3.433657646179199,0.7159179449081421,1.3968011140823364,1.4050006866455078,0.1031305193901062,0.0347510427236557,0.09965560585260391,0.09953538328409195,0.06931046396493912,0.08627239614725113,0.00012022256851196289,0.01696193218231201,714.0,521.0,659.0,842.0
do0d3fvn,0.3640001714229584,0.4438651502132416,0.34424617886543274,0.3020426630973816,0.8570853471755981,1.0451377630233765,0.8105720281600952,0.7111983895301819,-0.09885914623737335,0.06530121713876724,-0.025899186730384827,3.4239935874938965,0.9495079517364502,1.0531741380691528,1.250004529953003,0.0798649787902832,0.04220351576805115,0.128884419798851,0.1101297065615654,0.11596032232046127,0.1348302960395813,0.018754713237285614,0.018869973719120026,714.0,521.0,659.0,842.0
v4kfq5dz,0.32869231700897217,0.3602377772331238,0.25704607367515564,0.3557196259498596,0.83554607629776,0.91573566198349,0.6534191370010376,0.9042503833770752,-0.04578899219632149,-0.16102956235408783,-0.10003788024187088,3.3089511394500732,0.8181179165840149,1.2223137617111206,1.1242942810058594,0.03154546022415161,0.09867355227470398,0.14558027684688568,0.16057616472244263,0.11832492053508759,0.12121651321649551,0.014995887875556946,0.0028915926814079285,714.0,521.0,659.0,842.0
53x1f8s0,0.3118135333061218,0.3634377717971802,0.3074822723865509,0.4348355829715729,0.8022359609603882,0.935055136680603,0.7910924553871155,1.1187479496002197,-0.07645177841186523,-0.17156146466732025,-0.1262565404176712,3.6471314430236816,0.7757932543754578,1.2889994382858276,0.9096512794494629,0.05162423849105835,0.12735331058502197,0.0928262248635292,0.06275840848684311,0.11697287112474442,0.11658957600593567,0.030067816376686096,0.00038329511880874634,714.0,521.0,659.0,842.0
x7m2mm4p,0.2986743748188019,0.3130195438861847,0.3242013454437256,0.30253317952156067,0.9053366184234619,0.9488194584846497,0.982713520526886,0.9170333743095398,-0.023451508954167366,0.034573063254356384,0.005913108587265015,3.7539029121398926,1.011894941329956,0.9882416725158691,0.9760000705718994,0.014345169067382812,0.021668165922164917,0.09106691926717758,0.08962810039520264,0.1316204071044922,0.12465322017669678,0.001438818871974945,0.00696718692779541,714.0,521.0,659.0,842.0
61nhvcfw,0.18731161952018738,0.20448221266269684,0.13192489743232727,0.18676799535751343,0.8178593516349792,0.8928313851356506,0.5760241150856018,0.8154857158660889,-0.04382546991109848,-0.17208705842494965,-0.1013580858707428,3.102200508117676,0.8159374594688416,1.2255771160125732,1.2293734550476074,0.01717059314250946,0.05484309792518616,0.10354666411876678,0.07324501127004623,0.09616991132497787,0.09018177539110184,0.03030165284872055,0.005988135933876038,714.0,521.0,659.0,842.0
r2f5t82d,0.2344493269920349,0.3201372027397156,0.19604215025901794,0.2715517282485962,0.7257367372512817,0.9909831285476685,0.6068474650382996,0.8405870199203491,-0.15450739860534668,-0.16148503124713898,-0.15769946575164795,3.164154529571533,0.7275626063346863,1.3744466304779053,1.1860406398773193,0.08568787574768066,0.07550957798957825,0.08945383876562119,0.12082287669181824,0.06605520099401474,0.1093931645154953,0.03136903792619705,0.04333796352148056,714.0,521.0,659.0,842.0
dl7fkndg,0.2975127398967743,0.29510387778282166,0.30357345938682556,0.33146148920059204,0.8935068249702454,0.8862723708152771,0.9117087125778198,0.9954635500907898,0.004064782988280058,-0.04391567036509514,-0.020754355937242508,3.6869513988494873,0.9593336582183838,1.042386770248413,0.9332017302513123,0.0024088621139526367,0.02788802981376648,0.06914077699184418,0.06916387379169464,0.06314802169799805,0.07441530376672745,2.3096799850463867e-05,0.0112672820687294,714.0,521.0,659.0,842.0
1jrj5xfe,0.17441198229789734,0.2553456127643585,0.1297057569026947,0.17263071238994598,0.7014387249946594,1.0269322395324707,0.5216421484947205,0.69427490234375,-0.1883234679698944,-0.1419769674539566,-0.16918373107910156,2.9442880153656006,0.7105931043624878,1.4072670936584473,1.4214500188827515,0.08093363046646118,0.04292495548725128,0.08535147458314896,0.08663997054100037,0.060039639472961426,0.09026148915290833,0.00128849595785141,0.0302218496799469,714.0,521.0,659.0,842.0
ub4o47en,0.26184090971946716,0.35718876123428345,0.2481427788734436,0.294909805059433,0.8317433595657349,1.1346179246902466,0.7882309556007385,0.9367874264717102,-0.15402767062187195,-0.08611862361431122,-0.12229321151971817,3.6913795471191406,0.7820641398429871,1.2786630392074585,1.139905333518982,0.09534785151481628,0.04676702618598938,0.05574803054332733,0.06494730710983276,0.05639425292611122,0.055122192949056625,0.009199276566505432,0.001272059977054596,714.0,521.0,659.0,842.0
48nysj5y,0.4873354732990265,0.5001445412635803,0.4056102931499481,0.41875582933425903,0.9095975756645203,0.9335053563117981,0.7570598721504211,0.7815956473350525,-0.012971457093954086,-0.015946216881275177,-0.014324941672384739,3.381758451461792,0.9717536568641663,1.0290651321411133,1.1978644132614136,0.012809067964553833,0.013145536184310913,0.0981668084859848,0.12190842628479004,0.15538033843040466,0.17587271332740784,0.023741617798805237,0.020492374897003174,714.0,521.0,659.0,842.0
wx0i3a4k,0.2945217192173004,0.3381393849849701,0.3027750849723816,0.3252723813056946,0.7761605978012085,0.8911073207855225,0.7979108691215515,0.8571985960006714,-0.0689430683851242,-0.03582095354795456,-0.05244261398911476,3.3223772048950195,0.9003397226333618,1.110688328742981,1.007344365119934,0.04361766576766968,0.02249729633331299,0.14580266177654266,0.14146599173545837,0.1164320856332779,0.14678196609020233,0.0043366700410842896,0.03034988045692444,714.0,521.0,659.0,842.0
focnqdqx,0.20942376554012299,0.2706665098667145,0.1597968488931656,0.19254787266254425,0.8459794521331787,1.0933730602264404,0.6455086469650269,0.7778083086013794,-0.12756478786468506,-0.09295138716697693,-0.11291412264108658,3.3626694679260254,0.7970818877220154,1.2545700073242188,1.3625544309616089,0.06124274432659149,0.03275102376937866,0.08348516374826431,0.07193368673324585,0.07333184033632278,0.079841248691082,0.011551477015018463,0.006509408354759216,714.0,521.0,659.0,842.0
6qd0771h,0.2806265354156494,0.47223415970802307,0.32363173365592957,0.4362187087535858,0.675544023513794,1.1367954015731812,0.7790691256523132,1.0500965118408203,-0.2545057535171509,-0.14816971123218536,-0.2010921686887741,3.641505002975464,0.6651502251625061,1.503415584564209,0.9907997846603394,0.19160762429237366,0.11258697509765625,0.1512881964445114,0.13843826949596405,0.10422727465629578,0.13767394423484802,0.012849926948547363,0.033446669578552246,714.0,521.0,659.0,842.0
ll9rzrkb,0.30652621388435364,0.44903141260147095,0.23844851553440094,0.38719865679740906,0.7676153182983398,1.1244826316833496,0.5971323847770691,0.9696385264396667,-0.1886090487241745,-0.23775364458560944,-0.21087031066417694,3.458868980407715,0.6517035365104675,1.5344352722167969,1.2076398134231567,0.1425051987171173,0.14875014126300812,0.14596213400363922,0.1427803933620453,0.10796405375003815,0.14606580138206482,0.003181740641593933,0.03810174763202667,714.0,521.0,659.0,842.0
fqxlbvn7,0.24657495319843292,0.34986934065818787,0.20688016712665558,0.25524163246154785,0.8161821365356445,1.1580945253372192,0.6847893595695496,0.8448695540428162,-0.17318333685398102,-0.10465068370103836,-0.1432652622461319,3.5039355754852295,0.7493738532066345,1.3344422578811646,1.2906619310379028,0.10329438745975494,0.04836146533489227,0.10087374597787857,0.11644645035266876,0.09005413949489594,0.11456887423992157,0.015572704374790192,0.024514734745025635,714.0,521.0,659.0,842.0
nprb58yj,0.2188882678747177,0.30072614550590515,0.24164922535419464,0.27300578355789185,0.7871230840682983,1.081412434577942,0.868971586227417,0.9817298650741577,-0.15749701857566833,-0.060927215963602066,-0.10944373905658722,3.7192368507385254,0.8027036190032959,1.245784878730774,1.0096343755722046,0.08183787763118744,0.031356558203697205,0.08205433934926987,0.10016132891178131,0.07668943703174591,0.10045194625854492,0.018106989562511444,0.02376250922679901,714.0,521.0,659.0,842.0
wdcokz5s,0.32356998324394226,0.41912606358528137,0.3192637860774994,0.3436279296875,0.8005699515342712,1.0369927883148193,0.7899156212806702,0.850196897983551,-0.1286609172821045,-0.03675427660346031,-0.08531671017408371,3.477675199508667,0.8427788615226746,1.1865473985671997,1.1203864812850952,0.09555608034133911,0.02436414361000061,0.1733369380235672,0.10651327669620514,0.14001518487930298,0.14923366904258728,0.06682366132736206,0.009218484163284302,714.0,521.0,659.0,842.0
yj3d6m1f,0.2647460103034973,0.36014530062675476,0.3004440367221832,0.39218631386756897,0.7245435118675232,0.9856274724006653,0.8222400546073914,1.0733157396316528,-0.1526651680469513,-0.13245469331741333,-0.14204047620296478,3.605726718902588,0.7512502670288086,1.3311102390289307,0.9021989107131958,0.09539929032325745,0.09174227714538574,0.12000714987516403,0.1281806081533432,0.1299912929534912,0.1329645961523056,0.008173458278179169,0.002973303198814392,714.0,521.0,659.0,842.0
mpryfzmy,0.35585591197013855,0.4381568133831024,0.25759655237197876,0.34265652298927307,0.9921169281005859,1.2215696573257446,0.7181724309921265,0.9553173780441284,-0.1036517322063446,-0.14170660078525543,-0.1200350672006607,3.887176513671875,0.7856572270393372,1.2728159427642822,1.3227943181991577,0.08230090141296387,0.08505997061729431,0.08168064802885056,0.07465623319149017,0.07952655106782913,0.09963153302669525,0.007024414837360382,0.02010498195886612,714.0,521.0,659.0,842.0
oa2vcywl,0.19785790145397186,0.2357771396636963,0.24484047293663025,0.2825840711593628,0.6903287172317505,0.822629451751709,0.854251503944397,0.9859394431114197,-0.08744484186172485,-0.07156194001436234,-0.07872848957777023,3.353149175643921,0.8540328145027161,1.1709102392196655,0.8221729397773743,0.037919238209724426,0.037743598222732544,0.07424063980579376,0.08271954208612442,0.08035572618246078,0.08226898312568665,0.008478902280330658,0.0019132569432258606,714.0,521.0,659.0,842.0
9700lfqf,0.2049691379070282,0.2412470430135727,0.23807606101036072,0.23325476050376892,0.8055700659751892,0.948149561882019,0.9356869459152222,0.9167382717132568,-0.0813010036945343,0.010229100473225117,-0.034283317625522614,3.606144666671753,0.9337040781974792,1.0709984302520752,0.946713387966156,0.036277905106544495,0.004821300506591797,0.08791275322437286,0.10223805159330368,0.09307769685983658,0.10112229734659195,0.014325298368930817,0.008044600486755371,714.0,521.0,659.0,842.0
5e8osaq3,0.29379433393478394,0.359011709690094,0.21809880435466766,0.2920369505882263,0.9463189840316772,1.1563857793807983,0.7025017738342285,0.9406583905220032,-0.09990298748016357,-0.1449378877878189,-0.11965809017419815,3.7458648681640625,0.7862582206726074,1.271842360496521,1.2796686887741089,0.06521737575531006,0.07393814623355865,0.059006355702877045,0.09181135147809982,0.08728168904781342,0.09355925768613815,0.03280499577522278,0.0062775686383247375,714.0,521.0,659.0,842.0
eq8dh9pt,0.3301803767681122,0.38171783089637756,0.3590015172958374,0.44140708446502686,0.7462939023971558,0.8627820014953613,0.81143718957901,0.9976953268051147,-0.07239431142807007,-0.10295424610376358,-0.08856859058141708,3.418208599090576,0.8372740149497986,1.194348931312561,0.8894173502922058,0.05153745412826538,0.08240556716918945,0.13795356452465057,0.14928102493286133,0.12382511049509048,0.13304762542247772,0.011327460408210754,0.009222514927387238,714.0,521.0,659.0,842.0
fnm88ua3,0.22748589515686035,0.30914318561553955,0.17146828770637512,0.22957374155521393,0.821599006652832,1.116516351699829,0.619283139705658,0.8291395902633667,-0.15216681361198425,-0.1448858231306076,-0.14905288815498352,3.386538028717041,0.7405623197555542,1.3503193855285645,1.3380835056304932,0.0816572904586792,0.058105453848838806,0.059633463621139526,0.08424454182386398,0.062100525945425034,0.07747569680213928,0.024611078202724457,0.015375170856714249,714.0,521.0,659.0,842.0
a6s5zxqo,0.2037813812494278,0.2638128101825714,0.16483891010284424,0.2442534863948822,0.7835666537284851,1.0143954753875732,0.6338276267051697,0.9391872882843018,-0.1283833235502243,-0.19412332773208618,-0.15906010568141937,3.3709771633148193,0.7255343198776245,1.3782880306243896,1.1430010795593262,0.060031428933143616,0.07941457629203796,0.0824396014213562,0.08864492923021317,0.06959348917007446,0.08213469386100769,0.006205327808856964,0.012541204690933228,714.0,521.0,659.0,842.0
mts1egpg,0.23988455533981323,0.37791669368743896,0.21742473542690277,0.2586894631385803,0.795074999332428,1.2525696754455566,0.7206340432167053,0.8574021458625793,-0.22342446446418762,-0.08666962385177612,-0.16390360891819,3.625680685043335,0.7183539867401123,1.3920660018920898,1.2975876331329346,0.13803213834762573,0.04126472771167755,0.11517311632633209,0.09978502243757248,0.09196369349956512,0.142572820186615,0.015388093888759613,0.050609126687049866,714.0,521.0,659.0,842.0
vtn4ypkw,0.25055456161499023,0.26547351479530334,0.23551952838897705,0.2603759765625,0.8109821677207947,0.8592710494995117,0.7623175382614136,0.842771589756012,-0.02891107089817524,-0.050124265253543854,-0.03930665925145149,3.2753424644470215,0.9243580102920532,1.0818276405334473,1.0405962467193604,0.01491895318031311,0.02485644817352295,0.10641247034072876,0.07744497805833817,0.07101479917764664,0.09273254126310349,0.028967492282390594,0.021717742085456848,714.0,521.0,659.0,842.0
7493dxwo,0.21738435328006744,0.36418914794921875,0.20531027019023895,0.2736506760120392,0.722011923789978,1.2096036672592163,0.6819095611572266,0.9088926911354065,-0.25242647528648376,-0.14268441498279572,-0.20286467671394348,3.5224177837371826,0.662696123123169,1.5089812278747559,1.2142373323440552,0.1468047946691513,0.06834040582180023,0.09344729781150818,0.11718560755252838,0.08783745020627975,0.10407139360904694,0.023738309741020203,0.01623394340276718,714.0,521.0,659.0,842.0
r17dpubk,0.2620164752006531,0.30570003390312195,0.2601962387561798,0.29998254776000977,0.7378429174423218,0.8608565926551819,0.7327170968055725,0.8447560667991638,-0.0769459456205368,-0.07102417945861816,-0.07400491088628769,3.1761727333068848,0.8621873259544373,1.1598365306854248,1.0134540796279907,0.04368355870246887,0.039786309003829956,0.09819360822439194,0.1079050675034523,0.07753933221101761,0.090007483959198,0.009711459279060364,0.01246815174818039,714.0,521.0,659.0,842.0
piqnhqe8,0.2777097821235657,0.3858891427516937,0.2432548701763153,0.29188451170921326,0.7964888215065002,1.1067538261413574,0.6976699829101562,0.8371427655220032,-0.16301895678043365,-0.09087268263101578,-0.13081161677837372,3.4380552768707275,0.768639862537384,1.3009949922561646,1.2400463819503784,0.10817936062812805,0.04862964153289795,0.09516674280166626,0.08104372769594193,0.09516443312168121,0.1041191816329956,0.014123015105724335,0.008954748511314392,714.0,521.0,659.0,842.0
6o3z0ani,0.37468421459198,0.3999660909175873,0.2772289216518402,0.2666564881801605,0.918359100818634,0.9803255200386047,0.6794940829277039,0.6535808444023132,-0.03263645991683006,0.01943867839872837,-0.011155861429870129,3.231759548187256,0.9779329299926758,1.0225619077682495,1.424286961555481,0.0252818763256073,0.010572433471679688,0.08074352890253067,0.12571518123149872,0.1268937587738037,0.11596931517124176,0.04497165232896805,0.01092444360256195,714.0,521.0,659.0,842.0
k5j42oi6,0.2130270153284073,0.40708786249160767,0.18951894342899323,0.2951613664627075,0.6944712996482849,1.3271125555038452,0.6178346276283264,0.9622305035591125,-0.31294289231300354,-0.21796265244483948,-0.27127471566200256,3.6016488075256348,0.5732229351997375,1.7445149421691895,1.2794280052185059,0.19406084716320038,0.1056424230337143,0.08857458829879761,0.16396120190620422,0.0804915502667427,0.10580462217330933,0.07538661360740662,0.02531307190656662,714.0,521.0,659.0,842.0
oafn33vm,0.4682416617870331,0.4974435567855835,0.4476291537284851,0.5348067283630371,0.9635491967201233,1.0236409902572632,0.9211326837539673,1.100527048110962,-0.0302395261824131,-0.08873605728149414,-0.05973932892084122,4.00885009765625,0.8872556686401367,1.1270685195922852,0.982948899269104,0.029201894998550415,0.087177574634552,0.09337221831083298,0.10526125133037567,0.08651010692119598,0.09818505495786667,0.011889033019542694,0.011674948036670685,714.0,521.0,659.0,842.0
89i9gx32,0.2152574509382248,0.22182144224643707,0.1829896718263626,0.1921404004096985,0.8797765374183655,0.9066041707992554,0.7478952407836914,0.7852950692176819,-0.015017828904092312,-0.024393416941165924,-0.019348081201314926,3.319571018218994,0.9620358943939209,1.039457082748413,1.165136456489563,0.00656399130821228,0.009150728583335876,0.047200825065374374,0.08761652559041977,0.06894783675670624,0.06203247979283333,0.040415700525045395,0.0069153569638729095,714.0,521.0,659.0,842.0
uew9g6sp,0.31825360655784607,0.3626839816570282,0.2751582860946655,0.34040409326553345,0.8478781580924988,0.9662476778030396,0.7330653667449951,0.9068905711174011,-0.06524872779846191,-0.10599364340305328,-0.08459394425153732,3.4540817737579346,0.8440067768096924,1.1848208904266357,1.106202244758606,0.04443037509918213,0.06524580717086792,0.11818575114011765,0.10743344575166702,0.0865149050951004,0.13399338722229004,0.010752305388450623,0.047478482127189636,714.0,521.0,659.0,842.0
d2sw24wj,0.34434980154037476,0.45029711723327637,0.28886276483535767,0.36783793568611145,0.8803396224975586,1.151196837425232,0.7384855151176453,0.9403876662254333,-0.13332611322402954,-0.1202603355050087,-0.12741422653198242,3.7104098796844482,0.7739697694778442,1.2920364141464233,1.2100576162338257,0.10594731569290161,0.07897517085075378,0.14270290732383728,0.15302370488643646,0.1366337090730667,0.10227420926094055,0.010320797562599182,0.03435949981212616,714.0,521.0,659.0,842.0
t8hdpwvb,0.26925209164619446,0.30483248829841614,0.25175294280052185,0.2741115689277649,0.8945947289466858,1.0128111839294434,0.8364535570144653,0.9107404351234436,-0.06197751313447952,-0.0425177663564682,-0.05267425626516342,3.654599666595459,0.8999212980270386,1.1112041473388672,1.091694712638855,0.03558039665222168,0.022358626127243042,0.07606972008943558,0.10750327259302139,0.06525396555662155,0.06849148124456406,0.031433552503585815,0.003237515687942505,714.0,521.0,659.0,842.0
z7cn0eqw,0.4326760768890381,0.4216655492782593,0.3864710330963135,0.408221036195755,0.9946670532226562,0.9693552255630493,0.8884475231170654,0.9384480118751526,0.012887719087302685,-0.0273690614849329,-0.006512565538287163,3.7909178733825684,0.9870579242706299,1.0131093263626099,1.0750585794448853,0.011010527610778809,0.02175000309944153,0.10709068179130554,0.09201238304376602,0.09614188224077225,0.09919515252113342,0.01507829874753952,0.0030532702803611755,714.0,521.0,659.0,842.0
mi6kti22,0.3630256950855255,0.4902404546737671,0.3367161750793457,0.38340508937835693,0.9461352229118347,1.2776885032653809,0.8775660395622253,0.9992489814758301,-0.14909136295318604,-0.06483470648527145,-0.11052814871072769,4.1006388664245605,0.8009438514709473,1.2485237121582031,1.184890627861023,0.12721475958824158,0.04668891429901123,0.1186881810426712,0.10416115820407867,0.09375181049108505,0.13144823908805847,0.01452702283859253,0.03769642859697342,714.0,521.0,659.0,842.0
1xj7wwud,0.2735685110092163,0.3279968500137329,0.27902090549468994,0.31731829047203064,0.9073867797851562,1.087917685508728,0.9254716038703918,1.052498459815979,-0.09047769755125046,-0.06422069668769836,-0.07740656286478043,3.9732747077941895,0.8563079833984375,1.1678000688552856,1.008762001991272,0.0544283390045166,0.0382973849773407,0.08054683357477188,0.09432090818881989,0.0568464919924736,0.07326824963092804,0.013774074614048004,0.016421757638454437,714.0,521.0,659.0,842.0
qvdk6drn,0.37827184796333313,0.3827662765979767,0.2882240116596222,0.39403486251831055,0.8943554759025574,0.9049817323684692,0.6814535856246948,0.9316242337226868,-0.005905647296458483,-0.15508878231048584,-0.07642583549022675,3.412414789199829,0.8579995632171631,1.1654984951019287,1.1154667139053345,0.004494428634643555,0.10581085085868835,0.1823032796382904,0.15860623121261597,0.18487562239170074,0.1774951070547104,0.02369704842567444,0.0073805153369903564,714.0,521.0,659.0,842.0
4orac8cy,0.2527359127998352,0.29439008235931396,0.24370670318603516,0.19792446494102478,0.8225550651550293,0.9581227898597717,0.7931685447692871,0.6441655158996582,-0.07613254338502884,0.10366599261760712,0.004175003618001938,3.2180118560791016,1.0083829164505005,0.9916826486587524,1.2388725280761719,0.04165416955947876,0.045782238245010376,0.10180524736642838,0.10871582478284836,0.09044116735458374,0.12954765558242798,0.006910577416419983,0.03910648822784424,714.0,521.0,659.0,842.0
nl63gagu,0.29414576292037964,0.3878695070743561,0.28023821115493774,0.3420618176460266,0.7635788917541504,1.0068782567977905,0.7274760007858276,0.8879651427268982,-0.13742156326770782,-0.09934677928686142,-0.11925587803125381,3.3858983516693115,0.7869002819061279,1.2708051204681396,1.0959571599960327,0.09372374415397644,0.06182360649108887,0.1345672756433487,0.09853702038526535,0.14848072826862335,0.13445723056793213,0.036030255258083344,0.014023497700691223,714.0,521.0,659.0,842.0
vb99rwtf,0.19019682705402374,0.33060476183891296,0.1561383455991745,0.22545075416564941,0.684868335723877,1.1904548406600952,0.5622292160987854,0.8118121027946472,-0.26959913969039917,-0.18164098262786865,-0.23240502178668976,3.2493646144866943,0.6228416562080383,1.605536937713623,1.3648194074630737,0.14040793478488922,0.06931240856647491,0.09967667609453201,0.10832087695598602,0.08270097523927689,0.10131169855594635,0.00864420086145401,0.018610723316669464,714.0,521.0,659.0,842.0
07gbasf5,0.3410434126853943,0.40191733837127686,0.314418762922287,0.35918596386909485,0.9470764398574829,1.116123080253601,0.8731398582458496,0.9974582195281982,-0.0819341316819191,-0.0664590522646904,-0.07457548379898071,3.933797597885132,0.8611988425254822,1.1611686944961548,1.1029608249664307,0.06087392568588257,0.04476720094680786,0.10081066191196442,0.10089758783578873,0.10031149536371231,0.10931466519832611,8.69259238243103e-05,0.0090031698346138,714.0,521.0,659.0,842.0
ehlh07jr,0.19062954187393188,0.293307363986969,0.1480640321969986,0.19482222199440002,0.7632631659507751,1.1743757724761963,0.5928347706794739,0.7800502777099609,-0.21217148005962372,-0.136366069316864,-0.18073496222496033,3.3105239868164062,0.6938585042953491,1.4412087202072144,1.4113585948944092,0.10267782211303711,0.04675818979740143,0.07358880341053009,0.07091814279556274,0.05453170835971832,0.08383560925722122,0.002670660614967346,0.0293039008975029,714.0,521.0,659.0,842.0
8mtk0rso,0.30842164158821106,0.3585347831249237,0.27220502495765686,0.29382437467575073,0.8943608403205872,1.039678931236267,0.7893399000167847,0.8520317077636719,-0.0751369372010231,-0.038194674998521805,-0.05817780643701553,3.575411319732666,0.8900400996208191,1.123541235923767,1.17830491065979,0.050113141536712646,0.021619349718093872,0.07113895565271378,0.10068470984697342,0.06996515393257141,0.06088032200932503,0.029545754194259644,0.009084831923246384,714.0,521.0,659.0,842.0
ggy5kov1,0.3293635845184326,0.4631997346878052,0.27257609367370605,0.36432695388793945,0.9171489477157593,1.2898303270339966,0.7590179443359375,1.0145082473754883,-0.16886471211910248,-0.14405758678913116,-0.1578119397163391,3.9805054664611816,0.7273951768875122,1.3747644424438477,1.244399905204773,0.13383615016937256,0.0917508602142334,0.09770640730857849,0.08712955564260483,0.07661541551351547,0.10747012495994568,0.010576851665973663,0.030854709446430206,714.0,521.0,659.0,842.0
l28r5p03,0.18640312552452087,0.25932273268699646,0.19622492790222168,0.21351230144500732,0.7645881175994873,1.0636895895004272,0.8048751354217529,0.8757844567298889,-0.16359706223011017,-0.042191263288259506,-0.10544800013303757,3.508937358856201,0.8092193007469177,1.235753059387207,1.0878307819366455,0.07291960716247559,0.017287373542785645,0.045505743473768234,0.07689614593982697,0.057134535163640976,0.0831523910164833,0.03139040246605873,0.02601785585284233,714.0,521.0,659.0,842.0
wvpunwcg,0.31475305557250977,0.33363908529281616,0.26046890020370483,0.4115114212036133,0.8468143343925476,0.8976254463195801,0.7007677555084229,1.1071338653564453,-0.029127435758709908,-0.2247719019651413,-0.12869735062122345,3.5523414611816406,0.7719529867172241,1.2954115867614746,0.9648960828781128,0.018886029720306396,0.15104252099990845,0.1532432734966278,0.10466237366199493,0.11731642484664917,0.13119953870773315,0.048580899834632874,0.013883113861083984,714.0,521.0,659.0,842.0
bsvk3x8m,0.19611354172229767,0.2641299366950989,0.12814301252365112,0.15565700829029083,0.8905838131904602,1.1994574069976807,0.581918478012085,0.706864058971405,-0.14778319001197815,-0.09694819152355194,-0.12839338183403015,3.378823757171631,0.772429347038269,1.294609546661377,1.6217118501663208,0.06801639497280121,0.02751399576663971,0.08713098615407944,0.07996605336666107,0.05194505676627159,0.07641573250293732,0.0071649327874183655,0.024470675736665726,714.0,521.0,659.0,842.0
bgl2mcxn,0.36881858110427856,0.43598392605781555,0.2893308401107788,0.35008150339126587,0.8771123290061951,1.0368428230285645,0.6880771517753601,0.832552433013916,-0.08345557749271393,-0.09500999748706818,-0.08857128024101257,3.434584856033325,0.8372694253921509,1.1943552494049072,1.258657693862915,0.06716534495353699,0.06075066328048706,0.1139545664191246,0.11903833597898483,0.11549264192581177,0.15663428604602814,0.0050837695598602295,0.04114164412021637,714.0,521.0,659.0,842.0
2elalq26,0.22274938225746155,0.2880151867866516,0.16636723279953003,0.21619924902915955,0.9546619057655334,1.2343788146972656,0.7130186557769775,0.9265892505645752,-0.12778034806251526,-0.1302568018436432,-0.12884099781513214,3.828648567199707,0.7717269062995911,1.295789122581482,1.3350967168807983,0.06526580452919006,0.04983201622962952,0.056660596281290054,0.07883724570274353,0.04398217797279358,0.08349097520112991,0.022176649421453476,0.039508797228336334,714.0,521.0,659.0,842.0
unvsdkv5,0.21427318453788757,0.23366396129131317,0.207159161567688,0.25572115182876587,0.8253718614578247,0.9000643491744995,0.7979689240455627,0.9850277900695801,-0.04328896105289459,-0.1049124002456665,-0.0746062770485878,3.5084328651428223,0.8611448407173157,1.1612396240234375,0.9677148461341858,0.019390776753425598,0.04856199026107788,0.06351583451032639,0.0710432305932045,0.07709137350320816,0.06957057118415833,0.007527396082878113,0.007520802319049835,714.0,521.0,659.0,842.0
4c6p1llh,0.25280383229255676,0.32163727283477783,0.16586843132972717,0.258651465177536,0.7724942564964294,0.9828290343284607,0.5068451762199402,0.7903628945350647,-0.11982659995555878,-0.2185593992471695,-0.16178442537784576,3.0525312423706055,0.7214882373809814,1.38601815700531,1.3531514406204224,0.06883344054222107,0.09278303384780884,0.10409163683652878,0.08717217296361923,0.08094894140958786,0.1251634657382965,0.016919463872909546,0.04421452432870865,714.0,521.0,659.0,842.0
2r9pegln,0.19810353219509125,0.28228265047073364,0.19534523785114288,0.29700446128845215,0.6560259461402893,0.9347876310348511,0.646891713142395,0.9835394024848938,-0.17523179948329926,-0.20647725462913513,-0.19104687869548798,3.2212445735931396,0.6791935563087463,1.4723279476165771,0.975699245929718,0.0841791182756424,0.10165922343730927,0.11553029716014862,0.09152211993932724,0.09951197355985641,0.12919768691062927,0.02400817722082138,0.029685713350772858,714.0,521.0,659.0,842.0
ukx496k4,0.185297429561615,0.2621636688709259,0.17609433829784393,0.2098519653081894,0.7454391717910767,1.0546668767929077,0.7084157466888428,0.8442203998565674,-0.17178267240524292,-0.08746693283319473,-0.13273663818836212,3.3527421951293945,0.7656335830688477,1.3061013221740723,1.1593838930130005,0.07686623930931091,0.03375762701034546,0.07339979708194733,0.06998451054096222,0.06370226293802261,0.08135949075222015,0.0034152865409851074,0.01765722781419754,714.0,521.0,659.0,842.0
o67bxcd2,0.3657364547252655,0.35132676362991333,0.3035699129104614,0.321688175201416,0.8710573315620422,0.8367384076118469,0.7229982018470764,0.7661495804786682,0.020095398649573326,-0.028977205976843834,-0.0027627800591289997,3.196943521499634,0.9944881796836853,1.0055392980575562,1.1468256711959839,0.014409691095352173,0.01811826229095459,0.13514994084835052,0.1691434234380722,0.1070837527513504,0.12895730137825012,0.03399348258972168,0.02187354862689972,714.0,521.0,659.0,842.0
0j1oulwo,0.37432152032852173,0.4223375618457794,0.3993392884731293,0.3495995104312897,0.8977731466293335,1.0129348039627075,0.9577757716178894,0.8384798169136047,-0.06027167662978172,0.06641358882188797,0.001115235616452992,3.706963539123535,1.0022315979003906,0.9977707266807556,1.0637158155441284,0.04801604151725769,0.0497397780418396,0.11715394258499146,0.1557832509279251,0.10839720815420151,0.11501597613096237,0.038629308342933655,0.006618767976760864,714.0,521.0,659.0,842.0
zq48enwb,0.33622509241104126,0.478161484003067,0.2895265817642212,0.40233272314071655,0.8378102779388428,1.191489338874817,0.7214463353157043,1.0025382041931152,-0.17428603768348694,-0.16304756700992584,-0.1691240519285202,3.753284215927124,0.7106814980506897,1.407096266746521,1.1770968437194824,0.14193639159202576,0.11280614137649536,0.15028855204582214,0.10281961411237717,0.1543988138437271,0.11484882235527039,0.04746893793344498,0.039549991488456726,714.0,521.0,659.0,842.0
badlypgg,0.18651428818702698,0.2706235647201538,0.19224712252616882,0.21022102236747742,0.7124025821685791,1.033663034439087,0.7342994809150696,0.8029518723487854,-0.18399064242839813,-0.044659074395895004,-0.11875563114881516,3.2833168506622314,0.7876986265182495,1.269515037536621,1.1358332633972168,0.08410927653312683,0.017973899841308594,0.07921826839447021,0.12659721076488495,0.052774447947740555,0.09018480777740479,0.047378942370414734,0.03741035982966423,714.0,521.0,659.0,842.0
6n6975j2,0.32126426696777344,0.4394929111003876,0.29382815957069397,0.37368810176849365,0.8044927716255188,1.1005545854568481,0.7357887029647827,0.9357696771621704,-0.15540896356105804,-0.11963727325201035,-0.13869088888168335,3.576605796813965,0.7564018368721008,1.322044849395752,1.1396816968917847,0.11822864413261414,0.07985994219779968,0.08806229382753372,0.08703036606311798,0.0718657597899437,0.11314012855291367,0.001031927764415741,0.04127436876296997,714.0,521.0,659.0,842.0
d8clw3jg,0.28576016426086426,0.3909603953361511,0.29201871156692505,0.39908310770988464,0.7234982252120972,0.9898481369018555,0.7393438816070557,1.0104135274887085,-0.15545570850372314,-0.15491819381713867,-0.15518422424793243,3.463103771209717,0.7313244938850403,1.3673779964447021,0.9791894555091858,0.10520023107528687,0.1070643961429596,0.14330540597438812,0.13466601073741913,0.12806877493858337,0.12982818484306335,0.008639395236968994,0.0017594099044799805,714.0,521.0,659.0,842.0
eqe5158o,0.17097678780555725,0.2727140784263611,0.18049256503582,0.2114364355802536,0.6048455238342285,0.9647502303123474,0.6385084390640259,0.7479751706123352,-0.22929716110229492,-0.07895254343748093,-0.15878155827522278,2.9560792446136475,0.7259490489959717,1.377500295639038,1.1320666074752808,0.10173729062080383,0.030943870544433594,0.07782134413719177,0.09307153522968292,0.04914030805230141,0.08784124255180359,0.01525019109249115,0.03870093449950218,714.0,521.0,659.0,842.0
qesux9l0,0.20780111849308014,0.3369719982147217,0.17620135843753815,0.21751154959201813,0.7636780142784119,1.2383865118026733,0.6475475430488586,0.7993642687797546,-0.23710906505584717,-0.10492438822984695,-0.18165521323680878,3.4489762783050537,0.6925395727157593,1.4439544677734375,1.3836774826049805,0.12917087972164154,0.04131019115447998,0.060277823358774185,0.12052172422409058,0.07149595022201538,0.09004577249288559,0.06024390086531639,0.01854982227087021,714.0,521.0,659.0,842.0
ijkcu5x0,0.32019221782684326,0.4221840500831604,0.3025902509689331,0.39936885237693787,0.8731734752655029,1.1513081789016724,0.8251724243164062,1.0890904664993286,-0.13738544285297394,-0.13786908984184265,-0.13762058317661285,3.93874454498291,0.7580543160438538,1.3191629648208618,1.057576060295105,0.10199183225631714,0.09677860140800476,0.08269096910953522,0.11149616539478302,0.06733954697847366,0.1028207316994667,0.028805196285247803,0.03548118472099304,714.0,521.0,659.0,842.0
hc8cah3g,0.24445392191410065,0.3341892659664154,0.1416766345500946,0.20585735142230988,0.7665255069732666,1.047905445098877,0.4442504048347473,0.645499587059021,-0.15507861971855164,-0.18467409908771515,-0.16618406772613525,2.9041810035705566,0.7149935364723206,1.3986077308654785,1.6649925708770752,0.08973534405231476,0.06418071687221527,0.12616050243377686,0.115554079413414,0.07233669608831406,0.10388034582138062,0.010606423020362854,0.03154364973306656,714.0,521.0,659.0,842.0
dhvs41lq,0.3060549199581146,0.34512603282928467,0.2793757915496826,0.369265079498291,0.8495793342590332,0.9580370187759399,0.7755206227302551,1.0250446796417236,-0.06000029668211937,-0.13858076930046082,-0.09921380877494812,3.6081817150115967,0.8194809556007385,1.2202807664871216,1.003914475440979,0.039071112871170044,0.0898892879486084,0.07090811431407928,0.07008329778909683,0.0605686753988266,0.1005159541964531,0.0008248165249824524,0.039947278797626495,714.0,521.0,659.0,842.0
fs6hn95s,0.22478914260864258,0.36977410316467285,0.19175846874713898,0.29252302646636963,0.749306857585907,1.2325962781906128,0.6392031908035278,0.975089430809021,-0.24385078251361847,-0.2080697864294052,-0.22778931260108948,3.596195697784424,0.6289427280426025,1.5899635553359985,1.2277199029922485,0.14498496055603027,0.10076455771923065,0.10848299413919449,0.13201399147510529,0.0886041522026062,0.08097326755523682,0.023530997335910797,0.007630884647369385,714.0,521.0,659.0,842.0
2gkfl5xf,0.2505691349506378,0.2876136004924774,0.247138112783432,0.2219371348619461,0.9054075479507446,1.03926420211792,0.8930099010467529,0.8019485473632812,-0.06883237510919571,0.05372469127178192,-0.011758151464164257,3.6396303176879883,0.9767550230026245,1.0237940549850464,1.147324562072754,0.0370444655418396,0.0252009779214859,0.07339251786470413,0.09089463204145432,0.0816584900021553,0.09781965613365173,0.017502114176750183,0.01616116613149643,714.0,521.0,659.0,842.0
50i6gbxq,0.22399066388607025,0.2894495725631714,0.1805846393108368,0.182350754737854,0.7515111565589905,0.9711323380470276,0.6058796048164368,0.6118050813674927,-0.1274905502796173,-0.004866184201091528,-0.07670792937278748,2.9403281211853027,0.8575119376182556,1.1661590337753296,1.4146838188171387,0.06545890867710114,0.001766115427017212,0.07901573926210403,0.10250651091337204,0.07752084732055664,0.10069715231657028,0.023490771651268005,0.02317630499601364,714.0,521.0,659.0,842.0
j7dpfssb,0.3620886206626892,0.3760032057762146,0.34856072068214417,0.41218143701553345,0.7970438003540039,0.8276731371879578,0.7672656178474426,0.9073100686073303,-0.018852079287171364,-0.08362969011068344,-0.051730360835790634,3.29929256439209,0.9016268849372864,1.1091032028198242,0.9702246785163879,0.01391458511352539,0.06362071633338928,0.18374967575073242,0.13553161919116974,0.12036758661270142,0.13877852261066437,0.04821805655956268,0.01841093599796295,714.0,521.0,659.0,842.0
jdx0pkov,0.259772390127182,0.3341367244720459,0.20470130443572998,0.2703230082988739,0.874897837638855,1.125352382659912,0.6894217133522034,0.9104316830635071,-0.1252114176750183,-0.13814358413219452,-0.13095851242542267,3.6001036167144775,0.7684099674224854,1.3013836145401,1.2502683401107788,0.07436433434486389,0.06562170386314392,0.09304464608430862,0.056374747306108475,0.09778891503810883,0.09991589933633804,0.03666989877820015,0.0021269842982292175,714.0,521.0,659.0,842.0
trpyx8hb,0.2788591682910919,0.38107427954673767,0.19735445082187653,0.27470678091049194,0.6755427122116089,0.9231611490249634,0.478095680475235,0.6654834747314453,-0.15488676726818085,-0.16386045515537262,-0.15862904489040375,2.7422831058502197,0.7261766791343689,1.3770703077316284,1.397979736328125,0.10221511125564575,0.07735233008861542,0.11425669491291046,0.10762874782085419,0.10966520756483078,0.11099227517843246,0.006627947092056274,0.0013270676136016846,714.0,521.0,659.0,842.0
bjcdiwzo,0.16629357635974884,0.22053933143615723,0.17633849382400513,0.19144165515899658,0.601279079914093,0.7974191308021545,0.6375991702079773,0.6922087073326111,-0.14023008942604065,-0.04106561839580536,-0.09189986437559128,2.728506088256836,0.8316675424575806,1.2023969888687134,1.0518018007278442,0.054245755076408386,0.015103161334991455,0.08483561873435974,0.12775254249572754,0.07571247220039368,0.08572332561016083,0.0429169237613678,0.010010853409767151,714.0,521.0,659.0,842.0
d05jh2mk,0.4645646810531616,0.5814881324768066,0.4680035412311554,0.5666449666023254,0.8315702080726624,1.040863037109375,0.8377257585525513,1.0142937898635864,-0.11177575588226318,-0.09533800929784775,-0.10360196232795715,3.724452495574951,0.8122467994689941,1.231150507926941,1.011021375656128,0.11692345142364502,0.09864142537117004,0.08312621712684631,0.13532112538814545,0.08832523971796036,0.14175006747245789,0.05219490826129913,0.05342482775449753,714.0,521.0,659.0,842.0
v0dszrk6,0.22046710550785065,0.28365686535835266,0.19367460906505585,0.22166624665260315,0.7835404872894287,1.0081169605255127,0.6883199214935303,0.7878022193908691,-0.12534542381763458,-0.0673942118883133,-0.09916779398918152,3.267779588699341,0.8195565938949585,1.220166563987732,1.213756799697876,0.06318975985050201,0.027991637587547302,0.09177859872579575,0.12536649405956268,0.09685453027486801,0.10163077712059021,0.03358789533376694,0.0047762468457221985,714.0,521.0,659.0,842.0
ilcg6far,0.2196548879146576,0.2899298071861267,0.14484815299510956,0.2577481269836426,0.8307669758796692,1.0965570211410522,0.54783695936203,0.9748411774635315,-0.1379060000181198,-0.28042903542518616,-0.20080961287021637,3.4500021934509277,0.665541410446167,1.5025291442871094,1.2657428979873657,0.07027491927146912,0.11289997398853302,0.07290192693471909,0.05843130126595497,0.05237741768360138,0.07100319117307663,0.014470625668764114,0.01862577348947525,714.0,521.0,659.0,842.0
mgjcy4v8,0.3284054100513458,0.4074881374835968,0.31425103545188904,0.3751310110092163,0.8650668859481812,1.0733821392059326,0.8277822136878967,0.9881488084793091,-0.1074647530913353,-0.08831080794334412,-0.09820036590099335,3.754380226135254,0.8211601376533508,1.2177858352661133,1.0674667358398438,0.07908272743225098,0.06087997555732727,0.11546767503023148,0.14749868214130402,0.12386245280504227,0.12059881538152695,0.03203100711107254,0.00326363742351532,714.0,521.0,659.0,842.0
urid3u94,0.34156811237335205,0.3413155972957611,0.2870752215385437,0.37471309304237366,0.8660439848899841,0.8654037714004517,0.7278775572776794,0.9500828981399536,0.0003697770007420331,-0.13242562115192413,-0.06498632580041885,3.4094080924987793,0.8779570460319519,1.1390044689178467,1.0318747758865356,0.0002525150775909424,0.08763787150382996,0.10569796711206436,0.12158438563346863,0.10747529566287994,0.1072055846452713,0.015886418521404266,0.0002697110176086426,714.0,521.0,659.0,842.0
sgfdk0q0,0.2900855839252472,0.37324580550193787,0.25977158546447754,0.295338898897171,0.8926516175270081,1.1485522985458374,0.7993693351745605,0.9088171124458313,-0.12536734342575073,-0.0640723779797554,-0.09744205325841904,3.7493903636932373,0.8224183320999146,1.2159221172332764,1.1949516534805298,0.08316022157669067,0.03556731343269348,0.09354434907436371,0.10415150225162506,0.08539962768554688,0.10221950709819794,0.010607153177261353,0.016819879412651062,714.0,521.0,659.0,842.0
9jrnamz6,0.4030736982822418,0.4949778914451599,0.39930614829063416,0.42837271094322205,0.8250389695167542,1.0131547451019287,0.8173272609710693,0.8768227100372314,-0.10233720391988754,-0.03511812165379524,-0.07009823620319366,3.532343626022339,0.8689862489700317,1.1507635116577148,1.0850229263305664,0.09190419316291809,0.02906656265258789,0.11854464560747147,0.0925825983285904,0.1640734076499939,0.13575714826583862,0.025962047278881073,0.028316259384155273,714.0,521.0,659.0,842.0
146vey0a,0.24990186095237732,0.36421868205070496,0.2378859966993332,0.28526657819747925,0.7941575646400452,1.1574424505233765,0.7559726238250732,0.9065423011779785,-0.18614690005779266,-0.09056724607944489,-0.14217980206012726,3.614114999771118,0.7510364651679993,1.3314884901046753,1.1738818883895874,0.11431682109832764,0.04738058149814606,0.09533514827489853,0.10224711894989014,0.08517604321241379,0.0809267982840538,0.006911970674991608,0.004249244928359985,714.0,521.0,659.0,842.0
94xfri09,0.1603553146123886,0.22032353281974792,0.12848037481307983,0.1995052546262741,0.7579800486564636,1.0414425134658813,0.6073110699653625,0.9430370330810547,-0.15752926468849182,-0.21654807031154633,-0.1848447173833847,3.3497705459594727,0.6879828572273254,1.453515887260437,1.1606533527374268,0.059968218207359314,0.07102487981319427,0.07806235551834106,0.07177834957838058,0.0859968513250351,0.06703310459852219,0.00628400593996048,0.01896374672651291,714.0,521.0,659.0,842.0
m0g8w85y,0.19952629506587982,0.3445066213607788,0.2115093171596527,0.3056356906890869,0.6505967974662781,1.1233351230621338,0.6896699070930481,0.996588408946991,-0.2664913237094879,-0.1820112019777298,-0.22532176971435547,3.4601902961730957,0.6322230696678162,1.5817139148712158,1.0519908666610718,0.144980326294899,0.0941263735294342,0.0928388237953186,0.08968943357467651,0.07848996669054031,0.11030228435993195,0.00314939022064209,0.03181231766939163,714.0,521.0,659.0,842.0
6q8sjy5o,0.23754997551441193,0.32983291149139404,0.21448008716106415,0.2784501910209656,0.773290753364563,1.0736972093582153,0.6981918811798096,0.9064322710037231,-0.16264638304710388,-0.12977488338947296,-0.14736485481262207,3.4516119956970215,0.7431232333183289,1.345666527748108,1.151038408279419,0.09228293597698212,0.06397010385990143,0.09387583285570145,0.08713513612747192,0.08150642365217209,0.11588937044143677,0.006740696728229523,0.03438294678926468,714.0,521.0,659.0,842.0
p9lbsmwp,0.13211140036582947,0.15916308760643005,0.16282938420772552,0.13922573626041412,0.573604166507721,0.6910578012466431,0.7069762349128723,0.6044933795928955,-0.09287320077419281,0.07814324647188187,-0.005811378825455904,2.576131582260132,0.988440990447998,1.0116872787475586,0.9643058180809021,0.027051687240600586,0.0236036479473114,0.07384686917066574,0.0716763511300087,0.07624062150716782,0.07702691107988358,0.0021705180406570435,0.0007862895727157593,714.0,521.0,659.0,842.0
q82k8ryq,0.2159002423286438,0.2718646824359894,0.1874900460243225,0.25984129309654236,0.9109951257705688,1.1471381187438965,0.791117787361145,1.096405267715454,-0.11473625898361206,-0.16173936426639557,-0.13722175359725952,3.9456560611724854,0.7586702704429626,1.3180898427963257,1.0903860330581665,0.05596444010734558,0.07235124707221985,0.06282906979322433,0.07380689680576324,0.08414888381958008,0.07664385437965393,0.01097782701253891,0.0075050294399261475,714.0,521.0,659.0,842.0
f8wxkk2a,0.18945273756980896,0.26970168948173523,0.15441763401031494,0.21387775242328644,0.8057277798652649,1.1470203399658203,0.6567261815071106,0.9096054434776306,-0.1747751235961914,-0.16144637763500214,-0.16884276270866394,3.5190796852111816,0.7110923528671265,1.4062800407409668,1.2466981410980225,0.08024895191192627,0.0594601184129715,0.06433668732643127,0.09263516217470169,0.06478046625852585,0.07396378368139267,0.028298474848270416,0.009183317422866821,714.0,521.0,659.0,842.0
bkvblpxa,0.2572087347507477,0.312405526638031,0.26660066843032837,0.33413898944854736,0.8362836837768555,1.0157495737075806,0.8668204545974731,1.0864132642745972,-0.09690187871456146,-0.11242508143186569,-0.10486997663974762,3.805266857147217,0.8101663589477539,1.2343100309371948,0.9481866359710693,0.055196791887283325,0.067538321018219,0.09461865574121475,0.12624920904636383,0.1307070106267929,0.11577995866537094,0.03163055330514908,0.014927051961421967,714.0,521.0,659.0,842.0
jmk4x1fd,0.4322149157524109,0.38337644934654236,0.4673076272010803,0.5251708626747131,0.9095824956893921,0.8068034648895264,0.9834339618682861,1.1052052974700928,0.059880975633859634,-0.05830169469118118,-0.004991363734006882,3.805025339126587,0.9900657534599304,1.0100317001342773,0.8217714428901672,0.04883846640586853,0.05786323547363281,0.12195035070180893,0.14448963105678558,0.10913140326738358,0.13812199234962463,0.022539280354976654,0.02899058908224106,714.0,521.0,659.0,842.0
j9hvchrm,0.21738512814044952,0.2571791410446167,0.18272553384304047,0.22974129021167755,0.7999502420425415,0.9463872909545898,0.6724072694778442,0.8454194068908691,-0.08385361731052399,-0.11398647725582123,-0.09786540269851685,3.2641642093658447,0.8217150568962097,1.2169612646102905,1.1505484580993652,0.039794012904167175,0.047015756368637085,0.09696218371391296,0.09023981541395187,0.0651848316192627,0.08008943498134613,0.00672236829996109,0.014904603362083435,714.0,521.0,659.0,842.0
3wp8djkl,0.210528165102005,0.2573201060295105,0.15155860781669617,0.1984969526529312,0.8737362623214722,1.0679327249526978,0.629000186920166,0.8238041996955872,-0.10001499205827713,-0.13408787548542023,-0.11459801346063614,3.3944733142852783,0.7943668961524963,1.2588578462600708,1.3364932537078857,0.04679194092750549,0.046938344836235046,0.06520284712314606,0.05143646523356438,0.0598357729613781,0.06778013706207275,0.01376638188958168,0.007944364100694656,714.0,521.0,659.0,842.0
uyluyhet,0.2465507835149765,0.3204044997692108,0.1786816269159317,0.25281447172164917,0.7502400875091553,0.9749727845191956,0.5437180995941162,0.7693001627922058,-0.13026350736618042,-0.1718038022518158,-0.14821591973304749,3.038231134414673,0.7418311238288879,1.3480100631713867,1.3139259815216064,0.07385371625423431,0.07413284480571747,0.10748849809169769,0.12537230551242828,0.07892227172851562,0.09770029783248901,0.01788380742073059,0.01877802610397339,714.0,521.0,659.0,842.0
kduwtn5p,0.23612262308597565,0.3155118227005005,0.22822116315364838,0.25714659690856934,0.8663904666900635,1.1576884984970093,0.837398111820221,0.9435324668884277,-0.143916055560112,-0.05959475412964821,-0.10444966703653336,3.805009365081787,0.8108550310134888,1.233261227607727,1.136526346206665,0.07938919961452484,0.02892543375492096,0.051333751529455185,0.07606098800897598,0.054524581879377365,0.06476502865552902,0.024727236479520798,0.010240446776151657,714.0,521.0,659.0,842.0
epl7zqpp,0.25758281350135803,0.46486419439315796,0.1676519811153412,0.27069708704948425,0.7407944798469543,1.3369247913360596,0.48215821385383606,0.7785104513168335,-0.28691527247428894,-0.23507490754127502,-0.26733914017677307,3.338387966156006,0.5781084895133972,1.7297725677490234,1.6481051445007324,0.20728138089179993,0.10304510593414307,0.138985276222229,0.13135255873203278,0.10638638585805893,0.1307632327079773,0.007632717490196228,0.024376846849918365,714.0,521.0,659.0,842.0
oau8p1wk,0.26223328709602356,0.28771570324897766,0.21380388736724854,0.27190205454826355,0.9199674129486084,1.0093648433685303,0.7500672936439514,0.953887403011322,-0.04633587598800659,-0.11961568146944046,-0.08070304989814758,3.633286952972412,0.8506454825401306,1.1755732297897339,1.1322649717330933,0.0254824161529541,0.058098167181015015,0.04941895976662636,0.08602739870548248,0.07658767700195312,0.09430287778377533,0.036608438938856125,0.017715200781822205,714.0,521.0,659.0,842.0
isetuk1o,0.2412295937538147,0.41268807649612427,0.2806102931499481,0.303244411945343,0.7161076664924622,1.2250946760177612,0.8330121636390686,0.9002032279968262,-0.26220154762268066,-0.038766633719205856,-0.15680789947509766,3.674417734146118,0.7288942933082581,1.3719364404678345,1.119998812675476,0.17145848274230957,0.022634118795394897,0.11052513122558594,0.09577267616987228,0.10415179282426834,0.1430988907814026,0.014752455055713654,0.03894709795713425,714.0,521.0,659.0,842.0
oa35qbb3,0.374187707901001,0.5413915514945984,0.30100297927856445,0.3968116343021393,0.9777350425720215,1.4146308898925781,0.7865067720413208,1.0368503332138062,-0.18262062966823578,-0.13729795813560486,-0.16301807761192322,4.215723037719727,0.7196627855300903,1.3895360231399536,1.31206476688385,0.1672038435935974,0.09580865502357483,0.13401545584201813,0.1276516169309616,0.12491746246814728,0.12441535294055939,0.0063638389110565186,0.0005021095275878906,714.0,521.0,659.0,842.0
xmdkrlc0,0.23544897139072418,0.2636544108390808,0.22048790752887726,0.22894605994224548,0.798621654510498,0.8942919373512268,0.7478750348091125,0.776564359664917,-0.05651210620999336,-0.018819523975253105,-0.038652725517749786,3.217352867126465,0.9255694150924683,1.0804113149642944,1.1105129718780518,0.02820543944835663,0.008458152413368225,0.06710775196552277,0.09701450169086456,0.06075505167245865,0.08215460181236267,0.029906749725341797,0.021399550139904022,714.0,521.0,659.0,842.0
y0bhf0ri,0.22956514358520508,0.31949466466903687,0.19649310410022736,0.25937318801879883,0.7752079367637634,1.0788867473602295,0.6635285019874573,0.8758653402328491,-0.16378790140151978,-0.13793505728244781,-0.15206041932106018,3.3934884071350098,0.7360185384750366,1.3586558103561401,1.204429030418396,0.08992952108383179,0.06288008391857147,0.06703826040029526,0.09961049258708954,0.07683572918176651,0.09227647632360458,0.03257223218679428,0.015440747141838074,714.0,521.0,659.0,842.0
y4kl9ary,0.1877022534608841,0.2396528422832489,0.12467536330223083,0.20215395092964172,0.84455806016922,1.0783075094223022,0.5609713196754456,0.9095828533172607,-0.12156275659799576,-0.2370605766773224,-0.17161451280117035,3.3934197425842285,0.7070441842079163,1.4143309593200684,1.3075748682022095,0.05195058882236481,0.07747858762741089,0.095458023250103,0.0875033512711525,0.06893005967140198,0.07278468459844589,0.0079546719789505,0.003854624927043915,714.0,521.0,659.0,842.0
eavedhr3,0.24464474618434906,0.36117836833000183,0.1929091066122055,0.22695201635360718,0.9279582500457764,1.3699802160263062,0.7317205667495728,0.8608482480049133,-0.19235554337501526,-0.08108115941286087,-0.1468057632446289,3.8905069828033447,0.7439730167388916,1.3441294431686401,1.4429094791412354,0.11653362214565277,0.03404290974140167,0.09391935169696808,0.11844167858362198,0.08574750274419785,0.06397844105958939,0.0245223268866539,0.02176906168460846,714.0,521.0,659.0,842.0
pceo934t,0.19738833606243134,0.2560957670211792,0.1909574717283249,0.20247165858745575,0.8486078977584839,1.1010016202926636,0.8209604620933533,0.8704620003700256,-0.12945833802223206,-0.029266152530908585,-0.08291469514369965,3.6410319805145264,0.8468655347824097,1.1808193922042847,1.152642011642456,0.058707430958747864,0.01151418685913086,0.06244797632098198,0.05429236218333244,0.0544164665043354,0.06889231503009796,0.008155614137649536,0.014475848525762558,714.0,521.0,659.0,842.0
3y4wpwg3,0.3513072729110718,0.4575239419937134,0.34377890825271606,0.4294394552707672,0.8578643202781677,1.1172369718551636,0.8394806385040283,1.0486568212509155,-0.1313210129737854,-0.11078426986932755,-0.12128385156393051,3.86323881149292,0.7836686372756958,1.2760461568832397,1.0460565090179443,0.1062166690826416,0.08566054701805115,0.09045302867889404,0.08881441503763199,0.09289858490228653,0.08667805790901184,0.0016386136412620544,0.006220526993274689,714.0,521.0,659.0,842.0
xg0trky8,0.2980158030986786,0.35478290915489197,0.2501879334449768,0.3053548336029053,1.0203169584274292,1.2146705389022827,0.8565686345100403,1.0454436540603638,-0.08695945143699646,-0.09930252283811569,-0.09263439476490021,4.136999607086182,0.8304370641708374,1.2041810750961304,1.1750625371932983,0.05676710605621338,0.05516690015792847,0.0762249305844307,0.07992565631866455,0.08704143762588501,0.08929756283760071,0.003700725734233856,0.0022561252117156982,714.0,521.0,659.0,842.0
ryozdppb,0.2672514021396637,0.4115104377269745,0.20015034079551697,0.2565895915031433,0.8864174485206604,1.3648947477340698,0.6638571619987488,0.8510544896125793,-0.21253231167793274,-0.12356950342655182,-0.1767483800649643,3.766223907470703,0.6995974183082581,1.4293882846832275,1.486098051071167,0.1442590355873108,0.05643925070762634,0.1259886771440506,0.11757408827543259,0.10561834275722504,0.15113450586795807,0.008414588868618011,0.04551616311073303,714.0,521.0,659.0,842.0
quakx6wb,0.19309814274311066,0.29699552059173584,0.1972918063402176,0.18114037811756134,0.753099799156189,1.158308744430542,0.7694554328918457,0.7064634561538696,-0.21199451386928558,0.04267973452806473,-0.10102846473455429,3.387327194213867,0.8164815306663513,1.2247616052627563,1.2950599193572998,0.10389737784862518,0.01615142822265625,0.06246114522218704,0.07289352267980576,0.06663752347230911,0.08038239926099777,0.010432377457618713,0.01374487578868866,714.0,521.0,659.0,842.0
68q0j9m4,0.26031526923179626,0.3310801386833191,0.2192748636007309,0.23302167654037476,0.8043421506881714,1.0229969024658203,0.6775323152542114,0.7200083136558533,-0.1196572557091713,-0.030393293127417564,-0.08097372949123383,3.224879741668701,0.850182056427002,1.1762139797210693,1.307536005973816,0.07076486945152283,0.01374681293964386,0.10011199116706848,0.06544874608516693,0.09690070897340775,0.10632243007421494,0.03466324508190155,0.00942172110080719,714.0,521.0,659.0,842.0
smzocxmz,0.32195088267326355,0.3408472537994385,0.24234426021575928,0.27348628640174866,0.9471071362495422,1.0026960372924805,0.7129223346710205,0.8045351505279541,-0.028509950265288353,-0.060372475534677505,-0.04245467483997345,3.4672605991363525,0.9185470342636108,1.0886720418930054,1.284912109375,0.018896371126174927,0.03114202618598938,0.08827920258045197,0.12204616516828537,0.09281903505325317,0.09925861656665802,0.033766962587833405,0.006439581513404846,714.0,521.0,659.0,842.0
mz2k1ko6,0.31655147671699524,0.3790898323059082,0.35041534900665283,0.33038583397865295,0.8763009309768677,1.049424171447754,0.9700453877449036,0.9145982265472412,-0.08990016579627991,0.029420463368296623,-0.030883101746439934,3.810368776321411,0.9400827884674072,1.0637329816818237,1.021796464920044,0.06253835558891296,0.020029515027999878,0.11926505714654922,0.18710081279277802,0.1537097692489624,0.13420206308364868,0.06783575564622879,0.01950770616531372,714.0,521.0,659.0,842.0
xnqxu71s,0.1412764936685562,0.20547138154506683,0.1047075092792511,0.17625530064105988,0.6912404894828796,1.005334496498108,0.512315034866333,0.8623855113983154,-0.1851336508989334,-0.2546512484550476,-0.21625003218650818,3.071275472640991,0.6443965435028076,1.5518290996551514,1.2341370582580566,0.06419488787651062,0.07154779136180878,0.07116065919399261,0.0630023404955864,0.06392429023981094,0.08514555543661118,0.00815831869840622,0.021221265196800232,714.0,521.0,659.0,842.0
el8mwob4,0.4392174184322357,0.5384774804115295,0.39563673734664917,0.46769240498542786,0.9300121665000916,1.140188455581665,0.8377331495285034,0.9903059601783752,-0.1015244722366333,-0.08346246927976608,-0.09305457025766373,3.8982396125793457,0.8297339677810669,1.2052029371261597,1.1324691772460938,0.09926006197929382,0.07205566763877869,0.11788371950387955,0.12661238014698029,0.13639110326766968,0.13357865810394287,0.008728660643100739,0.0028124451637268066,714.0,521.0,659.0,842.0
fdd7r193,0.30114975571632385,0.3581412136554718,0.2623472511768341,0.2832450866699219,0.9395211338996887,1.1173219680786133,0.8184658885002136,0.8836625218391418,-0.08644342422485352,-0.0383029542863369,-0.06464459747076035,3.7589714527130127,0.8785597085952759,1.1382228136062622,1.20839262008667,0.05699145793914795,0.02089783549308777,0.07176610827445984,0.08458151668310165,0.06269823759794235,0.06820250302553177,0.012815408408641815,0.0055042654275894165,714.0,521.0,659.0,842.0
0i6g61pc,0.17604883015155792,0.20936039090156555,0.20036278665065765,0.21760950982570648,0.7133569717407227,0.8483367562294006,0.8118780851364136,0.8817625045776367,-0.08643143624067307,-0.04126273840665817,-0.06293175369501114,3.2553343772888184,0.8815861344337463,1.1343133449554443,0.9220905303955078,0.03331156075000763,0.017246723175048828,0.06903870403766632,0.06334372609853745,0.08667673170566559,0.06740167737007141,0.005694977939128876,0.019275054335594177,714.0,521.0,659.0,842.0
we4c1v47,0.484433114528656,0.4190831184387207,0.4311233162879944,0.513146698474884,0.9902235269546509,0.8566424250602722,0.8812536597251892,1.0489165782928467,0.07232844084501266,-0.08686424046754837,-0.009023434482514858,3.777036190032959,0.9821134209632874,1.0182100534439087,0.956839919090271,0.0653499960899353,0.08202338218688965,0.1053389459848404,0.15611127018928528,0.10417935252189636,0.11608395725488663,0.050772324204444885,0.011904604732990265,714.0,521.0,659.0,842.0
lzn9uhjp,0.22638912498950958,0.28619036078453064,0.23433487117290497,0.257610559463501,0.8124851584434509,1.0271050930023193,0.841001570224762,0.9245353937149048,-0.1166670098900795,-0.04731345921754837,-0.0827026516199112,3.6051273345947266,0.8472275137901306,1.1803157329559326,1.0419416427612305,0.05980123579502106,0.02327568829059601,0.10868969559669495,0.111716128885746,0.1206231638789177,0.11170367151498795,0.003026433289051056,0.008919492363929749,714.0,521.0,659.0,842.0
khf33guw,0.28631681203842163,0.3502615988254547,0.2313689887523651,0.32659733295440674,0.8101325035095215,0.9910641312599182,0.6546578407287598,0.9241061210632324,-0.10045059770345688,-0.17067009210586548,-0.1332499384880066,3.379960536956787,0.764834463596344,1.3074679374694824,1.1408883333206177,0.06394478678703308,0.09522834420204163,0.10958840698003769,0.11158513277769089,0.0834902673959732,0.10750443488359451,0.0019967257976531982,0.024014167487621307,714.0,521.0,659.0,842.0
yh36motc,0.22110280394554138,0.284955769777298,0.23576472699642181,0.26206791400909424,0.8011600375175476,1.0325294733047485,0.8542870879173279,0.9495959877967834,-0.12617677450180054,-0.05283529311418533,-0.08980659395456314,3.6375725269317627,0.8351863026618958,1.197332739830017,1.0165213346481323,0.06385296583175659,0.026303187012672424,0.06502999365329742,0.07373316586017609,0.07571683824062347,0.08345725387334824,0.008703172206878662,0.007740415632724762,714.0,521.0,659.0,842.0
g06xr3ur,0.32963797450065613,0.37044399976730347,0.1851973980665207,0.24348030984401703,0.8382720351219177,0.9420420527458191,0.4709584712982178,0.6191723942756653,-0.05828741565346718,-0.1359594166278839,-0.08778563886880875,2.8704450130462646,0.8385960459709167,1.1924649477005005,1.6331156492233276,0.04080602526664734,0.05828291177749634,0.13153019547462463,0.11517953872680664,0.10706621408462524,0.15016067028045654,0.016350656747817993,0.0430944561958313,714.0,521.0,659.0,842.0
mwuecpnc,0.26351386308670044,0.3079688251018524,0.26800158619880676,0.32435107231140137,0.8715722560882568,1.0186071395874023,0.886415421962738,1.072791337966919,-0.07778868079185486,-0.0951281189918518,-0.08661393821239471,3.849386215209961,0.8405786156654358,1.1896525621414185,0.9647660255432129,0.04445496201515198,0.056349486112594604,0.09047345817089081,0.09008173644542694,0.10524971783161163,0.11483461409807205,0.0003917217254638672,0.009584896266460419,714.0,521.0,659.0,842.0
c2keivli,0.3823719620704651,0.3923535645008087,0.49892517924308777,0.4158812463283539,0.8700375556945801,0.8927493691444397,1.1352392435073853,0.9462835788726807,-0.012884032912552357,0.09077750146389008,0.04324408248066902,3.8443095684051514,1.0903960466384888,0.9170957803726196,0.8468728065490723,0.009981602430343628,0.08304393291473389,0.23017583787441254,0.16950325667858124,0.20326708257198334,0.15308769047260284,0.0606725811958313,0.05017939209938049,714.0,521.0,659.0,842.0
77jzc58c,0.5060673952102661,0.5706928372383118,0.3880787491798401,0.4663296639919281,1.0680080652236938,1.2043941020965576,0.8190040588378906,0.9841452836990356,-0.06001835688948631,-0.09158480167388916,-0.07398435473442078,4.075551509857178,0.8622236847877502,1.1597894430160522,1.2602392435073853,0.06462544202804565,0.07825091481208801,0.17343518137931824,0.15627439320087433,0.12152452021837234,0.1684572845697403,0.01716078817844391,0.04693276435136795,714.0,521.0,659.0,842.0
u47soczd,0.2562839388847351,0.33647239208221436,0.2614248991012573,0.2763867974281311,0.7985943555831909,1.0484658479690552,0.8146138787269592,0.8612359166145325,-0.13528040051460266,-0.027819905430078506,-0.08416147530078888,3.5229098796844482,0.8447421193122864,1.1837888956069946,1.1021612882614136,0.08018845319747925,0.01496189832687378,0.1008564680814743,0.11869439482688904,0.10880669951438904,0.1162000522017479,0.017837926745414734,0.007393352687358856,714.0,521.0,659.0,842.0
q7jbmjm1,0.2682580053806305,0.30772480368614197,0.2518363893032074,0.31398680806159973,0.8846758604049683,1.0148316621780396,0.8305197358131409,1.0354827642440796,-0.0685206726193428,-0.1098405048251152,-0.08899684250354767,3.765510082244873,0.8365511298179626,1.1953799724578857,1.017953634262085,0.039466798305511475,0.062150418758392334,0.11761453002691269,0.11415497958660126,0.09602092951536179,0.10037422180175781,0.003459550440311432,0.004353292286396027,714.0,521.0,659.0,842.0
ft07x5ic,0.3952517509460449,0.4618506133556366,0.34667718410491943,0.3718634247779846,0.8755689859390259,1.0231000185012817,0.7679656744003296,0.8237587213516235,-0.07770224660634995,-0.03505188971757889,-0.05825242027640343,3.4903931617736816,0.8899071216583252,1.1237099170684814,1.1928361654281616,0.06659886240959167,0.025186240673065186,0.166886568069458,0.14751029014587402,0.09905155748128891,0.12246394902467728,0.019376277923583984,0.023412391543388367,714.0,521.0,659.0,842.0
86z1b98v,0.28209784626960754,0.4877783954143524,0.2211569994688034,0.2578983008861542,0.8717533349990845,1.5073580741882324,0.6834307909011841,0.7969706654548645,-0.26716017723083496,-0.07669516652822495,-0.19410325586795807,3.8595125675201416,0.6748958826065063,1.4817049503326416,1.607068419456482,0.20568054914474487,0.03674130141735077,0.08473260700702667,0.19736577570438385,0.05690908432006836,0.1120031327009201,0.11263316869735718,0.055094048380851746,714.0,521.0,659.0,842.0
wct8jbbs,0.20635434985160828,0.24484248459339142,0.19507455825805664,0.21261487901210785,0.8058368563652039,0.9561372995376587,0.761788010597229,0.8302848935127258,-0.08530212193727493,-0.043023623526096344,-0.06523377448320389,3.3540470600128174,0.8775200843811035,1.139569640159607,1.1067142486572266,0.03848813474178314,0.01754032075405121,0.08208561688661575,0.1085023507475853,0.08921491354703903,0.08039169758558273,0.026416733860969543,0.008823215961456299,714.0,521.0,659.0,842.0
xpk48ab1,0.15523794293403625,0.20065705478191376,0.1653183102607727,0.2101740837097168,0.633994460105896,0.8194869160652161,0.6751628518104553,0.8583546280860901,-0.12761905789375305,-0.11945822089910507,-0.12342949211597443,2.9869987964630127,0.7802608609199524,1.2816154956817627,0.947806179523468,0.0454191118478775,0.04485577344894409,0.06626798212528229,0.08899761736392975,0.08119518309831619,0.08538364619016647,0.02272963523864746,0.004188463091850281,714.0,521.0,659.0,842.0
3t4y0tb1,0.28150737285614014,0.38102033734321594,0.2066660076379776,0.2680869996547699,0.8916096091270447,1.2067939043045044,0.6545668840408325,0.8491036891937256,-0.1502017378807068,-0.12937434017658234,-0.1415075808763504,3.602073907852173,0.7520676255226135,1.329662799835205,1.3955177068710327,0.0995129644870758,0.0614209920167923,0.08374562114477158,0.10589354485273361,0.07769986987113953,0.09929292649030685,0.022147923707962036,0.021593056619167328,714.0,521.0,659.0,842.0
zppep69n,0.17859478294849396,0.2634202837944031,0.19077028334140778,0.2650964856147766,0.5997183322906494,0.8845609426498413,0.6406034827232361,0.8901896476745605,-0.1919059157371521,-0.1630433350801468,-0.17725218832492828,3.0150723457336426,0.6988697052001953,1.4308751821517944,0.9696124196052551,0.08482550084590912,0.07432620227336884,0.09129384160041809,0.1033514142036438,0.06962667405605316,0.13627533614635468,0.012057572603225708,0.06664866209030151,714.0,521.0,659.0,842.0
gpcivi05,0.20226508378982544,0.2652469575405121,0.2287382334470749,0.2387472242116928,0.748834490776062,0.982008695602417,0.8468445539474487,0.8839002251625061,-0.13471682369709015,-0.021410224959254265,-0.0780651867389679,3.461587905883789,0.8551735281944275,1.1693482398986816,1.0000547170639038,0.06298187375068665,0.01000899076461792,0.06556221097707748,0.056950610131025314,0.07469402253627777,0.09629878401756287,0.00861160084605217,0.021604761481285095,714.0,521.0,659.0,842.0
2u9az3ce,0.2364499419927597,0.2950935363769531,0.23690485954284668,0.26151221990585327,0.7960054278373718,0.9934282302856445,0.7975369095802307,0.8803772330284119,-0.11032678186893463,-0.04937092214822769,-0.08082917332649231,3.4673478603363037,0.8504294753074646,1.175871729850769,1.0664610862731934,0.05864359438419342,0.024607360363006592,0.08784768730401993,0.10768158733844757,0.10351679474115372,0.08557725697755814,0.019833900034427643,0.01793953776359558,714.0,521.0,659.0,842.0
gbmxikvr,0.22351019084453583,0.2934984564781189,0.19066792726516724,0.21159641444683075,0.8754926919937134,1.1496376991271973,0.7468490600585938,0.8288262486457825,-0.13537128269672394,-0.052026569843292236,-0.09890060126781464,3.6008055210113525,0.8199989795684814,1.2195082902908325,1.2852427959442139,0.06998826563358307,0.020928487181663513,0.0814032182097435,0.10488429665565491,0.07990818470716476,0.09863182157278061,0.023481078445911407,0.018723636865615845,714.0,521.0,659.0,842.0
ecjtr0m6,0.2606585621833801,0.2738969027996063,0.22898200154304504,0.19773201644420624,1.0018129348754883,1.0526931285858154,0.8800675272941589,0.7599616050720215,-0.024765094742178917,0.07323385030031204,0.018737347796559334,3.694535255432129,1.038188099861145,0.9632125496864319,1.2527223825454712,0.013238340616226196,0.031249985098838806,0.08170321583747864,0.08050595968961716,0.06119734048843384,0.08604031801223755,0.0011972561478614807,0.02484297752380371,714.0,521.0,659.0,842.0
hz72kxsj,0.19179795682430267,0.323421835899353,0.1936185508966446,0.22918380796909332,0.9861334562301636,1.662880539894104,0.9954940676689148,1.1783536672592163,-0.25547081232070923,-0.08411772549152374,-0.17823560535907745,4.822861671447754,0.6974518299102783,1.4337843656539917,1.2185801267623901,0.13162387907505035,0.03556525707244873,0.07199642807245255,0.2139248549938202,0.06807608902454376,0.11679364740848541,0.14192843437194824,0.04871755838394165,714.0,521.0,659.0,842.0
zsb6zwkh,0.2723129987716675,0.34265434741973877,0.22563941776752472,0.3095388412475586,1.0041923522949219,1.2635859251022339,0.8320769667625427,1.1414679288864136,-0.1143820583820343,-0.1567688286304474,-0.13410533964633942,4.241323471069336,0.7635032534599304,1.309747338294983,1.1490867137908936,0.07034134864807129,0.08389942348003387,0.07166335731744766,0.10729209333658218,0.07964160293340683,0.08558802306652069,0.03562873601913452,0.005946420133113861,714.0,521.0,659.0,842.0
e9i0hn3f,0.3107157051563263,0.23730996251106262,0.2977685332298279,0.18180829286575317,0.9451594948768616,0.7218681573867798,0.905775785446167,0.5530387759208679,0.13394556939601898,0.24179649353027344,0.18427926301956177,3.125842332839966,1.451816439628601,0.6887894868850708,1.1427251100540161,0.07340574264526367,0.11596024036407471,0.10500015318393707,0.07329632341861725,0.1413545310497284,0.0722210556268692,0.031703829765319824,0.06913347542285919,714.0,521.0,659.0,842.0
9zxqerbk,0.19327177107334137,0.21901261806488037,0.18172773718833923,0.1858309507369995,0.8738864064216614,0.9902747273445129,0.8216895461082458,0.8402424454689026,-0.06243453547358513,-0.011163393035531044,-0.03826924413442612,3.526093006134033,0.9262802004814148,1.0795812606811523,1.1216800212860107,0.025740846991539,0.004103213548660278,0.06603661924600601,0.06615883857011795,0.05931992456316948,0.07588554173707962,0.00012221932411193848,0.01656561717391014,714.0,521.0,659.0,842.0
n3dkvr5n,0.3552148640155792,0.4604334533214569,0.2575414180755615,0.31996941566467285,1.1048246622085571,1.4320859909057617,0.8010309934616089,0.9952007532119751,-0.12899978458881378,-0.10809820890426636,-0.12033551931381226,4.333142280578613,0.7851783633232117,1.273592233657837,1.4123491048812866,0.10521858930587769,0.06242799758911133,0.07745806127786636,0.12597790360450745,0.09155818819999695,0.11556219309568405,0.04851984232664108,0.024004004895687103,714.0,521.0,659.0,842.0
bhgpbktm,0.22124899923801422,0.26659008860588074,0.13056808710098267,0.19708824157714844,0.9328266382217407,1.1239930391311646,0.5504991412162781,0.8309604525566101,-0.09294252097606659,-0.2030174434185028,-0.13716953992843628,3.438279390335083,0.7587507963180542,1.3179490566253662,1.4888697862625122,0.045341089367866516,0.06652015447616577,0.07577808201313019,0.10933729261159897,0.06514856964349747,0.06858682632446289,0.03355921059846878,0.0034382566809654236,714.0,521.0,659.0,842.0
av6763v1,0.30806097388267517,0.33116045594215393,0.31802207231521606,0.28981634974479675,1.0243198871612549,1.101127028465271,1.0574411153793335,0.9636555314064026,-0.036136843264102936,0.046403247863054276,0.004094596486538649,4.146543502807617,1.0082212686538696,0.9918425679206848,1.051628828048706,0.02309948205947876,0.02820572257041931,0.07228286564350128,0.07144246250391006,0.11158785223960876,0.11760923266410828,0.000840403139591217,0.006021380424499512,714.0,521.0,659.0,842.0
m3pp00cd,0.17182029783725739,0.32161790132522583,0.14336149394512177,0.20920276641845703,0.6624400019645691,1.2399731874465942,0.552719235420227,0.8065652251243591,-0.303578644990921,-0.1867491602897644,-0.2548912465572357,3.261697769165039,0.5937620997428894,1.6841676235198975,1.3995654582977295,0.14979760348796844,0.06584127247333527,0.0697692334651947,0.10840947180986404,0.06932147592306137,0.04824089631438255,0.03864023834466934,0.021080579608678818,714.0,521.0,659.0,842.0
nzy47quu,0.16832157969474792,0.24241255223751068,0.12509344518184662,0.15058143436908722,0.8368158936500549,1.205161452293396,0.6219059228897095,0.7486202120780945,-0.1803862601518631,-0.09245635569095612,-0.14507214725017548,3.412503480911255,0.746612548828125,1.3393746614456177,1.4899166822433472,0.07409097254276276,0.0254879891872406,0.055668435990810394,0.12371842563152313,0.04999137297272682,0.057730380445718765,0.06804998964071274,0.007739007472991943,714.0,521.0,659.0,842.0
sfn07ea2,0.15460143983364105,0.2581901252269745,0.17259182035923004,0.15337631106376648,0.730861485004425,1.220565676689148,0.8159090280532837,0.7250698208808899,-0.2509461045265198,0.058948855847120285,-0.11420907080173492,3.492406129837036,0.7949930429458618,1.2578656673431396,1.266351580619812,0.10358868539333344,0.019215509295463562,0.04825589433312416,0.13465458154678345,0.0527486614882946,0.04942105710506439,0.08639869093894958,0.0033276043832302094,714.0,521.0,659.0,842.0
8ditmown,0.3254150152206421,0.3093167245388031,0.27068743109703064,0.24708566069602966,1.2851759195327759,1.2215982675552368,1.069037914276123,0.9758263826370239,0.02536231093108654,0.04558314010500908,0.03444675728678703,4.551638603210449,1.0713495016098022,0.933398962020874,1.2258855104446411,0.01609829068183899,0.023601770401000977,0.0981498509645462,0.11903244256973267,0.11939822882413864,0.1042725220322609,0.020882591605186462,0.015125706791877747,714.0,521.0,659.0,842.0
x23veulj,0.11723849177360535,0.3566611409187317,0.15970611572265625,0.23695802688598633,0.5417414307594299,1.6480774879455566,0.7379779815673828,1.0949474573135376,-0.5052169561386108,-0.19475345313549042,-0.3637576103210449,4.022744178771973,0.4665350317955017,2.1434502601623535,1.1947095394134521,0.23942264914512634,0.07725191116333008,0.04695659875869751,0.33561843633651733,0.07278937846422195,0.13872328400611877,0.2886618375778198,0.06593390554189682,714.0,521.0,659.0,842.0
gqpq8r4h,0.23010146617889404,0.2334011346101761,0.16175872087478638,0.1661698967218399,0.9822279810905457,0.996313214302063,0.6904951333999634,0.7093250155448914,-0.00711897062137723,-0.0134515929967165,-0.009742899797856808,3.378361463546753,0.9806997179985046,1.0196748971939087,1.4134209156036377,0.0032996684312820435,0.004411175847053528,0.07161930203437805,0.06009337306022644,0.05393921583890915,0.0795908197760582,0.011525928974151611,0.025651603937149048,714.0,521.0,659.0,842.0
c7jvlcg1,0.21348373591899872,0.33560508489608765,0.1621101349592209,0.26028379797935486,0.8648114204406738,1.3595186471939087,0.6566996574401855,1.0543960332870483,-0.22240686416625977,-0.23242150247097015,-0.2267613559961319,3.9354257583618164,0.6303075551986694,1.5865201950073242,1.2999417781829834,0.12212134897708893,0.09817366302013397,0.08561015129089355,0.12697696685791016,0.07726892828941345,0.08311623334884644,0.0413668155670166,0.005847305059432983,714.0,521.0,659.0,842.0
j5ewfwbe,0.20828619599342346,0.22675684094429016,0.16696079075336456,0.15860235691070557,0.9655421376228333,1.0511655807495117,0.7739719748497009,0.7352252006530762,-0.04245695471763611,0.025673693045973778,-0.013294899836182594,3.525904893875122,0.9737564921379089,1.0269453525543213,1.3362743854522705,0.0184706449508667,0.008358433842658997,0.05343564227223396,0.06104828044772148,0.049549803137779236,0.04254157096147537,0.007612638175487518,0.0070082321763038635,714.0,521.0,659.0,842.0
by4ubzcz,0.23076941072940826,0.2806210219860077,0.1930902749300003,0.21731291711330414,0.9072666168212891,1.1032575368881226,0.759131669998169,0.8543626070022583,-0.09748229384422302,-0.05902142822742462,-0.08035872876644135,3.624018669128418,0.8512350916862488,1.1747584342956543,1.246065378189087,0.049851611256599426,0.024222642183303833,0.07187862694263458,0.08345407992601395,0.06310416758060455,0.06433113664388657,0.011575452983379364,0.001226969063282013,714.0,521.0,659.0,842.0
jjy4mzvm,0.1659783571958542,0.24391300976276398,0.1783234179019928,0.279478520154953,0.6693746447563171,0.9836775660514832,0.7191610932350159,1.1271097660064697,-0.1901344209909439,-0.22095772624015808,-0.20639732480049133,3.4993231296539307,0.6578270196914673,1.5201491117477417,0.8953445553779602,0.07793465256690979,0.1011551022529602,0.04806899651885033,0.09729958325624466,0.08024394512176514,0.0714411586523056,0.04923058673739433,0.008802786469459534,714.0,521.0,659.0,842.0
cpsiln3o,0.1963677704334259,0.23133036494255066,0.20530225336551666,0.25211942195892334,0.860343873500824,1.013525128364563,0.8994884490966797,1.1046079397201538,-0.08174576610326767,-0.1023499071598053,-0.09239388257265091,3.8779654502868652,0.8308395147323608,1.2035962343215942,0.9350173473358154,0.034962594509124756,0.04681716859340668,0.08813170343637466,0.11948121339082718,0.057920441031455994,0.07213640213012695,0.031349509954452515,0.01421596109867096,714.0,521.0,659.0,842.0
x5fl2mox,0.21483395993709564,0.31016555428504944,0.2428710162639618,0.24376989901065826,0.9917067885398865,1.431772232055664,1.1211302280426025,1.1252795457839966,-0.18158380687236786,-0.0018471131334081292,-0.09512314200401306,4.669888973236084,0.826276957988739,1.2102429866790771,1.0788209438323975,0.0953315943479538,0.0008988827466964722,0.08026232570409775,0.12183774262666702,0.08520147204399109,0.08957818150520325,0.041575416922569275,0.004376709461212158,714.0,521.0,659.0,842.0
q9wfb76a,0.15264908969402313,0.28792089223861694,0.15921726822853088,0.1676657646894455,0.8170826435089111,1.5411502122879028,0.8522400856018066,0.8974622488021851,-0.30703744292259216,-0.025845546275377274,-0.18726897239685059,4.107935428619385,0.6845363974571228,1.4608347415924072,1.3477869033813477,0.1352718025445938,0.008448496460914612,0.04908740520477295,0.19266340136528015,0.0535806380212307,0.07890883833169937,0.1435759961605072,0.025328200310468674,714.0,521.0,659.0,842.0
v3s2sumh,0.18501807749271393,0.2084725797176361,0.15900284051895142,0.1952197104692459,0.9644256830215454,1.0866847038269043,0.8288186192512512,1.017602801322937,-0.05960609391331673,-0.10224297642707825,-0.07980509102344513,3.897531509399414,0.8521838188171387,1.1734493970870972,1.1108540296554565,0.02345450222492218,0.036216869950294495,0.06391821056604385,0.06050791218876839,0.052515964955091476,0.05926387757062912,0.003410298377275467,0.006747912615537643,714.0,521.0,659.0,842.0
3b0n9cc7,0.15838471055030823,0.16775831580162048,0.10951950401067734,0.1477498859167099,0.7811111807823181,0.8273392915725708,0.5401210188865662,0.7286630868911743,-0.028740691021084785,-0.1485999971628189,-0.08159559220075607,2.87723445892334,0.8491169810295105,1.1776857376098633,1.2677052021026611,0.009373605251312256,0.03823038190603256,0.07697819918394089,0.04998255521059036,0.05087271332740784,0.04949691519141197,0.026995643973350525,0.0013757981359958649,714.0,521.0,659.0,842.0
isutp04s,0.16720260679721832,0.20240987837314606,0.18941302597522736,0.23617659509181976,0.6913811564445496,0.836962878704071,0.7832210063934326,0.9765878915786743,-0.09525428712368011,-0.10987922549247742,-0.10308163613080978,3.2881526947021484,0.8131003379821777,1.2298542261123657,0.8684694766998291,0.035207271575927734,0.04676356911659241,0.07524169236421585,0.12831029295921326,0.07145074009895325,0.11549269407987595,0.053068600594997406,0.0440419539809227,714.0,521.0,659.0,842.0
brspj4ki,0.24281644821166992,0.3098451495170593,0.22401481866836548,0.22925427556037903,0.8246500492095947,1.052291989326477,0.7607961893081665,0.7785903811454773,-0.12128321826457977,-0.011559237726032734,-0.07184205204248428,3.4163286685943604,0.8659448623657227,1.1548032760620117,1.2192765474319458,0.0670287013053894,0.00523945689201355,0.06903629750013351,0.11151456087827682,0.08191627264022827,0.09055057913064957,0.04247826337814331,0.008634306490421295,714.0,521.0,659.0,842.0
i1nq0ei0,0.15386150777339935,0.15046657621860504,0.11842473596334457,0.13409020006656647,0.7167130708694458,0.7008988857269287,0.5516425371170044,0.624614953994751,0.011155461892485619,-0.062037523835897446,-0.022035865113139153,2.59386944770813,0.9568750262260437,1.0450609922409058,1.2051836252212524,0.0033949315547943115,0.015665464103221893,0.03420557826757431,0.048618339002132416,0.04761888459324837,0.07308293879032135,0.014412760734558105,0.025464054197072983,714.0,521.0,659.0,842.0
5nms6xvq,0.2816787362098694,0.3435210585594177,0.1797066181898117,0.21126329898834229,1.0128358602523804,1.2352030277252197,0.646173357963562,0.7596421241760254,-0.0989159345626831,-0.08071362227201462,-0.09191269427537918,3.6538543701171875,0.8316466212272644,1.202428936958313,1.5990952253341675,0.06184232234954834,0.03155668079853058,0.07581260800361633,0.07491778582334518,0.060354843735694885,0.045499056577682495,0.0008948221802711487,0.01485578715801239,714.0,521.0,659.0,842.0
pu3et1ov,0.2519814968109131,0.3129180371761322,0.21676099300384521,0.3022328019142151,0.8300321698188782,1.0307583808898926,0.7140151262283325,0.9955609440803528,-0.10787126421928406,-0.16468721628189087,-0.13507619500160217,3.570366621017456,0.7619947791099548,1.3123399019241333,1.0884493589401245,0.060936540365219116,0.08547180891036987,0.04401713237166405,0.13785342872142792,0.04238330200314522,0.07063020765781403,0.09383629262447357,0.028246905654668808,714.0,521.0,659.0,842.0
ejklcp9u,0.3792717754840851,0.39991992712020874,0.31302186846733093,0.3579953908920288,1.1872044801712036,1.2518377304077148,0.9798276424407959,1.1206046342849731,-0.026499414816498756,-0.06702279299497604,-0.045249778777360916,4.5394744873046875,0.9134169816970825,1.0947872400283813,1.161207914352417,0.020648151636123657,0.044973522424697876,0.10403599590063095,0.07238411903381348,0.13826869428157806,0.15073156356811523,0.031651876866817474,0.01246286928653717,714.0,521.0,659.0,842.0
w165aejt,0.21823164820671082,0.21695534884929657,0.17105641961097717,0.21648943424224854,0.7620235085487366,0.7575669288635254,0.5972965359687805,0.7559400200843811,0.002932754112407565,-0.1172323077917099,-0.053670734167099,2.8728268146514893,0.8981239795684814,1.1134265661239624,1.1229273080825806,0.0012762993574142456,0.04543301463127136,0.09362126141786575,0.07344822585582733,0.06442457437515259,0.0663561075925827,0.02017303556203842,0.0019315332174301147,714.0,521.0,659.0,842.0
70ebpy9e,0.16537177562713623,0.2456672340631485,0.12541212141513824,0.19630002975463867,0.6903064250946045,1.0254813432693481,0.5235040187835693,0.8194093108177185,-0.19534705579280853,-0.22034507989883423,-0.20632265508174896,3.0587010383605957,0.6579293012619019,1.519911289215088,1.2776567935943604,0.08029545843601227,0.07088790833950043,0.06597098708152771,0.0497642382979393,0.052303239703178406,0.059220220893621445,0.01620674878358841,0.006916981190443039,714.0,521.0,659.0,842.0
576mouze,0.14425253868103027,0.2840900123119354,0.08691682666540146,0.2396700233221054,0.5121866464614868,1.0086970329284668,0.3086090683937073,0.8509783744812012,-0.3264610171318054,-0.46772468090057373,-0.3875730037689209,2.680471181869507,0.44136419892311096,2.265688419342041,1.311569094657898,0.13983747363090515,0.15275320410728455,0.0809551477432251,0.062060799449682236,0.056035663932561874,0.06356163322925568,0.018894348293542862,0.007525969296693802,714.0,521.0,659.0,842.0
66vw9b0m,0.18641890585422516,0.22442211210727692,0.16355647146701813,0.16229234635829926,0.9122349619865417,1.0982024669647217,0.8003583550453186,0.7941724061965942,-0.09250077605247498,0.0038794714491814375,-0.04987042024731636,3.6049680709838867,0.9049944877624512,1.1049729585647583,1.2608293294906616,0.03800320625305176,0.001264125108718872,0.06386194378137589,0.08859584480524063,0.06968308240175247,0.06284277141094208,0.024733901023864746,0.006840310990810394,714.0,521.0,659.0,842.0
qoq4kreg,0.3119146227836609,0.41395923495292664,0.2406093180179596,0.2720475494861603,1.008630633354187,1.3386096954345703,0.7780523896217346,0.8797134160995483,-0.14058154821395874,-0.06132400035858154,-0.10777504742145538,4.005006313323975,0.805419385433197,1.2415851354599,1.4159029722213745,0.10204461216926575,0.031438231468200684,0.06717409193515778,0.12227429449558258,0.06098662316799164,0.08773107081651688,0.055100202560424805,0.026744447648525238,714.0,521.0,659.0,842.0
167d6vnx,0.19319678843021393,0.17343983054161072,0.1525486260652542,0.1278279572725296,1.0161027908325195,0.9121926426887512,0.8023170232772827,0.6723006963729858,0.05388687551021576,0.08816920220851898,0.06874287128448486,3.4029130935668945,1.1476309299468994,0.8713547587394714,1.3076530694961548,0.01975695788860321,0.02472066879272461,0.06963498145341873,0.06889282166957855,0.06425834447145462,0.03490510210394859,0.0007421597838401794,0.029353242367506027,714.0,521.0,659.0,842.0
npsv8dkm,0.20634013414382935,0.2793521583080292,0.14831876754760742,0.17002785205841064,0.9398777484893799,1.2724469900131226,0.6755908727645874,0.7744755744934082,-0.15032537281513214,-0.06819301098585129,-0.11780647933483124,3.662391185760498,0.7892164587974548,1.2670730352401733,1.5256664752960205,0.07301202416419983,0.021709084510803223,0.06758362799882889,0.09627556800842285,0.05770248547196388,0.05470103770494461,0.028691940009593964,0.003001447767019272,714.0,521.0,659.0,842.0
u6u4pllg,0.20140080153942108,0.3340311050415039,0.20085662603378296,0.27465489506721497,0.7977387309074402,1.3230808973312378,0.7955832481384277,1.0878945589065552,-0.24770666658878326,-0.15519732236862183,-0.20419375598430634,4.004297256469727,0.6608608961105347,1.5131713151931763,1.1260100603103638,0.13263030350208282,0.073798269033432,0.06337883323431015,0.11969538778066635,0.06325502693653107,0.060744620859622955,0.0563165545463562,0.0025104060769081116,714.0,521.0,659.0,842.0
f309hsuw,0.21606843173503876,0.25295647978782654,0.19492961466312408,0.22298911213874817,0.986581027507782,1.1550140380859375,0.8900599479675293,1.0181812047958374,-0.07864820957183838,-0.06714087724685669,-0.07322615385055542,4.049836158752441,0.8635381460189819,1.158021092414856,1.1222845315933228,0.03688804805278778,0.028059497475624084,0.03584224358201027,0.11862684041261673,0.03602352365851402,0.06503070145845413,0.08278459310531616,0.02900717779994011,714.0,521.0,659.0,842.0
dkejp5k7,0.29423147439956665,0.4515935480594635,0.2690429091453552,0.30112162232398987,0.892449676990509,1.3697532415390015,0.8160488605499268,0.9133485555648804,-0.210990309715271,-0.05626210197806358,-0.14395301043987274,3.991600513458252,0.7483224272727966,1.3363182544708252,1.3080850839614868,0.15736207365989685,0.032078713178634644,0.09043904393911362,0.1309349536895752,0.08169713616371155,0.07214940339326859,0.04049590975046158,0.009547732770442963,714.0,521.0,659.0,842.0
917xfh41,0.18165375292301178,0.26422131061553955,0.1566426008939743,0.2393900454044342,0.7788366079330444,1.132843255996704,0.6716018319129944,1.0263797044754028,-0.18518051505088806,-0.20894044637680054,-0.1963573694229126,3.60966157913208,0.6717395782470703,1.4886646270751953,1.1258513927459717,0.08256755769252777,0.0827474445104599,0.058541636914014816,0.09263946861028671,0.056008387356996536,0.0810527354478836,0.034097831696271896,0.02504434809088707,714.0,521.0,659.0,842.0
a68t2a3a,0.16738712787628174,0.24231941998004913,0.13321858644485474,0.2171735018491745,0.7533872723579407,1.090647578239441,0.5995991826057434,0.9774691462516785,-0.18289214372634888,-0.23960207402706146,-0.20903471112251282,3.4211032390594482,0.6542103886604309,1.528551697731018,1.1692768335342407,0.0749322921037674,0.08395491540431976,0.06269624829292297,0.11714065819978714,0.04851144179701805,0.06312181055545807,0.054444409906864166,0.014610368758440018,714.0,521.0,659.0,842.0
h7u0s3kd,0.31267738342285156,0.3993990421295166,0.2526884078979492,0.35073134303092957,0.9240819215774536,1.180377721786499,0.746791422367096,1.036545991897583,-0.12178684026002884,-0.16247855126857758,-0.1404523104429245,3.8877971172332764,0.7536889910697937,1.3268030881881714,1.1800661087036133,0.08672165870666504,0.09804293513298035,0.15613776445388794,0.12679027020931244,0.10405708104372025,0.10069452226161957,0.0293474942445755,0.0033625587821006775,714.0,521.0,659.0,842.0
z4ppj590,0.24617694318294525,0.2592255771160126,0.2085418999195099,0.2352474331855774,0.9086283445358276,0.9567902684211731,0.7697190642356873,0.868287980556488,-0.025818249210715294,-0.06017601117491722,-0.041882093995809555,3.5034258365631104,0.9196010231971741,1.0874234437942505,1.1388317346572876,0.013048633933067322,0.026705533266067505,0.05707191675901413,0.07336283475160599,0.07232168316841125,0.06131656467914581,0.016290917992591858,0.011005118489265442,714.0,521.0,659.0,842.0
emc20lsj,0.18151333928108215,0.3268769383430481,0.23073340952396393,0.22417430579662323,0.7842382788658142,1.4122896194458008,0.9968962669372559,0.9685572981834412,-0.28592854738235474,0.014418505132198334,-0.1440928429365158,4.161981582641602,0.7481082677841187,1.33669912815094,1.1175655126571655,0.14536359906196594,0.006559103727340698,0.045518793165683746,0.20950497686862946,0.0502496212720871,0.06156538799405098,0.1639861762523651,0.011315766721963882,714.0,521.0,659.0,842.0
ws1zl7p7,0.20420905947685242,0.2393866628408432,0.1298108547925949,0.17922063171863556,0.8616076707839966,1.0100305080413818,0.5477035641670227,0.7561753988265991,-0.07930086553096771,-0.15988537669181824,-0.11238934844732285,3.1755170822143555,0.7979294657707214,1.2532367706298828,1.4354338645935059,0.035177603363990784,0.04940977692604065,0.036680884659290314,0.05002027377486229,0.0490301251411438,0.0509491004049778,0.013339389115571976,0.0019189752638339996,714.0,521.0,659.0,842.0
2l4x5bwa,0.3058685064315796,0.27387943863868713,0.23373772203922272,0.22568057477474213,1.148773431777954,1.0286296606063843,0.8778663873672485,0.8476055860519409,0.05517745018005371,0.0175376757979393,0.038536835461854935,3.9028749465942383,1.0801607370376587,0.9257844686508179,1.261914610862732,0.031989067792892456,0.00805714726448059,0.0989813357591629,0.07941064983606339,0.06679947674274445,0.07962027937173843,0.019570685923099518,0.012820802628993988,714.0,521.0,659.0,842.0
en7yjf30,0.23746787011623383,0.2739037573337555,0.21173757314682007,0.17839865386486053,0.9690673351287842,1.1177562475204468,0.8640662431716919,0.7280156016349792,-0.07125114649534225,0.08545433729887009,-0.0034352829679846764,3.6789052486419678,0.9931507110595703,1.0068919658660889,1.3107479810714722,0.03643588721752167,0.033338919281959534,0.06953751295804977,0.08321411162614822,0.08509833365678787,0.0825679674744606,0.01367659866809845,0.0025303661823272705,714.0,521.0,659.0,842.0
kh5840ac,0.360599547624588,0.4061882495880127,0.3142506182193756,0.3441564440727234,0.9228144884109497,1.0394810438156128,0.8042024374008179,0.8807347416877747,-0.0594540536403656,-0.04542141035199165,-0.052971336990594864,3.6472327709198,0.8993856310844421,1.1118669509887695,1.1646085977554321,0.04558870196342468,0.02990582585334778,0.14038212597370148,0.08262596279382706,0.09234718233346939,0.1647195667028427,0.05775616317987442,0.07237238436937332,714.0,521.0,659.0,842.0
uhgpjnvw,0.20053228735923767,0.24124044179916382,0.1807684749364853,0.24426943063735962,0.7418687343597412,0.8924684524536133,0.6687525510787964,0.9036741852760315,-0.09214706718921661,-0.14940032362937927,-0.12022119015455246,3.206763744354248,0.7853598594665527,1.2732956409454346,1.039370059967041,0.04070815443992615,0.06350095570087433,0.05145219713449478,0.06738802045583725,0.043400734663009644,0.06192160025238991,0.015935823321342468,0.018520865589380264,714.0,521.0,659.0,842.0
rxgkikr2,0.33410128951072693,0.28594502806663513,0.2592579424381256,0.29166164994239807,1.1569480895996094,0.9901893734931946,0.8977755308151245,1.0099852085113525,0.07766546308994293,-0.05881738290190697,0.013452604413032532,4.054898262023926,1.0272703170776367,0.973450243473053,1.125473141670227,0.0481562614440918,0.03240370750427246,0.10073696076869965,0.08685257285833359,0.08813484758138657,0.08876132220029831,0.013884387910366058,0.0006264746189117432,714.0,521.0,659.0,842.0
omrde51k,0.1390613317489624,0.3335658013820648,0.17838025093078613,0.21104887127876282,0.6644628643989563,1.5938441753387451,0.8523365259170532,1.0084336996078491,-0.4115380644798279,-0.08388826996088028,-0.2635243535041809,4.119077205657959,0.5828726291656494,1.7156319618225098,1.2136378288269043,0.19450446963310242,0.032668620347976685,0.0669931098818779,0.22668638825416565,0.05811237171292305,0.07120151817798615,0.15969327092170715,0.013089146465063095,714.0,521.0,659.0,842.0
8lxeqlez,0.1605372130870819,0.22592997550964355,0.1521792858839035,0.18982601165771484,0.753294050693512,1.0601387023925781,0.7140758633613586,0.8907268643379211,-0.16920606791973114,-0.11007610708475113,-0.14144578576087952,3.4182353019714355,0.7521616816520691,1.3294938802719116,1.130000114440918,0.06539276242256165,0.03764672577381134,0.06567977368831635,0.06385506689548492,0.059904277324676514,0.04712173342704773,0.001824706792831421,0.012782543897628784,714.0,521.0,659.0,842.0
z1r2roik,0.3070608079433441,0.30488142371177673,0.2647373676300049,0.3089064955711365,0.9816915988922119,0.9747239947319031,0.8463810682296753,0.9875923991203308,0.003561415709555149,-0.07699733972549438,-0.03541678562760353,3.7903892993927,0.9315876960754395,1.0734325647354126,1.0667614936828613,0.002179384231567383,0.04416912794113159,0.0617830753326416,0.0926445722579956,0.07616280764341354,0.07475362718105316,0.030861496925354004,0.001409180462360382,714.0,521.0,659.0,842.0
s62c1jlo,0.2956334054470062,0.3023409843444824,0.24340204894542694,0.2558581233024597,0.912173330783844,0.9328694939613342,0.7510141134262085,0.7894471883773804,-0.011217148043215275,-0.02494901418685913,-0.017465410754084587,3.3855042457580566,0.9656670093536377,1.0355498790740967,1.197718620300293,0.006707578897476196,0.012456074357032776,0.08840136229991913,0.11155889928340912,0.09870211035013199,0.10118116438388824,0.02315753698348999,0.002479054033756256,714.0,521.0,659.0,842.0
po6j0m3l,0.20368844270706177,0.31464725732803345,0.1595233529806137,0.348443865776062,0.6077545881271362,0.9388275146484375,0.47597718238830566,1.0396679639816284,-0.21406705677509308,-0.3719140291213989,-0.2921935021877289,3.062227249145508,0.5477546453475952,1.8256269693374634,1.0204097032546997,0.11095881462097168,0.1889205127954483,0.0765717551112175,0.12880170345306396,0.07924830913543701,0.12425791472196579,0.052229948341846466,0.04500960558652878,714.0,521.0,659.0,842.0
oufhw8wl,0.3049701154232025,0.40976086258888245,0.23717254400253296,0.37722355127334595,0.8529454469680786,1.1460260152816772,0.6633281111717224,1.0550251007080078,-0.14661544561386108,-0.22794868052005768,-0.1842123568058014,3.717324733734131,0.6888852119445801,1.4516160488128662,1.1633045673370361,0.10479074716567993,0.140051007270813,0.10621660202741623,0.10997173935174942,0.08226428180932999,0.10893858969211578,0.003755137324333191,0.026674307882785797,714.0,521.0,659.0,842.0
va02dz61,0.3220251500606537,0.4014281630516052,0.2327727973461151,0.2562820613384247,1.0906285047531128,1.3595490455627441,0.7883503437042236,0.8679710626602173,-0.10975539684295654,-0.04807071387767792,-0.0848754420876503,4.106499195098877,0.8435282111167908,1.1854928731918335,1.4792855978012085,0.07940301299095154,0.02350926399230957,0.06928841769695282,0.11530498415231705,0.07230544835329056,0.08747904747724533,0.04601656645536423,0.015173599123954773,714.0,521.0,659.0,842.0
txsnhft4,0.2254292070865631,0.3926568031311035,0.3925444185733795,0.39791572093963623,0.6652278900146484,1.1587064266204834,1.1583747863769531,1.1742252111434937,-0.2705567181110382,-0.006795150693506002,-0.12253682315349579,4.156534194946289,0.7816776037216187,1.2792960405349731,0.7819309234619141,0.1672275960445404,0.005371302366256714,0.14199261367321014,0.2554120421409607,0.11361239105463028,0.1338956654071808,0.11341942846775055,0.020283274352550507,714.0,521.0,659.0,842.0
i26lh07b,0.20956237614154816,0.23657704889774323,0.12668108940124512,0.16588783264160156,0.8961424827575684,1.0116641521453857,0.5417208671569824,0.7093789577484131,-0.060551948845386505,-0.13400810956954956,-0.08964475244283676,3.1589064598083496,0.8354582786560059,1.1969412565231323,1.5248984098434448,0.02701467275619507,0.039206743240356445,0.07941022515296936,0.06595936417579651,0.05574825406074524,0.058502908796072006,0.013450860977172852,0.002754654735326767,714.0,521.0,659.0,842.0
a7dorfki,0.26043701171875,0.35317713022232056,0.2129809707403183,0.20808041095733643,1.0618621110916138,1.4399850368499756,0.8683727979660034,0.8483920693397522,-0.15113726258277893,0.011638559401035309,-0.08489565551280975,4.218612194061279,0.8434935808181763,1.185540795326233,1.4572997093200684,0.09274011850357056,0.0049005597829818726,0.0860748216509819,0.2028346210718155,0.07179206609725952,0.1123492419719696,0.11675979942083359,0.04055717587471008,714.0,521.0,659.0,842.0
1ije2xe0,0.2737761437892914,0.34770798683166504,0.18164898455142975,0.304955393075943,1.1861460208892822,1.5064586400985718,0.7870014309883118,1.3212313652038574,-0.1189599484205246,-0.2534012198448181,-0.17799845337867737,4.800837516784668,0.6977937817573547,1.4330826997756958,1.2771830558776855,0.07393184304237366,0.12330640852451324,0.105802521109581,0.20426958799362183,0.08855852484703064,0.20335885882377625,0.09846706688404083,0.1148003339767456,714.0,521.0,659.0,842.0
jdcz1oa3,0.22845181822776794,0.2944289445877075,0.15173368155956268,0.21909932792186737,0.9766858816146851,1.258753776550293,0.6486976146697998,0.936701774597168,-0.12617981433868408,-0.18165983259677887,-0.14920061826705933,3.8208391666412354,0.7403384447097778,1.3507273197174072,1.41001296043396,0.06597712635993958,0.06736564636230469,0.08197636902332306,0.06145181506872177,0.04295012727379799,0.08009836077690125,0.020524553954601288,0.037148233503103256,714.0,521.0,659.0,842.0
vf02gvll,0.36845076084136963,0.5239256620407104,0.2757890820503235,0.38641124963760376,1.0464494228363037,1.4880189895629883,0.7832779288291931,1.0974596738815308,-0.17422549426555634,-0.16705216467380524,-0.17116999626159668,4.415205955505371,0.7076930999755859,1.4130381345748901,1.3475908041000366,0.15547490119934082,0.11062216758728027,0.07356174290180206,0.16411171853542328,0.08106064796447754,0.19116759300231934,0.09054997563362122,0.1101069450378418,714.0,521.0,659.0,842.0
sajhjxqk,0.227507084608078,0.21587689220905304,0.1803654134273529,0.14632047712802887,0.9413323998451233,0.8932113647460938,0.7462791800498962,0.6054149866104126,0.0262304600328207,0.10421273112297058,0.05931289121508598,3.1862378120422363,1.1261024475097656,0.8880139589309692,1.3572137355804443,0.011630192399024963,0.034044936299324036,0.08939378708600998,0.08186294883489609,0.0595405288040638,0.08888105303049088,0.007530838251113892,0.029340524226427078,714.0,521.0,659.0,842.0
d8ur6tia,0.2730887830257416,0.37082478404045105,0.17787016928195953,0.24834777414798737,1.017966628074646,1.3822877407073975,0.6630294322967529,0.9257420301437378,-0.15178410708904266,-0.1653553992509842,-0.1571895182132721,3.989025592803955,0.7283239960670471,1.3730100393295288,1.5107576847076416,0.09773600101470947,0.07047760486602783,0.09329977631568909,0.07789331674575806,0.05483802780508995,0.0924895703792572,0.01540645956993103,0.03765154257416725,714.0,521.0,659.0,842.0
rontdi9o,0.18228229880332947,0.2603521943092346,0.14193499088287354,0.17102177441120148,0.8251596689224243,1.1785682439804077,0.6425145864486694,0.774185299873352,-0.1763751357793808,-0.09294155985116959,-0.141818106174469,3.4204277992248535,0.7515904307365417,1.3305046558380127,1.4143586158752441,0.07806989550590515,0.029086783528327942,0.07656263560056686,0.06619592010974884,0.05204233527183533,0.06464027613401413,0.010366715490818024,0.012597940862178802,714.0,521.0,659.0,842.0
inuxl39d,0.18730419874191284,0.20238833129405975,0.14481402933597565,0.17951762676239014,0.8025604486465454,0.8671929240226746,0.6204987168312073,0.7691965699195862,-0.0387076772749424,-0.10700000822544098,-0.0697282925248146,3.059448480606079,0.8696311712265015,1.1499062776565552,1.2015211582183838,0.015084132552146912,0.03470359742641449,0.048671748489141464,0.03487303853034973,0.03856275603175163,0.08037494868040085,0.013798709958791733,0.041812192648649216,714.0,521.0,659.0,842.0
g5rifwr0,0.3105052709579468,0.3978327512741089,0.27438464760780334,0.32827678322792053,1.0858488082885742,1.3912363052368164,0.9595336318016052,1.147996425628662,-0.12328486144542694,-0.08942341804504395,-0.10771897435188293,4.584615230560303,0.8055108189582825,1.2414443492889404,1.175347924232483,0.08732748031616211,0.05389213562011719,0.10142996907234192,0.16664080321788788,0.11124793440103531,0.1103118360042572,0.06521083414554596,0.0009360983967781067,714.0,521.0,659.0,842.0
ui1jlmfl,0.23847892880439758,0.25828203558921814,0.2587977945804596,0.23881536722183228,0.826672375202179,0.8953186273574829,0.8971064686775208,0.8278385996818542,-0.039864376187324524,0.040156468749046326,0.00018033492960967124,3.4469361305236816,1.0003587007522583,0.9996373653411865,0.9982854127883911,0.019803106784820557,0.01998242735862732,0.08018378168344498,0.07982170581817627,0.06119174137711525,0.07070807367563248,0.0003620758652687073,0.009516332298517227,714.0,521.0,659.0,842.0
uoay12tl,0.19068358838558197,0.26496487855911255,0.18763799965381622,0.2797542214393616,0.7501592040061951,1.0423856973648071,0.7381776571273804,1.1005676984786987,-0.16302287578582764,-0.19708506762981415,-0.18027085065841675,3.6312904357910156,0.6945247054100037,1.4398269653320312,0.974871814250946,0.07428129017353058,0.09211622178554535,0.05968223884701729,0.08962157368659973,0.05557909235358238,0.0641855001449585,0.029939334839582443,0.008606407791376114,714.0,521.0,659.0,842.0
xlzs49cd,0.2985321283340454,0.2752496302127838,0.24449685215950012,0.22240646183490753,1.0826870203018188,0.9982483983039856,0.8867172002792358,0.8066019415855408,0.040577203035354614,0.047312453389167786,0.043598975986242294,3.77425479888916,1.0911709070205688,0.9164431691169739,1.2289063930511475,0.023282498121261597,0.02209039032459259,0.09228886663913727,0.07378743588924408,0.07218257337808609,0.08783484995365143,0.01850143074989319,0.015652276575565338,714.0,521.0,659.0,842.0
zn1f0fp8,0.3445637822151184,0.3558189868927002,0.20954693853855133,0.28801026940345764,1.13010835647583,1.1670234203338623,0.6872768998146057,0.9446227550506592,-0.016070052981376648,-0.15769678354263306,-0.07489395141601562,3.9290313720703125,0.8606472015380859,1.1619123220443726,1.407639741897583,0.011255204677581787,0.07846333086490631,0.0838100016117096,0.08550627529621124,0.06312046200037003,0.0865630954504013,0.001696273684501648,0.02344263345003128,714.0,521.0,659.0,842.0
bpg2r0to,0.2620074152946472,0.26841941475868225,0.17991696298122406,0.17718999087810516,1.1012235879898071,1.1281733512878418,0.7561954259872437,0.7447338700294495,-0.01208835281431675,0.007636267691850662,-0.00415194733068347,3.7303261756896973,0.9917281866073608,1.0083361864089966,1.4853403568267822,0.006411999464035034,0.0027269721031188965,0.08843035250902176,0.055823955684900284,0.05360491946339607,0.05762491375207901,0.032606396824121475,0.004019994288682938,714.0,521.0,659.0,842.0
kpk7yswn,0.25793325901031494,0.2805103659629822,0.1926700472831726,0.26610061526298523,0.8043807148933411,0.874788761138916,0.6008533835411072,0.8298510909080505,-0.04193022847175598,-0.16005906462669373,-0.09627574682235718,3.1098740100860596,0.8243568539619446,1.2130619287490845,1.17366361618042,0.022577106952667236,0.07343056797981262,0.10684604942798615,0.09644176065921783,0.07590547949075699,0.1014339029788971,0.01040428876876831,0.025528423488140106,714.0,521.0,659.0,842.0
xfshwzsj,0.3053875267505646,0.375772088766098,0.2217400223016739,0.354873389005661,1.1127734184265137,1.3692412376403809,0.8079779744148254,1.2930903434753418,-0.1033303439617157,-0.2308880239725113,-0.16180801391601562,4.583083152770996,0.7214536070823669,1.386085867881775,1.181308627128601,0.07038456201553345,0.13313336670398712,0.05006599426269531,0.1840997338294983,0.0890815481543541,0.13357071578502655,0.13403373956680298,0.044489167630672455,714.0,521.0,659.0,842.0
q77z4es3,0.2785831391811371,0.3952626585960388,0.25043466687202454,0.33341607451438904,0.847019374370575,1.2017781734466553,0.7614352107048035,1.013736367225647,-0.17315438389778137,-0.14212752878665924,-0.15875113010406494,3.8239693641662598,0.7259949445724487,1.377415418624878,1.154138445854187,0.11667951941490173,0.0829814076423645,0.07350903749465942,0.15671789646148682,0.08669865876436234,0.1198982298374176,0.08320885896682739,0.03319957107305527,714.0,521.0,659.0,842.0
aofc9lgy,0.24588090181350708,0.26909780502319336,0.20892634987831116,0.24385875463485718,0.9302005171775818,1.0180331468582153,0.790396511554718,0.9225504398345947,-0.04508313909173012,-0.0771499052643776,-0.0600861981511116,3.6611804962158203,0.8866371512413025,1.1278523206710815,1.1373553276062012,0.02321690320968628,0.03493240475654602,0.042942795902490616,0.08569508790969849,0.08399919420480728,0.0725354552268982,0.04275229200720787,0.011463738977909088,714.0,521.0,659.0,842.0
tlcqfmui,0.15777522325515747,0.19124938547611237,0.07041467726230621,0.06103081628680229,0.7419160604476929,0.8993236422538757,0.3311152160167694,0.28698891401290894,-0.09590746462345123,0.07138920575380325,-0.0501389242708683,2.2593438625335693,0.9045060873031616,1.1055665016174316,2.655259847640991,0.033474162220954895,0.009383860975503922,0.05734778568148613,0.05884339287877083,0.032008733600378036,0.03235441446304321,0.0014956071972846985,0.0003456808626651764,714.0,521.0,659.0,842.0
w7j35vlw,0.3217092752456665,0.404941201210022,0.1982232630252838,0.2735409736633301,1.0092265605926514,1.2703315019607544,0.6218414902687073,0.8581188917160034,-0.11454173922538757,-0.15965081751346588,-0.13229939341545105,3.759518623352051,0.7663159966468811,1.3049402236938477,1.540279746055603,0.08323192596435547,0.07531771063804626,0.10194636881351471,0.08723600953817368,0.05961373820900917,0.08782153576612473,0.014710359275341034,0.028207797557115555,714.0,521.0,659.0,842.0
ojtxcf0k,0.17590519785881042,0.1646241396665573,0.17478644847869873,0.17860351502895355,0.8755665421485901,0.8194152116775513,0.8699979782104492,0.8889973759651184,0.033127911388874054,-0.010801255702972412,0.010756266303360462,3.453977108001709,1.0217434167861938,0.9787135124206543,0.9636049866676331,0.011281058192253113,0.0038170665502548218,0.07418712228536606,0.046257659792900085,0.0625121146440506,0.06600932031869888,0.027929462492465973,0.003497205674648285,714.0,521.0,659.0,842.0
jd2v1l1v,0.19276006519794464,0.27403590083122253,0.12906035780906677,0.1956404745578766,0.8469893336296082,1.2041159868240356,0.5670922994613647,0.8596459031105042,-0.17411388456821442,-0.2050500065088272,-0.18680523335933685,3.4778432846069336,0.6851946711540222,1.459431529045105,1.4376142024993896,0.0812758356332779,0.06658011674880981,0.0423799604177475,0.10741347074508667,0.04322020709514618,0.04404298588633537,0.06503351032733917,0.0008227787911891937,714.0,521.0,659.0,842.0
j35yrg29,0.26963096857070923,0.31620675325393677,0.1536087989807129,0.2174963504076004,0.8734292387962341,1.0243045091629028,0.4975927770137787,0.7045469284057617,-0.07950273901224136,-0.17215438187122345,-0.11543343961238861,3.0998733043670654,0.7930232882499695,1.2609916925430298,1.5786257982254028,0.04657578468322754,0.06388755142688751,0.08394560217857361,0.07382099330425262,0.0669664517045021,0.113361656665802,0.010124608874320984,0.046395204961299896,714.0,521.0,659.0,842.0
d2ff5l6b,0.1453786939382553,0.19466765224933624,0.12771987915039062,0.16273799538612366,0.7494319677352905,1.0035182237625122,0.6584001779556274,0.8389197587966919,-0.1449473351240158,-0.12056135386228561,-0.1337135136127472,3.250269889831543,0.7641115784645081,1.3087007999420166,1.1707210540771484,0.04928895831108093,0.03501811623573303,0.043695248663425446,0.04774516820907593,0.054825764149427414,0.05901062488555908,0.004049919545650482,0.004184860736131668,714.0,521.0,659.0,842.0
spxlseun,0.3039593994617462,0.35863450169563293,0.24237945675849915,0.3508959710597992,1.0436915159225464,1.2314269542694092,0.832247257232666,1.2048554420471191,-0.0825166329741478,-0.18291054666042328,-0.12994304299354553,4.312221050262451,0.7699994444847107,1.2986979484558105,1.1168383359909058,0.05467510223388672,0.10851651430130005,0.06210831180214882,0.09240366518497467,0.056971002370119095,0.15530604124069214,0.03029535338282585,0.09833504259586334,714.0,521.0,659.0,842.0
nrlst548,0.2485036700963974,0.30951282382011414,0.20588795840740204,0.2197846919298172,0.9726336002349854,1.211421012878418,0.8058373928070068,0.8602286577224731,-0.10933197289705276,-0.03264644742012024,-0.07614786177873611,3.8501205444335938,0.8584789037704468,1.1648461818695068,1.3109019994735718,0.061009153723716736,0.013896733522415161,0.0719076618552208,0.12475864589214325,0.08563833683729172,0.08581748604774475,0.052850984036922455,0.00017914921045303345,714.0,521.0,659.0,842.0
84z4ur2y,0.26506033539772034,0.3523963689804077,0.19674628973007202,0.30815765261650085,1.0303815603256226,1.369887113571167,0.7648211717605591,1.19791579246521,-0.14144456386566162,-0.2206581085920334,-0.17707966268062592,4.363005638122559,0.6991190314292908,1.4303662776947021,1.2229167222976685,0.08733603358268738,0.11141136288642883,0.10665515810251236,0.2097291350364685,0.07627889513969421,0.09137868136167526,0.10307397693395615,0.015099786221981049,714.0,521.0,659.0,842.0
upmanqy0,0.24513132870197296,0.31922873854637146,0.20803917944431305,0.238337442278862,0.8725626468658447,1.1363177299499512,0.7405304908752441,0.8483793139457703,-0.13129432499408722,-0.06787585467100143,-0.10328660160303116,3.597790241241455,0.8127639889717102,1.2303645610809326,1.2643108367919922,0.0740974098443985,0.03029826283454895,0.06670017540454865,0.047199707478284836,0.060156311839818954,0.0587623156607151,0.01950046792626381,0.0013939961791038513,714.0,521.0,659.0,842.0
hu97ng0a,0.23137851059436798,0.2446131557226181,0.18339195847511292,0.13932500779628754,1.0561814308166504,1.1165940761566162,0.8371356129646301,0.6359816789627075,-0.027804303914308548,0.13654941320419312,0.03860266134142876,3.64589262008667,1.0803025960922241,0.9256618618965149,1.4749462604522705,0.013234645128250122,0.04406695067882538,0.05764307081699371,0.08385312557220459,0.09305664896965027,0.09020005911588669,0.026210054755210876,0.0028565898537635803,714.0,521.0,659.0,842.0
psaldnj7,0.2687120735645294,0.46609124541282654,0.20136137306690216,0.4386942386627197,1.2409814596176147,2.152529239654541,0.9299386143684387,2.026002883911133,-0.26861459016799927,-0.37079980969429016,-0.31618642807006836,6.349452495574951,0.5195407271385193,1.9247705936431885,1.1480286121368408,0.19737917184829712,0.23733286559581757,0.06670546531677246,0.16403836011886597,0.0965685024857521,0.3315470516681671,0.0973328948020935,0.2349785566329956,714.0,521.0,659.0,842.0
vbjrbzjw,0.3405739367008209,0.4881106913089752,0.2690547704696655,0.2635854184627533,0.9967912435531616,1.428601622581482,0.7874690890312195,0.7714613676071167,-0.17803706228733063,0.010268360376358032,-0.10435961931943893,3.984323501586914,0.8110030889511108,1.2330372333526611,1.555802583694458,0.1475367546081543,0.0054693520069122314,0.12504523992538452,0.1492532640695572,0.08571169525384903,0.08044379204511642,0.02420802414417267,0.005267903208732605,714.0,521.0,659.0,842.0
83579wrr,0.23362869024276733,0.3197409212589264,0.1561087965965271,0.23797357082366943,0.770555853843689,1.0545718669891357,0.5148791670799255,0.7848861813545227,-0.15561401844024658,-0.20773465931415558,-0.17729321122169495,3.1248929500579834,0.6988105773925781,1.4309965372085571,1.4041943550109863,0.08611223101615906,0.08186477422714233,0.0858398899435997,0.105559803545475,0.05610457435250282,0.07828760147094727,0.019719913601875305,0.022183027118444443,714.0,521.0,659.0,842.0
513bb6f0,0.24307717382907867,0.29550594091415405,0.20340591669082642,0.20356640219688416,1.0513379573822021,1.278098702430725,0.8797550201416016,0.8804491758346558,-0.09734555333852768,-0.0003943391202483326,-0.05561726912856102,4.089641094207764,0.8946241736412048,1.1177830696105957,1.3233866691589355,0.05242876708507538,0.00016048550605773926,0.06997836381196976,0.16222894191741943,0.0745011493563652,0.06827633827924728,0.09225057810544968,0.00622481107711792,714.0,521.0,659.0,842.0
5ep4cwcd,0.2146342247724533,0.22823449969291687,0.17080935835838318,0.19615477323532104,0.9715715050697327,1.0331350564956665,0.7731921672821045,0.8879216909408569,-0.03070942498743534,-0.06906763464212418,-0.04809098318219185,3.665820598602295,0.9082289934158325,1.1010383367538452,1.2068413496017456,0.013600274920463562,0.025345414876937866,0.060309771448373795,0.09409621357917786,0.09584316611289978,0.08846727758646011,0.03378644213080406,0.007375888526439667,714.0,521.0,659.0,842.0
t9gwa44l,0.2188890129327774,0.2760694622993469,0.13227951526641846,0.20421196520328522,0.9198846220970154,1.1601864099502563,0.5559068322181702,0.8582041263580322,-0.1155255138874054,-0.21377134323120117,-0.1552862524986267,3.4941818714141846,0.7311708331108093,1.3676625490188599,1.4709347486495972,0.05718044936656952,0.07193244993686676,0.051552388817071915,0.06640475988388062,0.03809967264533043,0.06825613975524902,0.0148523710668087,0.030156467109918594,714.0,521.0,659.0,842.0
z6v7s7o4,0.14607860147953033,0.20566672086715698,0.20840218663215637,0.2238393872976303,0.6561097502708435,0.9237488508224487,0.9360350966453552,1.00537109375,-0.16940651834011078,-0.03571420535445213,-0.09569703042507172,3.5212647914886475,0.8253199458122253,1.2116450071334839,0.8137683272361755,0.05958811938762665,0.015437200665473938,0.05346707999706268,0.10946618765592575,0.07806788384914398,0.09212291985750198,0.05599910765886307,0.014055036008358002,714.0,521.0,659.0,842.0
yc3s0dpj,0.25719505548477173,0.47944605350494385,0.18688440322875977,0.26160120964050293,0.9786850214004517,1.8244000673294067,0.7111371755599976,0.9954514503479004,-0.30170825123786926,-0.1665976196527481,-0.25057873129844666,4.509673595428467,0.5992584824562073,1.6687228679656982,1.642504096031189,0.22225099802017212,0.07471680641174316,0.12551367282867432,0.22338038682937622,0.08149807155132294,0.10838370025157928,0.0978667140007019,0.026885628700256348,714.0,521.0,659.0,842.0
hsg04ajm,0.20045258104801178,0.24433881044387817,0.1423826813697815,0.17184476554393768,0.9033073782920837,1.1010736227035522,0.6416246891021729,0.7743908762931824,-0.09866677224636078,-0.09376007318496704,-0.096635602414608,3.420396566390991,0.8237576484680176,1.2139427661895752,1.4155031442642212,0.043886229395866394,0.02946208417415619,0.05681652948260307,0.07732125371694565,0.04013528674840927,0.05684829130768776,0.020504724234342575,0.016713004559278488,714.0,521.0,659.0,842.0
muzuqed0,0.2332235872745514,0.29326584935188293,0.19328509271144867,0.23751044273376465,0.9611356854438782,1.2085753679275513,0.7965455055236816,0.9788022041320801,-0.11404245346784592,-0.10265947878360748,-0.10892001539468765,3.945058822631836,0.803554892539978,1.2444647550582886,1.2221300601959229,0.06004226207733154,0.04422535002231598,0.08844488859176636,0.06600816547870636,0.0801021084189415,0.06727541983127594,0.022436723113059998,0.012826688587665558,714.0,521.0,659.0,842.0
gv812hnc,0.2322363704442978,0.35325437784194946,0.20054183900356293,0.3390231728553772,0.7632835507392883,1.1610294580459595,0.6591141819953918,1.1142561435699463,-0.20669463276863098,-0.25665315985679626,-0.23065444827079773,3.697683334350586,0.6251503825187683,1.5996090173721313,1.0851142406463623,0.12101800739765167,0.13848133385181427,0.10979913175106049,0.16409103572368622,0.11037250608205795,0.10833899676799774,0.05429190397262573,0.002033509314060211,714.0,521.0,659.0,842.0
0i4x6g1e,0.26218903064727783,0.5013654232025146,0.18110276758670807,0.22220009565353394,1.0990544557571411,2.1016435623168945,0.7591538429260254,0.9314272403717041,-0.3132403492927551,-0.10190165042877197,-0.24019519984722137,4.891279220581055,0.6126482486724854,1.6322519779205322,1.8932485580444336,0.23917639255523682,0.04109732806682587,0.049961235374212265,0.27403777837753296,0.05454910919070244,0.1364370584487915,0.2240765392780304,0.08188794553279877,714.0,521.0,659.0,842.0
bzgflig5,0.2370135337114334,0.3977888524532318,0.18910402059555054,0.22196611762046814,1.056117296218872,1.7725218534469604,0.8426355123519897,0.9890669584274292,-0.25326788425445557,-0.07994259893894196,-0.18514423072338104,4.660341739654541,0.6875569820404053,1.4544191360473633,1.5442640781402588,0.1607753187417984,0.0328620970249176,0.11075052618980408,0.22511407732963562,0.08894598484039307,0.085933618247509,0.11436355113983154,0.0030123665928840637,714.0,521.0,659.0,842.0
gkzjrumx,0.30097639560699463,0.3725641667842865,0.17709456384181976,0.24367046356201172,0.9930990934371948,1.2293095588684082,0.5843396782875061,0.8040129542350769,-0.10628559440374374,-0.15822544693946838,-0.12625683844089508,3.6107614040374756,0.7757924199104309,1.2889996767044067,1.6007484197616577,0.07158777117729187,0.06657589972019196,0.10857665538787842,0.0891498252749443,0.06767171621322632,0.08423087745904922,0.019426830112934113,0.016559161245822906,714.0,521.0,659.0,842.0
qw3b4nth,0.17104697227478027,0.23872020840644836,0.14667809009552002,0.2176455855369568,0.7160969376564026,0.9994144439697266,0.6140753626823425,0.9111844897270203,-0.16515004634857178,-0.19479189813137054,-0.1791011244058609,3.2407712936401367,0.6962054371833801,1.436349868774414,1.1247307062149048,0.06767323613166809,0.07096749544143677,0.044778600335121155,0.04874417558312416,0.04403280094265938,0.08423580974340439,0.003965575248003006,0.04020300880074501,714.0,521.0,659.0,842.0
zm32hzs3,0.26635366678237915,0.28552907705307007,0.17979882657527924,0.17193447053432465,1.1191987991333008,1.1997724771499634,0.7555016279220581,0.722456157207489,-0.03474538028240204,0.02235879749059677,-0.012517530471086502,3.796929121017456,0.9752722382545471,1.0253500938415527,1.5690330266952515,0.019175410270690918,0.00786435604095459,0.08099035918712616,0.08036880940198898,0.08666589111089706,0.05584987252950668,0.0006215497851371765,0.03081601858139038,714.0,521.0,659.0,842.0
2d1jqbex,0.1582501232624054,0.16957694292068481,0.13053250312805176,0.1889103353023529,0.8061726689338684,0.8638748526573181,0.6649709939956665,0.9623647928237915,-0.034551095217466354,-0.18274833261966705,-0.10769007354974747,3.2973833084106445,0.8055566549301147,1.2413697242736816,1.0262432098388672,0.011326819658279419,0.05837783217430115,0.05557074025273323,0.06934000551700592,0.05125068873167038,0.04200836643576622,0.01376926526427269,0.00924232229590416,714.0,521.0,659.0,842.0
gfvnnvbz,0.24339033663272858,0.30027827620506287,0.2923642694950104,0.23883755505084991,0.9889760613441467,1.2201306819915771,1.1879734992980957,0.9704766273498535,-0.10463695973157883,0.10076510906219482,-0.0031270950566977262,4.367556571960449,0.9937634468078613,1.0062719583511353,1.0234670639038086,0.05688793957233429,0.05352671444416046,0.0903179794549942,0.08288003504276276,0.0859607607126236,0.08134095370769501,0.007437944412231445,0.004619807004928589,714.0,521.0,659.0,842.0
w5apmxd6,0.2825164794921875,0.34542542695999146,0.20416656136512756,0.2493802011013031,1.125205397605896,1.3757588863372803,0.8131536841392517,0.993230402469635,-0.10018258541822433,-0.0996888130903244,-0.0999755933880806,4.307348251342773,0.8182206153869629,1.2221596240997314,1.3845109939575195,0.06290894746780396,0.04521363973617554,0.060440681874752045,0.1278601586818695,0.04940970987081528,0.10012222081422806,0.06741947680711746,0.05071251094341278,714.0,521.0,659.0,842.0
lqga3qup,0.2206396609544754,0.44466498494148254,0.0982455462217331,0.22428952157497406,1.0764069557189941,2.1693310737609863,0.4792981743812561,1.0942130088806152,-0.3367254137992859,-0.39079031348228455,-0.35437828302383423,4.819249153137207,0.47669121623039246,2.0977842807769775,2.0627293586730957,0.22402532398700714,0.12604397535324097,0.05986606702208519,0.2715696394443512,0.059636037796735764,0.13813573122024536,0.2117035686969757,0.0784996896982193,714.0,521.0,659.0,842.0
o4jnmyk8,0.20484372973442078,0.2072104960680008,0.1827116310596466,0.09938699007034302,0.9215469360351562,0.9321945309638977,0.8219794631004333,0.4471202492713928,-0.00574380811303854,0.2953730821609497,0.11662816256284714,3.1228411197662354,1.2640485763549805,0.7911041975021362,1.4606691598892212,0.002366766333580017,0.08332464098930359,0.0655672550201416,0.07408180087804794,0.07698740810155869,0.056656379252672195,0.008514545857906342,0.02033102884888649,714.0,521.0,659.0,842.0
516sp18o,0.18065966665744781,0.2205311506986618,0.1896803081035614,0.23763369023799896,0.7215650081634521,0.8808139562606812,0.7575939297676086,0.9491224884986877,-0.09938259422779083,-0.11222022026777267,-0.10600390285253525,3.3090953826904297,0.8083099126815796,1.2371431589126587,0.9388643503189087,0.03987148404121399,0.04795338213443756,0.0691436305642128,0.08406998962163925,0.05038181319832802,0.06668206304311752,0.014926359057426453,0.016300249844789505,714.0,521.0,659.0,842.0
bs7587h9,0.13839764893054962,0.19721905887126923,0.10269977897405624,0.17877113819122314,0.7409422993659973,1.0558557510375977,0.54982590675354,0.9570906758308411,-0.17526312172412872,-0.2702626883983612,-0.218595489859581,3.3037145137786865,0.6412315368652344,1.5594885349273682,1.192362904548645,0.058821409940719604,0.0760713592171669,0.060316041111946106,0.05759069323539734,0.03630559891462326,0.04697854816913605,0.002725347876548767,0.010672949254512787,714.0,521.0,659.0,842.0
1el88l12,0.21230454742908478,0.21518120169639587,0.14782270789146423,0.16879907250404358,0.986075758934021,0.9994367957115173,0.686581552028656,0.7840089797973633,-0.006729223765432835,-0.06625033169984818,-0.0320558100938797,3.4561030864715576,0.9378771185874939,1.0662319660186768,1.3501421213150024,0.002876654267311096,0.020976364612579346,0.06398065388202667,0.04674297943711281,0.058020155876874924,0.05754609778523445,0.017237674444913864,0.0004740580916404724,714.0,521.0,659.0,842.0
qfaf5kci,0.3378428816795349,0.6136055588722229,0.2077418863773346,0.50726717710495,1.325692892074585,2.4077835083007812,0.8151775598526001,1.9905126094818115,-0.28983429074287415,-0.41891056299209595,-0.34521588683128357,6.539166450500488,0.4867495894432068,2.054438829421997,1.3306783437728882,0.275762677192688,0.29952529072761536,0.08589541912078857,0.21071955561637878,0.10255500674247742,0.326727956533432,0.12482413649559021,0.2241729497909546,714.0,521.0,659.0,842.0
hdiy4nrm,0.2894391119480133,0.3038114607334137,0.23166432976722717,0.2578836977481842,1.0136423110961914,1.0639756917953491,0.8113097548484802,0.9031323790550232,-0.024226397275924683,-0.05355820432305336,-0.03748774901032448,3.792060375213623,0.9277318716049194,1.077893614768982,1.211830735206604,0.01437234878540039,0.02621936798095703,0.07144087553024292,0.060862280428409576,0.04859915003180504,0.08537517488002777,0.010578595101833344,0.03677602484822273,714.0,521.0,659.0,842.0
qyz6y3z1,0.29680904746055603,0.32269877195358276,0.21113039553165436,0.24669072031974792,1.187371850013733,1.2909425497055054,0.844618022441864,0.986875593662262,-0.04179072752594948,-0.0776727944612503,-0.05703917145729065,4.309808254241943,0.892075777053833,1.1209768056869507,1.3531625270843506,0.025889724493026733,0.03556032478809357,0.09091560542583466,0.07783378660678864,0.11853773146867752,0.09188374131917953,0.01308181881904602,0.026653990149497986,714.0,521.0,659.0,842.0
de1e1630,0.4407583773136139,0.4940294027328491,0.38794147968292236,0.4598012864589691,1.014056921005249,1.1366180181503296,0.8925405740737915,1.0578690767288208,-0.05698723345994949,-0.0847659483551979,-0.0701984167098999,4.101084232330322,0.8688113689422607,1.1509952545166016,1.1026772260665894,0.05327102541923523,0.07185980677604675,0.11718621850013733,0.13896775245666504,0.1374775618314743,0.0971444845199585,0.02178153395652771,0.04033307731151581,714.0,521.0,659.0,842.0
pocr0vhv,0.1608687788248062,0.1938636153936386,0.1244320198893547,0.1546616405248642,0.7724898457527161,0.9309306144714355,0.5975210070610046,0.7426832318305969,-0.09301304817199707,-0.10831314325332642,-0.0997503474354744,3.0436246395111084,0.8185919523239136,1.221601963043213,1.2710109949111938,0.0329948365688324,0.03022962063550949,0.048098061233758926,0.06048848107457161,0.048522595316171646,0.05285852774977684,0.012390419840812683,0.004335932433605194,714.0,521.0,659.0,842.0
1nm3v16x,0.22881020605564117,0.2943958044052124,0.1804937869310379,0.21955925226211548,0.8105792999267578,1.042921781539917,0.639414370059967,0.7778070569038391,-0.12535305321216583,-0.09765046834945679,-0.11334949731826782,3.2707223892211914,0.7963793277740479,1.2556774616241455,1.3078383207321167,0.06558559834957123,0.039065465331077576,0.08083320409059525,0.08243071287870407,0.05944523587822914,0.10419955104589462,0.0015975087881088257,0.04475431516766548,714.0,521.0,659.0,842.0
eghpmxpk,0.18060217797756195,0.22160837054252625,0.3949565589427948,0.2922217547893524,0.5930432677268982,0.7276952266693115,1.2969186305999756,0.9595683813095093,-0.10195180028676987,0.14950217306613922,0.05666346102952957,3.577225685119629,1.1201320886611938,0.8927485346794128,0.5853065252304077,0.041006192564964294,0.10273480415344238,0.17439043521881104,0.10907074064016342,0.1457093507051468,0.07837894558906555,0.06531969457864761,0.06733040511608124,714.0,521.0,659.0,842.0
n3b8pfy4,0.21972019970417023,0.35888078808784485,0.19497215747833252,0.268111914396286,0.9044263362884521,1.4772480726242065,0.8025568723678589,1.1036194562911987,-0.24051176011562347,-0.15794020891189575,-0.20380455255508423,4.287850856781006,0.6613979339599609,1.511942982673645,1.249448537826538,0.13916058838367462,0.07313975691795349,0.05947130173444748,0.19883257150650024,0.07602773606777191,0.09548414498567581,0.13936126232147217,0.0194564089179039,714.0,521.0,659.0,842.0
qcyd52al,0.21315215528011322,0.2665305733680725,0.1974305808544159,0.2076927125453949,0.9986550211906433,1.2487422227859497,0.9249967336654663,0.973076581954956,-0.11127835512161255,-0.02533082105219364,-0.07192592322826385,4.14547061920166,0.8657985925674438,1.154997706413269,1.1840384006500244,0.05337841808795929,0.010262131690979004,0.056165654212236404,0.0611271895468235,0.059165194630622864,0.060090914368629456,0.004961535334587097,0.0009257197380065918,714.0,521.0,659.0,842.0
unqr8o1k,0.30421504378318787,0.4233953058719635,0.273699551820755,0.3762468993663788,0.8520202040672302,1.1858104467391968,0.7665549516677856,1.0537611246109009,-0.1637965887784958,-0.15777790546417236,-0.16095703840255737,3.8581466674804688,0.7227155566215515,1.3836660385131836,1.1194909811019897,0.11918026208877563,0.10254734754562378,0.09788467735052109,0.11165647953748703,0.08351527899503708,0.07551738619804382,0.013771802186965942,0.007997892796993256,714.0,521.0,659.0,842.0
jwv2qnrm,0.2736344337463379,0.37702858448028564,0.187373086810112,0.27528539299964905,1.0696649551391602,1.4738433361053467,0.7324605584144592,1.0761187076568604,-0.15890559554100037,-0.19001513719558716,-0.17183378338813782,4.352087497711182,0.7067253589630127,1.4149714708328247,1.4063540697097778,0.10339415073394775,0.08791230618953705,0.0717572271823883,0.13829374313354492,0.05989771708846092,0.16319581866264343,0.06653651595115662,0.10329809784889221,714.0,521.0,659.0,842.0
tn29tnyf,0.32040145993232727,0.3968362808227539,0.15177030861377716,0.31575432419776917,0.9436766505241394,1.168799638748169,0.44700825214385986,0.9299894571304321,-0.10656817257404327,-0.3507486879825592,-0.20292559266090393,3.489473819732666,0.6626120805740356,1.5091732740402222,1.534114122390747,0.07643482089042664,0.163984015583992,0.13162203133106232,0.08891981840133667,0.06128062307834625,0.10006435960531235,0.04270221292972565,0.038783736526966095,714.0,521.0,659.0,842.0
m7vh30qb,0.3288484811782837,0.37867262959480286,0.16581648588180542,0.23660306632518768,1.0543619394302368,1.2141094207763672,0.5316448211669922,0.758602499961853,-0.07042062282562256,-0.17590199410915375,-0.10866402089595795,3.558718681335449,0.8039715886116028,1.2438204288482666,1.7581632137298584,0.049824148416519165,0.07078658044338226,0.11957176774740219,0.13624216616153717,0.10721052438020706,0.08714689314365387,0.01667039841413498,0.020063631236553192,714.0,521.0,659.0,842.0
kern6yjm,0.23716016113758087,0.2986493408679962,0.16512711346149445,0.22503435611724854,0.9036918878555298,1.137994647026062,0.6292120814323425,0.85748690366745,-0.1147591844201088,-0.1535443514585495,-0.131101593375206,3.528385639190674,0.768186092376709,1.3017621040344238,1.3732984066009521,0.061489179730415344,0.05990724265575409,0.06968299299478531,0.07955773174762726,0.06019916385412216,0.0636620819568634,0.00987473875284195,0.0034629181027412415,714.0,521.0,659.0,842.0
k3tgmalw,0.1759064644575119,0.3963935971260071,0.2019612044095993,0.2646312415599823,0.7960132360458374,1.793763279914856,0.9139163494110107,1.1975113153457642,-0.38526421785354614,-0.13431401550769806,-0.27255648374557495,4.701204299926758,0.571638286113739,1.749350666999817,1.226549744606018,0.22048713266849518,0.062670037150383,0.07629246264696121,0.14564958214759827,0.07440657913684845,0.07558570802211761,0.06935711950063705,0.001179128885269165,714.0,521.0,659.0,842.0
vmb0idd0,0.28623253107070923,0.34545019268989563,0.258108913898468,0.31725841760635376,0.8568674921989441,1.0341418981552124,0.7726764678955078,0.9497467875480652,-0.09374573826789856,-0.10280285030603409,-0.09806312620639801,3.6134326457977295,0.821387529373169,1.2174479961395264,1.0978753566741943,0.0592176616191864,0.05914950370788574,0.10680272430181503,0.16243377327919006,0.07293610274791718,0.11599132418632507,0.05563104897737503,0.0430552214384079,714.0,521.0,659.0,842.0
wpj8yi34,0.37495094537734985,0.45491740107536316,0.33026447892189026,0.4472924470901489,0.9895842671394348,1.2006347179412842,0.8716461062431335,1.1805106401443481,-0.09636029601097107,-0.15050707757472992,-0.12255269289016724,4.24237585067749,0.781652569770813,1.2793375253677368,1.0672752857208252,0.0799664556980133,0.11702796816825867,0.14128591120243073,0.15064966678619385,0.12053091824054718,0.165421262383461,0.009363755583763123,0.04489034414291382,714.0,521.0,659.0,842.0
0sqcnf9w,0.19335313141345978,0.17451100051403046,0.2181093841791153,0.23020558059215546,0.9825333952903748,0.886786162853241,1.1083334684371948,1.169800877571106,0.05122021213173866,-0.026981407776474953,0.008265252225100994,4.147453784942627,1.0166656970977783,0.9836025834083557,0.820546567440033,0.01884213089942932,0.012096196413040161,0.07602450996637344,0.0862312763929367,0.0890289917588234,0.07957183569669724,0.010206766426563263,0.00945715606212616,714.0,521.0,659.0,842.0
5n9c70pa,0.21237191557884216,0.28631123900413513,0.18534381687641144,0.25170978903770447,0.8302693367004395,1.1193355321884155,0.7246028184890747,0.9840610027313232,-0.14826883375644684,-0.1518482267856598,-0.14994080364704132,3.658268690109253,0.7392182946205139,1.3527743816375732,1.141008734703064,0.07393932342529297,0.06636597216129303,0.0925123542547226,0.1010550856590271,0.08812358975410461,0.0674799308180809,0.008542731404304504,0.020643658936023712,714.0,521.0,659.0,842.0
8jx54peg,0.17850923538208008,0.24015367031097412,0.0979454293847084,0.1832621693611145,0.819282054901123,1.1022039651870728,0.44952818751335144,0.8410959839820862,-0.14724086225032806,-0.30339306592941284,-0.20998309552669525,3.2121100425720215,0.6529136896133423,1.531586766242981,1.4887983798980713,0.06164443492889404,0.0853167399764061,0.08006243407726288,0.05086115747690201,0.043843142688274384,0.05221221596002579,0.02920127660036087,0.008369073271751404,714.0,521.0,659.0,842.0
jks4i2nr,0.18177548050880432,0.27470216155052185,0.13860203325748444,0.2228732854127884,0.6482309699058533,0.9796175360679626,0.49426978826522827,0.7947901487350464,-0.20357289910316467,-0.23313075304031372,-0.2166355699300766,2.9169082641601562,0.6438759565353394,1.5530861616134644,1.2628147602081299,0.09292668104171753,0.08427125215530396,0.06241344287991524,0.07605449855327606,0.042968060821294785,0.05259042978286743,0.013641055673360825,0.009622368961572647,714.0,521.0,659.0,842.0
1p02jyv6,0.3679369390010834,0.47580471634864807,0.3096989691257477,0.3734176456928253,1.0958961248397827,1.4171791076660156,0.92243492603302,1.112220287322998,-0.1278444081544876,-0.09327628463506699,-0.11237869411706924,4.547730445861816,0.7979477643966675,1.253211498260498,1.2351337671279907,0.1078677773475647,0.06371867656707764,0.0948905199766159,0.08445736765861511,0.07692652195692062,0.14614933729171753,0.010433152318000793,0.0692228153347969,714.0,521.0,659.0,842.0
yjoaoejv,0.24138528108596802,0.3851625621318817,0.16672928631305695,0.195501446723938,1.021253228187561,1.6295464038848877,0.7053984999656677,0.8271278142929077,-0.2294749766588211,-0.07943025976419449,-0.1745075285434723,4.183326244354248,0.7028398513793945,1.4227931499481201,1.7296878099441528,0.1437772810459137,0.028772160410881042,0.08492811769247055,0.17854736745357513,0.06187266856431961,0.07104353606700897,0.09361924976110458,0.009170867502689362,714.0,521.0,659.0,842.0
9lhalckz,0.2709030508995056,0.30588895082473755,0.19928598403930664,0.3286571502685547,0.922549307346344,1.0416923761367798,0.6786602735519409,1.119228482246399,-0.060655899345874786,-0.24504706263542175,-0.14877495169639587,3.7621302604675293,0.7409836649894714,1.3495523929595947,1.0925246477127075,0.034985899925231934,0.12937116622924805,0.08502061665058136,0.06856415420770645,0.07186737656593323,0.07079237699508667,0.01645646244287491,0.0010749995708465576,714.0,521.0,659.0,842.0
3vwlo7am,0.5634887218475342,0.6803728342056274,0.6708304286003113,0.6317052245140076,1.3767623901367188,1.6623433828353882,1.6390286684036255,1.5434346199035645,-0.09396867454051971,0.03003769926726818,-0.030536776408553123,6.221569061279297,0.9407354593276978,1.062996506690979,0.9549532532691956,0.11688411235809326,0.03912520408630371,0.09604334831237793,0.136132150888443,0.19196024537086487,0.2288593351840973,0.040088802576065063,0.03689908981323242,714.0,521.0,659.0,842.0
mpq0hzyj,0.22355042397975922,0.2619728744029999,0.1267448216676712,0.18260458111763,1.0290851593017578,1.2059578895568848,0.5834532380104065,0.8405963778495789,-0.07913599908351898,-0.18057113885879517,-0.11861281841993332,3.659092664718628,0.7879266738891602,1.2691470384597778,1.5694928169250488,0.03842245042324066,0.0558597594499588,0.08014827221632004,0.09044267982244492,0.04217717796564102,0.06674715131521225,0.010294407606124878,0.024569973349571228,714.0,521.0,659.0,842.0
b48wumh9,0.11523213237524033,0.10295046865940094,0.14488565921783447,0.10838798433542252,0.48388156294822693,0.43230852484703064,0.6084023118019104,0.45514169335365295,0.05629049986600876,0.14410315454006195,0.10346502810716629,1.9797340631484985,1.2308056354522705,0.812468945980072,0.8614466190338135,0.012281663715839386,0.03649767488241196,0.050252366811037064,0.07959405332803726,0.08161664009094238,0.08907479047775269,0.0293416865170002,0.007458150386810303,714.0,521.0,659.0,842.0
nklybwgm,0.29400351643562317,0.36124294996261597,0.3389289379119873,0.28601548075675964,0.9603251814842224,1.1799542903900146,1.107068419456482,0.9342333078384399,-0.10261684656143188,0.08466891944408417,-0.011190492659807205,4.181581020355225,0.9778651595115662,1.0226325988769531,1.0484858751296997,0.0672394335269928,0.05291345715522766,0.12075892090797424,0.11308109015226364,0.13000327348709106,0.11658765375614166,0.007677830755710602,0.013415619730949402,714.0,521.0,659.0,842.0
p9a9uri7,0.2596992552280426,0.38705530762672424,0.3459051847457886,0.3413899540901184,0.8562145233154297,1.2761006355285645,1.1404309272766113,1.1255444288253784,-0.19691526889801025,0.006569555960595608,-0.09208112210035324,4.398290634155273,0.8313645124435425,1.2028381824493408,0.9410129189491272,0.12735605239868164,0.004515230655670166,0.11799588054418564,0.12832817435264587,0.11279255896806717,0.14490874111652374,0.010332293808460236,0.032116182148456573,714.0,521.0,659.0,842.0
ev4dh9ug,0.2612959146499634,0.24763266742229462,0.24178504943847656,0.33415672183036804,0.8904379606246948,0.8438766598701477,0.8239492774009705,1.1387312412261963,0.026847027242183685,-0.160383403301239,-0.07255092263221741,3.696995258331299,0.8647117018699646,1.1564503908157349,0.8836443424224854,0.013663247227668762,0.09237167239189148,0.0767212063074112,0.07661580294370651,0.09435277432203293,0.07847702503204346,0.0001054033637046814,0.01587574928998947,714.0,521.0,659.0,842.0
f10oo1pv,0.19566361606121063,0.2404489666223526,0.1350303292274475,0.21097327768802643,0.8918479084968567,1.095982551574707,0.6154773235321045,0.9616303443908691,-0.10269194096326828,-0.21948537230491638,-0.15436086058616638,3.5649380683898926,0.73255854845047,1.365071415901184,1.260424256324768,0.04478535056114197,0.07594294846057892,0.062115516513586044,0.05528564006090164,0.06902025640010834,0.07530982792377472,0.0068298764526844025,0.006289571523666382,714.0,521.0,659.0,842.0
lnd581lt,0.2819334864616394,0.45679590106010437,0.20813661813735962,0.3090146780014038,0.8353918790817261,1.3535234928131104,0.616725742816925,0.9156356453895569,-0.2367066740989685,-0.1950644999742508,-0.21955929696559906,3.7212765216827393,0.6399355530738831,1.5626519918441772,1.4284560680389404,0.17486241459846497,0.10087805986404419,0.11626860499382019,0.13260029256343842,0.09236878156661987,0.11650010943412781,0.016331687569618225,0.024131327867507935,714.0,521.0,659.0,842.0
o4rq3q7g,0.22136417031288147,0.35647162795066833,0.19147557020187378,0.23879820108413696,0.9162683486938477,1.4755038022994995,0.792553722858429,0.9884310960769653,-0.23381593823432922,-0.10998234897851944,-0.18096235394477844,4.172757148742676,0.6935326457023621,1.4418872594833374,1.3429460525512695,0.13510745763778687,0.047322630882263184,0.063921257853508,0.17330273985862732,0.07709626853466034,0.07259287685155869,0.10938148200511932,0.004503391683101654,714.0,521.0,659.0,842.0
ktmqg6nx,0.23292788863182068,0.2235855758190155,0.16752922534942627,0.2434946447610855,0.8636565804481506,0.8290168642997742,0.6211695671081543,0.9028363227844238,0.020464438945055008,-0.1848195195198059,-0.07679558545351028,3.216679334640503,0.8573607206344604,1.1663647890090942,1.1106711626052856,0.009342312812805176,0.07596541941165924,0.06246184557676315,0.05635190010070801,0.06766367703676224,0.06267637759447098,0.006109945476055145,0.00498729944229126,714.0,521.0,659.0,842.0
9owwew9v,0.19207917153835297,0.34005624055862427,0.16381314396858215,0.23064664006233215,0.9159287810325623,1.6215568780899048,0.7811423540115356,1.0998376607894897,-0.2780810594558716,-0.16943000257015228,-0.23182763159275055,4.418465614318848,0.6236023306846619,1.6035785675048828,1.3490197658538818,0.1479770690202713,0.06683349609375,0.04268848896026611,0.21930935978889465,0.055014826357364655,0.09401753544807434,0.17662087082862854,0.039002709090709686,714.0,521.0,659.0,842.0
08liuqdn,0.1917838752269745,0.2925987243652344,0.16039177775382996,0.18619954586029053,0.981224000453949,1.497023105621338,0.8206125497817993,0.9526528716087341,-0.20813018083572388,-0.0744614526629448,-0.1523783802986145,4.25151252746582,0.7355391979217529,1.3595399856567383,1.3975571393966675,0.10081484913825989,0.02580776810646057,0.0515294149518013,0.18596072494983673,0.05275251716375351,0.06571200489997864,0.13443130254745483,0.012959487736225128,714.0,521.0,659.0,842.0
05xt54fn,0.19139429926872253,0.24322524666786194,0.1902305632829666,0.2512400448322296,0.7364428639411926,0.9358768463134766,0.7319650650024414,0.9667159914970398,-0.11925562471151352,-0.1381956934928894,-0.12879985570907593,3.3710007667541504,0.7717914581298828,1.2956806421279907,0.9844789505004883,0.051830947399139404,0.061009481549263,0.06071418151259422,0.06895002722740173,0.06541231274604797,0.06546486914157867,0.00823584571480751,5.2556395530700684e-05,714.0,521.0,659.0,842.0
5g77lk6h,0.2902509272098541,0.5694865584373474,0.25914618372917175,0.4543815851211548,0.8548312783241272,1.6772209405899048,0.7632232904434204,1.3382200002670288,-0.3247913420200348,-0.27361950278282166,-0.3015834093093872,4.633495807647705,0.5365892648696899,1.8636177778244019,1.204909324645996,0.2792356312274933,0.19523540139198303,0.09455748647451401,0.2152707427740097,0.11535122245550156,0.2077430933713913,0.1207132562994957,0.09239187091588974,714.0,521.0,659.0,842.0
qiv929se,0.39052775502204895,0.39494049549102783,0.27025657892227173,0.2867843806743622,1.1676257848739624,1.1808192729949951,0.8080310225486755,0.8574469685554504,-0.005617967341095209,-0.029670659452676773,-0.015598050318658352,4.013923168182373,0.9692815542221069,1.0316888093948364,1.4100701808929443,0.004412740468978882,0.016527801752090454,0.11756443232297897,0.1015797033905983,0.08406206965446472,0.09754303097724915,0.015984728932380676,0.013480961322784424,714.0,521.0,659.0,842.0
vl7fq8ab,0.3341924548149109,0.3290320932865143,0.24227850139141083,0.35314106941223145,1.0485751628875732,1.0323837995529175,0.7601823806762695,1.1080291271209717,0.007780703250318766,-0.18619202077388763,-0.08398091048002243,3.9491703510284424,0.8450495600700378,1.1833586692810059,1.1138757467269897,0.0051603615283966064,0.11086256802082062,0.10514303296804428,0.08892431855201721,0.078606516122818,0.09800255298614502,0.01621871441602707,0.019396036863327026,714.0,521.0,659.0,842.0
y595cpjz,0.23994088172912598,0.23797878623008728,0.22833377122879028,0.19250574707984924,0.9775857329368591,0.9695916175842285,0.9302951693534851,0.7843218445777893,0.0041054836474359035,0.08513443917036057,0.04204694554209709,3.661794424057007,1.0877825021743774,0.9192972779273987,1.1356313228607178,0.0019620954990386963,0.03582802414894104,0.07176602631807327,0.09594331681728363,0.062354620546102524,0.05491039156913757,0.024177290499210358,0.0074442289769649506,714.0,521.0,659.0,842.0
e1xtar0k,0.23065653443336487,0.30892154574394226,0.1590745598077774,0.24506276845932007,0.8539625406265259,1.1437240839004517,0.5889437198638916,0.9072989225387573,-0.14504826068878174,-0.2127692550420761,-0.1740492880344391,3.493929386138916,0.7035044431686401,1.421448826789856,1.335132122039795,0.07826501131057739,0.08598820865154266,0.07320776581764221,0.06797618418931961,0.06434743851423264,0.07432692497968674,0.005231581628322601,0.009979486465454102,714.0,521.0,659.0,842.0
o31nzsxp,0.28010064363479614,0.28927531838417053,0.210534006357193,0.24884669482707977,0.94410640001297,0.9750305414199829,0.7096253037452698,0.8387619256973267,-0.016113532707095146,-0.08340055495500565,-0.04615990072488785,3.4675240516662598,0.9117518663406372,1.096785306930542,1.239439845085144,0.00917467474937439,0.03831268846988678,0.10901212692260742,0.10801093280315399,0.07453867048025131,0.12714159488677979,0.0010011941194534302,0.05260292440652847,714.0,521.0,659.0,842.0
efj31ego,0.2518858313560486,0.27175554633140564,0.1879999339580536,0.19179615378379822,0.9616456031799316,1.0375038385391235,0.7177430987358093,0.7322362065315247,-0.037945203483104706,-0.00999538879841566,-0.026195401325821877,3.4491286277770996,0.9489444494247437,1.053797721862793,1.3787397146224976,0.019869714975357056,0.003796219825744629,0.08194422721862793,0.1004958227276802,0.07317866384983063,0.07870657742023468,0.018551595509052277,0.005527913570404053,714.0,521.0,659.0,842.0
m62hdxc6,0.23568791151046753,0.2836761772632599,0.19757552444934845,0.19898687303066254,0.9052186608314514,1.0895296335220337,0.7588384747505188,0.7642590999603271,-0.09239793568849564,-0.0035589481703937054,-0.05393398180603981,3.517845869064331,0.8976500630378723,1.1140148639678955,1.3096622228622437,0.04798826575279236,0.001411348581314087,0.06662677973508835,0.08985080569982529,0.06771787256002426,0.06990956515073776,0.02322402596473694,0.002191692590713501,714.0,521.0,659.0,842.0
rijkq2zu,0.2526685893535614,0.3107913136482239,0.206144779920578,0.25160637497901917,1.0566474199295044,1.2997138500213623,0.8620871901512146,1.0522053241729736,-0.10315307974815369,-0.0993148684501648,-0.10143274813890457,4.27065372467041,0.8158150911331177,1.2257630825042725,1.23092782497406,0.058122724294662476,0.04546159505844116,0.08923626691102982,0.09673529863357544,0.08561914414167404,0.08650537580251694,0.007499031722545624,0.0008862316608428955,714.0,521.0,659.0,842.0
v1fkhnnk,0.2416987121105194,0.27106913924217224,0.17450475692749023,0.16332921385765076,1.0170873403549194,1.1406804323196411,0.734329879283905,0.68730229139328,-0.0572781004011631,0.03307988867163658,-0.021390575915575027,3.579400062561035,0.9581125378608704,1.0437138080596924,1.5178056955337524,0.029370427131652832,0.011175543069839478,0.06276855617761612,0.11280372738838196,0.06586300581693649,0.07474148273468018,0.05003517121076584,0.008878476917743683,714.0,521.0,659.0,842.0
8fwrpk0z,0.12245254963636398,0.20366883277893066,0.1141149252653122,0.11499536037445068,0.5136374235153198,0.8543058633804321,0.4786645472049713,0.48235762119293213,-0.24903619289398193,-0.0038428273983299732,-0.14786003530025482,2.328965425491333,0.7423699498176575,1.34702730178833,1.4234191179275513,0.08121628314256668,0.0008804351091384888,0.03556808829307556,0.052432555705308914,0.03312063217163086,0.04374310374259949,0.016864467412233353,0.010622471570968628,714.0,521.0,659.0,842.0
fknwbhkv,0.19088470935821533,0.2333163022994995,0.15983489155769348,0.20120932161808014,0.7763357162475586,0.948906660079956,0.6500548720359802,0.8183262944221497,-0.10002685338258743,-0.11459624767303467,-0.10672577470541,3.1936235427856445,0.8071302771568298,1.2389508485794067,1.1749248504638672,0.04243159294128418,0.04137443006038666,0.05135562643408775,0.05907754227519035,0.04427216574549675,0.05353398248553276,0.0077219158411026,0.00926181674003601,714.0,521.0,659.0,842.0
jz09owgm,0.26264238357543945,0.2931275963783264,0.29136955738067627,0.27479222416877747,1.0906249284744263,1.2172150611877441,1.2099148035049438,1.1410772800445557,-0.054852113127708435,0.029280154034495354,-0.01239638403058052,4.658831596374512,0.9755090475082397,1.025102138519287,0.9816434383392334,0.030485212802886963,0.016577333211898804,0.12543919682502747,0.10239149630069733,0.11492784321308136,0.09120116382837296,0.02304770052433014,0.023726679384708405,714.0,521.0,659.0,842.0
f4ln5rgs,0.2966620624065399,0.3117128014564514,0.18777570128440857,0.2446909248828888,1.0219639539718628,1.0738117694854736,0.6468639373779297,0.8429297804832458,-0.024739211425185204,-0.13160574436187744,-0.06914205849170685,3.585569381713867,0.8706570863723755,1.1485532522201538,1.4067522287368774,0.015050739049911499,0.056915223598480225,0.06208202987909317,0.08049588650465012,0.0869862362742424,0.07606395334005356,0.018413856625556946,0.010922282934188843,714.0,521.0,659.0,842.0
g6a8mlik,0.2225884199142456,0.26479727029800415,0.18893739581108093,0.2157822698354721,0.8642797470092773,1.0281708240509033,0.7336174845695496,0.837852418422699,-0.08660238236188889,-0.06632938981056213,-0.07740527391433716,3.4639205932617188,0.856309711933136,1.1677963733673096,1.204252004623413,0.042208850383758545,0.026844874024391174,0.07460565119981766,0.07168815284967422,0.09549817442893982,0.10389074683189392,0.0029174983501434326,0.008392572402954102,714.0,521.0,659.0,842.0
22xmq664,0.2741474509239197,0.34747618436813354,0.15389199554920197,0.24206699430942535,0.9527865052223206,1.207637071609497,0.5348443388938904,0.8412923812866211,-0.1179630383849144,-0.22268663346767426,-0.1587129831314087,3.536560297012329,0.7260515093803406,1.3773071765899658,1.5699151754379272,0.07332873344421387,0.08817499876022339,0.0656442940235138,0.12195570021867752,0.07478319108486176,0.10855455696582794,0.05631140619516373,0.033771365880966187,714.0,521.0,659.0,842.0
42sihxod,0.1669800877571106,0.16422522068023682,0.1718338280916214,0.21618475019931793,0.7519533634185791,0.7395475506782532,0.7738109827041626,0.973534345626831,0.0083176763728261,-0.11430072784423828,-0.05783456191420555,3.2388460636138916,0.8906522989273071,1.1227662563323975,0.8535788059234619,0.0027548670768737793,0.04435092210769653,0.0550832636654377,0.08336625248193741,0.0444185808300972,0.052491579204797745,0.02828298881649971,0.008072998374700546,714.0,521.0,659.0,842.0
lctt058c,0.3393341898918152,0.40940412878990173,0.209778293967247,0.2799810469150543,1.0831255912780762,1.306782841682434,0.6695942878723145,0.8936754465103149,-0.09358389675617218,-0.1433410346508026,-0.11326025426387787,3.9531779289245605,0.7965238094329834,1.2554510831832886,1.5287851095199585,0.07006993889808655,0.07020275294780731,0.09131594002246857,0.07355593889951706,0.08196382969617844,0.11814954876899719,0.017760001122951508,0.036185719072818756,714.0,521.0,659.0,842.0
uij0yxiy,0.28025367856025696,0.3773422837257385,0.22574292123317719,0.30581289529800415,0.9582030773162842,1.2901544570922852,0.7718276977539062,1.0455914735794067,-0.14764149487018585,-0.15063294768333435,-0.1489788442850113,4.065776824951172,0.7406747937202454,1.350115418434143,1.2371132373809814,0.09708860516548157,0.08006997406482697,0.12258635461330414,0.09672974050045013,0.09824768453836441,0.12002184242010117,0.025856614112854004,0.021774157881736755,714.0,521.0,659.0,842.0
qbvtdg3c,0.3441477417945862,0.35773494839668274,0.29096803069114685,0.34766480326652527,0.9835418462753296,1.022372841835022,0.8315592408180237,0.9935932755470276,-0.019358200952410698,-0.08877821266651154,-0.052430544048547745,3.8310670852661133,0.9003615975379944,1.110661506652832,1.099037766456604,0.013587206602096558,0.05669677257537842,0.09861452877521515,0.09963721036911011,0.13929492235183716,0.10709927976131439,0.0010226815938949585,0.032195642590522766,714.0,521.0,659.0,842.0
6scivuqt,0.3073343336582184,0.3956615626811981,0.25562769174575806,0.2576877474784851,0.9780339598655701,1.2591187953948975,0.8134872317314148,0.8200429677963257,-0.12564383447170258,-0.004013227764517069,-0.07431251555681229,3.870683193206787,0.8616542220115662,1.1605544090270996,1.3695175647735596,0.08832722902297974,0.0020600557327270508,0.08204177767038345,0.1092856153845787,0.0698617473244667,0.08306615799665451,0.02724383771419525,0.013204410672187805,714.0,521.0,659.0,842.0
2lwhedht,0.22092369198799133,0.26397499442100525,0.17924699187278748,0.15321090817451477,0.9202191233634949,1.0995417833328247,0.7466220855712891,0.6381733417510986,-0.08878393471240997,0.0783136859536171,-0.02081734873354435,3.4045562744140625,0.9592119455337524,1.0425173044204712,1.4585222005844116,0.043051302433013916,0.026036083698272705,0.08210045099258423,0.0948246642947197,0.0928814485669136,0.07200883328914642,0.012724213302135468,0.02087261527776718,714.0,521.0,659.0,842.0
hruu5e51,0.20974567532539368,0.3611854910850525,0.19548247754573822,0.22127828001976013,0.9385497570037842,1.6161980628967285,0.8747261762619019,0.9901547431945801,-0.2652500867843628,-0.06189579889178276,-0.17944404482841492,4.419628620147705,0.6957127451896667,1.4373687505722046,1.3699222803115845,0.1514398157596588,0.02579580247402191,0.07431202381849289,0.18537744879722595,0.05174844339489937,0.08073659241199493,0.11106542497873306,0.028988149017095566,714.0,521.0,659.0,842.0
h3wqa1vr,0.24766014516353607,0.2644006013870239,0.18278253078460693,0.19445355236530304,0.9804399609565735,1.0467122793197632,0.7236016988754272,0.7698050737380981,-0.032692257314920425,-0.0309381615370512,-0.03194817900657654,3.5205588340759277,0.9380796551704407,1.0660027265548706,1.3573977947235107,0.016740456223487854,0.011671021580696106,0.10765695571899414,0.06827641278505325,0.06744877994060516,0.07835034281015396,0.03938054293394089,0.010901562869548798,714.0,521.0,659.0,842.0
gss8k5ij,0.22335363924503326,0.4175049066543579,0.16897669434547424,0.4110335111618042,1.162911057472229,2.1737773418426514,0.8797925114631653,2.1400833129882812,-0.30295446515083313,-0.4173312783241272,-0.35729286074638367,6.356564521789551,0.473520427942276,2.111833333969116,1.1049071550369263,0.19415126740932465,0.24205681681632996,0.05529995635151863,0.28379133343696594,0.06428272277116776,0.32166996598243713,0.2284913808107376,0.25738725066185,714.0,521.0,659.0,842.0
ulp98rl9,0.23414838314056396,0.2636307179927826,0.17987947165966034,0.22251752018928528,0.9397403001785278,1.0580658912658691,0.7219353318214417,0.8930605053901672,-0.05922762677073479,-0.10595989227294922,-0.08011797815561295,3.612802028656006,0.851647675037384,1.1741892099380493,1.2370318174362183,0.029482334852218628,0.04263804852962494,0.052353549748659134,0.08821588009595871,0.06029285863041878,0.07642906159162521,0.035862330347299576,0.016136202961206436,714.0,521.0,659.0,842.0
qfcpk7pw,0.32293620705604553,0.28713464736938477,0.15702293813228607,0.2010386735200882,1.075072169303894,0.9558867812156677,0.5227378606796265,0.6692686080932617,0.05868417024612427,-0.1229274794459343,-0.008484548889100552,3.2229652404785156,0.9831715822219849,1.017112135887146,1.703810453414917,0.03580155968666077,0.044015735387802124,0.10662683099508286,0.07854079455137253,0.07602106034755707,0.08895500004291534,0.028086036443710327,0.012933939695358276,714.0,521.0,659.0,842.0
tg21hslt,0.32844117283821106,0.45389193296432495,0.3390131890773773,0.36364349722862244,0.8919259309768677,1.2326042652130127,0.9206356406211853,0.987522542476654,-0.16035445034503937,-0.0350530669093132,-0.10106530785560608,4.032688617706299,0.8164215683937073,1.2248539924621582,1.1133915185928345,0.1254507601261139,0.024630308151245117,0.13556519150733948,0.120489701628685,0.1257074624300003,0.10150033980607986,0.01507548987865448,0.02420712262392044,714.0,521.0,659.0,842.0
dkvuff12,0.34903714060783386,0.35442087054252625,0.2188369184732437,0.2823457717895508,1.0552889108657837,1.0715662240982056,0.6616378426551819,0.85365229845047,-0.0076532247476279736,-0.1267177164554596,-0.05718928575515747,3.6421451568603516,0.8918073177337646,1.1213146448135376,1.4035931825637817,0.005383729934692383,0.06350885331630707,0.13756844401359558,0.11059056967496872,0.08239926397800446,0.0966663658618927,0.02697787433862686,0.014267101883888245,714.0,521.0,659.0,842.0
4vf89x22,0.24803407490253448,0.31686699390411377,0.183182492852211,0.18841411173343658,1.0392067432403564,1.3276011943817139,0.7674933075904846,0.7894126176834106,-0.12184929847717285,-0.014078720472753048,-0.07908662408590317,3.9237136840820312,0.8534174561500549,1.1717543601989746,1.5201956033706665,0.06883291900157928,0.005231618881225586,0.062958724796772,0.11530659347772598,0.07901617139577866,0.09210323542356491,0.05234786868095398,0.013087064027786255,714.0,521.0,659.0,842.0
j7q4kfmm,0.2633747458457947,0.42173489928245544,0.17723597586154938,0.2727243900299072,1.0643506050109863,1.7043159008026123,0.7162463665008545,1.102134346961975,-0.23114538192749023,-0.21221469342708588,-0.22364117205142975,4.587047100067139,0.6344649195671082,1.5761253833770752,1.5225964784622192,0.15836015343666077,0.09548841416835785,0.06593417376279831,0.1775854080915451,0.06127730384469032,0.12663793563842773,0.1116512343287468,0.06536063551902771,714.0,521.0,659.0,842.0
0qpop1o8,0.278062105178833,0.34771478176116943,0.1945807784795761,0.24702748656272888,0.9375085234642029,1.1723480224609375,0.656044602394104,0.8328728079795837,-0.11130574345588684,-0.11876270174980164,-0.114391028881073,3.598773956298828,0.7947006821632385,1.2583305835723877,1.4170374870300293,0.06965267658233643,0.05244670808315277,0.08987970650196075,0.12084470689296722,0.1020568236708641,0.0922069251537323,0.03096500039100647,0.009849898517131805,714.0,521.0,659.0,842.0
m291azhz,0.1936783492565155,0.20875774323940277,0.12517060339450836,0.14958350360393524,0.8965367078781128,0.9663392305374146,0.5794144868850708,0.6924217939376831,-0.03747018799185753,-0.08885330706834793,-0.058317769318819046,3.1347122192382812,0.8897889256477356,1.1238553524017334,1.4647082090377808,0.015079393982887268,0.02441290020942688,0.07580508291721344,0.06972828507423401,0.04305421933531761,0.07067659497261047,0.006076797842979431,0.027622375637292862,714.0,521.0,659.0,842.0
knl2luhh,0.4307519793510437,0.426769882440567,0.27486222982406616,0.4192345440387726,1.1326608657836914,1.1221898794174194,0.7227492928504944,1.1023757457733154,0.0046437205746769905,-0.20799995958805084,-0.09047979861497879,4.0799760818481445,0.8340539932250977,1.1989599466323853,1.2354482412338257,0.003982096910476685,0.14437231421470642,0.17438235878944397,0.13394054770469666,0.10771430283784866,0.11261965334415436,0.040441811084747314,0.004905350506305695,714.0,521.0,659.0,842.0
s4dilrzq,0.2712637782096863,0.35339877009391785,0.21153147518634796,0.33251097798347473,0.8274892568588257,1.0780417919158936,0.6452760696411133,1.0143235921859741,-0.13148677349090576,-0.22237101197242737,-0.17379437386989594,3.5651307106018066,0.7038747072219849,1.420702338218689,1.148184895515442,0.08213499188423157,0.12097950279712677,0.11004023253917694,0.10058532655239105,0.10872002691030502,0.12953615188598633,0.009454905986785889,0.020816124975681305,714.0,521.0,659.0,842.0
8bxy6rkv,0.28125548362731934,0.36271125078201294,0.21171271800994873,0.49282482266426086,1.3799359798431396,1.7795859575271606,1.038735270500183,2.4179677963256836,-0.12649044394493103,-0.39900174736976624,-0.26886650919914246,6.616225242614746,0.5762090086936951,1.735475778579712,0.9140263199806213,0.0814557671546936,0.28111210465431213,0.08307316154241562,0.23337514698505402,0.1381540447473526,0.3708898723125458,0.150301992893219,0.23273582756519318,714.0,521.0,659.0,842.0
ndxjn7de,0.24265240132808685,0.3653373718261719,0.20570792257785797,0.2149539440870285,0.8744823932647705,1.3166204690933228,0.7413401007652283,0.7746613621711731,-0.2017875462770462,-0.021979646757245064,-0.12825612723827362,3.707104444503784,0.7726455926895142,1.2942492961883545,1.445313572883606,0.12268497049808502,0.009246021509170532,0.0742158442735672,0.1303863227367401,0.07517345249652863,0.09472640603780746,0.05617047846317291,0.01955295354127884,714.0,521.0,659.0,842.0
0l1offkh,0.26514336466789246,0.36086228489875793,0.21000002324581146,0.2786225378513336,0.9210209250450134,1.2535170316696167,0.7294710874557495,0.9678431153297424,-0.1529039889574051,-0.1404404491186142,-0.14744047820568085,3.871851921081543,0.7430084347724915,1.3458747863769531,1.2811614274978638,0.09571892023086548,0.06862251460552216,0.06439998000860214,0.16192638874053955,0.08031627535820007,0.10821796208620071,0.09752640873193741,0.02790168672800064,714.0,521.0,659.0,842.0
diu1jtka,0.2519223392009735,0.34624990820884705,0.209467351436615,0.26876094937324524,0.9854747653007507,1.3544672727584839,0.8193985223770142,1.051344394683838,-0.15769271552562714,-0.12398570030927658,-0.14271734654903412,4.210684776306152,0.7502126693725586,1.332950234413147,1.2508063316345215,0.09432756900787354,0.05929359793663025,0.07419046759605408,0.14951889216899872,0.07850807905197144,0.09648536890745163,0.07532842457294464,0.017977289855480194,714.0,521.0,659.0,842.0
1c2zl46q,0.1854276955127716,0.3658236861228943,0.1582275927066803,0.1956394463777542,0.783881425857544,1.5464917421340942,0.6688950657844543,0.8270508646965027,-0.3272475302219391,-0.10572260618209839,-0.24063988029956818,3.8263192176818848,0.6120699048042297,1.6337926387786865,1.5577878952026367,0.18039599061012268,0.037411853671073914,0.06568922102451324,0.15085694193840027,0.0730251893401146,0.09028554707765579,0.08516772091388702,0.0172603577375412,714.0,521.0,659.0,842.0
5gqqlyzj,0.19582663476467133,0.22727960348129272,0.20545901358127594,0.20294661819934845,0.8230581879615784,0.9552547931671143,0.8635429739952087,0.8529834151268005,-0.07433804869651794,0.006151700392365456,-0.034804701805114746,3.4948394298553467,0.9327295422554016,1.0721168518066406,1.0359926223754883,0.0314529687166214,0.0025123953819274902,0.05868571624159813,0.06524533033370972,0.06183238327503204,0.052824560552835464,0.0065596140921115875,0.009007822722196579,714.0,521.0,659.0,842.0
0aeoorbt,0.3781144618988037,0.38548338413238525,0.310369610786438,0.3668687343597412,1.065990924835205,1.0867656469345093,0.8750028014183044,1.0342867374420166,-0.009650252759456635,-0.08342563360929489,-0.044327039271593094,4.062046051025391,0.9151076078414917,1.0927646160125732,1.127515435218811,0.007368922233581543,0.05649912357330322,0.10978500545024872,0.07728058099746704,0.08074933290481567,0.11968151479959488,0.03250442445278168,0.038932181894779205,714.0,521.0,659.0,842.0
6sapbs22,0.24540893733501434,0.3758595883846283,0.14894087612628937,0.24583107233047485,0.7790926694869995,1.1932305097579956,0.47283828258514404,0.7804328203201294,-0.20997433364391327,-0.24543271958827972,-0.22375153005123138,3.2255940437316895,0.6343173980712891,1.5764912366867065,1.573736310005188,0.13045065104961395,0.09689019620418549,0.12028807401657104,0.19377785921096802,0.08007869124412537,0.11316999047994614,0.07348978519439697,0.03309129923582077,714.0,521.0,659.0,842.0
ruw0u92t,0.36372217535972595,0.35804760456085205,0.26576998829841614,0.2758960425853729,1.161312460899353,1.143194317817688,0.8485652208328247,0.8808962106704712,0.007862011902034283,-0.018694240599870682,-0.003523336723446846,4.033967971801758,0.9929764866828918,1.0070699453353882,1.332497239112854,0.005674570798873901,0.010126054286956787,0.11050041764974594,0.10672317445278168,0.09772007912397385,0.08409296721220016,0.003777243196964264,0.013627111911773682,714.0,521.0,659.0,842.0
24d7v911,0.20452973246574402,0.26567694544792175,0.20035238564014435,0.16268576681613922,0.8487375378608704,1.1024802923202515,0.8314027786254883,0.6750975251197815,-0.13004298508167267,0.10375359654426575,-0.028179669752717018,3.4577181339263916,0.9451830387115479,1.0579910278320312,1.295195460319519,0.061147212982177734,0.03766661882400513,0.07134853303432465,0.08450575917959213,0.09711109101772308,0.08369462937116623,0.013157226145267487,0.013416461646556854,714.0,521.0,659.0,842.0
pjq50xcx,0.14279644191265106,0.2055487334728241,0.13897058367729187,0.18862150609493256,0.6604017019271851,0.9506170749664307,0.6427079439163208,0.8723323941230774,-0.18014347553253174,-0.15156279504299164,-0.16629213094711304,3.126059055328369,0.7148340344429016,1.398917555809021,1.0633471012115479,0.06275229156017303,0.049650922417640686,0.057762060314416885,0.05351700261235237,0.045886244624853134,0.04839836061000824,0.004245057702064514,0.0025121159851551056,714.0,521.0,659.0,842.0
msy3paua,0.1916462928056717,0.29073333740234375,0.14581431448459625,0.16269747912883759,0.8343325853347778,1.2657082080841064,0.6348029375076294,0.7083038687705994,-0.20541256666183472,-0.054724354296922684,-0.1466321051120758,3.443147659301758,0.7442366480827332,1.343651533126831,1.5635643005371094,0.09908704459667206,0.016883164644241333,0.051184412091970444,0.16580210626125336,0.056207798421382904,0.09551236033439636,0.11461769044399261,0.03930456191301346,714.0,521.0,659.0,842.0
3aipjiyl,0.31860312819480896,0.28165605664253235,0.3156900405883789,0.1736251711845398,1.0125181674957275,0.8951006531715393,1.0032603740692139,0.5517793893814087,0.061551760882139206,0.29033344984054565,0.16429516673088074,3.462658405303955,1.3931868076324463,0.7177761197090149,1.2267305850982666,0.03694707155227661,0.1420648694038391,0.15155482292175293,0.14636464416980743,0.13873249292373657,0.15794453024864197,0.005190178751945496,0.019212037324905396,714.0,521.0,659.0,842.0
qx1um55f,0.18032225966453552,0.2843659222126007,0.12877744436264038,0.21084482967853546,0.8317538499832153,1.3116652965545654,0.5939984321594238,0.9725421667098999,-0.2238994687795639,-0.24164240062236786,-0.2313917875289917,3.7099599838256836,0.6241768002510071,1.6021016836166382,1.3682459592819214,0.10404366254806519,0.08206738531589508,0.03970758616924286,0.16435010731220245,0.062397148460149765,0.08602307736873627,0.1246425211429596,0.023625928908586502,714.0,521.0,659.0,842.0
1hgav42t,0.3522375822067261,0.43697839975357056,0.2577371597290039,0.33672529458999634,1.0373916625976562,1.2869658470153809,0.7590739727020264,0.9917057156562805,-0.10737328231334686,-0.13287298381328583,-0.11832867562770844,4.075137138366699,0.788381814956665,1.2684171199798584,1.3276106119155884,0.08474081754684448,0.07898813486099243,0.10133469104766846,0.1128331869840622,0.09557845443487167,0.1137656718492508,0.011498495936393738,0.01818721741437912,714.0,521.0,659.0,842.0
8llihkpj,0.3158423900604248,0.30432644486427307,0.2482386827468872,0.292305588722229,1.085283637046814,1.0457130670547485,0.852986752986908,1.004407525062561,0.018569018691778183,-0.08152306079864502,-0.02804388478398323,3.9883909225463867,0.9454405903816223,1.057704210281372,1.147302269935608,0.011515945196151733,0.0440669059753418,0.10250306874513626,0.0828956738114357,0.08536248654127121,0.09712942689657211,0.01960739493370056,0.011766940355300903,714.0,521.0,659.0,842.0
7hme6p4n,0.2644597887992859,0.2906699776649475,0.17064933478832245,0.236729696393013,1.0140420198440552,1.1145421266555786,0.654336154460907,0.9077140688896179,-0.04721444100141525,-0.16220813989639282,-0.0958852767944336,3.6906344890594482,0.8250067830085754,1.2121061086654663,1.362682819366455,0.02621018886566162,0.06608036160469055,0.07179882377386093,0.05653541907668114,0.06314219534397125,0.07698725163936615,0.015263404697179794,0.013845056295394897,714.0,521.0,659.0,842.0
p00nqohn,0.18032217025756836,0.2628995180130005,0.16675390303134918,0.2014726996421814,0.7689858675003052,1.1211378574371338,0.7111238241195679,0.8591825366020203,-0.18631118535995483,-0.0942862406373024,-0.14455144107341766,3.460430145263672,0.7474075555801392,1.3379513025283813,1.2036622762680054,0.08257734775543213,0.034718796610832214,0.07939957827329636,0.05916544795036316,0.05664513260126114,0.04780691862106323,0.020234130322933197,0.008838213980197906,714.0,521.0,659.0,842.0
3dg60e1e,0.20709331333637238,0.22984549403190613,0.1540578454732895,0.18540650606155396,1.0279736518859863,1.140911340713501,0.7647151947021484,0.9203242659568787,-0.05207165703177452,-0.092347152531147,-0.06968128681182861,3.853924512863159,0.869713544845581,1.1497979164123535,1.2871381044387817,0.022752180695533752,0.031348660588264465,0.06818722188472748,0.06326737254858017,0.050129059702157974,0.05018189921975136,0.004919849336147308,5.283951759338379e-05,714.0,521.0,659.0,842.0
rv0lg92m,0.30836963653564453,0.3864707052707672,0.3274092972278595,0.3665936291217804,0.8682689666748047,1.0881762504577637,0.921878457069397,1.032208800315857,-0.11240129917860031,-0.05646125227212906,-0.08444822579622269,3.9105324745178223,0.8442546129226685,1.1844732761383057,1.0012050867080688,0.07810106873512268,0.0391843318939209,0.15345120429992676,0.15543697774410248,0.07747822999954224,0.1185833290219307,0.00198577344417572,0.04110509902238846,714.0,521.0,659.0,842.0
jeqa2o4m,0.3420809805393219,0.5049562454223633,0.3592971861362457,0.43793293833732605,0.982597291469574,1.4504420757293701,1.032049298286438,1.2579234838485718,-0.19228798151016235,-0.09863607585430145,-0.14688056707382202,4.723012447357178,0.7438598275184631,1.344335913658142,1.0624737739562988,0.16287526488304138,0.07863575220108032,0.10507859289646149,0.16311611235141754,0.0899445042014122,0.0948823019862175,0.058037519454956055,0.004937797784805298,714.0,521.0,659.0,842.0
84p4k9dx,0.1615113914012909,0.2285744696855545,0.13698527216911316,0.1611444503068924,0.7364099025726318,1.0421833992004395,0.6245832443237305,0.7347368001937866,-0.17191830277442932,-0.08103550970554352,-0.1325487494468689,3.137913227081299,0.7659260630607605,1.3056012392044067,1.3084388971328735,0.06706307828426361,0.024159178137779236,0.08163967728614807,0.07483333349227905,0.04353451356291771,0.0485706627368927,0.0068063437938690186,0.005036149173974991,714.0,521.0,659.0,842.0
oq8jxlfi,0.22579075396060944,0.2521092891693115,0.2151918262243271,0.2538219690322876,0.9119928479194641,1.018296241760254,0.8691827058792114,1.0252139568328857,-0.05507109686732292,-0.08236443996429443,-0.06858977675437927,3.82468581199646,0.8716237545013428,1.147279143333435,1.0189443826675415,0.026318535208702087,0.03863014280796051,0.10188336670398712,0.06408663094043732,0.07125212252140045,0.07968053221702576,0.037796735763549805,0.008428409695625305,714.0,521.0,659.0,842.0
uefz1c25,0.21253667771816254,0.30945953726768494,0.11893751472234726,0.2232876718044281,0.8098945617675781,1.1792298555374146,0.4532245695590973,0.8508623838424683,-0.1856769621372223,-0.30491572618484497,-0.23289494216442108,3.2932114601135254,0.6221966743469238,1.6072008609771729,1.5252958536148071,0.0969228595495224,0.10435015708208084,0.09572752565145493,0.0764271691441536,0.054798372089862823,0.066640704870224,0.01930035650730133,0.011842332780361176,714.0,521.0,659.0,842.0
xnofg780,0.17712511122226715,0.24426354467868805,0.14235533773899078,0.20714785158634186,0.8175820112228394,1.127482533454895,0.6570901274681091,0.9561622738838196,-0.1593262404203415,-0.18538407981395721,-0.17114044725894928,3.558316946029663,0.7077351808547974,1.4129501581192017,1.205675482749939,0.0671384334564209,0.06479251384735107,0.06167927384376526,0.08495449274778366,0.0524519681930542,0.08434775471687317,0.023275218904018402,0.03189578652381897,714.0,521.0,659.0,842.0
3g5dfrlw,0.2601994574069977,0.31115958094596863,0.1898120492696762,0.2654268145561218,0.9769394993782043,1.1682733297348022,0.7126644253730774,0.9965660572052002,-0.08919090777635574,-0.1660987287759781,-0.1232953667640686,3.854443311691284,0.780474066734314,1.2812674045562744,1.2550724744796753,0.05096012353897095,0.07561476528644562,0.07983502000570297,0.10160326957702637,0.07077034562826157,0.09099167585372925,0.021768249571323395,0.020221330225467682,714.0,521.0,659.0,842.0
6jl2l5b5,0.23175613582134247,0.26871782541275024,0.21262258291244507,0.24284742772579193,0.8936977386474609,1.0362293720245361,0.8199149370193481,0.9364679455757141,-0.07385321706533432,-0.06635953485965729,-0.07028284668922424,3.686310052871704,0.8686630725860596,1.1511894464492798,1.09880530834198,0.036961689591407776,0.030224844813346863,0.10361728817224503,0.13066115975379944,0.06354372203350067,0.055070459842681885,0.027043871581554413,0.008473262190818787,714.0,521.0,659.0,842.0
6bnvsfa6,0.30601248145103455,0.3619515001773834,0.20341725647449493,0.269773006439209,1.1140375137329102,1.3176833391189575,0.7405399084091187,0.9821078181266785,-0.08374543488025665,-0.14023029804229736,-0.10716747492551804,4.1543684005737305,0.806410014629364,1.240059494972229,1.411615252494812,0.05593901872634888,0.06635574996471405,0.11656453460454941,0.08135626465082169,0.09862132370471954,0.09426900744438171,0.03520826995372772,0.00435231626033783,714.0,521.0,659.0,842.0
d9er94te,0.3573744297027588,0.4103565216064453,0.23106330633163452,0.28116080164909363,1.089276909828186,1.2507662773132324,0.7042807340621948,0.8569778800010681,-0.06901118159294128,-0.09780367463827133,-0.0805337131023407,3.901301860809326,0.8509358167648315,1.175173044204712,1.4988155364990234,0.05298209190368652,0.050097495317459106,0.11060012131929398,0.13511383533477783,0.08744525909423828,0.08769122511148453,0.024513714015483856,0.00024596601724624634,714.0,521.0,659.0,842.0
vwlq6exn,0.31045791506767273,0.2759380638599396,0.23995424807071686,0.26904937624931335,1.074038028717041,0.9546156525611877,0.8301286101341248,0.9307840466499329,0.058867715299129486,-0.05716082826256752,0.004952286835759878,3.7895662784576416,1.0099519491195679,0.9901424050331116,1.152044415473938,0.034519851207733154,0.029095128178596497,0.07216782867908478,0.06432372331619263,0.08679401129484177,0.08818797767162323,0.007844105362892151,0.0013939663767814636,714.0,521.0,659.0,842.0
wzr04hhe,0.20367765426635742,0.23570042848587036,0.17519013583660126,0.21706517040729523,0.9690024852752686,1.1213518381118774,0.8334723114967346,1.0326939821243286,-0.07288187742233276,-0.10675426572561264,-0.08885849267244339,3.9565205574035645,0.8367838859558105,1.195045828819275,1.1201300621032715,0.03202277421951294,0.04187503457069397,0.07066336274147034,0.11802633851766586,0.04962558299303055,0.06442462652921677,0.047362975776195526,0.014799043536186218,714.0,521.0,659.0,842.0
7icdo5di,0.4114789068698883,0.3569146394729614,0.278266966342926,0.2926713228225708,1.2431323528289795,1.0782864093780518,0.8406813740730286,0.8841988444328308,0.07101074606180191,-0.02522922493517399,0.029985034838318825,4.046298980712891,1.0618222951889038,0.9417743682861328,1.3458410501480103,0.05456426739692688,0.014404356479644775,0.13761435449123383,0.13468873500823975,0.1226767748594284,0.1079382672905922,0.0029256194829940796,0.014738507568836212,714.0,521.0,659.0,842.0
gxl9ysu5,0.19370593130588531,0.2538805603981018,0.12480226159095764,0.2241745889186859,0.7624717354774475,0.9993330836296082,0.49125081300735474,0.8824034929275513,-0.13444216549396515,-0.2847525179386139,-0.20029383897781372,3.1354589462280273,0.6662569046020508,1.5009145736694336,1.2825640439987183,0.06017462909221649,0.09937232732772827,0.06075169891119003,0.0660429522395134,0.07101867347955704,0.07882629334926605,0.005291253328323364,0.007807619869709015,714.0,521.0,659.0,842.0
1epxu7b6,0.26532861590385437,0.28674814105033875,0.20400026440620422,0.2624339163303375,1.0347224473953247,1.1182538270950317,0.795555591583252,1.023433804512024,-0.038798023015260696,-0.1252771019935608,-0.07840181142091751,3.971965789794922,0.8545945882797241,1.1701407432556152,1.1836086511611938,0.021419525146484375,0.0584336519241333,0.08866184949874878,0.1292988508939743,0.06693299859762192,0.1144346073269844,0.040637001395225525,0.04750160872936249,714.0,521.0,659.0,842.0
nbhgfb2f,0.3000216782093048,0.38628390431404114,0.19605161249637604,0.22929589450359344,0.8881035447120667,1.1434510946273804,0.5803385376930237,0.6787459254264832,-0.1256905049085617,-0.07815774530172348,-0.10750330239534378,3.2906391620635986,0.8058621883392334,1.240902304649353,1.613513469696045,0.08626222610473633,0.03324428200721741,0.10173669457435608,0.10775712877511978,0.1066814661026001,0.10858192294836044,0.006020434200763702,0.0019004568457603455,714.0,521.0,659.0,842.0
lurmw3uq,0.1578449010848999,0.18745377659797668,0.14587394893169403,0.1645670235157013,0.8098280429840088,0.9617372751235962,0.748410701751709,0.8443160653114319,-0.0857483372092247,-0.060214392840862274,-0.07366012036800385,3.3642921447753906,0.862784206867218,1.1590311527252197,1.1122809648513794,0.029608875513076782,0.018693074584007263,0.04055329039692879,0.05137568712234497,0.04081002250313759,0.07962252199649811,0.010822396725416183,0.03881249949336052,714.0,521.0,659.0,842.0
hwtek17m,0.19468705356121063,0.3586254119873047,0.17047283053398132,0.2624482214450836,0.5946143865585327,1.095315933227539,0.5206592082977295,0.8015710115432739,-0.2962847650051117,-0.21245253086090088,-0.2594856917858124,3.012160301208496,0.5879484415054321,1.700821876525879,1.2780879735946655,0.16393835842609406,0.0919753909111023,0.08268745243549347,0.07666288316249847,0.10334233194589615,0.09499777108430862,0.006024569272994995,0.008344560861587524,714.0,521.0,659.0,842.0
6j3rtxym,0.19465233385562897,0.21827258169651031,0.13851338624954224,0.1956791877746582,0.9027441740036011,1.0122884511947632,0.6423871517181396,0.9075064659118652,-0.05720214173197746,-0.17105594277381897,-0.10813017189502716,3.464926242828369,0.8048399090766907,1.2424763441085815,1.2355860471725464,0.023620247840881348,0.05716580152511597,0.06062782555818558,0.05754856392741203,0.05294808745384216,0.07655277103185654,0.0030792616307735443,0.023604683578014374,714.0,521.0,659.0,842.0
scnx8eiq,0.19373975694179535,0.36873939633369446,0.14515802264213562,0.20308499038219452,0.9526074528694153,1.8130707740783691,0.7137337923049927,0.998557448387146,-0.3111214339733124,-0.166340172290802,-0.2557600736618042,4.477969646453857,0.5926595330238342,1.6873013973236084,1.6151868104934692,0.1749996393918991,0.0579269677400589,0.06011999025940895,0.1824256330728531,0.054274141788482666,0.08447698503732681,0.12230564653873444,0.030202843248844147,714.0,521.0,659.0,842.0
etk5lp9c,0.16844236850738525,0.1524246782064438,0.13567158579826355,0.1535739153623581,0.8362306952476501,0.7567110061645508,0.6735404133796692,0.762416422367096,0.04991986230015755,-0.06189298629760742,-0.003088997444137931,3.0288984775543213,0.9938377141952515,1.00619375705719,1.1093205213546753,0.016017690300941467,0.017902329564094543,0.06128554046154022,0.056165002286434174,0.03690311312675476,0.05972885340452194,0.005120538175106049,0.02282574027776718,714.0,521.0,659.0,842.0
5so79h4h,0.28328514099121094,0.3224693536758423,0.22285503149032593,0.2592432498931885,0.9663900136947632,1.1000617742538452,0.7602406144142151,0.8843742609024048,-0.06468651443719864,-0.0754786804318428,-0.06946929544210434,3.711066722869873,0.870084822177887,1.1493089199066162,1.2564932107925415,0.03918421268463135,0.03638821840286255,0.06691880524158478,0.06262628734111786,0.059329837560653687,0.05592579394578934,0.004292517900466919,0.0034040436148643494,714.0,521.0,659.0,842.0
a0mvf4s2,0.32140958309173584,0.28605279326438904,0.2723804712295532,0.2140222042798996,1.0000877380371094,0.8900727033615112,0.8475303053855896,0.6659446358680725,0.05820398032665253,0.11997907608747482,0.0856732651591301,3.403635263442993,1.1873996257781982,0.8421732783317566,1.2488852739334106,0.0353567898273468,0.058358266949653625,0.08683639764785767,0.08389879763126373,0.08818591386079788,0.08629442006349564,0.002937600016593933,0.001891493797302246,714.0,521.0,659.0,842.0
ni8tndfw,0.30711764097213745,0.39305663108825684,0.28852683305740356,0.3507213592529297,0.9385040402412415,1.2011202573776245,0.8816933631896973,1.071750283241272,-0.12273924797773361,-0.09729308634996414,-0.1105949878692627,4.0930681228637695,0.8008353114128113,1.2486923933029175,1.0953072309494019,0.08593899011611938,0.06219452619552612,0.11537596583366394,0.08939269185066223,0.10088802129030228,0.10875249654054642,0.02598327398300171,0.00786447525024414,714.0,521.0,659.0,842.0
w41f7v4k,0.3425087630748749,0.4673406779766083,0.23159192502498627,0.3286021053791046,1.109395146369934,1.5137290954589844,0.7501325011253357,1.0643510818481445,-0.15414193272590637,-0.17317216098308563,-0.16192328929901123,4.437607765197754,0.721282958984375,1.3864142894744873,1.4456562995910645,0.1248319149017334,0.09701018035411835,0.08862528204917908,0.09302230924367905,0.0823831781744957,0.08760035037994385,0.0043970271944999695,0.005217172205448151,714.0,521.0,659.0,842.0
88k686qe,0.29164692759513855,0.47228702902793884,0.2078321874141693,0.2846435606479645,1.071073293685913,1.7344739437103271,0.7632636427879333,1.0453534126281738,-0.23646004498004913,-0.1559695452451706,-0.2049103081226349,4.614164352416992,0.6598734855651855,1.5154368877410889,1.5512081384658813,0.1806401014328003,0.07681137323379517,0.07537394762039185,0.22560739517211914,0.05936537683010101,0.13076436519622803,0.1502334475517273,0.07139898836612701,714.0,521.0,659.0,842.0
7ajul7w8,0.17150187492370605,0.25319424271583557,0.15338651835918427,0.21468093991279602,0.7668918967247009,1.1321895122528076,0.6858868598937988,0.9599724411964417,-0.19235441088676453,-0.16652995347976685,-0.180364727973938,3.544940710067749,0.6943897008895874,1.44010591506958,1.1538509130477905,0.08169236779212952,0.061294421553611755,0.04910830035805702,0.10108629614114761,0.049886807799339294,0.07165709882974625,0.05197799578309059,0.021770291030406952,714.0,521.0,659.0,842.0
cof3138i,0.2137013077735901,0.3126600980758667,0.1529068499803543,0.176884263753891,0.8836713433265686,1.292873501777649,0.6322815418243408,0.7314299941062927,-0.18800504505634308,-0.07270462065935135,-0.14359131455421448,3.5402565002441406,0.7488746643066406,1.3353304862976074,1.596039891242981,0.09895879030227661,0.023977413773536682,0.10182297974824905,0.08506900817155838,0.050911206752061844,0.06607615947723389,0.016753971576690674,0.015164952725172043,714.0,521.0,659.0,842.0
2xog4c8j,0.25680243968963623,0.2930419445037842,0.2153712958097458,0.2766697108745575,0.8941487073898315,1.0203293561935425,0.749891459941864,0.9633236527442932,-0.0659085363149643,-0.12457963824272156,-0.09361667931079865,3.6276931762695312,0.8287927508354187,1.2065695524215698,1.1174744367599487,0.03623950481414795,0.06129841506481171,0.06401557475328445,0.10643483698368073,0.06034102290868759,0.10726232081651688,0.04241926223039627,0.046921297907829285,714.0,521.0,659.0,842.0
6e07fpy1,0.14955458045005798,0.1849026381969452,0.1265711635351181,0.15283751487731934,0.6639821529388428,0.8209180235862732,0.561941921710968,0.6785575151443481,-0.10568750649690628,-0.09400658309459686,-0.10037098824977875,2.7253994941711426,0.8175660967826843,1.2231345176696777,1.1970136165618896,0.03534805774688721,0.026266351342201233,0.050729475915431976,0.04091878607869148,0.03787367790937424,0.06868375092744827,0.009810689836740494,0.030810073018074036,714.0,521.0,659.0,842.0
aeldwqxk,0.2692050337791443,0.35301482677459717,0.18952955305576324,0.2670367956161499,0.9614278078079224,1.2607426643371582,0.6768780946731567,0.9536842703819275,-0.13469460606575012,-0.1697608083486557,-0.14953558146953583,3.8527326583862305,0.7398316860198975,1.3516536951065063,1.3628216981887817,0.08380979299545288,0.07750724256038666,0.06726616621017456,0.1581576019525528,0.07659919559955597,0.09997545927762985,0.09089143574237823,0.023376263678073883,714.0,521.0,659.0,842.0
e0qc96mj,0.36647486686706543,0.41267329454421997,0.2833353281021118,0.26613807678222656,0.9827572107315063,1.1066452264785767,0.7598060965538025,0.7136890888214111,-0.05929343029856682,0.03129763901233673,-0.021828001365065575,3.5628976821899414,0.9572750926017761,1.044628620147705,1.4179880619049072,0.04619842767715454,0.017197251319885254,0.10461100190877914,0.09982704371213913,0.10198649764060974,0.09694164246320724,0.004783958196640015,0.005044855177402496,714.0,521.0,659.0,842.0
9n6eqv5y,0.1458340585231781,0.19154557585716248,0.11125370860099792,0.18467581272125244,0.7178296446800232,0.9428325295448303,0.5476170182228088,0.9090179204940796,-0.13548944890499115,-0.24810586869716644,-0.18811260163784027,3.1172971725463867,0.6833398938179016,1.4633909463882446,1.1400636434555054,0.045711517333984375,0.07342210412025452,0.05026797205209732,0.07627522945404053,0.05295342952013016,0.06536060571670532,0.026007257401943207,0.012407176196575165,714.0,521.0,659.0,842.0
21id9vvn,0.19664780795574188,0.27847933769226074,0.2104514241218567,0.21231909096240997,0.8731532692909241,1.23650062084198,0.9344438910484314,0.9427366852760315,-0.17223043739795685,-0.004417674150317907,-0.09321671724319458,3.9868345260620117,0.8294615149497986,1.2055959701538086,1.1238391399383545,0.08183152973651886,0.0018676668405532837,0.05665961280465126,0.14842431247234344,0.060352154076099396,0.07561296224594116,0.09176470339298248,0.015260808169841766,714.0,521.0,659.0,842.0
5x48pw5k,0.4240286648273468,0.4696272909641266,0.2602601945400238,0.32875609397888184,1.1697187423706055,1.2955063581466675,0.717949628829956,0.9069012999534607,-0.05102475360035896,-0.1162884309887886,-0.07695188373327255,4.090075969696045,0.857092022895813,1.166732668876648,1.517198085784912,0.045598626136779785,0.06849589943885803,0.09687036275863647,0.11338700354099274,0.11141148954629898,0.12925268709659576,0.016516640782356262,0.017841197550296783,714.0,521.0,659.0,842.0
0jjsp49c,0.1473037600517273,0.29887619614601135,0.16921763122081757,0.20675858855247498,0.7639458775520325,1.550029993057251,0.8775954842567444,1.0722901821136475,-0.33971068263053894,-0.09984902292490005,-0.2300209403038025,4.263861656188965,0.6259869337081909,1.5974690914154053,1.1867207288742065,0.15157243609428406,0.03754095733165741,0.06789706647396088,0.19913317263126373,0.052488621324300766,0.0944569930434227,0.13123610615730286,0.04196837171912193,714.0,521.0,659.0,842.0
d3irvxd2,0.18370576202869415,0.23517830669879913,0.201237753033638,0.28435689210891724,0.6427658796310425,0.8228625059127808,0.7041082978248596,0.9949328899383545,-0.12287987023591995,-0.1711694449186325,-0.148805633187294,3.1646695137023926,0.7409368753433228,1.349636435508728,0.8626191020011902,0.05147254467010498,0.08311913907527924,0.08701019734144211,0.08259784430265427,0.07288486510515213,0.06304651498794556,0.004412353038787842,0.009838350117206573,714.0,521.0,659.0,842.0
zu4ns7nv,0.25865164399147034,0.2532956898212433,0.2009166181087494,0.22666974365711212,1.0923904180526733,1.069770097732544,0.8485521078109741,0.9573179483413696,0.010461903177201748,-0.06022891774773598,-0.021709879860281944,3.9680304527282715,0.9575007557868958,1.044381022453308,1.1972929239273071,0.005355954170227051,0.025753125548362732,0.07967912405729294,0.053576383739709854,0.060613226145505905,0.07405740022659302,0.026102740317583084,0.013444174081087112,714.0,521.0,659.0,842.0
v28ue1my,0.17597389221191406,0.2788464426994324,0.17072853446006775,0.2271174043416977,0.7067821025848389,1.1199597120285034,0.685714602470398,0.912195086479187,-0.22618232667446136,-0.14173509180545807,-0.18678028881549835,3.424651622772217,0.6852302551269531,1.4593563079833984,1.1432043313980103,0.10287255048751831,0.056388869881629944,0.04713418334722519,0.0681929662823677,0.06622765213251114,0.0731310024857521,0.021058782935142517,0.006903350353240967,714.0,521.0,659.0,842.0
6po0m24u,0.2122531682252884,0.2313394844532013,0.17772476375102997,0.17476144433021545,0.9849436283111572,1.0735121965408325,0.8247174024581909,0.8109663724899292,-0.043026573956012726,0.008406884968280792,-0.02025298960506916,3.6941399574279785,0.9602956771850586,1.041340708732605,1.2584645748138428,0.019086316227912903,0.002963319420814514,0.054707273840904236,0.08789578825235367,0.047164857387542725,0.057458844035863876,0.03318851441144943,0.010293986648321152,714.0,521.0,659.0,842.0
s73w1yau,0.34447023272514343,0.39976930618286133,0.3515596389770508,0.29922860860824585,0.9847787618637085,1.1428688764572144,1.0050461292266846,0.8554410338401794,-0.07430268824100494,0.0804116353392601,-0.0021275640465319157,3.9881348609924316,0.9957524538040161,1.0042626857757568,1.1435953378677368,0.055299073457717896,0.05233103036880493,0.11895432323217392,0.1265232414007187,0.08210258930921555,0.10160081088542938,0.007568918168544769,0.019498221576213837,714.0,521.0,659.0,842.0
a8d7204j,0.21712492406368256,0.28772372007369995,0.17211462557315826,0.17086683213710785,0.8761776089668274,1.1610692739486694,0.694544792175293,0.6895094513893127,-0.139841228723526,0.0036380677483975887,-0.08179815113544464,3.4213011264801025,0.8487716913223267,1.178167462348938,1.4719371795654297,0.0705987960100174,0.001247793436050415,0.05904708057641983,0.08621099591255188,0.07216857373714447,0.051105160266160965,0.02716391533613205,0.021063413470983505,714.0,521.0,659.0,842.0
3m9iqbq9,0.21969078481197357,0.3911866545677185,0.28314051032066345,0.28903213143348694,0.8651975989341736,1.5405914783477783,1.1150785684585571,1.138281226158142,-0.2807364761829376,-0.010296911001205444,-0.14994071424007416,4.659149169921875,0.7392187714576721,1.352774739265442,1.067643404006958,0.17149586975574493,0.005891621112823486,0.07622024416923523,0.188433438539505,0.08265592902898788,0.08710771054029465,0.11221319437026978,0.004451781511306763,714.0,521.0,659.0,842.0
j2h1tlom,0.23268388211727142,0.3401406407356262,0.17656925320625305,0.24213197827339172,1.0163360834121704,1.4856947660446167,0.7712339758872986,1.0576043128967285,-0.18759071826934814,-0.15658555924892426,-0.1744980812072754,4.330869197845459,0.7028535604476929,1.4227654933929443,1.3680951595306396,0.1074567586183548,0.06556272506713867,0.052205611020326614,0.13590165972709656,0.06454608589410782,0.09513900429010391,0.08369605243206024,0.030592918395996094,714.0,521.0,659.0,842.0
344mw04i,0.19595123827457428,0.16671621799468994,0.16772183775901794,0.18915288150310516,0.8555629849433899,0.727916955947876,0.7323076725006104,0.8258799910545349,0.08061087131500244,-0.06005183979868889,0.010845736600458622,3.141667604446411,1.0219264030456543,0.9785385131835938,1.0162289142608643,0.02923502027988434,0.02143104374408722,0.06743040680885315,0.062399718910455704,0.07298178970813751,0.06681635230779648,0.005030687898397446,0.006165437400341034,714.0,521.0,659.0,842.0
3dzxlrgn,0.2519160807132721,0.2873585820198059,0.18734748661518097,0.2601848542690277,0.9667214155197144,1.1027311086654663,0.7189411520957947,0.9984526038169861,-0.06572241336107254,-0.1627529263496399,-0.10972734540700912,3.786846399307251,0.8022428154945374,1.2465002536773682,1.2049932479858398,0.035442501306533813,0.07283736765384674,0.07898187637329102,0.06396834552288055,0.06910311430692673,0.07292449474334717,0.015013530850410461,0.0038213804364204407,714.0,521.0,659.0,842.0
jzm3618l,0.16427457332611084,0.33397138118743896,0.11266953498125076,0.17435674369335175,0.9090695977210999,1.8481450080871582,0.6234954595565796,0.9648627638816833,-0.3405877351760864,-0.21491757035255432,-0.29465416073799133,4.3455729484558105,0.5448125600814819,1.8354833126068115,1.7358834743499756,0.16969680786132812,0.06168720871210098,0.07783465832471848,0.25302979350090027,0.050515271723270416,0.07653782516717911,0.1751951277256012,0.02602255344390869,714.0,521.0,659.0,842.0
eu6zu1to,0.29577815532684326,0.31778669357299805,0.2370997965335846,0.2646913528442383,1.103179693222046,1.185266137123108,0.8843238949775696,0.987233579158783,-0.035869888961315155,-0.054986029863357544,-0.044470179826021194,4.160003185272217,0.9148447513580322,1.0930776596069336,1.2227470874786377,0.022008538246154785,0.027591556310653687,0.09813634306192398,0.08085422962903976,0.07637113332748413,0.06747333705425262,0.017282113432884216,0.008897796273231506,714.0,521.0,659.0,842.0
zhdv5ojz,0.31477126479148865,0.3679777979850769,0.2155231535434723,0.2898545563220978,1.2311071157455444,1.4392040967941284,0.8429362177848816,1.1336549520492554,-0.07792974263429642,-0.14708060026168823,-0.1073436439037323,4.646902561187744,0.8061226606369019,1.2405016422271729,1.350965142250061,0.05320653319358826,0.07433140277862549,0.12109493464231491,0.15874657034873962,0.09296954423189163,0.1139000803232193,0.03765163570642471,0.020930536091327667,714.0,521.0,659.0,842.0
to7d835k,0.3298693299293518,0.44642266631126404,0.28930026292800903,0.27110087871551514,1.0089174509048462,1.3654000759124756,0.8848354816436768,0.8291719555854797,-0.1501409113407135,0.03247557953000069,-0.07358001917600632,4.088325023651123,0.8629245758056641,1.1588462591171265,1.385240912437439,0.11655333638191223,0.018199384212493896,0.14961105585098267,0.19045253098011017,0.14445029199123383,0.13573522865772247,0.0408414751291275,0.008715063333511353,714.0,521.0,659.0,842.0
uc9pbtyj,0.1687922179698944,0.2501821219921112,0.1633709818124771,0.19878217577934265,0.7060282826423645,1.0464680194854736,0.6833521723747253,0.8314710259437561,-0.1942594051361084,-0.09777933359146118,-0.1495286375284195,3.267319440841675,0.7398415803909302,1.3516335487365723,1.1568949222564697,0.0813899040222168,0.03541119396686554,0.06436873972415924,0.11705140024423599,0.06654690951108932,0.06653738766908646,0.05268266052007675,9.521842002868652e-06,714.0,521.0,659.0,842.0
r39iixha,0.3116852045059204,0.40629053115844727,0.16322627663612366,0.26994648575782776,0.9623204469680786,1.2544121742248535,0.5039571523666382,0.8334531784057617,-0.13176655769348145,-0.24636812508106232,-0.17489086091518402,3.554142951965332,0.7022845149040222,1.4239190816879272,1.6574773788452148,0.09460532665252686,0.1067202091217041,0.10453005880117416,0.0905875489115715,0.059823520481586456,0.08021747320890427,0.013942509889602661,0.02039395272731781,714.0,521.0,659.0,842.0
iaw4otuo,0.1796083152294159,0.31451061367988586,0.1609472930431366,0.23138713836669922,0.7635952830314636,1.337125301361084,0.6842589378356934,0.9837302565574646,-0.2730152904987335,-0.17953984439373016,-0.23164431750774384,3.768709897994995,0.6238439083099365,1.6029572486877441,1.259429693222046,0.13490229845046997,0.07043984532356262,0.0736546441912651,0.1937030702829361,0.07551845163106918,0.10843981802463531,0.12004842609167099,0.03292136639356613,714.0,521.0,659.0,842.0
4uw590z9,0.2281716763973236,0.28318196535110474,0.1307203620672226,0.20813484489917755,0.8565105199813843,1.0630080699920654,0.4906979203224182,0.7812962532043457,-0.10757756978273392,-0.2284581959247589,-0.1557554006576538,3.1915128231048584,0.7304681539535522,1.3689783811569214,1.5090577602386475,0.05501028895378113,0.07741448283195496,0.08257938176393509,0.0699990913271904,0.057411208748817444,0.05196207016706467,0.01258029043674469,0.005449138581752777,714.0,521.0,659.0,842.0
2jn67lm8,0.2735452353954315,0.2891049385070801,0.16540344059467316,0.24294506013393402,1.0156255960464478,1.0733959674835205,0.614113986492157,0.9020124673843384,-0.027654260396957397,-0.1898903250694275,-0.09588192403316498,3.6051483154296875,0.8250123858451843,1.2120978832244873,1.3778642416000366,0.01555970311164856,0.07754161953926086,0.05846953019499779,0.051429443061351776,0.044893912971019745,0.052232906222343445,0.007040087133646011,0.0073389932513237,714.0,521.0,659.0,842.0
e49ite92,0.15690335631370544,0.2765660881996155,0.1369817852973938,0.23612718284130096,0.7254708409309387,1.2787530422210693,0.6333599090576172,1.0917764902114868,-0.2760574221611023,-0.2657269835472107,-0.27127909660339355,3.7293601036071777,0.5732170939445496,1.744530200958252,1.161773920059204,0.11966273188591003,0.09914539754390717,0.07409589737653732,0.09136934578418732,0.07499335706233978,0.05672524869441986,0.017273448407649994,0.018268108367919922,714.0,521.0,659.0,842.0
srl3vzzx,0.18933002650737762,0.20178616046905518,0.22487689554691315,0.15469327569007874,0.8677699565887451,0.9248610734939575,1.0306944847106934,0.7090168595314026,-0.031847573816776276,0.1849023848772049,0.07490389049053192,3.5323424339294434,1.161934494972229,0.8606292009353638,1.0304158926010132,0.012456133961677551,0.07018361985683441,0.06391549855470657,0.06173834577202797,0.07549118995666504,0.06323046237230301,0.002177152782678604,0.01226072758436203,714.0,521.0,659.0,842.0
t9qubwrp,0.16595657169818878,0.18020766973495483,0.14935575425624847,0.16473305225372314,0.8877049684524536,0.9639343619346619,0.7989068627357483,0.881160318851471,-0.04116848483681679,-0.04895827919244766,-0.04487423598766327,3.5317063331604004,0.9141031503677368,1.0939617156982422,1.1021184921264648,0.014251098036766052,0.01537729799747467,0.05508340522646904,0.04146100580692291,0.054086025804281235,0.03488827496767044,0.013622399419546127,0.019197750836610794,714.0,521.0,659.0,842.0
8guucm5f,0.22450518608093262,0.2839057147502899,0.19851145148277283,0.23590229451656342,0.9475733637809753,1.1982862949371338,0.8378611207008362,0.9956774115562439,-0.11683543026447296,-0.08607176691293716,-0.10266093164682388,3.979398250579834,0.8137924075126648,1.2288092374801636,1.170335292816162,0.0594005286693573,0.03739084303379059,0.06398966908454895,0.11094870418310165,0.057665593922138214,0.1058589518070221,0.046959035098552704,0.04819335788488388,714.0,521.0,659.0,842.0
yczu80zr,0.13873201608657837,0.3111305236816406,0.15782567858695984,0.19435952603816986,0.7030988931655884,1.5768208503723145,0.799866259098053,0.9850211143493652,-0.3832239806652069,-0.10373446345329285,-0.2604983448982239,4.064806938171387,0.5866724848747253,1.7045193910598755,1.2773429155349731,0.17239850759506226,0.03653384745121002,0.04731827229261398,0.18680618703365326,0.054605305194854736,0.07151138782501221,0.13948792219161987,0.01690608263015747,714.0,521.0,659.0,842.0
z79hqtyl,0.1605176031589508,0.21165406703948975,0.09842293709516525,0.19691696763038635,0.6798195242881775,0.8963912129402161,0.41683799028396606,0.8339771032333374,-0.1373998373746872,-0.3334926664829254,-0.224161297082901,2.827025890350342,0.6337696313858032,1.577850341796875,1.2601425647735596,0.05113646388053894,0.0984940305352211,0.06410019099712372,0.07140756398439407,0.05831309035420418,0.07470529526472092,0.007307372987270355,0.01639220491051674,714.0,521.0,659.0,842.0
u58ftyla,0.18496452271938324,0.18423011898994446,0.13054275512695312,0.16520261764526367,0.8392892479896545,0.835956871509552,0.592346727848053,0.7496182322502136,0.0019891993142664433,-0.11719454079866409,-0.05102023109793663,3.0172111988067627,0.9029101729393005,1.1075230836868286,1.2483487129211426,0.0007344037294387817,0.03465986251831055,0.04983670264482498,0.025949163362383842,0.030712220817804337,0.03398538753390312,0.02388753928244114,0.0032731667160987854,714.0,521.0,659.0,842.0
vzme9wt0,0.18161258101463318,0.29119619727134705,0.12117129564285278,0.1889127939939499,0.821617841720581,1.317375659942627,0.5481806397438049,0.8546441197395325,-0.23177103698253632,-0.21846097707748413,-0.226499542593956,3.541818141937256,0.6306552290916443,1.5856437683105469,1.524770975112915,0.10958361625671387,0.0677414983510971,0.08688747882843018,0.1293393224477768,0.0680980458855629,0.08178761601448059,0.04245184361934662,0.013689570128917694,714.0,521.0,659.0,842.0
0iv1ggxr,0.2140408456325531,0.2511586844921112,0.18471701443195343,0.22956134378910065,0.858245313167572,1.007077693939209,0.7406647801399231,0.9204782843589783,-0.07978890091180801,-0.1082465872168541,-0.09319400787353516,3.526466131210327,0.8294994831085205,1.205540657043457,1.1229126453399658,0.037117838859558105,0.04484432935714722,0.06602287292480469,0.08513757586479187,0.08126084506511688,0.08792809396982193,0.019114702939987183,0.006667248904705048,714.0,521.0,659.0,842.0
ed8u8noz,0.16966864466667175,0.45549097657203674,0.11423655599355698,0.16412092745304108,0.935542643070221,2.511549711227417,0.6298934817314148,0.904952883720398,-0.45719823241233826,-0.17920908331871033,-0.37155503034591675,4.98193883895874,0.458197683095932,2.18245267868042,2.2458794116973877,0.285822331905365,0.0498843714594841,0.09195151180028915,0.31337636709213257,0.06438777595758438,0.09742092341184616,0.22142484784126282,0.03303314745426178,714.0,521.0,659.0,842.0
emdmz5rg,0.2688746452331543,0.26423928141593933,0.3022046983242035,0.24926036596298218,0.8625410199165344,0.8476709127426147,0.9694627523422241,0.7996190786361694,0.008694866672158241,0.09600651264190674,0.0530894510447979,3.4792938232421875,1.112129807472229,0.8991722464561462,0.9667212963104248,0.004635363817214966,0.052944332361221313,0.0971742644906044,0.10981273651123047,0.12098520994186401,0.12245497107505798,0.012638472020626068,0.0014697611331939697,714.0,521.0,659.0,842.0
oi9wm1sa,0.2706546485424042,0.3798867464065552,0.17623509466648102,0.2581668496131897,0.7733314037322998,1.085436224937439,0.5035499334335327,0.7376505136489868,-0.16790926456451416,-0.18860773742198944,-0.17619691789150238,3.0999679565429688,0.7003942131996155,1.4277619123458862,1.4975529909133911,0.109232097864151,0.08193175494670868,0.09209749847650528,0.0824672281742096,0.08031095564365387,0.08803544193506241,0.009630270302295685,0.007724486291408539,714.0,521.0,659.0,842.0
v9cng8ta,0.2717244327068329,0.550502598285675,0.2685076892375946,0.42986083030700684,0.7385604977607727,1.4962934255599976,0.7298172116279602,1.1683831214904785,-0.33905214071273804,-0.23104262351989746,-0.28944647312164307,4.133054256439209,0.5510523319244385,1.814704418182373,1.1773523092269897,0.27877816557884216,0.16135314106941223,0.16622233390808105,0.22046425938606262,0.14554563164710999,0.18430443108081818,0.05424192547798157,0.03875879943370819,714.0,521.0,659.0,842.0
na6u48gw,0.2532724440097809,0.43678221106529236,0.19514009356498718,0.26022908091545105,0.9175968170166016,1.5824459791183472,0.7069854736328125,0.9428004622459412,-0.2659347355365753,-0.14293642342090607,-0.21703629195690155,4.149828910827637,0.6433351635932922,1.5543938875198364,1.5153707265853882,0.18350976705551147,0.06508898735046387,0.10200019925832748,0.18133649230003357,0.0993160530924797,0.1377255767583847,0.07933629304170609,0.038409523665905,714.0,521.0,659.0,842.0
ghm56vu6,0.23175300657749176,0.3509300649166107,0.21842534840106964,0.3404267728328705,0.7141313552856445,1.0813674926757812,0.6730630397796631,1.0490022897720337,-0.20453116297721863,-0.218306764960289,-0.2112753838300705,3.517564296722412,0.6511510014533997,1.5357364416122437,1.0426408052444458,0.11917705833911896,0.12200142443180084,0.12397846579551697,0.12199033051729202,0.09944536536931992,0.1449071615934372,0.001988135278224945,0.04546179622411728,714.0,521.0,659.0,842.0
z5gf3bbt,0.16766124963760376,0.2635367810726166,0.12389333546161652,0.19463463127613068,0.7113956809043884,1.118200659751892,0.5256860256195068,0.8258451819419861,-0.22234635055065155,-0.22208747267723083,-0.22223670780658722,3.1811275482177734,0.636342465877533,1.571471929550171,1.3537168502807617,0.09587553143501282,0.07074129581451416,0.06184529885649681,0.09997332096099854,0.04934030398726463,0.08013482391834259,0.038128022104501724,0.030794519931077957,714.0,521.0,659.0,842.0
873lkmgs,0.26479214429855347,0.3160805106163025,0.21425874531269073,0.2646624743938446,0.9366032481193542,1.1180167198181152,0.7578602433204651,0.9361445903778076,-0.08829521387815475,-0.10524407774209976,-0.09595450013875961,3.748624801635742,0.8248916864395142,1.212275743484497,1.2128746509552002,0.05128836631774902,0.05040372908115387,0.13830195367336273,0.18364346027374268,0.1092948168516159,0.15595342218875885,0.045341506600379944,0.046658605337142944,714.0,521.0,659.0,842.0
6rv9777t,0.28139379620552063,0.3773403763771057,0.22231245040893555,0.2994077503681183,0.9040704965591431,1.2123305797576904,0.7142521739006042,0.9619462490081787,-0.14565272629261017,-0.14777107536792755,-0.14658914506435394,3.792599678039551,0.7443026900291443,1.3435347080230713,1.2626173496246338,0.09594658017158508,0.07709529995918274,0.04842180386185646,0.1067001223564148,0.07643130421638489,0.10197906941175461,0.058278318494558334,0.02554776519536972,714.0,521.0,659.0,842.0
nqetmni3,0.24759969115257263,0.3205065429210663,0.15287931263446808,0.24615424871444702,0.7922499775886536,1.025531530380249,0.4891711473464966,0.7876249551773071,-0.12833289802074432,-0.23375152051448822,-0.17182786762714386,3.0945773124694824,0.706733763217926,1.4149538278579712,1.4237018823623657,0.07290685176849365,0.09327493607997894,0.10370906442403793,0.08506637066602707,0.05075661092996597,0.06457585096359253,0.018642693758010864,0.013819240033626556,714.0,521.0,659.0,842.0
gom6736z,0.25399670004844666,0.21711689233779907,0.19182132184505463,0.20937389135360718,0.9733720421791077,0.8320403695106506,0.735102117061615,0.8023674488067627,0.07828202843666077,-0.0437505841255188,0.022156374529004097,3.342881917953491,1.0453144311904907,0.9566455483436584,1.1742721796035767,0.03687980771064758,0.01755256950855255,0.1269555538892746,0.09276442974805832,0.09167297929525375,0.10154373943805695,0.03419112414121628,0.009870760142803192,714.0,521.0,659.0,842.0
4dsxlsut,0.18356269598007202,0.2828122675418854,0.13293905556201935,0.21377454698085785,0.7581166625022888,1.1680189371109009,0.5490402579307556,0.8828920722007751,-0.212810218334198,-0.2331470549106598,-0.22148244082927704,3.3580679893493652,0.6373530030250549,1.5689810514450073,1.3451263904571533,0.09924957156181335,0.0808354914188385,0.07673390954732895,0.14173175394535065,0.07432835549116135,0.09430121630430222,0.0649978443980217,0.01997286081314087,714.0,521.0,659.0,842.0
othlqh7p,0.4618878662586212,0.4582938551902771,0.3037768006324768,0.46763375401496887,1.0590057373046875,1.0507655143737793,0.6964923739433289,1.0721797943115234,0.0039057577960193157,-0.21241183578968048,-0.09474082291126251,3.878443479537964,0.826915442943573,1.209310531616211,1.192854404449463,0.003594011068344116,0.16385695338249207,0.2188543826341629,0.17354120314121246,0.10630647838115692,0.15313279628753662,0.04531317949295044,0.0468263179063797,714.0,521.0,659.0,842.0
pcaduvl9,0.29277828335762024,0.3684358298778534,0.2511131763458252,0.25780898332595825,0.7319484353065491,0.9210929870605469,0.6277852654457092,0.644524872303009,-0.11442198604345322,-0.013156812638044357,-0.07037922739982605,2.92535138130188,0.8684951663017273,1.1514129638671875,1.299241542816162,0.07565754652023315,0.006695806980133057,0.06956281512975693,0.08771660923957825,0.07109743356704712,0.07765988260507584,0.01815379410982132,0.006562449038028717,714.0,521.0,659.0,842.0
11zsb8lv,0.299646258354187,0.3880370557308197,0.21083895862102509,0.34662047028541565,0.8543484807014465,1.1063674688339233,0.6011419892311096,0.9882808923721313,-0.1285339593887329,-0.24357156455516815,-0.18003728985786438,3.5501389503479004,0.6948605179786682,1.439132809638977,1.2336002588272095,0.08839079737663269,0.13578151166439056,0.079258494079113,0.12254764139652252,0.09417985379695892,0.18137937784194946,0.043289147317409515,0.08719952404499054,714.0,521.0,659.0,842.0
6tx0tbkg,0.2543664574623108,0.4165804088115692,0.24098138511180878,0.38682007789611816,0.742908775806427,1.2166746854782104,0.7038159966468811,1.129755973815918,-0.24176834523677826,-0.2323002815246582,-0.23719178140163422,3.7931554317474365,0.6165632605552673,1.621888279914856,1.0687228441238403,0.16221395134925842,0.1458386927843094,0.07809876650571823,0.14428789913654327,0.06406969577074051,0.09719862788915634,0.06618913263082504,0.03312893211841583,714.0,521.0,659.0,842.0
8b350sgn,0.3200092911720276,0.36473408341407776,0.3865903317928314,0.38766828179359436,0.8306788206100464,0.9467752575874329,1.0035096406936646,1.0063077211380005,-0.06531603634357452,-0.001392233301885426,-0.031393200159072876,3.787271499633789,0.9391233921051025,1.0648198127746582,0.8843847513198853,0.04472479224205017,0.0010779500007629395,0.10631066560745239,0.09139707684516907,0.11074575781822205,0.15766969323158264,0.014913588762283325,0.046923935413360596,714.0,521.0,659.0,842.0
z6d86zch,0.17717067897319794,0.23703782260417938,0.1258537322282791,0.20104612410068512,0.7606233954429626,1.0176430940628052,0.5403111577033997,0.863124668598175,-0.14453348517417908,-0.23001588881015778,-0.18223968148231506,3.181702136993408,0.6917023658752441,1.4457002878189087,1.2670767307281494,0.059867143630981445,0.075192391872406,0.06272479146718979,0.06684376299381256,0.061460014432668686,0.04577042534947395,0.004118971526622772,0.015689589083194733,714.0,521.0,659.0,842.0
hxa7hy7a,0.1363702267408371,0.19247740507125854,0.09442001581192017,0.1725890338420868,0.7028121948242188,0.9919722080230713,0.48661312460899353,0.8894733190536499,-0.170617014169693,-0.2927568256855011,-0.22534944117069244,3.070870876312256,0.6321852207183838,1.5818036794662476,1.2315926551818848,0.05610717833042145,0.07816901803016663,0.04774714261293411,0.06092078238725662,0.03647001087665558,0.0585453025996685,0.01317363977432251,0.022075291723012924,714.0,521.0,659.0,842.0
i33993n4,0.20321282744407654,0.19403161108493805,0.17718465626239777,0.2247573584318161,0.7363182306289673,0.7030511498451233,0.6420081257820129,0.8143823146820068,0.02311219833791256,-0.11835683137178421,-0.04803812876343727,2.8957598209381104,0.9083251953125,1.100921630859375,0.9883103370666504,0.009181216359138489,0.047572702169418335,0.12451863288879395,0.11414293944835663,0.10214652121067047,0.14072366058826447,0.010375693440437317,0.038577139377593994,714.0,521.0,659.0,842.0
bfiy5pu5,0.34340402483940125,0.400054007768631,0.2782895565032959,0.3087773025035858,0.9730246067047119,1.1335406303405762,0.7885248064994812,0.8749108910560608,-0.07619785517454147,-0.05193223059177399,-0.06549116969108582,3.77000093460083,0.8770672678947449,1.1401599645614624,1.2663918733596802,0.056649982929229736,0.030487746000289917,0.134429931640625,0.10241396725177765,0.0914464145898819,0.13952432572841644,0.03201596438884735,0.048077911138534546,714.0,521.0,659.0,842.0
wh50jyoo,0.21943743526935577,0.27794966101646423,0.20096957683563232,0.3050801753997803,0.8369008302688599,1.060057520866394,0.7664672136306763,1.1635291576385498,-0.1176389679312706,-0.20573152601718903,-0.16206572949886322,3.8269546031951904,0.7210716009140015,1.3868191242218018,0.9828798770904541,0.05851222574710846,0.10411059856414795,0.08386233448982239,0.15482743084430695,0.08664416521787643,0.20142227411270142,0.07096509635448456,0.11477810889482498,714.0,521.0,659.0,842.0
k63rvwoz,0.32508742809295654,0.4439827501773834,0.33200764656066895,0.4178031086921692,0.8823850154876709,1.2051026821136475,0.9011685848236084,1.1340432167053223,-0.1545960009098053,-0.11442266404628754,-0.13476413488388062,4.122699737548828,0.7624797821044922,1.3115066289901733,1.0256842374801636,0.11889532208442688,0.08579546213150024,0.07968828827142715,0.11372990161180496,0.09104640781879425,0.15896236896514893,0.03404161334037781,0.06791596114635468,714.0,521.0,659.0,842.0
qxiwe6rg,0.2126804143190384,0.2951262891292572,0.1577446460723877,0.2679314613342285,0.8454338312149048,1.1731674671173096,0.6270565986633301,1.0650643110275269,-0.16235648095607758,-0.25885069370269775,-0.20635893940925598,3.7107224464416504,0.6578798890113831,1.5200273990631104,1.1929386854171753,0.08244587481021881,0.11018681526184082,0.0906597301363945,0.07622377574443817,0.0645279660820961,0.061459533870220184,0.01443595439195633,0.0030684322118759155,714.0,521.0,659.0,842.0
l7jy7otk,0.253612756729126,0.33735382556915283,0.14893656969070435,0.25165149569511414,0.9019991159439087,1.199832558631897,0.5297077894210815,0.8950237035751343,-0.1417016237974167,-0.2564097046852112,-0.18804392218589783,3.5265631675720215,0.6834380030632019,1.4631843566894531,1.4752439260482788,0.08374106884002686,0.10271492600440979,0.08082753419876099,0.1007426306605339,0.047725580632686615,0.05892521142959595,0.01991509646177292,0.011199630796909332,714.0,521.0,659.0,842.0
ude358tr,0.2378457933664322,0.35288622975349426,0.27280813455581665,0.33742040395736694,0.7938961982727051,1.1778851747512817,0.9105956554412842,1.1262624263763428,-0.19474183022975922,-0.10588190704584122,-0.14959076046943665,4.008639335632324,0.7397482991218567,1.3518065214157104,0.9680488705635071,0.11504043638706207,0.06461226940155029,0.07223286479711533,0.09315960109233856,0.07068125903606415,0.07752227038145065,0.020926736295223236,0.006841011345386505,714.0,521.0,659.0,842.0
e9qdi3g1,0.2544262409210205,0.34703218936920166,0.24555040895938873,0.25498050451278687,0.9153553247451782,1.248525857925415,0.8834224939346313,0.9173493981361389,-0.15396873652935028,-0.01884014904499054,-0.09259252995252609,3.9646530151367188,0.8305070400238037,1.204079270362854,1.2016385793685913,0.09260594844818115,0.009430095553398132,0.050533026456832886,0.12164619565010071,0.051961347460746765,0.07021111994981766,0.07111316919326782,0.018249772489070892,714.0,521.0,659.0,842.0
3iwpfvb7,0.18176649510860443,0.2999480664730072,0.18601442873477936,0.23276503384113312,0.6565284729003906,1.0833925008773804,0.6718717217445374,0.8407317996025085,-0.24533475935459137,-0.11163511127233505,-0.18315725028514862,3.2525246143341064,0.6903907656669617,1.4484483003616333,1.1502794027328491,0.11818157136440277,0.04675060510635376,0.10443593561649323,0.16268348693847656,0.09072917699813843,0.11835695803165436,0.05824755132198334,0.02762778103351593,714.0,521.0,659.0,842.0
1ghlu8m8,0.18659727275371552,0.2439103126525879,0.1876872479915619,0.26526200771331787,0.7946671843528748,1.0387479066848755,0.7993090748786926,1.1296789646148682,-0.13312867283821106,-0.17126551270484924,-0.15268166363239288,3.7624030113220215,0.7350826859474182,1.3603848218917847,0.9504522681236267,0.057313039898872375,0.07757475972175598,0.09680868685245514,0.10606056451797485,0.07832060009241104,0.1268615573644638,0.009251877665519714,0.048540957272052765,714.0,521.0,659.0,842.0
7mhxofkc,0.24602320790290833,0.312453031539917,0.21771976351737976,0.22706115245819092,0.7432488799095154,0.9439368844032288,0.6577427387237549,0.6859635710716248,-0.11894813179969788,-0.02100217714905739,-0.07552514225244522,3.0308921337127686,0.8595549464225769,1.1633880138397217,1.2556179761886597,0.06642982363700867,0.009341388940811157,0.13937728106975555,0.15795674920082092,0.11643186956644058,0.13067136704921722,0.01857946813106537,0.014239497482776642,714.0,521.0,659.0,842.0
ggxp5cit,0.19616271555423737,0.2747257947921753,0.1695757359266281,0.29953479766845703,0.6484459042549133,0.9081481695175171,0.560558557510376,0.9901581406593323,-0.16683973371982574,-0.2770323157310486,-0.2218320518732071,3.1073107719421387,0.6368847489356995,1.5701357126235962,1.003787875175476,0.07856307923793793,0.12995906174182892,0.08237741887569427,0.1207580417394638,0.0618051253259182,0.10476196557283401,0.03838062286376953,0.04295684024691582,714.0,521.0,659.0,842.0
uf8cyotw,0.2053157538175583,0.33642643690109253,0.21087734401226044,0.257164865732193,0.662598729133606,1.085721492767334,0.6805471777915955,0.8299270868301392,-0.2420162856578827,-0.0988958328962326,-0.17567914724349976,3.2587943077087402,0.7011429667472839,1.4262367486953735,1.1574620008468628,0.13111068308353424,0.046287521719932556,0.12915289402008057,0.12950129806995392,0.13507847487926483,0.11983567476272583,0.00034840404987335205,0.015242800116539001,714.0,521.0,659.0,842.0
g7nfdinu,0.2399662733078003,0.3318893313407898,0.14146043360233307,0.2450735867023468,0.9170711040496826,1.2683703899383545,0.5406146049499512,0.9365895390510559,-0.16074493527412415,-0.26805630326271057,-0.20402562618255615,3.6626455783843994,0.6610927581787109,1.512640357017517,1.479440450668335,0.0919230580329895,0.10361315310001373,0.06194908916950226,0.08757923543453217,0.07372774928808212,0.07285729795694351,0.025630146265029907,0.0008704513311386108,714.0,521.0,659.0,842.0
31eiwucx,0.20100121200084686,0.2680748701095581,0.20531290769577026,0.23092453181743622,0.7680127620697021,1.0242968797683716,0.7844874858856201,0.8823478817939758,-0.14299069344997406,-0.05871014669537544,-0.10237909108400345,3.4591448307037354,0.8142560720443726,1.228109359741211,1.0752744674682617,0.06707365810871124,0.025611624121665955,0.0823848694562912,0.09717340767383575,0.07426305115222931,0.09032571315765381,0.014788538217544556,0.0160626620054245,714.0,521.0,659.0,842.0
67xkwq0y,0.242341086268425,0.3525831401348114,0.20263534784317017,0.293250173330307,0.859916627407074,1.2510966062545776,0.7190258502960205,1.0405610799789429,-0.18530404567718506,-0.1827329844236374,-0.18413539230823517,3.8706002235412598,0.6889947056770325,1.4513843059539795,1.1997184753417969,0.11024205386638641,0.09061482548713684,0.0585494339466095,0.08011345565319061,0.06961705535650253,0.07793013006448746,0.021564021706581116,0.008313074707984924,714.0,521.0,659.0,842.0
wm9q7ftm,0.33231404423713684,0.3766440451145172,0.16317598521709442,0.29649674892425537,1.0061320066452026,1.140347957611084,0.49404045939445496,0.8976896405220032,-0.06252828985452652,-0.2900334298610687,-0.15201601386070251,3.538210153579712,0.7360856533050537,1.3585326671600342,1.5423070192337036,0.04433000087738037,0.13332076370716095,0.15677616000175476,0.12536554038524628,0.08686159551143646,0.11248236894607544,0.031410619616508484,0.025620773434638977,714.0,521.0,659.0,842.0
fwg895na,0.3571009337902069,0.43968334794044495,0.30165553092956543,0.34222760796546936,1.1330317258834839,1.3950542211532593,0.957111120223999,1.0858407020568848,-0.10364449769258499,-0.06301146000623703,-0.08548425883054733,4.571037769317627,0.8424944281578064,1.1869480609893799,1.2374653816223145,0.08258241415023804,0.04057207703590393,0.21082833409309387,0.21181917190551758,0.14219170808792114,0.16710121929645538,0.000990837812423706,0.02490951120853424,714.0,521.0,659.0,842.0
2fqztio4,0.22256188094615936,0.2467680424451828,0.12716203927993774,0.22705188393592834,0.871094286441803,0.9658358097076416,0.4977048337459564,0.8886678814888,-0.05157589167356491,-0.2820034921169281,-0.1506851464509964,3.2233026027679443,0.7380930781364441,1.354835867881775,1.324986219406128,0.024206161499023438,0.0998898446559906,0.0957716852426529,0.09713749587535858,0.06121591478586197,0.08441568911075592,0.0013658106327056885,0.02319977432489395,714.0,521.0,659.0,842.0
m7pp0pnn,0.1605001986026764,0.23028385639190674,0.0780191719532013,0.2005467414855957,0.6707109808921814,0.9623284935951233,0.32603272795677185,0.8380606770515442,-0.17857298254966736,-0.4398496747016907,-0.28731000423431396,2.797132968902588,0.5536255240440369,1.8062633275985718,1.4028372764587402,0.06978365778923035,0.12252756953239441,0.0836804062128067,0.07056114822626114,0.0408453531563282,0.08299959450960159,0.013119257986545563,0.04215424135327339,714.0,521.0,659.0,842.0
lo0hhgh5,0.2675345838069916,0.3570113480091095,0.19903536140918732,0.31028056144714355,0.8039693236351013,1.0728563070297241,0.5981220006942749,0.9324254393577576,-0.1432666778564453,-0.2184203863143921,-0.17702488601207733,3.4073729515075684,0.6991981267929077,1.4302043914794922,1.2262423038482666,0.08947676420211792,0.11124520003795624,0.09913574904203415,0.13828745484352112,0.09143437445163727,0.13461154699325562,0.03915170580148697,0.04317717254161835,714.0,521.0,659.0,842.0
xw6t1oxh,0.3041859269142151,0.3693265914916992,0.14698833227157593,0.3286746144294739,0.9953964948654175,1.208558201789856,0.48099422454833984,1.0755316019058228,-0.09671767801046371,-0.3819635212421417,-0.21478596329689026,3.7604804039001465,0.6463794112205505,1.547073245048523,1.415941834449768,0.06514066457748413,0.18168628215789795,0.09337982535362244,0.12964686751365662,0.08036000281572342,0.1376163512468338,0.03626704216003418,0.05725634843111038,714.0,521.0,659.0,842.0
fdxk31wb,0.24023717641830444,0.34255799651145935,0.14489836990833282,0.25358161330223083,0.8965097665786743,1.2783474922180176,0.5407273173332214,0.9463080763816833,-0.17556880414485931,-0.2727438509464264,-0.2150302678346634,3.6618926525115967,0.6460481286048889,1.547865629196167,1.4625418186187744,0.10232082009315491,0.10868324339389801,0.051644377410411835,0.13133889436721802,0.05164385959506035,0.07530074566602707,0.07969451695680618,0.02365688607096672,714.0,521.0,659.0,842.0
htfnsgpy,0.21215501427650452,0.26264190673828125,0.1708436906337738,0.2659185528755188,0.7879903316497803,0.975509762763977,0.6345509886741638,0.9876799583435059,-0.106333427131176,-0.21768054366111755,-0.1596841961145401,3.3857309818267822,0.7246057987213135,1.3800544738769531,1.087080717086792,0.05048689246177673,0.095074862241745,0.05353470891714096,0.08083198964595795,0.04738212004303932,0.05263100191950798,0.027297280728816986,0.0052488818764686584,714.0,521.0,659.0,842.0
8257ge0q,0.3236664831638336,0.42440783977508545,0.27984076738357544,0.3853686451911926,0.8218407034873962,1.077639102935791,0.7105602622032166,0.9785123467445374,-0.13466739654541016,-0.1586383432149887,-0.14595021307468414,3.588552474975586,0.7452754378318787,1.3417818546295166,1.1245678663253784,0.10074135661125183,0.10552787780761719,0.06256832182407379,0.06779886782169342,0.04769382253289223,0.06148996949195862,0.005230545997619629,0.013796146959066391,714.0,521.0,659.0,842.0
uz2z0kdn,0.2512301504611969,0.3454894721508026,0.12416469305753708,0.27827855944633484,0.7162021398544312,0.9849148392677307,0.3539663553237915,0.7933112382888794,-0.15796223282814026,-0.38294458389282227,-0.24858100712299347,2.8483943939208984,0.6018170714378357,1.6616272926330566,1.4827384948730469,0.09425932168960571,0.15411385893821716,0.07529664039611816,0.06470001488924026,0.05073121562600136,0.08310571312904358,0.0105966255068779,0.03237449750304222,714.0,521.0,659.0,842.0
upcj8mo7,0.27836355566978455,0.34599658846855164,0.2605954706668854,0.3188822567462921,0.9824849367141724,1.221195936203003,0.9197724461555481,1.1254957914352417,-0.10832357406616211,-0.10058485716581345,-0.10459856688976288,4.24894905090332,0.8106111288070679,1.2336329221725464,1.0774513483047485,0.06763303279876709,0.05828678607940674,0.03778141364455223,0.059353578835725784,0.03165004774928093,0.06835893541574478,0.021572165191173553,0.03670888766646385,714.0,521.0,659.0,842.0
65efuxq9,0.49064362049102783,0.598181426525116,0.46786919236183167,0.6019507646560669,0.9555549621582031,1.1649906635284424,0.9112005233764648,1.172331690788269,-0.09876491874456406,-0.1253308653831482,-0.1119309812784195,4.20407772064209,0.798672080039978,1.2520760297775269,1.0177638530731201,0.10753780603408813,0.13408157229423523,0.057500116527080536,0.09436804801225662,0.059856679290533066,0.11466250568628311,0.036867931485176086,0.054805826395750046,714.0,521.0,659.0,842.0
njc2goui,0.22022946178913116,0.27367910742759705,0.19982537627220154,0.2616518437862396,0.8368731737136841,1.0399820804595947,0.7593375444412231,0.9942784309387207,-0.10821747034788132,-0.1339748352766037,-0.12065908312797546,3.6304712295532227,0.7846623659133911,1.2744280099868774,1.0702749490737915,0.05344964563846588,0.061826467514038086,0.041923630982637405,0.04251236096024513,0.038754355162382126,0.05271226540207863,0.000588729977607727,0.013957910239696503,714.0,521.0,659.0,842.0
fezac2ex,0.1693621724843979,0.3664686381816864,0.14414112269878387,0.2700599133968353,0.669604480266571,1.4489010572433472,0.5698884129524231,1.067731499671936,-0.3678513765335083,-0.3040032982826233,-0.34001481533050537,3.7561254501342773,0.4925196170806885,2.0303661823272705,1.293645977973938,0.1971064656972885,0.12591879069805145,0.03584030643105507,0.1756376475095749,0.042365532368421555,0.10798361897468567,0.13979734480381012,0.06561808288097382,714.0,521.0,659.0,842.0
va5e742g,0.21042732894420624,0.30407533049583435,0.19506768882274628,0.27439507842063904,0.9065506458282471,1.3099994659423828,0.8403791785240173,1.1821327209472656,-0.18201620876789093,-0.16897447407245636,-0.17579400539398193,4.239062309265137,0.7009767293930054,1.4265748262405396,1.095936894416809,0.09364800155162811,0.07932738959789276,0.040866125375032425,0.10626903921365738,0.04874825477600098,0.06734716892242432,0.06540291011333466,0.01859891414642334,714.0,521.0,659.0,842.0
rrdnwt2f,0.16846223175525665,0.20549306273460388,0.12780818343162537,0.202504500746727,0.9167563319206238,1.1182748079299927,0.6955206394195557,1.1020113229751587,-0.09902448207139969,-0.22613751888275146,-0.15864267945289612,3.8325629234313965,0.7261555790901184,1.3771072626113892,1.1321218013763428,0.03703083097934723,0.07469631731510162,0.05095082148909569,0.0498211607336998,0.03840383514761925,0.0659826397895813,0.0011296607553958893,0.02757880464196205,714.0,521.0,659.0,842.0
es5cs9ui,0.5514609217643738,0.5011275410652161,0.5685863494873047,0.5104367733001709,1.3999958038330078,1.2722142934799194,1.4434722661972046,1.2958476543426514,0.0478186272084713,0.0538908988237381,0.05089249461889267,5.411530494689941,1.1072418689727783,0.9031434059143066,0.9755004644393921,0.050333380699157715,0.05814957618713379,0.06674720346927643,0.09086034446954727,0.06908810883760452,0.09550126641988754,0.024113141000270844,0.02641315758228302,714.0,521.0,659.0,842.0
14nijcp5,0.26846179366111755,0.30251142382621765,0.23883546888828278,0.24055948853492737,1.0401761531829834,1.1721041202545166,0.9253866672515869,0.9320665597915649,-0.059634268283843994,-0.003596232971176505,-0.03405815362930298,4.069733619689941,0.9341254234313965,1.0705159902572632,1.1910263299942017,0.0340496301651001,0.0017240196466445923,0.04056600108742714,0.053820520639419556,0.037768956273794174,0.04441051557660103,0.013254519551992416,0.006641559302806854,714.0,521.0,659.0,842.0
2ay7ov50,0.18383990228176117,0.2841176688671112,0.2087247222661972,0.2982150614261627,0.7776289582252502,1.201796293258667,0.8828898668289185,1.2614272832870483,-0.21428769826889038,-0.1765301674604416,-0.19465424120426178,4.123742580413818,0.6741231083869934,1.4834022521972656,0.923101007938385,0.10027776658535004,0.08949033915996552,0.027564724907279015,0.10048085451126099,0.03851776197552681,0.0823168084025383,0.07291612774133682,0.04379904642701149,714.0,521.0,659.0,842.0
ew25x1fv,0.2839936316013336,0.34465113282203674,0.24871085584163666,0.3049231469631195,0.8852803111076355,1.0743651390075684,0.7752949595451355,0.9505229592323303,-0.09648915380239487,-0.10153312236070633,-0.09885123372077942,3.6854634284973145,0.8200811743736267,1.2193872928619385,1.1354860067367554,0.060657501220703125,0.05621229112148285,0.0658397227525711,0.08523008227348328,0.040393855422735214,0.07452888786792755,0.01939035952091217,0.03413503244519234,714.0,521.0,659.0,842.0
k1pbcd6f,0.37127676606178284,0.41666364669799805,0.30387696623802185,0.3125018775463104,0.9013202786445618,1.0115025043487549,0.7376989126205444,0.7586369514465332,-0.057601846754550934,-0.013992850668728352,-0.03846118599176407,3.409158706665039,0.9259252548217773,1.0799976587295532,1.278335690498352,0.04538688063621521,0.008624911308288574,0.09249374270439148,0.1249299943447113,0.06348740309476852,0.10251960903406143,0.032436251640319824,0.03903220593929291,714.0,521.0,659.0,842.0
xnoq37kt,0.20478855073451996,0.22822315990924835,0.2164667397737503,0.2295311540365219,0.9225459694862366,1.0281158685684204,0.97515469789505,1.034008264541626,-0.054119907319545746,-0.029292481020092964,-0.04152284562587738,3.959824800491333,0.9202629923820496,1.0866408348083496,0.9708806276321411,0.023434609174728394,0.013064414262771606,0.026352347806096077,0.038935478776693344,0.02566595748066902,0.03280455991625786,0.012583130970597267,0.007138602435588837,714.0,521.0,659.0,842.0
ll8sn5yz,0.15045344829559326,0.19201768934726715,0.15378277003765106,0.17334285378456116,0.767675518989563,0.9797533750534058,0.7846630811691284,0.8844667077064514,-0.12136532366275787,-0.0597936175763607,-0.09128513187170029,3.4165587425231934,0.8326990604400635,1.200906753540039,1.0469069480895996,0.04156424105167389,0.019560083746910095,0.024264980107545853,0.04219600185751915,0.02340407483279705,0.02980160526931286,0.017931021749973297,0.006397530436515808,714.0,521.0,659.0,842.0
7vxuqdrm,0.24808631837368011,0.28161245584487915,0.2770785391330719,0.2797735333442688,1.0999189615249634,1.248560905456543,1.2284592390060425,1.2404078245162964,-0.06329271197319031,-0.004839685745537281,-0.03333586826920509,4.817347049713135,0.9354773759841919,1.0689688920974731,0.9512361288070679,0.033526137471199036,0.0026949942111968994,0.04366866126656532,0.03452031686902046,0.04037423059344292,0.05109230801463127,0.00914834439754486,0.010718077421188354,714.0,521.0,659.0,842.0
swjjjksl,0.257448673248291,0.4626616835594177,0.25819131731987,0.35846397280693054,0.9457798600196838,1.6996634006500244,0.948508083820343,1.3168760538101196,-0.28497397899627686,-0.16260704398155212,-0.22852575778961182,4.910827159881592,0.6279665231704712,1.5924365520477295,1.1677660942077637,0.2052130103111267,0.10027265548706055,0.08133179694414139,0.18585434556007385,0.10835912078619003,0.11417628079652786,0.10452254861593246,0.00581716001033783,714.0,521.0,659.0,842.0
66uml3so,0.28874844312667847,0.35986006259918213,0.27149415016174316,0.3067953884601593,0.9788776636123657,1.2199510335922241,0.9203843474388123,1.0400580167770386,-0.10963702946901321,-0.0610441230237484,-0.08673316985368729,4.159271240234375,0.8403767943382263,1.1899384260177612,1.121596336364746,0.07111161947250366,0.03530123829841614,0.03111356683075428,0.06989654898643494,0.05601540207862854,0.05777658894658089,0.038782984018325806,0.0017611868679523468,714.0,521.0,659.0,842.0
jpx16f1k,0.3136094808578491,0.44898346066474915,0.3529146611690521,0.35126248002052307,0.9511430859565735,1.3617175817489624,1.0703513622283936,1.065340518951416,-0.17751777172088623,0.0023462544195353985,-0.09116744250059128,4.44855260848999,0.8328980803489685,1.2006237506866455,1.0829545259475708,0.13537397980690002,0.0016521811485290527,0.11098800599575043,0.18587785959243774,0.09647046029567719,0.19968751072883606,0.07488985359668732,0.10321705043315887,714.0,521.0,659.0,842.0
yntl2ug0,0.617360532283783,0.5931487083435059,0.6573474407196045,0.6441885232925415,1.1803393363952637,1.1340484619140625,1.2567907571792603,1.231632113456726,0.020001336932182312,0.01011029165238142,0.014876636676490307,4.8028106689453125,1.03020179271698,0.9706821441650391,0.9300614595413208,0.0242118239402771,0.013158917427062988,0.06698121875524521,0.1061878427863121,0.08216395229101181,0.11078685522079468,0.039206624031066895,0.028622902929782867,714.0,521.0,659.0,842.0
5wh23gxr,0.2989099323749542,0.31471341848373413,0.30843281745910645,0.34235888719558716,0.8704003691673279,0.9164187908172607,0.8981301784515381,0.9969200491905212,-0.025754330679774284,-0.052130378782749176,-0.03933008387684822,3.6818695068359375,0.9243149757385254,1.0818787813186646,0.9428860545158386,0.015803486108779907,0.03392606973648071,0.07212633639574051,0.1066790446639061,0.06510227918624878,0.0623929500579834,0.03455270826816559,0.002709329128265381,714.0,521.0,659.0,842.0
irjutfvj,0.33874794840812683,0.504133939743042,0.30550938844680786,0.4096994400024414,0.9500769376754761,1.4139304161071777,0.8568536639213562,1.149072527885437,-0.19621466100215912,-0.1456775963306427,-0.17301683127880096,4.369933605194092,0.7050044536590576,1.4184269905090332,1.1785099506378174,0.16538599133491516,0.10419005155563354,0.054571330547332764,0.18674269318580627,0.03732896223664284,0.13025718927383423,0.1321713626384735,0.09292823076248169,714.0,521.0,659.0,842.0
839ag77q,0.4065891206264496,0.36125046014785767,0.3308020234107971,0.43584397435188293,1.0947120189666748,0.9726409316062927,0.8906607031822205,1.173478603363037,0.059046972543001175,-0.1370147466659546,-0.03890770673751831,4.131492614746094,0.9250975847244263,1.080964207649231,1.0015554428100586,0.04533866047859192,0.10504195094108582,0.07989683747291565,0.11225107312202454,0.09167364984750748,0.10672734677791595,0.03235423564910889,0.015053696930408478,714.0,521.0,659.0,842.0
9vjuhbp9,0.2598826587200165,0.3611801564693451,0.2907939553260803,0.35331690311431885,0.721648097038269,1.0029332637786865,0.8074832558631897,0.9810984134674072,-0.16310319304466248,-0.09706845879554749,-0.12948450446128845,3.5131630897521973,0.7707180380821228,1.2974871397018433,0.9642157554626465,0.10129749774932861,0.06252294778823853,0.08120009303092957,0.08183827996253967,0.07119385898113251,0.09460657089948654,0.0006381869316101074,0.023412711918354034,714.0,521.0,659.0,842.0
vrnegn2b,0.5213977098464966,0.48578354716300964,0.5023611783981323,0.5527254343032837,1.3596549034118652,1.266783356666565,1.3100130558013916,1.4413485527038574,0.035360198467969894,-0.04773467034101486,-0.0071523766964674,5.377799987792969,0.9857959151268005,1.0144069194793701,0.9545949697494507,0.03561416268348694,0.05036425590515137,0.10092496871948242,0.07688234001398087,0.13022300601005554,0.10017669945955276,0.024042628705501556,0.030046306550502777,714.0,521.0,659.0,842.0
4jtj27yh,0.22913695871829987,0.3352629542350769,0.16654500365257263,0.30515068769454956,0.685939371585846,1.0036357641220093,0.4985654652118683,0.9134923815727234,-0.18803299963474274,-0.29384493827819824,-0.23620545864105225,3.101633071899414,0.6178528070449829,1.6185017824172974,1.1965314149856567,0.10612599551677704,0.13860568404197693,0.06433438509702682,0.06152329966425896,0.0556376613676548,0.06789065897464752,0.002811085432767868,0.012252997606992722,714.0,521.0,659.0,842.0
6uamwjpi,0.3116232752799988,0.3645523190498352,0.3215853273868561,0.3586253225803375,0.9327888488769531,1.0912225246429443,0.9626085162162781,1.0734810829162598,-0.07827695459127426,-0.05445363000035286,-0.06632990390062332,4.06010103225708,0.8755908608436584,1.1420825719833374,0.9940664768218994,0.052929043769836426,0.037039995193481445,0.049876052886247635,0.06341937929391861,0.055179983377456665,0.08667309582233429,0.013543326407670975,0.031493112444877625,714.0,521.0,659.0,842.0
wujt4ftl,0.25779736042022705,0.3573944568634033,0.20379365980625153,0.36608219146728516,0.8887821435928345,1.232153058052063,0.7025989890098572,1.2621049880981445,-0.1618957370519638,-0.2847782373428345,-0.22098775207996368,4.085638999938965,0.638016939163208,1.5673508644104004,1.079517126083374,0.09959709644317627,0.16228853166103363,0.07005215436220169,0.07477792352437973,0.05511872097849846,0.07237159460783005,0.0047257691621780396,0.01725287362933159,714.0,521.0,659.0,842.0
h33hw8d0,0.44735756516456604,0.5038289427757263,0.35889676213264465,0.4519537389278412,1.0951629877090454,1.2334089279174805,0.8786047101020813,1.106414794921875,-0.05936934053897858,-0.1147645115852356,-0.08486101031303406,4.313591003417969,0.8435531854629517,1.185459017753601,1.1730711460113525,0.05647137761116028,0.09305697679519653,0.050568804144859314,0.07861031591892242,0.04955845698714256,0.10649725049734116,0.02804151177406311,0.05693879351019859,714.0,521.0,659.0,842.0
9jrd4hqf,0.3727867603302002,0.439669132232666,0.2777266204357147,0.3623467683792114,0.9997357726097107,1.1791002750396729,0.7448044419288635,0.9717379212379456,-0.08232112973928452,-0.132203608751297,-0.10430246591567993,3.895378351211548,0.8110968470573425,1.2328948974609375,1.2693147659301758,0.06688237190246582,0.0846201479434967,0.13849341869354248,0.1598951518535614,0.08565350621938705,0.10244524478912354,0.02140173316001892,0.01679173856973648,714.0,521.0,659.0,842.0
ghdiluvn,0.2447538822889328,0.35530737042427063,0.21941886842250824,0.31312263011932373,0.7123647928237915,1.0341346263885498,0.6386263370513916,0.9113544821739197,-0.18423670530319214,-0.17595545947551727,-0.18034307658672333,3.296480178833008,0.6944213509559631,1.440042495727539,1.1267855167388916,0.11055348813533783,0.09370376169681549,0.08040416240692139,0.11414683610200882,0.0740431696176529,0.10596951097249985,0.03374267369508743,0.031926341354846954,714.0,521.0,659.0,842.0
hdczp0nw,0.31038230657577515,0.38881900906562805,0.30079662799835205,0.3711257874965668,0.8743017315864563,1.095246434211731,0.8473002314567566,1.0454071760177612,-0.11218026280403137,-0.10466840863227844,-0.10849914699792862,3.862255573272705,0.8042401671409607,1.2434059381484985,1.0405967235565186,0.0784367024898529,0.07032915949821472,0.055165521800518036,0.10043861716985703,0.060217130929231644,0.08824528753757477,0.04527309536933899,0.028028156608343124,714.0,521.0,659.0,842.0
ntj5r2sl,0.37606680393218994,0.4248739182949066,0.3770247995853424,0.4508732855319977,1.0153944492340088,1.1471755504608154,1.0179810523986816,1.2173748016357422,-0.06093715876340866,-0.08919986337423325,-0.07530245184898376,4.397925853729248,0.859940767288208,1.1628679037094116,0.9674376249313354,0.048807114362716675,0.07384848594665527,0.049164608120918274,0.07631923258304596,0.03979213535785675,0.06560342758893967,0.027154624462127686,0.025811292231082916,714.0,521.0,659.0,842.0
rw4vnzvz,0.40691253542900085,0.4883086383342743,0.2984526455402374,0.3765851855278015,1.0372626781463623,1.244749903678894,0.7607870697975159,0.959955096244812,-0.09092279523611069,-0.11574524641036987,-0.10159376263618469,4.0027546882629395,0.8155502676963806,1.2261627912521362,1.3261772394180298,0.08139610290527344,0.07813253998756409,0.06946305930614471,0.058184798806905746,0.05819430574774742,0.10290800034999847,0.011278260499238968,0.04471369460225105,714.0,521.0,659.0,842.0
n2hloiki,0.28467461466789246,0.31962502002716064,0.28124213218688965,0.318149596452713,0.9247008562088013,1.0382293462753296,0.9135512113571167,1.0334367752075195,-0.05783611908555031,-0.06157476454973221,-0.059697821736335754,3.9099183082580566,0.8873289823532104,1.1269738674163818,1.0081865787506104,0.03495040535926819,0.036907464265823364,0.04385141283273697,0.04190462827682495,0.04668554291129112,0.07266943156719208,0.0019467845559120178,0.025983888655900955,714.0,521.0,659.0,842.0
vqa7izq2,0.2106837034225464,0.26802557706832886,0.15106678009033203,0.25924068689346313,0.7884117364883423,1.0029940605163574,0.5653157830238342,0.9701196551322937,-0.11978407949209213,-0.263640433549881,-0.1861782670021057,3.326841354370117,0.68608558177948,1.4575371742248535,1.166705846786499,0.05734187364578247,0.1081739068031311,0.07745709270238876,0.06594368815422058,0.05488910898566246,0.07132739573717117,0.011513404548168182,0.016438286751508713,714.0,521.0,659.0,842.0
nmnr06dj,0.2993522584438324,0.37315213680267334,0.2959010899066925,0.39013853669166565,0.8521275520324707,1.062204122543335,0.8423035740852356,1.110557198524475,-0.10973870754241943,-0.1373642385005951,-0.12368916720151901,3.867192268371582,0.7798504829406738,1.2822932004928589,0.9802690744400024,0.07379987835884094,0.09423744678497314,0.0763106718659401,0.11859867721796036,0.06757602095603943,0.09595970064401627,0.042288005352020264,0.028383679687976837,714.0,521.0,659.0,842.0
in9rg4xv,0.41501230001449585,0.482532799243927,0.42149174213409424,0.5209999680519104,1.1321953535079956,1.3163981437683105,1.1498719453811646,1.4213404655456543,-0.07522788643836975,-0.10557983815670013,-0.09077461808919907,5.019805908203125,0.8335584998130798,1.1996732950210571,0.9523098468780518,0.06752049922943115,0.09950822591781616,0.07368449121713638,0.07463924586772919,0.10002036392688751,0.10683918744325638,0.000954754650592804,0.006818823516368866,714.0,521.0,659.0,842.0
349n1d6d,0.24355921149253845,0.4110996425151825,0.18324658274650574,0.2565646767616272,0.7514449954032898,1.2683517932891846,0.5653644800186157,0.7915703058242798,-0.25591981410980225,-0.16670314967632294,-0.22006841003894806,3.3767313957214355,0.6392511129379272,1.5643243789672852,1.4884960651397705,0.16754043102264404,0.07331809401512146,0.07039249688386917,0.16894596815109253,0.04684998840093613,0.10774053633213043,0.09855347126722336,0.060890547931194305,714.0,521.0,659.0,842.0
zbc7qk4k,0.2373664230108261,0.25989264249801636,0.13852941989898682,0.2391478419303894,0.9238741993904114,1.0115504264831543,0.5391822457313538,0.9308078289031982,-0.0453006774187088,-0.2664130628108978,-0.14074678719043732,3.405414581298828,0.7532356977462769,1.3275994062423706,1.3166208267211914,0.022526219487190247,0.10061842203140259,0.06297401338815689,0.07290242612361908,0.05314808338880539,0.07173442840576172,0.009928412735462189,0.01858634501695633,714.0,521.0,659.0,842.0
6ilsidbx,0.4331863224506378,0.5072949528694153,0.406249076128006,0.5092522501945496,1.077182650566101,1.2614648342132568,1.0101990699768066,1.2663319110870361,-0.07879853993654251,-0.11251000314950943,-0.09542746841907501,4.615178108215332,0.8257704377174377,1.2109876871109009,1.0272843837738037,0.07410863041877747,0.10300317406654358,0.09902089089155197,0.14141041040420532,0.07218515127897263,0.1046486645936966,0.04238951951265335,0.03246351331472397,714.0,521.0,659.0,842.0
287gt76i,0.2794179916381836,0.24468384683132172,0.2826600670814514,0.3610418736934662,0.8438206911087036,0.7389262914657593,0.8536115288734436,1.0903184413909912,0.0662735253572464,-0.12176705151796341,-0.037375811487436295,3.526676893234253,0.9279400110244751,1.077652096748352,0.8141983151435852,0.03473414480686188,0.07838180661201477,0.08163220435380936,0.062223561108112335,0.09914281219244003,0.13568642735481262,0.01940864324569702,0.03654361516237259,714.0,521.0,659.0,842.0
3hzcd3ge,0.403178334236145,0.5273590087890625,0.33056771755218506,0.374136745929718,0.8780485391616821,1.148491382598877,0.7199159264564514,0.8148012757301331,-0.13345035910606384,-0.061825867742300034,-0.10258398205041885,3.5612568855285645,0.8139197826385498,1.2286192178726196,1.3204628229141235,0.12418067455291748,0.04356902837753296,0.10061841458082199,0.09828179329633713,0.07718580216169357,0.09620462357997894,0.0023366212844848633,0.01901882141828537,714.0,521.0,659.0,842.0
q10f7ia4,0.15340927243232727,0.21270379424095154,0.1045774444937706,0.14343708753585815,0.7562469244003296,1.0485453605651855,0.5155253410339355,0.7070879936218262,-0.16195641458034515,-0.15668229758739471,-0.15982669591903687,3.0274057388305664,0.7243930697441101,1.380456566810608,1.4761698246002197,0.05929452180862427,0.038859643042087555,0.05365424603223801,0.10007458180189133,0.029361680150032043,0.059637028723955154,0.04642033576965332,0.03027534857392311,714.0,521.0,659.0,842.0
1sascebf,0.19927062094211578,0.27732160687446594,0.12410832196474075,0.2612542510032654,0.6446466445922852,0.8971440196037292,0.4014942944049835,0.8451656103134155,-0.16376854479312897,-0.35588711500167847,-0.24966120719909668,2.7884507179260254,0.600432276725769,1.6654584407806396,1.2367340326309204,0.07805098593235016,0.13714593648910522,0.0544312410056591,0.04490943253040314,0.05766281858086586,0.056329455226659775,0.009521808475255966,0.0013333633542060852,714.0,521.0,659.0,842.0
e54ukigd,0.2014375627040863,0.25334325432777405,0.14590555429458618,0.156111940741539,1.0563656091690063,1.3285659551620483,0.7651482820510864,0.8186719417572021,-0.11413317173719406,-0.03379390761256218,-0.08207204192876816,3.9687516689300537,0.848303496837616,1.1788170337677002,1.505804419517517,0.051905691623687744,0.01020638644695282,0.05883214995265007,0.05884813889861107,0.031189722940325737,0.036912139505147934,1.5988945960998535e-05,0.005722416564822197,714.0,521.0,659.0,842.0
ix1cnaq2,0.4208202660083771,0.48005497455596924,0.34794557094573975,0.4264788031578064,1.077213168144226,1.228841781616211,0.8906689882278442,1.0916978120803833,-0.06575232744216919,-0.10140839219093323,-0.08223477751016617,4.288421630859375,0.8480268120765686,1.1792051792144775,1.1632821559906006,0.05923470854759216,0.07853323221206665,0.08656454086303711,0.0579201839864254,0.05922182276844978,0.0884692370891571,0.02864435687661171,0.02924741432070732,714.0,521.0,659.0,842.0
yotos87m,0.28565406799316406,0.32870858907699585,0.25790536403656006,0.3096897602081299,0.9908888339996338,1.1402381658554077,0.8946329951286316,1.0742648839950562,-0.07007986307144165,-0.09123457968235016,-0.08023877441883087,4.100024700164795,0.8514410853385925,1.1744753122329712,1.082394003868103,0.04305452108383179,0.051784396171569824,0.03879920765757561,0.04056622460484505,0.03286534547805786,0.04724828898906708,0.0017670169472694397,0.014382943511009216,714.0,521.0,659.0,842.0
vz01sosr,0.13581150770187378,0.23178188502788544,0.13520899415016174,0.15056852996349335,0.6422372460365295,1.0960702896118164,0.6393880248069763,0.71202152967453,-0.26107680797576904,-0.053746290504932404,-0.17039285600185394,3.089717149734497,0.7088256478309631,1.4107751846313477,1.286287784576416,0.09597037732601166,0.015359535813331604,0.04977385327219963,0.1080617904663086,0.034088943153619766,0.04749631509184837,0.05828793719410896,0.013407371938228607,714.0,521.0,659.0,842.0
2hvnkvon,0.138955220580101,0.2525276839733124,0.1014421284198761,0.174160897731781,0.6187828779220581,1.1245335340499878,0.45173293352127075,0.7755575776100159,-0.2901076078414917,-0.2638523280620575,-0.2792607843875885,2.970606803894043,0.5634009838104248,1.7749230861663818,1.4204541444778442,0.11357246339321136,0.07271876931190491,0.05361359566450119,0.08458375930786133,0.03932269662618637,0.0650862455368042,0.030970163643360138,0.02576354891061783,714.0,521.0,659.0,842.0
nlhapwf5,0.18717209994792938,0.2831665873527527,0.1444607675075531,0.21200047433376312,0.75094074010849,1.1360738277435303,0.5795814394950867,0.850553035736084,-0.20409606397151947,-0.1894722580909729,-0.19779153168201447,3.3171491622924805,0.6697379350662231,1.4931137561798096,1.3194628953933716,0.0959944874048233,0.06753970682621002,0.06842567026615143,0.053286757320165634,0.03987685963511467,0.0469418503344059,0.015138912945985794,0.007064990699291229,714.0,521.0,659.0,842.0
20xkiaip,0.14853018522262573,0.22057785093784332,0.10146915167570114,0.14829981327056885,0.6517134308815002,0.9678406715393066,0.4452213644981384,0.6507026553153992,-0.19519345462322235,-0.187495157122612,-0.1920868158340454,2.7154781818389893,0.6777278780937195,1.475508451461792,1.4777917861938477,0.07204766571521759,0.046830661594867706,0.045260243117809296,0.0736997202038765,0.039035528898239136,0.04727430269122124,0.0284394770860672,0.008238773792982101,714.0,521.0,659.0,842.0
rqq5qob8,0.15978284180164337,0.2538864016532898,0.17691585421562195,0.22084614634513855,0.6536318063735962,1.0385860204696655,0.7237187027931213,0.9034265875816345,-0.22748447954654694,-0.11044338345527649,-0.17011134326457977,3.3193631172180176,0.7092372179031372,1.4099582433700562,1.0399892330169678,0.09410355985164642,0.0439302921295166,0.05539141967892647,0.11917764693498611,0.055782921612262726,0.06277378648519516,0.06378622353076935,0.006990864872932434,714.0,521.0,659.0,842.0
67kbqnxp,0.2685279846191406,0.43668797612190247,0.27548524737358093,0.3628201484680176,0.9632523655891418,1.5664688348770142,0.9882091879844666,1.3014932870864868,-0.23845143616199493,-0.13682284951210022,-0.19016791880130768,4.819423675537109,0.6804341077804565,1.469645380973816,1.1048234701156616,0.16815999150276184,0.08733490109443665,0.06484925001859665,0.13218452036380768,0.0572977289557457,0.07460875809192657,0.06733527034521103,0.017311029136180878,714.0,521.0,659.0,842.0
vmsr75rm,0.523417055606842,0.620667040348053,0.4584611654281616,0.5140408277511597,1.1637568473815918,1.3799808025360107,1.0193350315093994,1.1429098844528198,-0.08500240743160248,-0.05715114623308182,-0.07220572233200073,4.705982685089111,0.8653128743171692,1.155649185180664,1.176432490348816,0.09724998474121094,0.05557966232299805,0.08384937793016434,0.10605894029140472,0.061190806329250336,0.09460270404815674,0.022209562361240387,0.0334118977189064,714.0,521.0,659.0,842.0
g7f9fzja,0.2682721018791199,0.354618638753891,0.26289620995521545,0.3395305275917053,0.9431122541427612,1.246664047241211,0.9242132902145386,1.1936217546463013,-0.13862206041812897,-0.1272091418504715,-0.13301096856594086,4.307611465454102,0.7652066946029663,1.3068320751190186,1.0339674949645996,0.08634653687477112,0.07663431763648987,0.05867036059498787,0.0763973817229271,0.06024922430515289,0.07512908428907394,0.017727021127939224,0.014879859983921051,714.0,521.0,659.0,842.0
hsao2qwk,0.45357397198677063,0.5325732231140137,0.3727349638938904,0.48610565066337585,1.0458080768585205,1.2279571294784546,0.8594171404838562,1.1208165884017944,-0.08010890334844589,-0.13200418651103973,-0.10426618158817291,4.253998756408691,0.811156690120697,1.232804775238037,1.1482293605804443,0.07899925112724304,0.11337068676948547,0.07423070073127747,0.06780996173620224,0.07760525494813919,0.08709247410297394,0.006420738995075226,0.009487219154834747,714.0,521.0,659.0,842.0
bsepr1b2,0.23336586356163025,0.2916298806667328,0.2012982964515686,0.2640998661518097,0.9232566356658936,1.1537643671035767,0.7963889241218567,1.0448484420776367,-0.11097976565361023,-0.13494129478931427,-0.12223971635103226,3.9182584285736084,0.7821488380432129,1.2785238027572632,1.1280547380447388,0.05826401710510254,0.06280156970024109,0.042914729565382004,0.060671884566545486,0.04699133709073067,0.07196749746799469,0.017757155001163483,0.024976160377264023,714.0,521.0,659.0,842.0
0uc87nxp,0.2812667191028595,0.28482481837272644,0.234347864985466,0.2614629566669464,1.34568452835083,1.3627077341079712,1.1212072372436523,1.2509359121322632,-0.006285366602241993,-0.05468827113509178,-0.028885122388601303,5.080535411834717,0.9438498020172119,1.0594865083694458,1.1417467594146729,0.0035580992698669434,0.027115091681480408,0.05358898267149925,0.053510911762714386,0.048207078129053116,0.06042829155921936,7.807090878486633e-05,0.012221213430166245,714.0,521.0,659.0,842.0
0jf6dnob,0.2746806740760803,0.34611162543296814,0.2394019216299057,0.2727667987346649,1.0012521743774414,1.2616287469863892,0.8726558685302734,0.9942758679389954,-0.11506398767232895,-0.06514418125152588,-0.09249719977378845,4.129812717437744,0.8306668400764465,1.2038477659225464,1.212083101272583,0.07143095135688782,0.033364877104759216,0.03266634792089462,0.051094427704811096,0.02963009476661682,0.05243966728448868,0.018428079783916473,0.022809572517871857,714.0,521.0,659.0,842.0
k8hup3ft,0.47970372438430786,0.5457131862640381,0.45662325620651245,0.5940901637077332,1.0705524682998657,1.2178654670715332,1.0190438032150269,1.3258280754089355,-0.06437323242425919,-0.13083185255527496,-0.09800749272108078,4.633289813995361,0.8214804530143738,1.2173120975494385,0.975923478603363,0.06600946187973022,0.1374669075012207,0.09459633380174637,0.08276627212762833,0.08950106799602509,0.09092815965414047,0.011830061674118042,0.001427091658115387,714.0,521.0,659.0,842.0
j6ac4jrc,0.4181607961654663,0.5470504760742188,0.42973122000694275,0.5250269770622253,0.9894509315490723,1.2944293022155762,1.0168287754058838,1.2423173189163208,-0.13353505730628967,-0.09981130063533783,-0.11676505953073502,4.543026447296143,0.7908861637115479,1.2644017934799194,1.010947346687317,0.12888967990875244,0.09529575705528259,0.03624285012483597,0.12440849095582962,0.0551765151321888,0.11281401664018631,0.08816564083099365,0.05763750150799751,714.0,521.0,659.0,842.0
q97rcq6w,0.21056145429611206,0.27322471141815186,0.18548990786075592,0.2580183148384094,0.9164918661117554,1.189240574836731,0.8073651790618896,1.1230530738830566,-0.12952649593353271,-0.1635330319404602,-0.14579138159751892,4.036150932312012,0.7455167770385742,1.3413454294204712,1.090814232826233,0.0626632571220398,0.0725284069776535,0.051993224769830704,0.08466022461652756,0.05691280961036682,0.05812565237283707,0.032666999846696854,0.0012128427624702454,714.0,521.0,659.0,842.0
948ju63l,0.19201961159706116,0.3628140091896057,0.21074193716049194,0.24587830901145935,0.8354105949401855,1.5784777402877808,0.9168649315834045,1.0697311162948608,-0.307829350233078,-0.0769486129283905,-0.20359855890274048,4.400484561920166,0.6616822481155396,1.5112931728363037,1.2150850296020508,0.17079439759254456,0.03513637185096741,0.0843232125043869,0.18950389325618744,0.0755205824971199,0.1021094098687172,0.10518068075180054,0.02658882737159729,714.0,521.0,659.0,842.0
xsy4vy32,0.17172567546367645,0.2058548927307129,0.21483640372753143,0.2072249948978424,0.8157213926315308,0.977840006351471,1.0205035209655762,0.9843481779098511,-0.09038898348808289,0.018033847212791443,-0.033162061125040054,3.7984132766723633,0.9358023405075073,1.0685962438583374,0.8946084380149841,0.03412921726703644,0.007611408829689026,0.06227508932352066,0.059345878660678864,0.06511249393224716,0.050168946385383606,0.002929210662841797,0.014943547546863556,714.0,521.0,659.0,842.0
i3pj7k99,0.28904232382774353,0.393860787153244,0.3221839964389801,0.29266464710235596,0.8438376784324646,1.149847388267517,0.940592348575592,0.8544127941131592,-0.15348927676677704,0.048010680824518204,-0.058022718876600266,3.7886900901794434,0.8903172016143799,1.1231917142868042,1.1106830835342407,0.10481846332550049,0.029519349336624146,0.12693555653095245,0.1179976537823677,0.09492740780115128,0.08133290708065033,0.008937902748584747,0.013594500720500946,714.0,521.0,659.0,842.0
bv2j3t4h,0.29297828674316406,0.31773215532302856,0.2767797112464905,0.2932346761226654,1.1640560626983643,1.262407660484314,1.099696159362793,1.1650747060775757,-0.04053283855319023,-0.028867581859230995,-0.034901246428489685,4.691234588623047,0.9325499534606934,1.0723249912261963,1.0713928937911987,0.024753868579864502,0.016454964876174927,0.024466808885335922,0.03891255334019661,0.01968175731599331,0.0319877490401268,0.014445744454860687,0.012305991724133492,714.0,521.0,659.0,842.0
8qfdtn0p,0.27178922295570374,0.31349512934684753,0.12843719124794006,0.21642149984836578,0.9645605683326721,1.1125718355178833,0.4558144211769104,0.7680644392967224,-0.07125739008188248,-0.25513070821762085,-0.13943025469779968,3.301011323928833,0.7552615404129028,1.3240387439727783,1.6971664428710938,0.0417059063911438,0.08798430860042572,0.09926218539476395,0.08968514949083328,0.05047045648097992,0.07329010218381882,0.009577035903930664,0.022819645702838898,714.0,521.0,659.0,842.0
lcfr7cl6,0.21217888593673706,0.2603069841861725,0.19063003361225128,0.24761971831321716,0.8811066746711731,1.0809662342071533,0.7916216254234314,1.0282803773880005,-0.10186123847961426,-0.13003897666931152,-0.1154206320643425,3.7819747924804688,0.7930437326431274,1.2609587907791138,1.0781176090240479,0.048128098249435425,0.05698968470096588,0.050734810531139374,0.07108175754547119,0.04936262220144272,0.04928940162062645,0.020346947014331818,7.322058081626892e-05,714.0,521.0,659.0,842.0
p3frb7ei,0.4626106321811676,0.6473029255867004,0.3469580411911011,0.49919089674949646,0.9963424801826477,1.3941214084625244,0.7472569942474365,1.0751267671585083,-0.16640226542949677,-0.17991237342357635,-0.1722465455532074,4.212847709655762,0.706125020980835,1.4161767959594727,1.3117220401763916,0.18469229340553284,0.15223285555839539,0.21159160137176514,0.17467153072357178,0.12090570479631424,0.12339895218610764,0.03692007064819336,0.002493247389793396,714.0,521.0,659.0,842.0
5r8vo4kv,0.3822699785232544,0.4882209300994873,0.31307753920555115,0.3259076774120331,1.1024116277694702,1.4079588651657104,0.9028705358505249,0.9398708343505859,-0.12171388417482376,-0.02007889561355114,-0.07869022339582443,4.353111743927002,0.8540992736816406,1.170820951461792,1.362299919128418,0.10595095157623291,0.012830138206481934,0.10829126089811325,0.07270410656929016,0.09353252500295639,0.09631074219942093,0.03558715432882309,0.0027782171964645386,714.0,521.0,659.0,842.0
fflncc2a,0.4839811325073242,0.5607244372367859,0.4438416361808777,0.5235539674758911,1.08319091796875,1.2549488544464111,0.9933552742004395,1.1717581748962402,-0.073459193110466,-0.08239880949258804,-0.07775727659463882,4.503252983093262,0.8557046055793762,1.1686253547668457,1.0799144506454468,0.07674330472946167,0.07971233129501343,0.06386333703994751,0.07870419323444366,0.044069793075323105,0.06439454853534698,0.014840856194496155,0.02032475546002388,714.0,521.0,659.0,842.0
trd83x9a,0.23812109231948853,0.2680581212043762,0.20316556096076965,0.1933363527059555,0.9637957811355591,1.0849660634994507,0.8223131895065308,0.7825294137001038,-0.05914302170276642,0.024789750576019287,-0.02227565459907055,3.653604507446289,0.9564173221588135,1.0455639362335205,1.2766090631484985,0.029937028884887695,0.009829208254814148,0.07412853091955185,0.0680675208568573,0.0512179359793663,0.049509406089782715,0.0060610100626945496,0.0017085298895835876,714.0,521.0,659.0,842.0
ge9ny3mu,0.40787026286125183,0.46049582958221436,0.3880677819252014,0.4135780930519104,1.039384365081787,1.1734912395477295,0.9889213442802429,1.0539298057556152,-0.06060289964079857,-0.03182237967848778,-0.046787604689598083,4.2557268142700195,0.9106061458587646,1.0981669425964355,1.0832277536392212,0.052625566720962524,0.025510311126708984,0.04906992241740227,0.054160226136446,0.03292131423950195,0.05201287567615509,0.005090303719043732,0.019091561436653137,714.0,521.0,659.0,842.0
b6lbu9w3,0.39864078164100647,0.36368614435195923,0.40005460381507874,0.44403600692749023,1.0693743228912354,0.9756067395210266,1.0731669664382935,1.191149353981018,0.04585249349474907,-0.05210501328110695,-0.005619186908006668,4.30929708480835,0.9888231754302979,1.0113005638122559,0.903132975101471,0.03495463728904724,0.0439814031124115,0.08304300904273987,0.056120067834854126,0.07802434265613556,0.08697251230478287,0.026922941207885742,0.008948169648647308,714.0,521.0,659.0,842.0
ggo9dvws,0.21410202980041504,0.3412001132965088,0.19130787253379822,0.22877848148345947,0.8147806525230408,1.2984615564346313,0.7280358672142029,0.8706329464912415,-0.22888053953647614,-0.08919718116521835,-0.16872099041938782,3.7119109630584717,0.7112708687782288,1.405928134918213,1.3218729496002197,0.12709808349609375,0.037470608949661255,0.08962002396583557,0.12512174248695374,0.056479357182979584,0.053136762231588364,0.035501718521118164,0.00334259495139122,714.0,521.0,659.0,842.0
3kcvjxzd,0.3843185603618622,0.3676433563232422,0.3506864607334137,0.319947749376297,1.1417142152786255,1.0921763181686401,1.0418016910552979,0.9504846334457397,0.022175565361976624,0.0458352193236351,0.03332914784550667,4.226176738739014,1.0689550638198853,0.9354903697967529,1.1212681531906128,0.016675204038619995,0.0307387113571167,0.0517813041806221,0.052849117666482925,0.05802430212497711,0.0643460676074028,0.0010678134858608246,0.00632176548242569,714.0,521.0,659.0,842.0
vyb4xz3m,0.3209252655506134,0.4045353829860687,0.2812274396419525,0.3505862057209015,0.9446917176246643,1.1908105611801147,0.827835202217102,1.0320031642913818,-0.11525090783834457,-0.10977707803249359,-0.11270292103290558,3.995340585708618,0.797423779964447,1.2540346384048462,1.1482175588607788,0.08361011743545532,0.06935876607894897,0.10001547634601593,0.08970554918050766,0.06143883243203163,0.07488860189914703,0.01030992716550827,0.013449769467115402,714.0,521.0,659.0,842.0
